# z        k [h/Mpc]   P(k) [(Mpc/h)^3]    Delta^2(k)   
3.000     0.015707963       2596.9274   0.00050990550
3.000     0.031415927       2243.9080    0.0035247225
3.000     0.047123890       1499.7681    0.0079509269
3.000     0.062831853       960.25266     0.012066891
3.000     0.078539816       870.51551     0.021365665
3.000     0.094247780       641.68347     0.027214759
3.000      0.10995574       595.10866     0.040079314
3.000      0.12566371       456.89265     0.045931859
3.000      0.14137167       369.99635     0.052960839
3.000      0.15707963       302.62178     0.059419648
3.000      0.17278760       254.79999     0.066589745
3.000      0.18849556       247.56281     0.083996084
3.000      0.20420352       195.07947     0.084153372
3.000      0.21991149       169.82372     0.091498156
3.000      0.23561945       156.80294      0.10391013
3.000      0.25132741       142.78704      0.11483615
3.000      0.26703538       125.34714      0.12091803
3.000      0.28274334       111.68500      0.12789167
3.000      0.29845130       105.49082      0.14207098
3.000      0.31415927       97.017498      0.15239473
3.000      0.32986723       84.245785      0.15319195
3.000      0.34557519       77.976711      0.16302824
3.000      0.36128316       72.085145      0.17221032
3.000      0.37699112       67.943799      0.18442230
3.000      0.39269908       63.904774      0.19605739
3.000      0.40840704       58.357770      0.20139497
3.000      0.42411501       52.525509      0.20299786
3.000      0.43982297       50.243436      0.21656253
3.000      0.45553093       47.041113      0.22526902
3.000      0.47123890       44.147979      0.23404776
3.000      0.48694686       42.028149      0.24584152
3.000      0.50265482       39.980168      0.25723167
3.000      0.51836279       37.391049      0.26383922
3.000      0.53407075       34.809100      0.26863305
3.000      0.54977871       33.249618      0.27991146
3.000      0.56548668       31.144018      0.28530674
3.000      0.58119464       30.571072      0.30405050
3.000      0.59690260       28.741486      0.30966341
3.000      0.61261057       27.723887      0.32290727
3.000      0.62831853       26.248590      0.32984951
3.000      0.64402649       25.142856      0.34024839
3.000      0.65973446       24.313325      0.35368946
3.000      0.67544242       23.354845      0.36459629
3.000      0.69115038       22.451251      0.37551602
3.000      0.70685835       21.377718      0.38249766
3.000      0.72256631       20.176520      0.38561122
3.000      0.73827427       19.603838      0.39963596
3.000      0.75398224       19.292566      0.41893207
3.000      0.76969020       18.250427      0.42159082
3.000      0.78539816       17.420923      0.42757379
3.000      0.80110613       16.938945      0.44119114
3.000      0.81681409       16.444438      0.45400324
3.000      0.83252205       15.728087      0.45976233
3.000      0.84823002       15.139748      0.46809048
3.000      0.86393798       14.841598      0.48484019
3.000      0.87964594       14.639688      0.50480749
3.000      0.89535391       13.886716      0.50495655
3.000      0.91106187       13.347460      0.51134320
3.000      0.92676983       13.216829      0.53298280
3.000      0.94247780       12.538061      0.53175800
3.000      0.95818576       12.365132      0.55108444
3.000      0.97389372       12.035072      0.56318833
3.000      0.98960169       11.558760      0.56749599
3.000       1.0053096       11.292886      0.58126576
3.000       1.0367256       10.741577      0.60635889
3.000       1.0681415       10.194829      0.62941424
3.000       1.0995574       9.6384532      0.64912951
3.000       1.1309734       9.2814735      0.68021203
3.000       1.1623893       8.8902047      0.70735400
3.000       1.1938052       8.4749790      0.73048163
3.000       1.2252211       8.1939878      0.76349995
3.000       1.2566371       7.7718442      0.78131100
3.000       1.2880530       7.4124593      0.80247917
3.000       1.3194689       7.0886347      0.82495516
3.000       1.3508848       6.8748799      0.85859896
3.000       1.3823008       6.6140652      0.88500634
3.000       1.4137167       6.4285901      0.92018078
3.000       1.4451326       6.1188367      0.93553973
3.000       1.4765485       5.9263619      0.96649946
3.000       1.5079645       5.6854258      0.98765800
3.000       1.5393804       5.4690511       1.0106950
3.000       1.5707963       5.3603335       1.0524990
3.000       1.6022123       5.2300598       1.0897755
3.000       1.6336282       5.0099558       1.1065315
3.000       1.6650441       4.8799203       1.1411959
3.000       1.6964600       4.7188249       1.1671724
3.000       1.7278760       4.5940664       1.2006190
3.000       1.7592919       4.4462511       1.2265293
3.000       1.7907078       4.3397050       1.2624223
3.000       1.8221237       4.2228961       1.2942383
3.000       1.8535397       4.1471178       1.3378958
3.000       1.8849556       4.0516445       1.3746906
3.000       1.9163715       3.8958957       1.3890462
3.000       1.9477874       3.8071679       1.4252694
3.000       1.9792034       3.7234757       1.4624804
3.000       2.0106193       3.6172244       1.4894820
3.000       2.0734512       3.4363085       1.5518289
3.000       2.1362830       3.2704169       1.6152871
3.000       2.1991149       3.1773809       1.7119193
3.000       2.2619467       3.0552887       1.7913053
3.000       2.3247786       2.9660503       1.8879633
3.000       2.3876104       2.7462097       1.8936266
3.000       2.4504423       2.7085866       2.0190469
3.000       2.5132741       2.5931999       2.0855751
3.000       2.5761060       2.4670034       2.1366392
3.000       2.6389378       2.3967593       2.2314243
3.000       2.7017697       2.3158608       2.3138099
3.000       2.7646015       2.2282185       2.3852048
3.000       2.8274334       2.1880106       2.5055140
3.000       2.8902652       2.0919042       2.5587340
3.000       2.9530971       2.0434682       2.6660686
3.000       3.0159289       1.9855494       2.7593976
3.000       3.0787608       1.9270421       2.8489794
3.000       3.1415927       1.8514310       2.9082211
3.000       3.2044245       1.7965169       2.9946889
3.000       3.2672564       1.7836572       3.1516014
3.000       3.3300882       1.7386144       3.2526755
3.000       3.3929201       1.6949116       3.3538080
3.000       3.4557519       1.6428107       3.4346736
3.000       3.5185838       1.6071369       3.5467193
3.000       3.5814156       1.5436951       3.5924932
3.000       3.6442475       1.5267938       3.7434690
3.000       3.7070793       1.4821123       3.8251371
3.000       3.7699112       1.4481978       3.9308954
3.000       3.8327430       1.4247417       4.0638297
3.000       3.8955749       1.3837410       4.1441907
3.000       3.9584067       1.3416513       4.2157142
3.000       4.0212386       1.3199296       4.3481102
3.000       4.1469023       1.2646919       4.5690553
3.000       4.2725660       1.1932527       4.7148623
3.000       4.3982297       1.1651076       5.0219225
3.000       4.5238934       1.1148658       5.2291360
3.000       4.6495571       1.0860291       5.5302721
3.000       4.7752208       1.0366243       5.7183672
3.000       4.9008845      0.99914447       5.9582945
3.000       5.0265482      0.97503169       6.2733361
3.000       5.1522120      0.92899443       6.4367188
3.000       5.2778757      0.89653584       6.6775228
3.000       5.4035394      0.85648671       6.8458258
3.000       5.5292031      0.85190117       7.2953662
3.000       5.6548668      0.82398956       7.5484729
3.000       5.7805305      0.79389530       7.7684894
3.000       5.9061942      0.77036288       8.0406059
3.000       6.0318579      0.73802473       8.2053003
3.000       6.1575216      0.71536627       8.4608998
3.000       6.2831853      0.69787470       8.7697522
3.000       6.4088490      0.68070247       9.0775302
3.000       6.5345127      0.65805121       9.3018552
3.000       6.6601764      0.64658832       9.6773247
3.000       6.7858401      0.62903743       9.9576675
3.000       6.9115038      0.61617155       10.305986
3.000       7.0371675      0.59200952       10.451837
3.000       7.1628313      0.57957888       10.790386
3.000       7.2884950      0.57457842       11.270239
3.000       7.4141587      0.55470093       11.452882
3.000       7.5398224      0.54067447       11.740578
3.000       7.6654861      0.52901234       12.071331
3.000       7.7911498      0.52798012       12.650057
3.000       7.9168135      0.50588132       12.716574
3.000       8.0424772      0.49664598       13.088404
3.000       8.2938046      0.47013045       13.587828
3.000       8.5451320      0.44469892       14.057001
3.000       8.7964594      0.43220141       14.903221
3.000       9.0477868      0.42191383       15.831465
3.000       9.2991143      0.40219360       16.384386
3.000       9.5504417      0.39212497       17.304742
3.000       9.8017691      0.37655531       17.964388
3.000       10.053096      0.36418875       18.745470
3.000       10.304424      0.35029177       19.416518
3.000       10.555751      0.34695942       20.673614
3.000       10.807079      0.33223784       21.244392
3.000       11.058406      0.32416181       22.208014
3.000       11.309734      0.31762114       23.277524
3.000       11.561061      0.30584983       23.942615
3.000       11.812388      0.29718580       24.814840
3.000       12.063716      0.29242362       26.009141
3.000       12.315043      0.28438814       26.908504
3.000       12.566371      0.27500238       27.646255
3.000       12.817698      0.26513721       28.285968
3.000       13.069025      0.25677479       29.037033
3.000       13.320353      0.25708871       30.782256
3.000       13.571680      0.24767967       31.366169
3.000       13.823008      0.24166045       32.335790
3.000       14.074335      0.23297495       32.905095
3.000       14.325663      0.22916869       34.132624
3.000       14.576990      0.22190783       34.821417
3.000       14.828317      0.22050027       36.421262
3.000       15.079645      0.21350654       37.089824
3.000       15.330972      0.20739980       37.860616
3.000       15.582300      0.20153417       38.629012
3.000       15.833627      0.19877947       39.974497
3.000       16.084954      0.19241991       40.567641
3.000       16.587609      0.19087770       44.134359
3.000       17.090264      0.17870564       45.191299
3.000       17.592919      0.16943983       46.741157
3.000       18.095574      0.16683120       50.080032
3.000       18.598229      0.15458616       50.379705
3.000       19.100883      0.15367997       54.256015
3.000       19.603538      0.14536901       55.481153
3.000       20.106193      0.13959045       57.479835
3.000       20.608848      0.13500732       59.867169
3.000       21.111503      0.12627920       60.194877
3.000       21.614157      0.12222514       62.523856
3.000       22.116812      0.12138606       66.528337
3.000       22.619467      0.11466130       67.225528
3.000       23.122122      0.11138517       69.755856
3.000       23.624777      0.10878669       72.668995
3.000       24.127432      0.10657651       75.834187
3.000       24.630086      0.10305941       78.010978
3.000       25.132741     0.099299374       79.861295
3.000       25.635396     0.097862274       83.522917
3.000       26.138051     0.095299150       86.214216
3.000       26.640706     0.091825295       87.956870
3.000       27.143361     0.087511301       88.659493
3.000       27.646015     0.086091198       92.156642
3.000       28.148670     0.082897541       93.666772
3.000       28.651325     0.083350776       99.314815
3.000       29.153980     0.080786732       101.41539
3.000       29.656635     0.078268346       103.42416
3.000       30.159289     0.076236706       105.94920
3.000       30.661944     0.073154151       106.83371
3.000       31.164599     0.072383603       110.99287
3.000       31.667254     0.070884177       114.03831
3.000       32.169909     0.068434738       115.42406
3.000       33.175218     0.061687951       114.10692
3.000       34.180528     0.062523353       126.48785
3.000       35.185838     0.059609726       131.55007
3.000       36.191147     0.056985490       136.84899
3.000       37.196457     0.054774277       142.80770
3.000       38.201767     0.052924215       149.47722
3.000       39.207076     0.051909744       158.49389
3.000       40.212386     0.048447013       159.59409
3.000       41.217696     0.046798820       166.01842
3.000       42.223005     0.046081687       175.73006
3.000       43.228315     0.043907826       179.68719
3.000       44.233625     0.041404072       181.53940
3.000       45.238934     0.040879916       191.74204
3.000       46.244244     0.041630873       208.57336
3.000       47.249554     0.039447728       210.80717
3.000       48.254863     0.038201346       217.45640
3.000       49.260173     0.034706441       210.16874
3.000       50.265482     0.035075313       225.67392
3.000       51.270792     0.033185965       226.58690
3.000       52.276102     0.033668942       243.67407
3.000       53.281411     0.032882892       251.98079
3.000       54.286721     0.031470211       255.06493
3.000       55.292031     0.031556056       270.23437
3.000       56.297340     0.030584917       276.46566
3.000       57.302650     0.029562232       281.79391
3.000       58.307960     0.028891069       290.14655
3.000       59.313269     0.028065836       296.69063
3.000       60.318579     0.026980158       299.96326
3.000       61.323889     0.027747378       324.17631
3.000       62.329198     0.026719393       327.77171
3.000       63.334508     0.025808565       332.16610
3.000       64.339818     0.025427274       343.09117
3.000       66.350437     0.025246740       373.60004
3.000       68.361056     0.023761515       384.56581
3.000       70.371675     0.021418859       378.14666
3.000       72.382295     0.021959583       421.88239
3.000       74.392914     0.021500837       448.45651
3.000       76.403533     0.019963400       451.07120
3.000       78.414153     0.020113284       491.28852
3.000       80.424772     0.020169110       531.52843
3.000       82.435391     0.019552510       554.89893
3.000       84.446011     0.019518035       595.44789
3.000       86.456630     0.018432903       603.47448
3.000       88.467249     0.018571299       651.41853
3.000       90.477868     0.018750677       703.58131
3.000       92.488488     0.016836103       674.79969
3.000       94.499107     0.017477709       747.20175
3.000       96.509726     0.016587979       755.40002
3.000       98.520346     0.016722902       810.13925
3.000       100.53096     0.015861040       816.39712
3.000       102.54158     0.015171926       828.72617
3.000       104.55220     0.016055499       929.59470
3.000       106.56282     0.015851212       971.73954
3.000       108.57344     0.014444294       936.56385
3.000       110.58406     0.014542395       996.28547
3.000       112.59468     0.014094492       1019.2326
3.000       114.60530     0.014389605       1097.3199
3.000       116.61592     0.014425474       1158.9745
3.000       118.62654     0.013942154       1179.0866
3.000       120.63716     0.013405812       1192.3581
3.000       122.64778     0.013847996       1294.3038
3.000       124.65840     0.013381571       1313.2336
3.000       126.66902     0.013386563       1378.3215
3.000       128.67964     0.013127096       1416.9952
3.000       132.70087     0.011456989       1356.3198
3.000       136.72211     0.011619108       1504.3861
3.000       140.74335     0.012814981       1809.9722
3.000       144.76459     0.011012158       1692.5040
3.000       148.78583     0.011790277       1967.3379
3.000       152.80707     0.011954618       2160.9080
3.000       156.82831     0.010870003       2124.0917
3.000       160.84954     0.011511858       2427.0302
3.000       164.87078     0.010420236       2365.8048
3.000       168.89202     0.010183561       2485.4058
3.000       172.91326     0.010465692       2741.0887
3.000       176.93450    0.0088659664       2487.9056
3.000       180.95574    0.0098861024       2967.6483
3.000       184.97698    0.0097876233       3138.3439
3.000       188.99821    0.0091209350       3119.4837
3.000       193.01945    0.0095941862       3495.2774
3.000       197.04069    0.0088173469       3417.2437
3.000       201.06193    0.0083411482       3434.6749
3.000       205.08317    0.0077498357       3386.5135
3.000       209.10441    0.0083828211       3882.8447
3.000       213.12565    0.0078367348       3843.3731
3.000       217.14688    0.0076009186       3942.7310
3.000       221.16812    0.0080397452       4406.3616
3.000       225.18936    0.0076392648       4419.4216
3.000       229.21060    0.0070578696       4305.7418
3.000       233.23184    0.0069573392       4471.7441
3.000       237.25308    0.0069052824       4671.8325
3.000       241.27432    0.0076258485       5426.1490
3.000       245.29555    0.0065979844       4933.4483
3.000       249.31679    0.0066002671       5181.8683
3.000       253.33803    0.0068964138       5680.6070
3.000       257.35927    0.0059952838       5177.2537
3.000       265.40175    0.0052666348       4987.8662
3.000       273.44422    0.0059363627       6148.8932
3.000       281.48670    0.0055554788       6277.1919
3.000       289.52918    0.0049465209       6082.0099
3.000       297.57166    0.0053782437       7179.3549
3.000       305.61413    0.0048273704       6980.7356
3.000       313.65661    0.0039107184       6113.5031
3.000       321.69909    0.0041837675       7056.4666
3.000       329.74156    0.0033295679       6047.5466
3.000       337.78404    0.0031915995       6231.5493
3.000       345.82652    0.0043412221       9096.1401
3.000       353.86900    0.0040442144       9078.8738
3.000       361.91147    0.0038102859       9150.2903
3.000       369.95395    0.0037356970       9582.6343
3.000       377.99643    0.0040636966       11118.716
3.000       386.03891    0.0040704721       11863.375
3.000       394.08138    0.0032702010       10139.171
3.000       402.12386    0.0028859872       9507.0150
3.000       410.16634    0.0030175103       10548.703
3.000       418.20881    0.0033163224       12288.717
3.000       426.25129    0.0037876234       14860.526
3.000       434.29377    0.0036391708       15101.618
3.000       442.33625    0.0028619159       12548.295
3.000       450.37872    0.0028992049       13417.845
3.000       458.42120    0.0029553738       14423.703
3.000       466.46368    0.0026011183       13374.694
3.000       474.50615    0.0030954157       16753.857
3.000       482.54863    0.0025472094       14499.672
3.000       490.59111    0.0028129091       16826.159
3.000       498.63359    0.0026336185       16541.227
3.000       506.67606    0.0027503631       18123.891
3.000       514.71854    0.0023687808       16364.569
2.750     0.015707963       2945.6173   0.00057837061
2.750     0.031415927       2542.9381    0.0039944378
2.750     0.047123890       1700.6914    0.0090161093
2.750     0.062831853       1088.0314     0.013672606
2.750     0.078539816       988.78469     0.024268427
2.750     0.094247780       728.28064     0.030887475
2.750      0.10995574       675.34087     0.045482785
2.750      0.12566371       518.06809     0.052081884
2.750      0.14137167       420.12798     0.060136621
2.750      0.15707963       344.30387     0.067603907
2.750      0.17278760       289.92248     0.075768699
2.750      0.18849556       281.67222     0.095569134
2.750      0.20420352       222.22109     0.095861720
2.750      0.21991149       193.64049      0.10433023
2.750      0.23561945       178.84422      0.11851643
2.750      0.25132741       163.03468      0.13112027
2.750      0.26703538       143.12499      0.13806771
2.750      0.28274334       127.76358      0.14630342
2.750      0.29845130       120.55814      0.16236306
2.750      0.31415927       111.13980      0.17457799
2.750      0.32986723       96.514587      0.17550146
2.750      0.34557519       89.520046      0.18716224
2.750      0.36128316       82.798643      0.19780470
2.750      0.37699112       78.145233      0.21211242
2.750      0.39269908       73.603375      0.22581233
2.750      0.40840704       67.288005      0.23221357
2.750      0.42411501       60.577564      0.23411702
2.750      0.43982297       58.020899      0.25008546
2.750      0.45553093       54.387097      0.26044724
2.750      0.47123890       51.121036      0.27101498
2.750      0.48694686       48.634272      0.28448370
2.750      0.50265482       46.364010      0.29830519
2.750      0.51836279       43.396252      0.30621322
2.750      0.53407075       40.497319      0.31253086
2.750      0.54977871       38.666669      0.32551483
2.750      0.56548668       36.202828      0.33164991
2.750      0.58119464       35.617412      0.35423985
2.750      0.59690260       33.498599      0.36091699
2.750      0.61261057       32.391767      0.37727528
2.750      0.62831853       30.697596      0.38575736
2.750      0.64402649       29.380083      0.39758911
2.750      0.65973446       28.432425      0.41361060
2.750      0.67544242       27.306163      0.42628096
2.750      0.69115038       26.341634      0.44058593
2.750      0.70685835       25.122617      0.44950271
2.750      0.72256631       23.712788      0.45319593
2.750      0.73827427       23.105574      0.47102096
2.750      0.75398224       22.737939      0.49374727
2.750      0.76969020       21.516123      0.49702947
2.750      0.78539816       20.592149      0.50540739
2.750      0.80110613       20.008753      0.52114725
2.750      0.81681409       19.389553      0.53531292
2.750      0.83252205       18.620687      0.54431863
2.750      0.84823002       17.941927      0.55472821
2.750      0.86393798       17.597779      0.57487818
2.750      0.87964594       17.338223      0.59785870
2.750      0.89535391       16.446939      0.59805282
2.750      0.91106187       15.890803      0.60877908
2.750      0.92676983       15.745529      0.63495534
2.750      0.94247780       14.939667      0.63361372
2.750      0.95818576       14.724820      0.65625010
2.750      0.97389372       14.331605      0.67065596
2.750      0.98960169       13.819926      0.67851158
2.750       1.0053096       13.473773      0.69352006
2.750       1.0367256       12.834720      0.72451620
2.750       1.0681415       12.239284      0.75563601
2.750       1.0995574       11.575558      0.77958946
2.750       1.1309734       11.146434      0.81688956
2.750       1.1623893       10.669421      0.84891831
2.750       1.1938052       10.203283      0.87944889
2.750       1.2252211       9.9071503      0.92312912
2.750       1.2566371       9.3919955      0.94418637
2.750       1.2880530       8.9709217      0.97119964
2.750       1.3194689       8.6460729       1.0062054
2.750       1.3508848       8.3670570       1.0449559
2.750       1.3823008       8.0221781       1.0734213
2.750       1.4137167       7.8502777       1.1236794
2.750       1.4451326       7.4503668       1.1391241
2.750       1.4765485       7.2246596       1.1782321
2.750       1.5079645       6.9566833       1.2084977
2.750       1.5393804       6.6784864       1.2342018
2.750       1.5707963       6.5643439       1.2889059
2.750       1.6022123       6.4064932       1.3349063
2.750       1.6336282       6.1610585       1.3607716
2.750       1.6650441       5.9705942       1.3962560
2.750       1.6964600       5.8162688       1.4386184
2.750       1.7278760       5.6657625       1.4806974
2.750       1.7592919       5.4820856       1.5122715
2.750       1.7907078       5.3633657       1.5602057
2.750       1.8221237       5.2336072       1.6040023
2.750       1.8535397       5.1314483       1.6554492
2.750       1.8849556       5.0131647       1.7009267
2.750       1.9163715       4.8440591       1.7271053
2.750       1.9477874       4.7309762       1.7711107
2.750       1.9792034       4.6269153       1.8173270
2.750       2.0106193       4.5043301       1.8547698
2.750       2.0734512       4.2844852       1.9348635
2.750       2.1362830       4.0833014       2.0167778
2.750       2.1991149       3.9982309       2.1541794
2.750       2.2619467       3.8194964       2.2393577
2.750       2.3247786       3.6952135       2.3520935
2.750       2.3876104       3.4354375       2.3688781
2.750       2.4504423       3.3920178       2.5284933
2.750       2.5132741       3.2572846       2.6196637
2.750       2.5761060       3.1125859       2.6957697
2.750       2.6389378       3.0328864       2.8236696
2.750       2.7017697       2.9478238       2.9452133
2.750       2.7646015       2.8259908       3.0250924
2.750       2.8274334       2.7819100       3.1855944
2.750       2.8902652       2.6536561       3.2458466
2.750       2.9530971       2.6076704       3.4021710
2.750       3.0159289       2.5162561       3.4969419
2.750       3.0787608       2.4417276       3.6099012
2.750       3.1415927       2.3544776       3.6984048
2.750       3.2044245       2.2693515       3.7828765
2.750       3.2672564       2.2760913       4.0216991
2.750       3.3300882       2.2219689       4.1569561
2.750       3.3929201       2.1521768       4.2586219
2.750       3.4557519       2.1063823       4.4038764
2.750       3.5185838       2.0612316       4.5488407
2.750       3.5814156       1.9910067       4.6334786
2.750       3.6442475       1.9450744       4.7690300
2.750       3.7070793       1.9052348       4.9171607
2.750       3.7699112       1.8525781       5.0285195
2.750       3.8327430       1.8152564       5.1777055
2.750       3.8955749       1.7591072       5.2683817
2.750       3.9584067       1.7434941       5.4783779
2.750       4.0212386       1.7020330       5.6068348
2.750       4.1469023       1.6189351       5.8488584
2.750       4.2725660       1.5579680       6.1559506
2.750       4.3982297       1.5164617       6.5363518
2.750       4.5238934       1.4327208       6.7199943
2.750       4.6495571       1.4047846       7.1534373
2.750       4.7752208       1.3358398       7.3689399
2.750       4.9008845       1.2953065       7.7244260
2.750       5.0265482       1.2432527       7.9990651
2.750       5.1522120       1.1922167       8.2605052
2.750       5.2778757       1.1563324       8.6125234
2.750       5.4035394       1.1028506       8.8149920
2.750       5.5292031       1.1001798       9.4215328
2.750       5.6548668       1.0539962       9.6555371
2.750       5.7805305       1.0252214       10.032081
2.750       5.9061942      0.98916950       10.324384
2.750       6.0318579      0.95131818       10.576680
2.750       6.1575216      0.92442926       10.933565
2.750       6.2831853      0.89962707       11.305047
2.750       6.4088490      0.88302943       11.775668
2.750       6.5345127      0.84522831       11.947689
2.750       6.6601764      0.82726835       12.381517
2.750       6.7858401      0.81275315       12.865889
2.750       6.9115038      0.78059644       13.056131
2.750       7.0371675      0.75911633       13.402082
2.750       7.1628313      0.74732870       13.913490
2.750       7.2884950      0.73079054       14.334308
2.750       7.4141587      0.70269009       14.508406
2.750       7.5398224      0.68975988       14.977921
2.750       7.6654861      0.67533432       15.410197
2.750       7.7911498      0.66695440       15.979790
2.750       7.9168135      0.64941178       16.324567
2.750       8.0424772      0.63569257       16.752781
2.750       8.2938046      0.59778551       17.277347
2.750       8.5451320      0.56346729       17.811287
2.750       8.7964594      0.55030843       18.975802
2.750       9.0477868      0.53710754       20.153877
2.750       9.2991143      0.50957389       20.758797
2.750       9.5504417      0.49945566       22.041318
2.750       9.8017691      0.48355355       23.068971
2.750       10.053096      0.46646313       24.009722
2.750       10.304424      0.45360724       25.143248
2.750       10.555751      0.43247016       25.768780
2.750       10.807079      0.41831725       26.748595
2.750       11.058406      0.40029444       27.423787
2.750       11.309734      0.39479419       28.933311
2.750       11.561061      0.37648587       29.472163
2.750       11.812388      0.37183571       31.048063
2.750       12.063716      0.35675344       31.730851
2.750       12.315043      0.34803156       32.930377
2.750       12.566371      0.33854067       34.033821
2.750       12.817698      0.32425177       34.592561
2.750       13.069025      0.32328179       36.557889
2.750       13.320353      0.30840876       36.927011
2.750       13.571680      0.29873561       37.831896
2.750       13.823008      0.29444965       39.399341
2.750       14.074335      0.28515343       40.274719
2.750       14.325663      0.27566901       41.058431
2.750       14.576990      0.26692708       41.885765
2.750       14.828317      0.26047697       43.024438
2.750       15.079645      0.25760095       44.749795
2.750       15.330972      0.25139168       45.891287
2.750       15.582300      0.24164652       46.317536
2.750       15.833627      0.24040550       48.345481
2.750       16.084954      0.23222274       48.959221
2.750       16.587609      0.22529240       52.091659
2.750       17.090264      0.20802459       52.605512
2.750       17.592919      0.20231645       55.810402
2.750       18.095574      0.19196612       57.625129
2.750       18.598229      0.18931532       61.697954
2.750       19.100883      0.17875926       63.110144
2.750       19.603538      0.17087995       65.217590
2.750       20.106193      0.16783352       69.109619
2.750       20.608848      0.15969223       70.813356
2.750       21.111503      0.15607597       74.398424
2.750       21.614157      0.14826162       75.842724
2.750       22.116812      0.14402397       78.935547
2.750       22.619467      0.13902146       81.507805
2.750       23.122122      0.13578493       85.036402
2.750       23.624777      0.13050289       87.175314
2.750       24.127432      0.12660836       90.087787
2.750       24.630086      0.11878712       89.916092
2.750       25.132741      0.11796165       94.870392
2.750       25.635396      0.11488030       98.047365
2.750       26.138051      0.11009457       99.599178
2.750       26.640706      0.10760351       103.07038
2.750       27.143361      0.10393801       105.30173
2.750       27.646015      0.10209384       109.28673
2.750       28.148670     0.098207173       110.96528
2.750       28.651325     0.096321041       114.76925
2.750       29.153980     0.093608137       117.51070
2.750       29.656635     0.090904817       120.12206
2.750       30.159289     0.088335147       122.76289
2.750       30.661944     0.085882338       125.42185
2.750       31.164599     0.085624650       131.29667
2.750       31.667254     0.081837315       131.65970
2.750       32.169909     0.080521889       135.81061
2.750       33.175218     0.075135250       138.98098
2.750       34.180528     0.072859937       147.39928
2.750       35.185838     0.070170383       154.85591
2.750       36.191147     0.064599850       155.13466
2.750       37.196457     0.063105329       164.52845
2.750       38.201767     0.061101343       172.57241
2.750       39.207076     0.059922098       182.95768
2.750       40.212386     0.056509816       186.15456
2.750       41.217696     0.051799699       183.75900
2.750       42.223005     0.051100985       194.87088
2.750       43.228315     0.049961130       204.45956
2.750       44.233625     0.047968414       210.32127
2.750       45.238934     0.047208573       221.42580
2.750       46.244244     0.044871214       224.80767
2.750       47.249554     0.044254157       236.49255
2.750       48.254863     0.041927512       238.66713
2.750       49.260173     0.040653357       246.18096
2.750       50.265482     0.039328117       253.03638
2.750       51.270792     0.038589202       263.47908
2.750       52.276102     0.037634729       272.37587
2.750       53.281411     0.036523253       279.87678
2.750       54.286721     0.035176501       285.10427
2.750       55.292031     0.034394154       294.53880
2.750       56.297340     0.034018189       307.49997
2.750       57.302650     0.033108471       315.59746
2.750       58.307960     0.032279205       324.17284
2.750       59.313269     0.031323691       331.13019
2.750       60.318579     0.030539919       339.54039
2.750       61.323889     0.029435937       343.90396
2.750       62.329198     0.028923397       354.80863
2.750       63.334508     0.029460815       379.17196
2.750       64.339818     0.028039007       378.33137
2.750       66.350437     0.027810779       411.54257
2.750       68.361056     0.025701114       415.95706
2.750       70.371675     0.025243746       445.67445
2.750       72.382295     0.022570857       433.62605
2.750       74.392914     0.024096387       502.59354
2.750       76.403533     0.022144825       500.36029
2.750       78.414153     0.022642177       553.05944
2.750       80.424772     0.021177016       558.09037
2.750       82.435391     0.021128380       599.62203
2.750       84.446011     0.019501308       594.93761
2.750       86.456630     0.019406579       635.35162
2.750       88.467249     0.019568115       686.38346
2.750       90.477868     0.018031336       676.58949
2.750       92.488488     0.017578581       704.55859
2.750       94.499107     0.016968531       725.43354
2.750       96.509726     0.018014659       820.36961
2.750       98.520346     0.017943578       869.27477
2.750       100.53096     0.016971532       873.55622
2.750       102.54158     0.016298365       890.25489
2.750       104.55220     0.016641905       963.54690
2.750       106.56282     0.015433205       946.11415
2.750       108.57344     0.015634447       1013.7331
2.750       110.58406     0.015181922       1040.0989
2.750       112.59468     0.015247796       1102.6329
2.750       114.60530     0.014720045       1122.5185
2.750       116.61592     0.014376191       1155.0150
2.750       118.62654     0.014137822       1195.6342
2.750       120.63716     0.013327227       1185.3684
2.750       122.64778     0.013885694       1297.8272
2.750       124.65840     0.012933697       1269.2803
2.750       126.66902     0.013052667       1343.9426
2.750       128.67964     0.012811138       1382.8893
2.750       132.70087     0.012976208       1536.1705
2.750       136.72211     0.012783642       1655.1644
2.750       140.74335     0.011624155       1641.7813
2.750       144.76459     0.011403696       1752.6812
2.750       148.78583     0.011222798       1872.6478
2.750       152.80707     0.010003826       1808.2843
2.750       156.82831     0.010941629       2138.0881
2.750       160.84954     0.010659309       2247.2885
2.750       164.87078    0.0098006762       2225.1403
2.750       168.89202     0.010483659       2558.6479
2.750       172.91326    0.0099812347       2614.2037
2.750       176.93450    0.0093797933       2632.0921
2.750       180.95574    0.0086279745       2589.9786
2.750       184.97698    0.0093758022       3006.2958
2.750       188.99821    0.0086290371       2951.2479
2.750       193.01945    0.0089423256       3257.7967
2.750       197.04069    0.0086715253       3360.7292
2.750       201.06193    0.0083645162       3444.2973
2.750       205.08317    0.0080676086       3525.3735
2.750       209.10441    0.0074809966       3465.1279
2.750       213.12565    0.0074414584       3649.5175
2.750       217.14688    0.0075001695       3890.4706
2.750       221.16812    0.0069441736       3805.9092
2.750       225.18936    0.0068697619       3974.2534
2.750       229.21060    0.0069818058       4259.3382
2.750       233.23184    0.0068547103       4405.7806
2.750       237.25308    0.0064838132       4386.6836
2.750       241.27432    0.0061741412       4393.1911
2.750       245.29555    0.0054975986       4110.6672
2.750       249.31679    0.0052578838       4127.9634
2.750       253.33803    0.0060832446       5010.7959
2.750       257.35927    0.0054609454       4715.8235
2.750       265.40175    0.0057255884       5422.5269
2.750       273.44422    0.0047809169       4952.0808
2.750       281.48670    0.0045701293       5163.8354
2.750       289.52918    0.0044866070       5516.5213
2.750       297.57166    0.0046985651       6272.0598
2.750       305.61413    0.0037575163       5433.6472
2.750       313.65661    0.0036619322       5724.5835
2.750       321.69909    0.0042654275       7194.1968
2.750       329.74156    0.0027263593       4951.9294
2.750       337.78404    0.0040178871       7844.8631
2.750       345.82652    0.0029006050       6077.6226
2.750       353.86900    0.0030367409       6817.1922
2.750       361.91147    0.0031549586       7576.5411
2.750       369.95395    0.0026840692       6885.0480
2.750       377.99643    0.0020275333       5547.5514
2.750       386.03891    0.0026197083       7635.1297
2.750       394.08138    0.0025856458       8016.7259
2.750       402.12386    0.0023869681       7863.1470
2.750       410.16634    0.0023834867       8332.2641
2.750       418.20881    0.0022491236       8334.1848
2.750       426.25129    0.0025610973       10048.320
2.750       434.29377    0.0022617820       9385.8106
2.750       442.33625    0.0019490335       8545.6903
2.750       450.37872    0.0021845874       10110.515
2.750       458.42120    0.0016195764       7904.3428
2.750       466.46368    0.0019338669       9943.7530
2.750       474.50615    0.0022359699       12102.129
2.750       482.54863    0.0021044516       11979.328
2.750       490.59111    0.0018531143       11084.893
2.750       498.63359    0.0017255322       10837.719
2.750       506.67606    0.0020144182       13274.282
2.750       514.71854    0.0017570704       12138.607
2.500     0.015707963       3367.8356   0.00066127297
2.500     0.031415927       2904.4430    0.0045622884
2.500     0.047123890       1943.7988     0.010304928
2.500     0.062831853       1242.4588     0.015613198
2.500     0.078539816       1132.2884     0.027790539
2.500     0.094247780       833.20620     0.035337525
2.500      0.10995574       772.55410     0.052029890
2.500      0.12566371       592.11331     0.059525722
2.500      0.14137167       480.96201     0.068844333
2.500      0.15707963       395.06152     0.077570148
2.500      0.17278760       332.68304     0.086943799
2.500      0.18849556       323.17220      0.10964975
2.500      0.20420352       255.37208      0.11016239
2.500      0.21991149       222.76543      0.12002226
2.500      0.23561945       205.81154      0.13638713
2.500      0.25132741       187.86907      0.15109327
2.500      0.26703538       164.92048      0.15909306
2.500      0.28274334       147.52819      0.16893609
2.500      0.29845130       139.02894      0.18723882
2.500      0.31415927       128.53116      0.20189628
2.500      0.32986723       111.68279      0.20308321
2.500      0.34557519       103.80217      0.21702229
2.500      0.36128316       96.060351      0.22948673
2.500      0.37699112       90.797685      0.24645543
2.500      0.39269908       85.637648      0.26273301
2.500      0.40840704       78.406811      0.27058500
2.500      0.42411501       70.639327      0.27300320
2.500      0.43982297       67.713080      0.29186133
2.500      0.45553093       63.570463      0.30442426
2.500      0.47123890       59.874237      0.31741953
2.500      0.48694686       56.903440      0.33285378
2.500      0.50265482       54.378724      0.34987172
2.500      0.51836279       50.939304      0.35943860
2.500      0.53407075       47.688235      0.36802548
2.500      0.54977871       45.480948      0.38288075
2.500      0.56548668       42.591816      0.39017870
2.500      0.58119464       41.993208      0.41765157
2.500      0.59690260       39.515547      0.42574414
2.500      0.61261057       38.305005      0.44614830
2.500      0.62831853       36.341185      0.45667679
2.500      0.64402649       34.764833      0.47045882
2.500      0.65973446       33.639479      0.48935837
2.500      0.67544242       32.304861      0.50431646
2.500      0.69115038       31.285444      0.52327531
2.500      0.70685835       29.891626      0.53483149
2.500      0.72256631       28.234340      0.53961128
2.500      0.73827427       27.592566      0.56249098
2.500      0.75398224       27.133413      0.58919362
2.500      0.76969020       25.698294      0.59363900
2.500      0.78539816       24.682109      0.60579010
2.500      0.80110613       23.951427      0.62383798
2.500      0.81681409       23.167958      0.63962831
2.500      0.83252205       22.345915      0.65321424
2.500      0.84823002       21.559054      0.66656250
2.500      0.86393798       21.144711      0.69074811
2.500      0.87964594       20.804657      0.71738871
2.500      0.89535391       19.750348      0.71817323
2.500      0.91106187       19.183739      0.73493196
2.500      0.92676983       19.020779      0.76703329
2.500      0.94247780       18.062463      0.76605615
2.500      0.95818576       17.777634      0.79230677
2.500      0.97389372       17.302967      0.80970261
2.500      0.98960169       16.773895      0.82354145
2.500       1.0053096       16.295859      0.83877807
2.500       1.0367256       15.560346      0.87837695
2.500       1.0681415       14.925313      0.92146764
2.500       1.0995574       14.092760      0.94911766
2.500       1.1309734       13.575196      0.99488638
2.500       1.1623893       12.975645       1.0324143
2.500       1.1938052       12.452018       1.0732735
2.500       1.2252211       12.134092       1.1306313
2.500       1.2566371       11.524571       1.1585762
2.500       1.2880530       11.025007       1.1935766
2.500       1.3194689       10.705471       1.2458723
2.500       1.3508848       10.341171       1.2915017
2.500       1.3823008       9.8796748       1.3219668
2.500       1.4137167       9.7209135       1.3914400
2.500       1.4451326       9.2176933       1.4093395
2.500       1.4765485       8.9367514       1.4574482
2.500       1.5079645       8.6372250       1.5004372
2.500       1.5393804       8.2837815       1.5308645
2.500       1.5707963       8.1587678       1.6019703
2.500       1.6022123       7.9756595       1.6618698
2.500       1.6336282       7.7045305       1.7016729
2.500       1.6650441       7.4206588       1.7353615
2.500       1.6964600       7.2746160       1.7993317
2.500       1.7278760       7.0896833       1.8528266
2.500       1.7592919       6.8682222       1.8946470
2.500       1.7907078       6.7334777       1.9587719
2.500       1.8221237       6.5927549       2.0205555
2.500       1.8535397       6.4473404       2.0799673
2.500       1.8849556       6.2849970       2.1324492
2.500       1.9163715       6.1184150       2.1814653
2.500       1.9477874       5.9734818       2.2362610
2.500       1.9792034       5.8271039       2.2887285
2.500       2.0106193       5.6936990       2.3445220
2.500       2.0734512       5.4374628       2.4555455
2.500       2.1362830       5.1766984       2.5568160
2.500       2.1991149       5.0834956       2.7389017
2.500       2.2619467       4.8361409       2.8354129
2.500       2.3247786       4.6573271       2.9645022
2.500       2.3876104       4.3833808       3.0225247
2.500       2.4504423       4.3014672       3.2064192
2.500       2.5132741       4.1530185       3.3400557
2.500       2.5761060       3.9961912       3.4610486
2.500       2.6389378       3.8857516       3.6177019
2.500       2.7017697       3.7751865       3.7718433
2.500       2.7646015       3.6268216       3.8823446
2.500       2.8274334       3.5671741       4.0848086
2.500       2.8902652       3.3869054       4.1427281
2.500       2.9530971       3.3669456       4.3927808
2.500       3.0159289       3.2158621       4.4692123
2.500       3.0787608       3.1263791       4.6221043
2.500       3.1415927       3.0256153       4.7526254
2.500       3.2044245       2.9128892       4.8556163
2.500       3.2672564       2.9249778       5.1682376
2.500       3.3300882       2.8769818       5.3823829
2.500       3.3929201       2.7639022       5.4690742
2.500       3.4557519       2.7165880       5.6796517
2.500       3.5185838       2.6614071       5.8733416
2.500       3.5814156       2.5835032       6.0123387
2.500       3.6442475       2.5160509       6.1689786
2.500       3.7070793       2.4781030       6.3956584
2.500       3.7699112       2.3912639       6.4906937
2.500       3.8327430       2.3280876       6.6404681
2.500       3.8955749       2.2891210       6.8557298
2.500       3.9584067       2.2802291       7.1648977
2.500       4.0212386       2.1982929       7.2416134
2.500       4.1469023       2.0799061       7.5142459
2.500       4.2725660       2.0328152       8.0322000
2.500       4.3982297       1.9512970       8.4106072
2.500       4.5238934       1.8523534       8.6882278
2.500       4.6495571       1.8058487       9.1957334
2.500       4.7752208       1.7140091       9.4550485
2.500       4.9008845       1.6876853       10.064336
2.500       5.0265482       1.6071109       10.340122
2.500       5.1522120       1.5330774       10.622225
2.500       5.2778757       1.5139704       11.276260
2.500       5.4035394       1.4426745       11.531175
2.500       5.5292031       1.4232441       12.188135
2.500       5.6548668       1.3411814       12.286407
2.500       5.7805305       1.3080904       12.800033
2.500       5.9061942       1.2674791       13.229220
2.500       6.0318579       1.2404731       13.791482
2.500       6.1575216       1.2099502       14.310526
2.500       6.2831853       1.1563306       14.530879
2.500       6.4088490       1.1220700       14.963401
2.500       6.5345127       1.0897614       15.404276
2.500       6.6601764       1.0616910       15.890062
2.500       6.7858401       1.0342691       16.372488
2.500       6.9115038       1.0103280       16.898583
2.500       7.0371675      0.99148975       17.504599
2.500       7.1628313      0.95479202       17.775966
2.500       7.2884950      0.93630747       18.365481
2.500       7.4141587      0.89867226       18.554840
2.500       7.5398224      0.89559549       19.447577
2.500       7.6654861      0.86578539       19.756027
2.500       7.7911498      0.83823209       20.083491
2.500       7.9168135      0.81969300       20.605005
2.500       8.0424772      0.80019218       21.087936
2.500       8.2938046      0.75693725       21.877190
2.500       8.5451320      0.71947940       22.742854
2.500       8.7964594      0.68439009       23.599222
2.500       9.0477868      0.66905083       25.104782
2.500       9.2991143      0.65035176       26.493744
2.500       9.5504417      0.61606564       27.187396
2.500       9.8017691      0.59935808       28.593678
2.500       10.053096      0.57187430       29.435431
2.500       10.304424      0.56361529       31.240946
2.500       10.555751      0.53086098       31.631407
2.500       10.807079      0.51934087       33.208381
2.500       11.058406      0.49842925       34.146908
2.500       11.309734      0.49036060       35.937093
2.500       11.561061      0.47460443       37.153106
2.500       11.812388      0.45764548       38.213128
2.500       12.063716      0.43705193       38.872869
2.500       12.315043      0.42383356       40.102682
2.500       12.566371      0.41168593       41.387184
2.500       12.817698      0.40067867       42.746109
2.500       13.069025      0.39114534       44.232148
2.500       13.320353      0.38044720       45.552460
2.500       13.571680      0.37056041       46.927793
2.500       13.823008      0.35493498       47.492683
2.500       14.074335      0.35044422       49.496310
2.500       14.325663      0.33483922       49.871305
2.500       14.576990      0.32729884       51.359205
2.500       14.828317      0.31878725       52.655873
2.500       15.079645      0.31048275       53.936290
2.500       15.330972      0.30057521       54.869689
2.500       15.582300      0.29415898       56.382850
2.500       15.833627      0.28949243       58.216850
2.500       16.084954      0.28337234       59.743026
2.500       16.587609      0.27120288       62.706987
2.500       17.090264      0.25651441       64.867676
2.500       17.592919      0.24370558       67.227882
2.500       18.095574      0.23516125       70.591610
2.500       18.598229      0.22390913       72.972093
2.500       19.100883      0.21648844       76.430259
2.500       19.603538      0.20629627       78.734492
2.500       20.106193      0.19606747       80.735648
2.500       20.608848      0.19040544       84.432714
2.500       21.111503      0.18269668       87.088008
2.500       21.614157      0.17814124       91.127542
2.500       22.116812      0.16645835       91.231210
2.500       22.619467      0.16294981       95.536919
2.500       23.122122      0.16094982       100.79612
2.500       23.624777      0.15550790       103.87855
2.500       24.127432      0.14872562       105.82526
2.500       24.630086      0.14605787       110.55873
2.500       25.132741      0.14198195       114.18866
2.500       25.635396      0.13511512       115.31725
2.500       26.138051      0.13217534       119.57497
2.500       26.640706      0.12638584       121.06144
2.500       27.143361      0.12387934       125.50470
2.500       27.646015      0.12121174       129.75156
2.500       28.148670      0.11675158       131.91880
2.500       28.651325      0.11303688       134.68665
2.500       29.153980      0.11041717       138.61187
2.500       29.656635      0.10757611       142.15158
2.500       30.159289      0.10646801       147.96286
2.500       30.661944      0.10380682       151.59861
2.500       31.164599      0.10119775       155.17642
2.500       31.667254     0.096144257       154.67667
2.500       32.169909     0.093863593       158.31313
2.500       33.175218     0.090112610       166.68526
2.500       34.180528     0.086843372       175.68846
2.500       35.185838     0.081389404       179.61467
2.500       36.191147     0.078104572       187.56585
2.500       37.196457     0.075726293       197.43388
2.500       38.201767     0.072565353       204.95094
2.500       39.207076     0.069869262       213.32895
2.500       40.212386     0.066567513       219.28661
2.500       41.217696     0.063945684       226.84678
2.500       42.223005     0.060899738       232.23791
2.500       43.228315     0.057104249       233.69187
2.500       44.233625     0.056730397       248.73887
2.500       45.238934     0.054789980       256.98542
2.500       46.244244     0.052346772       262.26070
2.500       47.249554     0.049842693       266.35747
2.500       48.254863     0.049491705       281.72536
2.500       49.260173     0.047430450       287.22041
2.500       50.265482     0.047135963       303.27192
2.500       51.270792     0.045371617       309.78800
2.500       52.276102     0.044080040       319.02288
2.500       53.281411     0.042782431       327.84071
2.500       54.286721     0.041946734       339.97677
2.500       55.292031     0.040432956       346.25286
2.500       56.297340     0.038235780       345.62396
2.500       57.302650     0.038248088       364.58946
2.500       58.307960     0.037129465       372.88291
2.500       59.313269     0.036082613       381.43789
2.500       60.318579     0.035535784       395.08402
2.500       61.323889     0.033892006       395.96481
2.500       62.329198     0.034137051       418.76548
2.500       63.334508     0.033001217       424.73829
2.500       64.339818     0.032297065       435.78552
2.500       66.350437     0.030919746       457.54892
2.500       68.361056     0.029645418       479.79325
2.500       70.371675     0.029435120       519.67251
2.500       72.382295     0.027969466       537.34285
2.500       74.392914     0.027684137       577.42551
2.500       76.403533     0.025699641       580.68104
2.500       78.414153     0.023787858       581.04391
2.500       80.424772     0.023197334       611.33302
2.500       82.435391     0.023707811       672.82608
2.500       84.446011     0.022727087       693.34828
2.500       86.456630     0.021046845       689.05226
2.500       88.467249     0.021066112       738.92815
2.500       90.477868     0.019951597       748.64342
2.500       92.488488     0.019474065       780.53057
2.500       94.499107     0.019812745       847.02849
2.500       96.509726     0.018817197       856.91637
2.500       98.520346     0.018473914       894.96687
2.500       100.53096     0.018107011       932.00142
2.500       102.54158     0.018316191       1000.4733
2.500       104.55220     0.016712047       967.60806
2.500       106.56282     0.016703340       1023.9783
2.500       108.57344     0.016847716       1092.4011
2.500       110.58406     0.016803125       1151.1659
2.500       112.59468     0.015880759       1148.4052
2.500       114.60530     0.015717969       1198.6180
2.500       116.61592     0.014990094       1204.3373
2.500       118.62654     0.014734187       1246.0688
2.500       120.63716     0.015058389       1339.3438
2.500       122.64778     0.014364427       1342.5721
2.500       124.65840     0.014713088       1443.9053
2.500       126.66902     0.013776144       1418.4340
2.500       128.67964     0.014229180       1535.9589
2.500       132.70087     0.014148912       1674.9993
2.500       136.72211     0.013588306       1759.3484
2.500       140.74335     0.012394183       1750.5391
2.500       144.76459     0.012868428       1977.8019
2.500       148.78583     0.012233174       2041.2402
2.500       152.80707     0.011158872       2017.0695
2.500       156.82831     0.011807806       2307.3464
2.500       160.84954     0.011732378       2473.5221
2.500       164.87078     0.011819087       2683.3992
2.500       168.89202     0.010424213       2544.1395
2.500       172.91326     0.010344586       2709.3696
2.500       176.93450     0.010389838       2915.5238
2.500       180.95574     0.010511958       3155.5200
2.500       184.97698    0.0088435926       2835.6460
2.500       188.99821     0.010330737       3533.2525
2.500       193.01945    0.0091966771       3350.4600
2.500       197.04069    0.0078850849       3055.9370
2.500       201.06193    0.0090153161       3712.2803
2.500       205.08317    0.0082140798       3589.3783
2.500       209.10441    0.0089352253       4138.7131
2.500       213.12565    0.0082683511       4055.0509
2.500       217.14688    0.0083227748       4317.1706
2.500       221.16812    0.0082063649       4497.6813
2.500       225.18936    0.0076222117       4409.5561
2.500       229.21060    0.0074250815       4529.7640
2.500       233.23184    0.0075734840       4867.7636
2.500       237.25308    0.0065420184       4426.0629
2.500       241.27432    0.0071337814       5076.0201
2.500       245.29555    0.0070037831       5236.8722
2.500       249.31679    0.0067665644       5312.4282
2.500       253.33803    0.0059502021       4901.2082
2.500       257.35927    0.0065195659       5629.9999
2.500       265.40175    0.0057341558       5430.6408
2.500       273.44422    0.0061836331       6405.0163
2.500       281.48670    0.0054504172       6158.4816
2.500       289.52918    0.0053803812       6615.4642
2.500       297.57166    0.0051268853       6843.8195
2.500       305.61413    0.0049887357       7214.0817
2.500       313.65661    0.0049137436       7681.5010
2.500       321.69909    0.0040329108       6802.0272
2.500       329.74156    0.0048718029       8848.7322
2.500       337.78404    0.0049774971       9718.4871
2.500       345.82652    0.0033885791       7100.0723
2.500       353.86900    0.0040286214       9043.8688
2.500       361.91147    0.0035294501       8475.8713
2.500       369.95395    0.0032247689       8272.0255
2.500       377.99643    0.0030978503       8476.0551
2.500       386.03891    0.0035136913       10240.640
2.500       394.08138    0.0028662700       8886.7940
2.500       402.12386    0.0030833399       10157.134
2.500       410.16634    0.0021311100       7449.9980
2.500       418.20881    0.0023909260       8859.6372
2.500       426.25129    0.0023909559       9380.7799
2.500       434.29377    0.0030791609       12777.722
2.500       442.33625    0.0030010518       13158.347
2.500       450.37872    0.0028163274       13034.278
2.500       458.42120    0.0025007507       12204.914
2.500       466.46368    0.0020182937       10377.867
2.500       474.50615    0.0028788277       15581.580
2.500       482.54863    0.0021836299       12430.041
2.500       490.59111    0.0022419768       13410.976
2.500       498.63359    0.0018839324       11832.599
2.500       506.67606    0.0024507156       16149.323
2.500       514.71854    0.0012706876       8778.4629
2.250     0.015707963       3885.2600   0.00076286902
2.250     0.031415927       3346.6379    0.0052568866
2.250     0.047123890       2241.4445     0.011882878
2.250     0.062831853       1431.2851     0.017986059
2.250     0.078539816       1308.5541     0.032116749
2.250     0.094247780       961.87579     0.040794596
2.250      0.10995574       891.77035     0.060058854
2.250      0.12566371       682.81691     0.068644243
2.250      0.14137167       555.70457     0.079542893
2.250      0.15707963       457.67442     0.089864163
2.250      0.17278760       385.41233      0.10072414
2.250      0.18849556       374.30565      0.12699892
2.250      0.20420352       296.42324      0.12787104
2.250      0.21991149       258.87234      0.13947605
2.250      0.23561945       239.25969      0.15855254
2.250      0.25132741       218.77092      0.17594601
2.250      0.26703538       192.02389      0.18523878
2.250      0.28274334       172.17393      0.19715818
2.250      0.29845130       161.99111      0.21816339
2.250      0.31415927       150.26039      0.23602846
2.250      0.32986723       130.73450      0.23772672
2.250      0.34557519       121.74675      0.25453957
2.250      0.36128316       112.73142      0.26931366
2.250      0.37699112       106.74183      0.28973319
2.250      0.39269908       100.79673      0.30924050
2.250      0.40840704       92.474101      0.31913178
2.250      0.42411501       83.432488      0.32244554
2.250      0.43982297       79.982628      0.34474633
2.250      0.45553093       75.240240      0.36030813
2.250      0.47123890       71.057680      0.37670786
2.250      0.48694686       67.436278      0.39446508
2.250      0.50265482       64.618352      0.41575329
2.250      0.51836279       60.577114      0.42744504
2.250      0.53407075       56.949933      0.43950099
2.250      0.54977871       54.196405      0.45625171
2.250      0.56548668       50.815999      0.46551948
2.250      0.58119464       50.192407      0.49919828
2.250      0.59690260       47.274547      0.50934032
2.250      0.61261057       45.933413      0.53499834
2.250      0.62831853       43.626753      0.54822994
2.250      0.64402649       41.741399      0.56486993
2.250      0.65973446       40.340981      0.58684609
2.250      0.67544242       38.745369      0.60486027
2.250      0.69115038       37.676308      0.63016787
2.250      0.70685835       36.066515      0.64531477
2.250      0.72256631       34.124874      0.65219045
2.250      0.73827427       33.445594      0.68180844
2.250      0.75398224       32.830929      0.71291340
2.250      0.76969020       31.157786      0.71975505
2.250      0.78539816       30.051397      0.73757224
2.250      0.80110613       29.105489      0.75808049
2.250      0.81681409       28.113687      0.77617155
2.250      0.83252205       27.233192      0.79607877
2.250      0.84823002       26.317568      0.81368613
2.250      0.86393798       25.793656      0.84261826
2.250      0.87964594       25.339564      0.87376192
2.250      0.89535391       24.102859      0.87644166
2.250      0.91106187       23.523927      0.90120520
2.250      0.92676983       23.344796      0.94140393
2.250      0.94247780       22.198517      0.94147241
2.250      0.95818576       21.808900      0.97197067
2.250      0.97389372       21.223967      0.99318812
2.250      0.98960169       20.707466       1.0166665
2.250       1.0053096       20.017826       1.0303546
2.250       1.0367256       19.172832       1.0823008
2.250       1.0681415       18.525173       1.1437178
2.250       1.0995574       17.415558       1.1729011
2.250       1.1309734       16.806657       1.2317107
2.250       1.1623893       16.024906       1.2750304
2.250       1.1938052       15.436125       1.3304819
2.250       1.2252211       15.066627       1.4038792
2.250       1.2566371       14.387616       1.4464010
2.250       1.2880530       13.783459       1.4922090
2.250       1.3194689       13.459202       1.5663436
2.250       1.3508848       12.998055       1.6233180
2.250       1.3823008       12.397625       1.6588855
2.250       1.4137167       12.222906       1.7495722
2.250       1.4451326       11.619880       1.7766220
2.250       1.4765485       11.234318       1.8321463
2.250       1.5079645       10.893360       1.8923674
2.250       1.5393804       10.468232       1.9345567
2.250       1.5707963       10.311746       2.0247066
2.250       1.6022123       10.127616       2.1102681
2.250       1.6336282       9.8108323       2.1668845
2.250       1.6650441       9.4077445       2.2000523
2.250       1.6964600       9.2544985       2.2890435
2.250       1.7278760       9.0235026       2.3582133
2.250       1.7592919       8.7683671       2.4188152
2.250       1.7907078       8.6014443       2.5021643
2.250       1.8221237       8.4480280       2.5891619
2.250       1.8535397       8.2331859       2.6560964
2.250       1.8849556       8.0008229       2.7146152
2.250       1.9163715       7.8493134       2.7986014
2.250       1.9477874       7.6691620       2.8710639
2.250       1.9792034       7.4487676       2.9256741
2.250       2.0106193       7.3221239       3.0150663
2.250       2.0734512       7.0548085       3.1859350
2.250       2.1362830       6.6662944       3.2925403
2.250       2.1991149       6.5556386       3.5320676
2.250       2.2619467       6.2349938       3.6555556
2.250       2.3247786       6.0001531       3.8192437
2.250       2.3876104       5.7128729       3.9392652
2.250       2.4504423       5.5636937       4.1473138
2.250       2.5132741       5.4187909       4.3580502
2.250       2.5761060       5.2241277       4.5245482
2.250       2.6389378       5.0381849       4.6906371
2.250       2.7017697       4.8862956       4.8819685
2.250       2.7646015       4.7263559       5.0593452
2.250       2.8274334       4.5974029       5.2645345
2.250       2.8902652       4.4015736       5.3838299
2.250       2.9530971       4.3730240       5.7053895
2.250       3.0159289       4.1970214       5.8327688
2.250       3.0787608       4.1024988       6.0652202
2.250       3.1415927       3.9431123       6.1938264
2.250       3.2044245       3.8312066       6.3863978
2.250       3.2672564       3.8280491       6.7639034
2.250       3.3300882       3.7372377       6.9917871
2.250       3.3929201       3.6304457       7.1837480
2.250       3.4557519       3.5101076       7.3386869
2.250       3.5185838       3.4933414       7.7093005
2.250       3.5814156       3.3506816       7.7977193
2.250       3.6442475       3.2848265       8.0539010
2.250       3.7070793       3.2529893       8.3955379
2.250       3.7699112       3.1627107       8.5846598
2.250       3.8327430       3.0346277       8.6557516
2.250       3.8955749       3.0176570       9.0376351
2.250       3.9584067       2.9636750       9.3124101
2.250       4.0212386       2.8653605       9.4390666
2.250       4.1469023       2.7281187       9.8560962
2.250       4.2725660       2.6135186       10.326715
2.250       4.3982297       2.4950743       10.754432
2.250       4.5238934       2.4338319       11.415579
2.250       4.6495571       2.3773155       12.105754
2.250       4.7752208       2.1869096       12.063726
2.250       4.9008845       2.1980426       13.107799
2.250       5.0265482       2.0923418       13.462089
2.250       5.1522120       2.0235497       14.020558
2.250       5.2778757       1.9602038       14.599869
2.250       5.4035394       1.9029683       15.210265
2.250       5.5292031       1.8108543       15.507486
2.250       5.6548668       1.7405399       15.944885
2.250       5.7805305       1.7081491       16.714721
2.250       5.9061942       1.6483186       17.204204
2.250       6.0318579       1.6059929       17.855302
2.250       6.1575216       1.5513792       18.348732
2.250       6.2831853       1.4897941       18.721305
2.250       6.4088490       1.4689339       19.589016
2.250       6.5345127       1.4162320       20.019088
2.250       6.6601764       1.3654713       20.436666
2.250       6.7858401       1.3403180       21.217244
2.250       6.9115038       1.3085288       21.886242
2.250       7.0371675       1.2718551       22.454405
2.250       7.1628313       1.2210407       22.732885
2.250       7.2884950       1.1910594       23.362388
2.250       7.4141587       1.1543774       23.834371
2.250       7.5398224       1.1331084       24.605095
2.250       7.6654861       1.1034873       25.180057
2.250       7.7911498       1.0805660       25.889652
2.250       7.9168135       1.0525385       26.458151
2.250       8.0424772       1.0305578       27.158897
2.250       8.2938046      0.96986834       28.031377
2.250       8.5451320      0.91491355       28.920557
2.250       8.7964594      0.86876666       29.956917
2.250       9.0477868      0.84965955       31.881760
2.250       9.2991143      0.81163671       33.064099
2.250       9.5504417      0.78966128       34.848290
2.250       9.8017691      0.75750547       36.138443
2.250       10.053096      0.71942750       37.030267
2.250       10.304424      0.70222302       38.923911
2.250       10.555751      0.68137764       40.599958
2.250       10.807079      0.63789067       40.788849
2.250       11.058406      0.61825957       42.356368
2.250       11.309734      0.60871673       44.611068
2.250       11.561061      0.57609388       45.097929
2.250       11.812388      0.55545005       46.379752
2.250       12.063716      0.53944754       47.980279
2.250       12.315043      0.51342393       48.579628
2.250       12.566371      0.50371412       50.638867
2.250       12.817698      0.49237479       52.528642
2.250       13.069025      0.47559536       53.782066
2.250       13.320353      0.46482401       55.655233
2.250       13.571680      0.44978362       56.960626
2.250       13.823008      0.43024627       57.569840
2.250       14.074335      0.42506643       60.035859
2.250       14.325663      0.40875547       60.880468
2.250       14.576990      0.39633329       62.191978
2.250       14.828317      0.38994578       64.409525
2.250       15.079645      0.37775293       65.622297
2.250       15.330972      0.37085226       67.698690
2.250       15.582300      0.35751289       68.526194
2.250       15.833627      0.34664534       69.710283
2.250       16.084954      0.33942038       71.559562
2.250       16.587609      0.32230004       74.521572
2.250       17.090264      0.31463757       79.565931
2.250       17.592919      0.29415800       81.145535
2.250       18.095574      0.27848328       83.596183
2.250       18.598229      0.26913968       87.712751
2.250       19.100883      0.26420603       93.276735
2.250       19.603538      0.25104721       95.814016
2.250       20.106193      0.23629882       97.301907
2.250       20.608848      0.23333558       103.46950
2.250       21.111503      0.22247161       106.04795
2.250       21.614157      0.21593980       110.46327
2.250       22.116812      0.20641393       113.12976
2.250       22.619467      0.20004939       117.28827
2.250       23.122122      0.19243762       120.51561
2.250       23.624777      0.18542985       123.86627
2.250       24.127432      0.17900335       127.36928
2.250       24.630086      0.17103176       129.46275
2.250       25.132741      0.16436515       132.19029
2.250       25.635396      0.16297607       139.09585
2.250       26.138051      0.15632028       141.41816
2.250       26.640706      0.15377897       147.30055
2.250       27.143361      0.14793552       149.87650
2.250       27.646015      0.14449630       154.67660
2.250       28.148670      0.13887379       156.91491
2.250       28.651325      0.13702940       163.27442
2.250       29.153980      0.13304739       167.02064
2.250       29.656635      0.12720610       168.09075
2.250       30.159289      0.12377325       172.01265
2.250       30.661944      0.12207251       178.27367
2.250       31.164599      0.11815036       181.17153
2.250       31.667254      0.11561314       185.99817
2.250       32.169909      0.11033058       186.08683
2.250       33.175218      0.10746443       198.78169
2.250       34.180528      0.10126973       204.87369
2.250       35.185838     0.097322536       214.77680
2.250       36.191147     0.093460105       224.44172
2.250       37.196457     0.088008772       229.45681
2.250       38.201767     0.085372414       241.12274
2.250       39.207076     0.080224619       244.94653
2.250       40.212386     0.078670196       259.15525
2.250       41.217696     0.074044902       262.67367
2.250       42.223005     0.071256606       271.73327
2.250       43.228315     0.069701397       285.24409
2.250       44.233625     0.067515299       296.02612
2.250       45.238934     0.064503162       302.54387
2.250       46.244244     0.062549458       313.37681
2.250       47.249554     0.059185299       316.28401
2.250       48.254863     0.058089271       330.66593
2.250       49.260173     0.056924277       344.71134
2.250       50.265482     0.054913202       353.31054
2.250       51.270792     0.053179496       363.09859
2.250       52.276102     0.050545207       365.81358
2.250       53.281411     0.049411823       378.64158
2.250       54.286721     0.048533794       393.36466
2.250       55.292031     0.047125971       403.56937
2.250       56.297340     0.045933569       415.20644
2.250       57.302650     0.044750754       426.57435
2.250       58.307960     0.042524245       427.06148
2.250       59.313269     0.042866188       453.14867
2.250       60.318579     0.041722192       463.86402
2.250       61.323889     0.040518504       473.38306
2.250       62.329198     0.038326110       470.15345
2.250       63.334508     0.037527111       482.98828
2.250       64.339818     0.037707369       508.78695
2.250       66.350437     0.034373965       508.66429
2.250       68.361056     0.034179183       553.16950
2.250       70.371675     0.032961646       581.93279
2.250       72.382295     0.030483319       585.63841
2.250       74.392914     0.030741396       641.19268
2.250       76.403533     0.029443470       665.27251
2.250       78.414153     0.028146892       687.51798
2.250       80.424772     0.027596584       727.26904
2.250       82.435391     0.026524779       752.77146
2.250       84.446011     0.025168206       767.82089
2.250       86.456630     0.023929527       783.42836
2.250       88.467249     0.023185714       813.27664
2.250       90.477868     0.022042085       827.08475
2.250       92.488488     0.022598067       905.74216
2.250       94.499107     0.022020659       941.42056
2.250       96.509726     0.020283020       923.66851
2.250       98.520346     0.020144289       975.88801
2.250       100.53096     0.020340746       1046.9759
2.250       102.54158     0.020199443       1103.3409
2.250       104.55220     0.018038184       1044.3899
2.250       106.56282     0.019222859       1178.4343
2.250       108.57344     0.018194183       1179.7056
2.250       110.58406     0.017342306       1188.1047
2.250       112.59468     0.017648627       1276.2472
2.250       114.60530     0.017248816       1315.3570
2.250       116.61592     0.017038909       1368.9436
2.250       118.62654     0.016027723       1355.4630
2.250       120.63716     0.016381710       1457.0444
2.250       122.64778     0.015867936       1483.0976
2.250       124.65840     0.015300435       1501.5460
2.250       126.66902     0.015251763       1570.3682
2.250       128.67964     0.015024449       1621.8037
2.250       132.70087     0.013628657       1613.4097
2.250       136.72211     0.013481899       1745.5713
2.250       140.74335     0.013778700       1946.0867
2.250       144.76459     0.013518153       2077.6609
2.250       148.78583     0.012773830       2131.4546
2.250       152.80707     0.012081044       2183.7606
2.250       156.82831     0.012283717       2400.3436
2.250       160.84954     0.012527438       2641.1436
2.250       164.87078     0.012804461       2907.1179
2.250       168.89202     0.011461799       2797.3734
2.250       172.91326     0.011346415       2971.7605
2.250       176.93450     0.010898875       3058.3662
2.250       180.95574     0.010636478       3192.8988
2.250       184.97698    0.0099385719       3186.7446
2.250       188.99821    0.0096044762       3284.8614
2.250       193.01945    0.0095473200       3478.2034
2.250       197.04069    0.0098205310       3806.0369
2.250       201.06193    0.0091853063       3782.2779
2.250       205.08317    0.0085056174       3716.7740
2.250       209.10441    0.0086985422       4029.0837
2.250       213.12565    0.0094777956       4648.1992
2.250       217.14688    0.0090519576       4695.4106
2.250       221.16812    0.0082208561       4505.6235
2.250       225.18936    0.0085679782       4956.6952
2.250       229.21060    0.0079381563       4842.7718
2.250       233.23184    0.0077466878       4979.0882
2.250       237.25308    0.0070076707       4741.1043
2.250       241.27432    0.0076411420       5437.0310
2.250       245.29555    0.0068205103       5099.8354
2.250       249.31679    0.0067300098       5283.7292
2.250       253.33803    0.0070156440       5778.8174
2.250       257.35927    0.0069043643       5962.2942
2.250       265.40175    0.0066178915       6267.5995
2.250       273.44422    0.0056902740       5893.9942
2.250       281.48670    0.0063995983       7230.9710
2.250       289.52918    0.0056575787       6956.2933
2.250       297.57166    0.0057172717       7631.9195
2.250       305.61413    0.0051968821       7515.0768
2.250       313.65661    0.0054367050       8499.0300
2.250       321.69909    0.0035867770       6049.5647
2.250       329.74156    0.0055116835       10010.957
2.250       337.78404    0.0044515927       8691.6667
2.250       345.82652    0.0038799097       8129.5547
2.250       353.86900    0.0036752501       8250.5842
2.250       361.91147    0.0044243081       10624.847
2.250       369.95395    0.0042587977       10924.468
2.250       377.99643    0.0033630467       9201.6614
2.250       386.03891    0.0043849285       12779.857
2.250       394.08138    0.0036970564       11462.625
2.250       402.12386    0.0042718283       14072.251
2.250       410.16634    0.0038460894       13445.275
2.250       418.20881    0.0030351693       11246.897
2.250       426.25129    0.0029627626       11624.231
2.250       434.29377    0.0032865375       13638.281
2.250       442.33625    0.0028153073       12343.935
2.250       450.37872    0.0023998014       11106.549
2.250       458.42120    0.0028877881       14093.850
2.250       466.46368    0.0029230262       15029.913
2.250       474.50615    0.0028411371       15377.580
2.250       482.54863    0.0028027689       15954.412
2.250       490.59111    0.0021809633       13046.008
2.250       498.63359    0.0027909044       17529.108
2.250       506.67606    0.0024280424       15999.915
2.250       514.71854    0.0024438299       16883.041
2.000     0.015707963       4527.2700   0.00088892739
2.000     0.031415927       3894.1468    0.0061169115
2.000     0.047123890       2610.3455     0.013838584
2.000     0.062831853       1664.9630     0.020922543
2.000     0.078539816       1527.8240     0.037498443
2.000     0.094247780       1121.6363     0.047570277
2.000      0.10995574       1039.8052     0.070028692
2.000      0.12566371       795.31320     0.079953604
2.000      0.14137167       648.72641     0.092857930
2.000      0.15707963       535.96225      0.10523594
2.000      0.17278760       451.30458      0.11794450
2.000      0.18849556       438.14252      0.14865825
2.000      0.20420352       348.00127      0.15012077
2.000      0.21991149       304.28391      0.16394304
2.000      0.23561945       281.34563      0.18644204
2.000      0.25132741       257.81631      0.20734818
2.000      0.26703538       226.23841      0.21824434
2.000      0.28274334       203.36992      0.23288103
2.000      0.29845130       190.96648      0.25718630
2.000      0.31415927       177.82596      0.27932837
2.000      0.32986723       155.06842      0.28197534
2.000      0.34557519       144.66579      0.30245709
2.000      0.36128316       134.03309      0.32020301
2.000      0.37699112       127.17987      0.34520891
2.000      0.39269908       120.19584      0.36875621
2.000      0.40840704       110.57345      0.38159333
2.000      0.42411501       100.00341      0.38648799
2.000      0.43982297       95.774138      0.41281193
2.000      0.45553093       90.330229      0.43257060
2.000      0.47123890       85.616395      0.45388998
2.000      0.48694686       81.110691      0.47445287
2.000      0.50265482       77.949060      0.50152283
2.000      0.51836279       73.120513      0.51595395
2.000      0.53407075       69.120018      0.53342146
2.000      0.54977871       65.545215      0.55179151
2.000      0.56548668       61.625362      0.56454280
2.000      0.58119464       60.935756      0.60604834
2.000      0.59690260       57.499677      0.61950681
2.000      0.61261057       55.974324      0.65194742
2.000      0.62831853       53.211115      0.66867059
2.000      0.64402649       50.973429      0.68980336
2.000      0.65973446       49.145430      0.71492568
2.000      0.67544242       47.220343      0.73716447
2.000      0.69115038       46.089360      0.77088322
2.000      0.70685835       44.207016      0.79096748
2.000      0.72256631       41.958354      0.80190299
2.000      0.73827427       41.220888      0.84031248
2.000      0.75398224       40.343673      0.87605028
2.000      0.76969020       38.434285      0.88784457
2.000      0.78539816       37.221749      0.91355916
2.000      0.80110613       35.965772      0.93676317
2.000      0.81681409       34.725376      0.95870917
2.000      0.83252205       33.759938      0.98686815
2.000      0.84823002       32.700023       1.0110188
2.000      0.86393798       32.010019       1.0456923
2.000      0.87964594       31.386145       1.0822609
2.000      0.89535391       29.962335       1.0895072
2.000      0.91106187       29.343144       1.1241403
2.000      0.92676983       29.163130       1.1760345
2.000      0.94247780       27.773146       1.1779008
2.000      0.95818576       27.254742       1.2146789
2.000      0.97389372       26.506178       1.2403723
2.000      0.98960169       26.037611       1.2783585
2.000       1.0053096       25.030767       1.2883800
2.000       1.0367256       24.036286       1.3568413
2.000       1.0681415       23.426569       1.4463231
2.000       1.0995574       21.880230       1.4735873
2.000       1.1309734       21.207568       1.5542406
2.000       1.1623893       20.156454       1.6037593
2.000       1.1938052       19.502911       1.6810093
2.000       1.2252211       19.010983       1.7714067
2.000       1.2566371       18.283909       1.8380990
2.000       1.2880530       17.540345       1.8989327
2.000       1.3194689       17.181803       1.9995694
2.000       1.3508848       16.634115       2.0774230
2.000       1.3823008       15.877829       2.1245601
2.000       1.4137167       15.624418       2.2364607
2.000       1.4451326       14.929873       2.2827035
2.000       1.4765485       14.359577       2.3418285
2.000       1.5079645       13.970288       2.4268836
2.000       1.5393804       13.486180       2.4922814
2.000       1.5707963       13.256836       2.6029738
2.000       1.6022123       13.137375       2.7374046
2.000       1.6336282       12.705334       2.8061830
2.000       1.6650441       12.209476       2.8552525
2.000       1.6964600       12.007096       2.9698817
2.000       1.7278760       11.710306       3.0603858
2.000       1.7592919       11.408090       3.1470011
2.000       1.7907078       11.185730       3.2539342
2.000       1.8221237       10.996411       3.3701934
2.000       1.8535397       10.695653       3.4505096
2.000       1.8849556       10.357467       3.5142059
2.000       1.9163715       10.194882       3.6348928
2.000       1.9477874       10.007673       3.7465200
2.000       1.9792034       9.6822493       3.8029252
2.000       2.0106193       9.5761458       3.9432158
2.000       2.0734512       9.3088457       4.2038530
2.000       2.1362830       8.7256943       4.3096957
2.000       2.1991149       8.5650613       4.6147106
2.000       2.2619467       8.2028833       4.8093225
2.000       2.3247786       7.9227813       5.0430434
2.000       2.3876104       7.5291384       5.1916563
2.000       2.4504423       7.3363075       5.4686636
2.000       2.5132741       7.1301762       5.7344279
2.000       2.5761060       6.9043043       5.9797270
2.000       2.6389378       6.6756025       6.2151012
2.000       2.7017697       6.4416325       6.4359280
2.000       2.7646015       6.2466709       6.6867721
2.000       2.8274334       6.0076284       6.8793985
2.000       2.8902652       5.8454267       7.1498936
2.000       2.9530971       5.6950726       7.4302376
2.000       3.0159289       5.6132232       7.8009212
2.000       3.0787608       5.4524773       8.0610566
2.000       3.1415927       5.2159074       8.1931282
2.000       3.2044245       5.0795620       8.4673334
2.000       3.2672564       5.0247474       8.8783881
2.000       3.3300882       4.8593274       9.0910413
2.000       3.3929201       4.7763590       9.4512250
2.000       3.4557519       4.6119449       9.6423312
2.000       3.5185838       4.5994713       10.150370
2.000       3.5814156       4.3969201       10.232529
2.000       3.6442475       4.2915037       10.522122
2.000       3.7070793       4.2753839       11.034204
2.000       3.7699112       4.1616340       11.296073
2.000       3.8327430       3.9995214       11.407944
2.000       3.8955749       3.9491632       11.827420
2.000       3.9584067       3.8736822       12.171819
2.000       4.0212386       3.7457539       12.339258
2.000       4.1469023       3.6380043       13.143314
2.000       4.2725660       3.4282047       13.545759
2.000       4.3982297       3.2870817       14.168194
2.000       4.5238934       3.1460184       14.755999
2.000       4.6495571       3.0759814       15.663497
2.000       4.7752208       2.9051885       16.025993
2.000       4.9008845       2.8534876       17.016477
2.000       5.0265482       2.7052996       17.405848
2.000       5.1522120       2.6119728       18.097562
2.000       5.2778757       2.5254369       18.809803
2.000       5.4035394       2.4294915       19.418720
2.000       5.5292031       2.3079793       19.764680
2.000       5.6548668       2.2679437       20.776370
2.000       5.7805305       2.1770589       21.303135
2.000       5.9061942       2.1115425       22.039069
2.000       6.0318579       2.0472559       22.761228
2.000       6.1575216       1.9664796       23.258277
2.000       6.2831853       1.9040014       23.926387
2.000       6.4088490       1.8734314       24.983206
2.000       6.5345127       1.7866126       25.254587
2.000       6.6601764       1.7395469       26.035361
2.000       6.7858401       1.7081926       27.040703
2.000       6.9115038       1.6393117       27.418864
2.000       7.0371675       1.5904874       28.079810
2.000       7.1628313       1.5447476       28.759540
2.000       7.2884950       1.4979573       29.382129
2.000       7.4141587       1.4851032       30.662849
2.000       7.5398224       1.4128691       30.680013
2.000       7.6654861       1.3808025       31.508005
2.000       7.7911498       1.3528502       32.413402
2.000       7.9168135       1.3114413       32.966313
2.000       8.0424772       1.2846960       33.856352
2.000       8.2938046       1.2135149       35.073310
2.000       8.5451320       1.1561583       36.546341
2.000       8.7964594       1.0970004       37.826899
2.000       9.0477868       1.0637944       39.916737
2.000       9.2991143       1.0204555       41.570865
2.000       9.5504417      0.97034809       42.822122
2.000       9.8017691      0.94477135       45.072368
2.000       10.053096      0.87035219       44.798641
2.000       10.304424      0.86329198       47.851892
2.000       10.555751      0.84367591       50.270518
2.000       10.807079      0.78844127       50.415555
2.000       11.058406      0.75492813       51.719400
2.000       11.309734      0.74598408       54.670990
2.000       11.561061      0.72100797       56.442130
2.000       11.812388      0.69116479       57.711852
2.000       12.063716      0.65935194       58.644980
2.000       12.315043      0.63930733       60.490582
2.000       12.566371      0.61875188       62.203723
2.000       12.817698      0.59855391       63.856284
2.000       13.069025      0.58171991       65.783019
2.000       13.320353      0.56008821       67.061595
2.000       13.571680      0.54359308       68.840662
2.000       13.823008      0.53486933       71.569108
2.000       14.074335      0.50640434       71.523925
2.000       14.325663      0.49653191       73.953983
2.000       14.576990      0.47876764       75.127443
2.000       14.828317      0.47373656       78.249717
2.000       15.079645      0.45912065       79.757296
2.000       15.330972      0.44346857       80.954723
2.000       15.582300      0.43421084       83.227255
2.000       15.833627      0.41963027       84.387533
2.000       16.084954      0.41294678       87.061039
2.000       16.587609      0.38888121       89.916335
2.000       17.090264      0.36679792       92.756305
2.000       17.592919      0.35428551       97.732126
2.000       18.095574      0.33796613       101.45197
2.000       18.598229      0.32859392       107.08892
2.000       19.100883      0.30933354       109.20880
2.000       19.603538      0.29350720       112.01918
2.000       20.106193      0.28609519       117.80680
2.000       20.608848      0.27863238       123.55575
2.000       21.111503      0.27006992       128.73716
2.000       21.614157      0.25402054       129.94334
2.000       22.116812      0.24987175       136.94778
2.000       22.619467      0.24201004       141.88966
2.000       23.122122      0.23018601       144.15584
2.000       23.624777      0.21835074       145.85727
2.000       24.127432      0.21324092       151.73092
2.000       24.630086      0.20944726       158.54142
2.000       25.132741      0.20222979       162.64285
2.000       25.635396      0.19595384       167.24153
2.000       26.138051      0.18911343       171.08512
2.000       26.640706      0.18231864       174.63790
2.000       27.143361      0.17777570       180.10821
2.000       27.646015      0.16956587       181.51241
2.000       28.148670      0.16647635       188.10332
2.000       28.651325      0.16118205       192.05299
2.000       29.153980      0.15674741       196.77240
2.000       29.656635      0.15499687       204.81360
2.000       30.159289      0.14744205       204.90612
2.000       30.661944      0.14304680       208.90435
2.000       31.164599      0.13959116       214.04880
2.000       31.667254      0.13962202       224.62360
2.000       32.169909      0.13554903       228.62102
2.000       33.175218      0.12599839       233.06476
2.000       34.180528      0.12181539       246.43859
2.000       35.185838      0.11206601       247.31352
2.000       36.191147      0.11059681       265.59501
2.000       37.196457      0.10837096       282.54518
2.000       38.201767     0.098926982       279.40576
2.000       39.207076     0.097401302       297.39139
2.000       40.212386     0.092128718       303.49030
2.000       41.217696     0.089393387       317.12230
2.000       42.223005     0.087758503       334.66238
2.000       43.228315     0.084218080       344.65177
2.000       44.233625     0.079025148       346.49196
2.000       45.238934     0.077858864       365.18709
2.000       46.244244     0.073504129       368.26042
2.000       47.249554     0.071212675       380.55785
2.000       48.254863     0.070891644       403.54184
2.000       49.260173     0.065275617       395.28382
2.000       50.265482     0.065568251       421.86493
2.000       51.270792     0.063094889       430.79884
2.000       52.276102     0.060979106       441.32740
2.000       53.281411     0.058891015       451.28039
2.000       54.286721     0.057770050       468.22417
2.000       55.292031     0.055556279       475.76340
2.000       56.297340     0.053753962       485.89718
2.000       57.302650     0.052721380       502.55216
2.000       58.307960     0.051455652       516.75760
2.000       59.313269     0.049623799       524.58498
2.000       60.318579     0.048785795       542.39659
2.000       61.323889     0.046739916       546.06866
2.000       62.329198     0.045911259       563.20186
2.000       63.334508     0.045102000       580.48000
2.000       64.339818     0.042786201       577.31582
2.000       66.350437     0.040899570       605.22988
2.000       68.361056     0.040776112       659.93682
2.000       70.371675     0.038916166       687.05892
2.000       72.382295     0.037107150       712.89390
2.000       74.392914     0.035275271       735.75856
2.000       76.403533     0.034580380       781.34052
2.000       78.414153     0.033008483       806.26756
2.000       80.424772     0.030839680       812.73625
2.000       82.435391     0.029412193       834.71607
2.000       84.446011     0.029221648       891.48159
2.000       86.456630     0.028116994       920.52175
2.000       88.467249     0.027945017       980.21695
2.000       90.477868     0.026078020       978.52505
2.000       92.488488     0.024613814       986.53435
2.000       94.499107     0.025684237       1098.0447
2.000       96.509726     0.023884384       1087.6710
2.000       98.520346     0.023224644       1125.1155
2.000       100.53096     0.022617578       1164.1687
2.000       102.54158     0.022181236       1211.5911
2.000       104.55220     0.021838428       1264.4196
2.000       106.56282     0.020306873       1244.8885
2.000       108.57344     0.020754236       1345.6987
2.000       110.58406     0.019744471       1352.6747
2.000       112.59468     0.019037396       1376.6750
2.000       114.60530     0.018061366       1377.3203
2.000       116.61592     0.018410410       1479.1330
2.000       118.62654     0.018543676       1568.2369
2.000       120.63716     0.017814015       1584.4384
2.000       122.64778     0.017045886       1593.1948
2.000       124.65840     0.016923379       1660.8176
2.000       126.66902     0.017029204       1753.3790
2.000       128.67964     0.016292427       1758.6747
2.000       132.70087     0.014035756       1661.6035
2.000       136.72211     0.015025509       1945.4305
2.000       140.74335     0.013360205       1886.9789
2.000       144.76459     0.014426821       2217.3178
2.000       148.78583     0.014743044       2460.0397
2.000       152.80707     0.014832856       2681.1763
2.000       156.82831     0.012788730       2499.0275
2.000       160.84954     0.013192624       2781.3840
2.000       164.87078     0.011888628       2699.1878
2.000       168.89202     0.011755691       2869.1008
2.000       172.91326     0.010844167       2840.2158
2.000       176.93450     0.010475655       2939.6051
2.000       180.95574     0.010291383       3089.3070
2.000       184.97698     0.010431092       3344.6684
2.000       188.99821    0.0098345594       3363.5529
2.000       193.01945     0.010367197       3776.8944
2.000       197.04069     0.010066842       3901.4972
2.000       201.06193    0.0096308132       3965.7265
2.000       205.08317    0.0099591188       4351.9232
2.000       209.10441    0.0092776780       4297.3340
2.000       213.12565    0.0093842568       4602.3250
2.000       217.14688    0.0089234159       4628.7338
2.000       221.16812    0.0089761463       4919.5771
2.000       225.18936    0.0087081622       5037.7937
2.000       229.21060    0.0084065948       5128.5485
2.000       233.23184    0.0087377659       5616.0915
2.000       237.25308    0.0082815545       5602.9621
2.000       241.27432    0.0076169800       5419.8386
2.000       245.29555    0.0076942818       5753.1723
2.000       249.31679    0.0077316983       6070.1546
2.000       253.33803    0.0071241491       5868.1936
2.000       257.35927    0.0073670120       6361.8158
2.000       265.40175    0.0062698903       5938.0184
2.000       273.44422    0.0062841030       6509.0831
2.000       281.48670    0.0069084919       7805.9750
2.000       289.52918    0.0062135485       7639.8876
2.000       297.57166    0.0059714988       7971.2842
2.000       305.61413    0.0057128579       8261.2162
2.000       313.65661    0.0062501652       9770.6868
2.000       321.69909    0.0045967158       7752.9574
2.000       329.74156    0.0050823787       9231.2044
2.000       337.78404    0.0048859838       9539.8088
2.000       345.82652    0.0047024320       9852.9814
2.000       353.86900    0.0049625517       11140.453
2.000       361.91147    0.0044242114       10624.614
2.000       369.95395    0.0041931864       10756.164
2.000       377.99643    0.0040768276       11154.643
2.000       386.03891    0.0041655629       12140.517
2.000       394.08138    0.0037466836       11616.493
2.000       402.12386    0.0034677946       11423.604
2.000       410.16634    0.0038356586       13408.810
2.000       418.20881    0.0028167451       10437.521
2.000       426.25129    0.0037459557       14697.045
2.000       434.29377    0.0030158790       12515.118
2.000       442.33625    0.0031438922       13784.642
2.000       450.37872    0.0036736932       17002.263
2.000       458.42120    0.0026284006       12827.910
2.000       466.46368    0.0023453377       12059.496
2.000       474.50615    0.0028203713       15265.186
2.000       482.54863    0.0031118750       17713.961
2.000       490.59111    0.0022944363       13724.777
2.000       498.63359    0.0030099017       18904.585
2.000       506.67606    0.0029091663       19170.347
2.000       514.71854    0.0027512940       19007.137
1.750     0.015707963       5335.3692    0.0010475973
1.750     0.031415927       4581.5958    0.0071967538
1.750     0.047123890       3074.0351     0.016296805
1.750     0.062831853       1958.1778     0.024607187
1.750     0.078539816       1804.6253     0.044292169
1.750     0.094247780       1322.8647     0.056104679
1.750      0.10995574       1226.3016     0.082588828
1.750      0.12566371       936.86720     0.094184164
1.750      0.14137167       766.24656      0.10967962
1.750      0.15707963       635.39985      0.12476047
1.750      0.17278760       534.92700      0.13979849
1.750      0.18849556       519.07169      0.17611687
1.750      0.20420352       413.92718      0.17855988
1.750      0.21991149       362.37222      0.19524005
1.750      0.23561945       335.19723      0.22212840
1.750      0.25132741       308.05010      0.24774859
1.750      0.26703538       270.20669      0.26065901
1.750      0.28274334       243.55744      0.27890019
1.750      0.29845130       228.19410      0.30732302
1.750      0.31415927       213.43182      0.33525792
1.750      0.32986723       186.76632      0.33961458
1.750      0.34557519       174.51256      0.36485864
1.750      0.36128316       161.78872      0.38651081
1.750      0.37699112       153.91939      0.41778894
1.750      0.39269908       145.48528      0.44634324
1.750      0.40840704       134.31722      0.46353404
1.750      0.42411501       121.93588      0.47125145
1.750      0.43982297       116.50216      0.50215520
1.750      0.45553093       110.24871      0.52795561
1.750      0.47123890       104.98742      0.55658426
1.750      0.48694686       99.279225      0.58072878
1.750      0.50265482       95.699143      0.61572654
1.750      0.51836279       89.817444      0.63377105
1.750      0.53407075       85.494089      0.65978545
1.750      0.54977871       80.660844      0.67904223
1.750      0.56548668       76.196367      0.69802609
1.750      0.58119464       75.340493      0.74931343
1.750      0.59690260       71.343936      0.76866613
1.750      0.61261057       69.529093      0.80982331
1.750      0.62831853       66.116356      0.83084263
1.750      0.64402649       63.516917      0.85954946
1.750      0.65973446       61.041274      0.88797624
1.750      0.67544242       58.700221      0.91637871
1.750      0.69115038       57.433698      0.96062680
1.750      0.70685835       55.204084      0.98773089
1.750      0.72256631       52.669045       1.0066044
1.750      0.73827427       51.798698       1.0559474
1.750      0.75398224       50.496819       1.0965227
1.750      0.76969020       48.408017       1.1182410
1.750      0.78539816       47.008668       1.1537663
1.750      0.80110613       45.320546       1.1804173
1.750      0.81681409       43.818202       1.2097468
1.750      0.83252205       42.675428       1.2474851
1.750      0.84823002       41.480952       1.2825074
1.750      0.86393798       40.544699       1.3245002
1.750      0.87964594       39.649172       1.3671876
1.750      0.89535391       38.059083       1.3839257
1.750      0.91106187       37.333957       1.4302695
1.750      0.92676983       37.179450       1.4993012
1.750      0.94247780       35.468840       1.5042867
1.750      0.95818576       34.828178       1.5522088
1.750      0.97389372       33.829232       1.5830590
1.750      0.98960169       33.411658       1.6403993
1.750       1.0053096       31.997667       1.6469793
1.750       1.0367256       30.723698       1.7343438
1.750       1.0681415       30.221885       1.8658563
1.750       1.0995574       28.041962       1.8885671
1.750       1.1309734       27.371279       2.0059609
1.750       1.1623893       25.978685       2.0670083
1.750       1.1938052       25.258943       2.1771374
1.750       1.2252211       24.549247       2.2874514
1.750       1.2566371       23.666506       2.3792167
1.750       1.2880530       22.775706       2.4657173
1.750       1.3194689       22.347683       2.6007599
1.750       1.3508848       21.761596       2.7177906
1.750       1.3823008       20.768542       2.7789704
1.750       1.4137167       20.352583       2.9132446
1.750       1.4451326       19.560330       2.9906772
1.750       1.4765485       18.722677       3.0533838
1.750       1.5079645       18.309667       3.1807097
1.750       1.5393804       17.711126       3.2730624
1.750       1.5707963       17.360660       3.4087576
1.750       1.6022123       17.410762       3.6278405
1.750       1.6336282       16.767530       3.7033861
1.750       1.6650441       16.242780       3.7984627
1.750       1.6964600       15.977738       3.9519957
1.750       1.7278760       15.574752       4.0703249
1.750       1.7592919       15.158086       4.1814637
1.750       1.7907078       14.898795       4.3340668
1.750       1.8221237       14.586367       4.4704475
1.750       1.8535397       14.224202       4.5888495
1.750       1.8849556       13.739877       4.6618303
1.750       1.9163715       13.500086       4.8133330
1.750       1.9477874       13.340123       4.9940718
1.750       1.9792034       12.951679       5.0870685
1.750       2.0106193       12.814268       5.2765932
1.750       2.0734512       12.443969       5.6196675
1.750       2.1362830       11.698195       5.7778396
1.750       2.1991149       11.355752       6.1182876
1.750       2.2619467       11.041207       6.4734221
1.750       2.3247786       10.695090       6.8076852
1.750       2.3876104       10.020265       6.9093922
1.750       2.4504423       9.8065529       7.3100451
1.750       2.5132741       9.4099211       7.5679076
1.750       2.5761060       9.1837486       7.9539237
1.750       2.6389378       9.0340691       8.4108743
1.750       2.7017697       8.6379900       8.6303404
1.750       2.7646015       8.4295655       9.0234597
1.750       2.8274334       8.1232587       9.3020291
1.750       2.8902652       7.7826778       9.5194621
1.750       2.9530971       7.6171955       9.9379897
1.750       3.0159289       7.5297975       10.464461
1.750       3.0787608       7.2456556       10.712129
1.750       3.1415927       7.0250621       11.034942
1.750       3.2044245       6.8343914       11.392531
1.750       3.2672564       6.6611657       11.769828
1.750       3.3300882       6.5434532       12.241777
1.750       3.3929201       6.3831435       12.630652
1.750       3.4557519       6.2099369       12.983301
1.750       3.5185838       6.1502753       13.572770
1.750       3.5814156       5.8614167       13.640712
1.750       3.6442475       5.7336824       14.058127
1.750       3.7070793       5.6376447       14.550020
1.750       3.7699112       5.4741851       14.858778
1.750       3.8327430       5.3499575       15.259830
1.750       3.8955749       5.2126608       15.611491
1.750       3.9584067       5.0897352       15.992881
1.750       4.0212386       4.9641928       16.353037
1.750       4.1469023       4.8348977       17.467428
1.750       4.2725660       4.5831362       18.109204
1.750       4.3982297       4.4004087       18.966928
1.750       4.5238934       4.1179599       19.314767
1.750       4.6495571       3.9763167       20.248180
1.750       4.7752208       3.8871635       21.442896
1.750       4.9008845       3.7602508       22.423866
1.750       5.0265482       3.5582208       22.893527
1.750       5.1522120       3.4055481       23.596003
1.750       5.2778757       3.2737766       24.383540
1.750       5.4035394       3.1095857       24.854656
1.750       5.5292031       3.0177265       25.842693
1.750       5.6548668       2.9285891       26.828466
1.750       5.7805305       2.8094747       27.491502
1.750       5.9061942       2.7456683       28.657711
1.750       6.0318579       2.6283542       29.221833
1.750       6.1575216       2.5651918       30.339467
1.750       6.2831853       2.4221868       30.438098
1.750       6.4088490       2.3979512       31.977957
1.750       6.5345127       2.3101374       32.654851
1.750       6.6601764       2.2289290       33.359819
1.750       6.7858401       2.1775621       34.470824
1.750       6.9115038       2.0923392       34.996129
1.750       7.0371675       2.0220380       35.698769
1.750       7.1628313       1.9955470       37.152357
1.750       7.2884950       1.9177413       37.616108
1.750       7.4141587       1.8602933       38.409382
1.750       7.5398224       1.8305076       39.748902
1.750       7.6654861       1.7260004       39.384945
1.750       7.7911498       1.6903232       40.499035
1.750       7.9168135       1.6749377       42.103691
1.750       8.0424772       1.6040890       42.273503
1.750       8.2938046       1.5054208       43.510048
1.750       8.5451320       1.4701486       46.471621
1.750       8.7964594       1.3595812       46.881245
1.750       9.0477868       1.3423608       50.369378
1.750       9.2991143       1.2419527       50.594121
1.750       9.5504417       1.2103875       53.415223
1.750       9.8017691       1.1808035       56.332794
1.750       10.053096       1.1097036       57.118504
1.750       10.304424       1.0502523       58.215022
1.750       10.555751       1.0056769       59.923364
1.750       10.807079      0.98040091       62.690092
1.750       11.058406      0.94773162       64.928181
1.750       11.309734      0.90901313       66.618912
1.750       11.561061      0.87177595       68.244588
1.750       11.812388      0.83445147       69.676206
1.750       12.063716      0.80014379       71.167480
1.750       12.315043      0.77674116       73.494425
1.750       12.566371      0.75418621       75.819068
1.750       12.817698      0.71300541       76.066458
1.750       13.069025      0.70775862       80.035938
1.750       13.320353      0.69284030       82.956532
1.750       13.571680      0.66459035       84.163764
1.750       13.823008      0.64929284       86.879742
1.750       14.074335      0.62932313       88.884823
1.750       14.325663      0.61662819       91.841249
1.750       14.576990      0.59379851       93.177901
1.750       14.828317      0.57144116       94.388131
1.750       15.079645      0.55538734       96.480504
1.750       15.330972      0.54060018       98.685997
1.750       15.582300      0.52545650       100.71674
1.750       15.833627      0.51075311       102.71231
1.750       16.084954      0.50000516       105.41544
1.750       16.587609      0.46884835       108.40618
1.750       17.090264      0.45610719       115.34094
1.750       17.592919      0.41884488       115.54128
1.750       18.095574      0.42019547       126.13590
1.750       18.598229      0.39343707       128.22133
1.750       19.100883      0.36649133       129.38810
1.750       19.603538      0.36425839       139.02190
1.750       20.106193      0.34515235       142.12505
1.750       20.608848      0.33453813       148.34640
1.750       21.111503      0.32448886       154.67762
1.750       21.614157      0.30303822       155.01817
1.750       22.116812      0.29410240       161.18938
1.750       22.619467      0.28374639       166.35954
1.750       23.122122      0.27609553       172.90705
1.750       23.624777      0.26354511       176.04689
1.750       24.127432      0.25743662       183.17823
1.750       24.630086      0.24518878       185.59602
1.750       25.132741      0.24257057       195.08683
1.750       25.635396      0.23519893       200.73620
1.750       26.138051      0.22482838       203.39533
1.750       26.640706      0.21816315       208.97235
1.750       27.143361      0.21241071       215.19764
1.750       27.646015      0.20590724       220.41417
1.750       28.148670      0.19900475       224.85749
1.750       28.651325      0.19527649       232.67748
1.750       29.153980      0.18937931       237.73676
1.750       29.656635      0.18220183       240.76237
1.750       30.159289      0.17929840       249.17817
1.750       30.661944      0.17148606       250.43681
1.750       31.164599      0.16930356       259.60973
1.750       31.667254      0.16467878       264.93486
1.750       32.169909      0.16046641       270.64742
1.750       33.175218      0.15242644       281.94990
1.750       34.180528      0.14409933       291.52012
1.750       35.185838      0.13891681       306.56936
1.750       36.191147      0.13219293       317.45746
1.750       37.196457      0.12658804       330.04083
1.750       38.201767      0.12297199       347.31760
1.750       39.207076      0.11469896       350.20561
1.750       40.212386      0.11137144       366.87964
1.750       41.217696      0.10913628       387.16005
1.750       42.223005      0.10537901       401.85724
1.750       43.228315     0.099073545       405.44587
1.750       44.233625     0.096296946       422.22151
1.750       45.238934     0.091623635       429.74899
1.750       46.244244     0.087844877       440.10849
1.750       47.249554     0.085678587       457.86314
1.750       48.254863     0.084914172       483.36333
1.750       49.260173     0.079523897       481.56588
1.750       50.265482     0.076391220       491.49972
1.750       51.270792     0.075461486       515.23540
1.750       52.276102     0.072835548       527.13668
1.750       53.281411     0.070696620       541.74645
1.750       54.286721     0.069145423       560.42117
1.750       55.292031     0.067944076       581.84790
1.750       56.297340     0.064357172       581.74257
1.750       57.302650     0.062534900       596.09686
1.750       58.307960     0.061124556       613.86025
1.750       59.313269     0.058651024       620.01393
1.750       60.318579     0.058958695       655.49808
1.750       61.323889     0.056121479       655.67470
1.750       62.329198     0.055666904       682.87616
1.750       63.334508     0.053178852       684.43218
1.750       64.339818     0.051426019       693.89321
1.750       66.350437     0.049852035       737.70803
1.750       68.361056     0.047324053       765.91131
1.750       70.371675     0.045422846       801.93334
1.750       72.382295     0.043650161       838.59671
1.750       74.392914     0.040113370       836.66986
1.750       76.403533     0.038413977       867.96030
1.750       78.414153     0.039888578       974.32124
1.750       80.424772     0.036212943       954.34102
1.750       82.435391     0.035500427       1007.4998
1.750       84.446011     0.035146198       1072.2252
1.750       86.456630     0.034602940       1132.8650
1.750       88.467249     0.031658557       1110.4754
1.750       90.477868     0.030878570       1158.6560
1.750       92.488488     0.030089268       1205.9934
1.750       94.499107     0.028506097       1218.6840
1.750       96.509726     0.027561300       1255.1141
1.750       98.520346     0.026743136       1295.5685
1.750       100.53096     0.026123247       1344.6119
1.750       102.54158     0.024930128       1361.7420
1.750       104.55220     0.024285030       1406.0749
1.750       106.56282     0.023230188       1424.0988
1.750       108.57344     0.023983345       1555.0732
1.750       110.58406     0.022716568       1556.2902
1.750       112.59468     0.022586035       1633.2922
1.750       114.60530     0.021543545       1642.8637
1.750       116.61592     0.021038316       1690.2648
1.750       118.62654     0.019742952       1669.6596
1.750       120.63716     0.020403688       1814.7727
1.750       122.64778     0.019275320       1801.5690
1.750       124.65840     0.019041329       1868.6679
1.750       126.66902     0.018904942       1946.5107
1.750       128.67964     0.018147805       1958.9521
1.750       132.70087     0.017003369       2012.9203
1.750       136.72211     0.016741936       2167.6652
1.750       140.74335     0.016163383       2282.8963
1.750       144.76459     0.015301986       2351.8254
1.750       148.78583     0.015471556       2581.6000
1.750       152.80707     0.014424333       2607.3319
1.750       156.82831     0.014158129       2766.6197
1.750       160.84954     0.014482819       3053.3942
1.750       164.87078     0.013525927       3070.9192
1.750       168.89202     0.013226520       3228.0723
1.750       172.91326     0.011917260       3121.2715
1.750       176.93450     0.011589363       3252.1262
1.750       180.95574     0.011149008       3346.7520
1.750       184.97698     0.011782067       3777.8505
1.750       188.99821     0.011276766       3856.8072
1.750       193.01945     0.011003938       4008.8668
1.750       197.04069     0.010453104       4051.1966
1.750       201.06193     0.010536020       4338.4680
1.750       205.08317     0.010492455       4584.9799
1.750       209.10441    0.0094739187       4388.2309
1.750       213.12565    0.0096589863       4737.0607
1.750       217.14688    0.0096223651       4991.2911
1.750       221.16812    0.0092497494       5069.5314
1.750       225.18936    0.0091463479       5291.2902
1.750       229.21060    0.0084054911       5127.8752
1.750       233.23184    0.0091120046       5856.6288
1.750       237.25308    0.0085889577       5810.9386
1.750       241.27432    0.0086527802       6156.8590
1.750       245.29555    0.0085842309       6418.6055
1.750       249.31679    0.0077280155       6067.2632
1.750       253.33803    0.0074434767       6131.2252
1.750       257.35927    0.0078054375       6740.4200
1.750       265.40175    0.0078266254       7412.3538
1.750       273.44422    0.0075349783       7804.7416
1.750       281.48670    0.0066185288       7478.3428
1.750       289.52918    0.0074774595       9193.9332
1.750       297.57166    0.0063699289       8503.1439
1.750       305.61413    0.0060907777       8807.7162
1.750       313.65661    0.0058046658       9074.2516
1.750       321.69909    0.0058197630       9815.7853
1.750       329.74156    0.0049190595       8934.5651
1.750       337.78404    0.0048296564       9429.8304
1.750       345.82652    0.0043645629       9145.0460
1.750       353.86900    0.0041572922       9332.7225
1.750       361.91147    0.0043329905       10405.550
1.750       369.95395    0.0037794047       9694.7511
1.750       377.99643    0.0039253318       10740.135
1.750       386.03891    0.0041036304       11960.015
1.750       394.08138    0.0041192522       12771.632
1.750       402.12386    0.0039514249       13016.779
1.750       410.16634    0.0045231552       15812.181
1.750       418.20881    0.0037042862       13726.327
1.750       426.25129    0.0035176887       13801.452
1.750       434.29377    0.0038113667       15816.187
1.750       442.33625    0.0033041339       14487.234
1.750       450.37872    0.0031797228       14716.113
1.750       458.42120    0.0031442779       15345.649
1.750       466.46368    0.0028887498       14853.667
1.750       474.50615    0.0033225686       17983.315
1.750       482.54863    0.0029180240       16610.488
1.750       490.59111    0.0025119235       15025.734
1.750       498.63359    0.0020957979       13163.284
1.750       506.67606    0.0024404193       16081.475
1.750       514.71854    0.0021440125       14811.772
1.500     0.015707963       6367.7347    0.0012503018
1.500     0.031415927       5457.1862    0.0085721280
1.500     0.047123890       3665.2450     0.019431067
1.500     0.062831853       2331.2901     0.029295855
1.500     0.078539816       2159.2637     0.052996305
1.500     0.094247780       1580.0464     0.067012139
1.500      0.10995574       1464.7460     0.098647558
1.500      0.12566371       1117.6178      0.11235520
1.500      0.14137167       917.03007      0.13126260
1.500      0.15707963       763.75693      0.14996332
1.500      0.17278760       642.74727      0.16797637
1.500      0.18849556       623.30968      0.21148399
1.500      0.20420352       499.74356      0.21557935
1.500      0.21991149       438.00177      0.23598797
1.500      0.23561945       405.31148      0.26859169
1.500      0.25132741       373.91698      0.30072188
1.500      0.26703538       327.79608      0.31621350
1.500      0.28274334       296.28078      0.33927424
1.500      0.29845130       276.96703      0.37300853
1.500      0.31415927       260.28733      0.40885838
1.500      0.32986723       228.90574      0.41624063
1.500      0.34557519       214.18815      0.44780957
1.500      0.36128316       198.71439      0.47472567
1.500      0.37699112       189.66119      0.51480421
1.500      0.39269908       179.08547      0.54942733
1.500      0.40840704       166.07926      0.57314610
1.500      0.42411501       151.58933      0.58585455
1.500      0.43982297       144.26585      0.62182406
1.500      0.45553093       137.09273      0.65650540
1.500      0.47123890       131.30925      0.69612782
1.500      0.48694686       123.99411      0.72529723
1.500      0.50265482       119.86782      0.77122736
1.500      0.51836279       112.55587      0.79421822
1.500      0.53407075       108.02775      0.83368501
1.500      0.54977871       101.26416      0.85249098
1.500      0.56548668       96.344770      0.88260328
1.500      0.58119464       95.110937      0.94594421
1.500      0.59690260       90.600963      0.97614311
1.500      0.61261057       88.301482       1.0284702
1.500      0.62831853       83.908598       1.0544265
1.500      0.64402649       81.015184       1.0963466
1.500      0.65973446       77.611508       1.1290258
1.500      0.67544242       74.766628       1.1671940
1.500      0.69115038       73.142791       1.2233746
1.500      0.70685835       70.464204       1.2607703
1.500      0.72256631       67.791610       1.2956250
1.500      0.73827427       66.563823       1.3569434
1.500      0.75398224       64.651028       1.4038769
1.500      0.76969020       62.505197       1.4438905
1.500      0.78539816       60.708425       1.4900089
1.500      0.80110613       58.456625       1.5225591
1.500      0.81681409       56.733486       1.5663160
1.500      0.83252205       55.192674       1.6133884
1.500      0.84823002       53.904351       1.6666139
1.500      0.86393798       52.621292       1.7190142
1.500      0.87964594       51.285188       1.7684221
1.500      0.89535391       49.551067       1.8018037
1.500      0.91106187       48.626944       1.8629056
1.500      0.92676983       48.506206       1.9560648
1.500      0.94247780       46.394319       1.9676527
1.500      0.95818576       45.689655       2.0362790
1.500      0.97389372       44.332849       2.0745820
1.500      0.98960169       43.852309       2.1529999
1.500       1.0053096       42.062519       2.1650358
1.500       1.0367256       40.147570       2.2663186
1.500       1.0681415       39.842907       2.4598444
1.500       1.0995574       36.833210       2.4806391
1.500       1.1309734       36.242324       2.6560939
1.500       1.1623893       34.555972       2.7494648
1.500       1.1938052       33.614112       2.8972923
1.500       1.2252211       32.625004       3.0399348
1.500       1.2566371       31.282170       3.1448267
1.500       1.2880530       30.361884       3.2870035
1.500       1.3194689       29.743490       3.4614628
1.500       1.3508848       29.143980       3.6397714
1.500       1.3823008       27.761528       3.7146788
1.500       1.4137167       27.033054       3.8694793
1.500       1.4451326       26.116321       3.9930556
1.500       1.4765485       25.015920       4.0797160
1.500       1.5079645       24.632358       4.2790718
1.500       1.5393804       23.783712       4.3952922
1.500       1.5707963       23.214417       4.5581401
1.500       1.6022123       23.423840       4.8807718
1.500       1.6336282       22.559504       4.9826393
1.500       1.6650441       21.963246       5.1362246
1.500       1.6964600       21.658066       5.3569900
1.500       1.7278760       21.114242       5.5180221
1.500       1.7592919       20.533940       5.6644304
1.500       1.7907078       20.142168       5.8593665
1.500       1.8221237       19.630825       6.0164790
1.500       1.8535397       19.276210       6.2186708
1.500       1.8849556       18.660027       6.3311979
1.500       1.9163715       18.373157       6.5507824
1.500       1.9477874       18.021231       6.7465136
1.500       1.9792034       17.678781       6.9437464
1.500       2.0106193       17.408214       7.1682645
1.500       2.0734512       16.776632       7.5762879
1.500       2.1362830       15.876617       7.8415981
1.500       2.1991149       15.254668       8.2189578
1.500       2.2619467       15.059735       8.8294715
1.500       2.3247786       14.662318       9.3329230
1.500       2.3876104       13.751520       9.4822490
1.500       2.4504423       13.264422       9.8876254
1.500       2.5132741       12.735361       10.242385
1.500       2.5761060       12.500112       10.826183
1.500       2.6389378       12.330203       11.479632
1.500       2.7017697       11.753755       11.743347
1.500       2.7646015       11.441190       12.247264
1.500       2.8274334       11.122734       12.736759
1.500       2.8902652       10.541525       12.893975
1.500       2.9530971       10.293657       13.429911
1.500       3.0159289       10.098731       14.034611
1.500       3.0787608       9.7658537       14.438043
1.500       3.1415927       9.4273209       14.808401
1.500       3.2044245       9.2133666       15.358144
1.500       3.2672564       8.9205477       15.762003
1.500       3.3300882       8.7619432       16.392225
1.500       3.3929201       8.5134041       16.845907
1.500       3.4557519       8.2622978       17.274233
1.500       3.5185838       8.2090603       18.116212
1.500       3.5814156       7.9486929       18.498229
1.500       3.6442475       7.6390586       18.729823
1.500       3.7070793       7.4740520       19.289546
1.500       3.7699112       7.3223449       19.875305
1.500       3.8327430       7.1106136       20.281798
1.500       3.8955749       6.9670980       20.865887
1.500       3.9584067       6.7841425       21.317019
1.500       4.0212386       6.6956439       22.056781
1.500       4.1469023       6.3918614       23.092397
1.500       4.2725660       6.0093191       23.744437
1.500       4.3982297       5.7384333       24.734169
1.500       4.5238934       5.4844485       25.724108
1.500       4.6495571       5.2728945       26.850607
1.500       4.7752208       5.0098927       27.636247
1.500       4.9008845       4.8596212       28.979847
1.500       5.0265482       4.6046292       29.626100
1.500       5.1522120       4.4532059       30.854904
1.500       5.2778757       4.2988787       32.018642
1.500       5.4035394       4.0936310       32.720046
1.500       5.5292031       3.9022545       33.417463
1.500       5.6548668       3.7493747       34.347587
1.500       5.7805305       3.6191595       35.414497
1.500       5.9061942       3.5050687       36.583896
1.500       6.0318579       3.3699057       37.466344
1.500       6.1575216       3.2436069       38.363331
1.500       6.2831853       3.1490696       39.572375
1.500       6.4088490       3.0334462       40.452621
1.500       6.5345127       2.9260709       41.361352
1.500       6.6601764       2.8325444       42.393980
1.500       6.7858401       2.7379984       43.342537
1.500       6.9115038       2.6486414       44.300750
1.500       7.0371675       2.5475466       44.976542
1.500       7.1628313       2.5066847       46.668531
1.500       7.2884950       2.4531094       48.117245
1.500       7.4141587       2.3451683       48.420571
1.500       7.5398224       2.2955388       49.846910
1.500       7.6654861       2.1985581       50.168059
1.500       7.7911498       2.1301184       51.036238
1.500       7.9168135       2.1071029       52.967228
1.500       8.0424772       2.0433531       53.849688
1.500       8.2938046       1.9356339       55.944175
1.500       8.5451320       1.8439171       58.286501
1.500       8.7964594       1.7315332       59.706938
1.500       9.0477868       1.6310688       61.202566
1.500       9.2991143       1.5861825       64.617203
1.500       9.5504417       1.5241511       67.261824
1.500       9.8017691       1.4346078       68.441078
1.500       10.053096       1.3841889       71.246769
1.500       10.304424       1.3092707       72.572294
1.500       10.555751       1.2729183       75.846973
1.500       10.807079       1.2152044       77.704211
1.500       11.058406       1.1642244       79.759894
1.500       11.309734       1.1185887       81.978089
1.500       11.561061       1.0838105       84.843129
1.500       11.812388       1.0308034       86.071479
1.500       12.063716      0.99873535       88.830882
1.500       12.315043      0.96188158       91.012215
1.500       12.566371      0.92251826       92.741650
1.500       12.817698      0.90373690       96.414506
1.500       13.069025      0.87109323       98.506414
1.500       13.320353      0.83895879       100.45188
1.500       13.571680      0.81631571       103.37827
1.500       13.823008      0.78684849       105.28561
1.500       14.074335      0.76635110       108.23848
1.500       14.325663      0.74405829       110.82082
1.500       14.576990      0.72004108       112.98768
1.500       14.828317      0.70507590       116.46133
1.500       15.079645      0.67407791       117.09913
1.500       15.330972      0.66855780       122.04453
1.500       15.582300      0.64791371       124.18870
1.500       15.833627      0.62158477       125.00053
1.500       16.084954      0.61347795       129.33877
1.500       16.587609      0.57222728       132.30925
1.500       17.090264      0.55232468       139.67254
1.500       17.592919      0.50847636       140.26675
1.500       18.095574      0.51377225       154.22613
1.500       18.598229      0.47405576       154.49500
1.500       19.100883      0.45826247       161.78748
1.500       19.603538      0.43251834       165.07381
1.500       20.106193      0.42621422       175.50429
1.500       20.608848      0.39745108       176.24430
1.500       21.111503      0.38784839       184.87990
1.500       21.614157      0.38330636       196.07906
1.500       22.116812      0.35550806       194.84412
1.500       22.619467      0.34238993       200.74205
1.500       23.122122      0.33321499       208.67857
1.500       23.624777      0.32230803       215.30024
1.500       24.127432      0.31723861       225.73015
1.500       24.630086      0.30088409       227.75467
1.500       25.132741      0.28909366       232.50292
1.500       25.635396      0.28281513       241.37540
1.500       26.138051      0.27044474       244.66305
1.500       26.640706      0.26049095       249.51696
1.500       27.143361      0.25838919       261.77939
1.500       27.646015      0.24889632       266.43199
1.500       28.148670      0.24313817       274.72428
1.500       28.651325      0.23325333       277.92797
1.500       29.153980      0.22766425       285.79764
1.500       29.656635      0.22051251       291.38628
1.500       30.159289      0.21476096       298.46191
1.500       30.661944      0.20684413       302.07343
1.500       31.164599      0.20541774       314.98716
1.500       31.667254      0.20117411       323.64848
1.500       32.169909      0.19413087       327.42690
1.500       33.175218      0.18459100       341.44609
1.500       34.180528      0.17512754       354.29173
1.500       35.185838      0.16590351       366.12511
1.500       36.191147      0.16576080       398.06973
1.500       37.196457      0.15062832       392.71872
1.500       38.201767      0.14355291       405.44561
1.500       39.207076      0.14064092       429.41313
1.500       40.212386      0.13557907       446.62438
1.500       41.217696      0.12997277       461.07730
1.500       42.223005      0.12638167       481.94977
1.500       43.228315      0.11991663       490.74354
1.500       44.233625      0.11609696       509.03621
1.500       45.238934      0.11427054       535.97141
1.500       46.244244      0.10831802       542.68028
1.500       47.249554      0.10682723       570.88070
1.500       48.254863      0.10240072       582.90335
1.500       49.260173     0.099382919       601.82441
1.500       50.265482     0.093038677       598.60915
1.500       51.270792     0.092410761       630.96154
1.500       52.276102     0.088073670       637.42037
1.500       53.281411     0.085870105       658.02049
1.500       54.286721     0.083700483       678.38941
1.500       55.292031     0.081466173       697.64614
1.500       56.297340     0.078639483       710.84440
1.500       57.302650     0.078299211       746.36586
1.500       58.307960     0.073897875       742.13984
1.500       59.313269     0.071995295       761.07939
1.500       60.318579     0.069181189       769.15096
1.500       61.323889     0.068700479       802.63683
1.500       62.329198     0.067488374       827.89231
1.500       63.334508     0.064870071       834.90264
1.500       64.339818     0.064515722       870.51307
1.500       66.350437     0.060722291       898.56556
1.500       68.361056     0.058225554       942.34554
1.500       70.371675     0.053895029       951.50844
1.500       72.382295     0.052521742       1009.0355
1.500       74.392914     0.047937560       999.86392
1.500       76.403533     0.048411451       1093.8523
1.500       78.414153     0.047121405       1150.9908
1.500       80.424772     0.043431000       1144.5627
1.500       82.435391     0.043163258       1224.9704
1.500       84.446011     0.041717293       1272.6934
1.500       86.456630     0.040069609       1311.8382
1.500       88.467249     0.037330645       1309.4331
1.500       90.477868     0.037123087       1392.9689
1.500       92.488488     0.034574491       1385.7634
1.500       94.499107     0.034454436       1472.9857
1.500       96.509726     0.032503900       1480.1952
1.500       98.520346     0.032369775       1568.1504
1.500       100.53096     0.031439564       1618.2526
1.500       102.54158     0.030753911       1679.8507
1.500       104.55220     0.028917229       1674.2739
1.500       106.56282     0.028697915       1759.2913
1.500       108.57344     0.027505800       1783.4681
1.500       110.58406     0.026164649       1792.5149
1.500       112.59468     0.024912092       1801.4993
1.500       114.60530     0.025631766       1954.6225
1.500       116.61592     0.024696843       1984.1989
1.500       118.62654     0.023550315       1991.6479
1.500       120.63716     0.023207945       2064.1927
1.500       122.64778     0.022616272       2113.8313
1.500       124.65840     0.022396812       2197.9666
1.500       126.66902     0.021659192       2230.0968
1.500       128.67964     0.020658615       2229.9798
1.500       132.70087     0.020240417       2396.1337
1.500       136.72211     0.019941558       2581.9369
1.500       140.74335     0.017640585       2491.5345
1.500       144.76459     0.018315906       2815.0473
1.500       148.78583     0.017225467       2874.2594
1.500       152.80707     0.017313144       3129.5112
1.500       156.82831     0.016865385       3295.6407
1.500       160.84954     0.015976204       3368.2426
1.500       164.87078     0.015048641       3416.6355
1.500       168.89202     0.014911992       3639.4295
1.500       172.91326     0.014032769       3675.3486
1.500       176.93450     0.012915110       3624.1481
1.500       180.95574     0.012562464       3771.0489
1.500       184.97698     0.012079897       3873.3480
1.500       188.99821     0.012791727       4374.9443
1.500       193.01945     0.011772048       4288.6985
1.500       197.04069     0.011945085       4629.4274
1.500       201.06193     0.010967585       4516.1755
1.500       205.08317     0.011373348       4969.9113
1.500       209.10441     0.010529645       4877.2335
1.500       213.12565     0.010231324       5017.7523
1.500       217.14688     0.010518984       5456.3834
1.500       221.16812    0.0097450189       5340.9749
1.500       225.18936     0.010092641       5838.7341
1.500       229.21060    0.0093699783       5716.2727
1.500       233.23184    0.0089823477       5773.2934
1.500       237.25308    0.0091685101       6203.0401
1.500       241.27432    0.0089800630       6389.7361
1.500       245.29555    0.0083424512       6237.8218
1.500       249.31679    0.0087450006       6865.6980
1.500       253.33803    0.0082021899       6756.1807
1.500       257.35927    0.0084422396       7290.3332
1.500       265.40175    0.0082371981       7801.1944
1.500       273.44422    0.0068431708       7088.1664
1.500       281.48670    0.0060315382       6815.0962
1.500       289.52918    0.0065742435       8083.3812
1.500       297.57166    0.0069885064       9328.8758
1.500       305.61413    0.0062626983       9056.3261
1.500       313.65661    0.0064431162       10072.321
1.500       321.69909    0.0059027243       9955.7102
1.500       329.74156    0.0059446089       10797.287
1.500       337.78404    0.0055081760       10754.629
1.500       345.82652    0.0055454652       11619.384
1.500       353.86900    0.0044782168       10053.168
1.500       361.91147    0.0049913012       11986.464
1.500       369.95395    0.0056736059       14553.667
1.500       377.99643    0.0041541891       11366.313
1.500       386.03891    0.0040850101       11905.746
1.500       394.08138    0.0048782764       15124.966
1.500       402.12386    0.0043856642       14447.249
1.500       410.16634    0.0044415920       15527.050
1.500       418.20881    0.0035245496       13060.308
1.500       426.25129    0.0035403612       13890.406
1.500       434.29377    0.0036083943       14973.904
1.500       442.33625    0.0039727002       17418.616
1.500       450.37872    0.0032985370       15265.999
1.500       458.42120    0.0037174434       18142.983
1.500       466.46368    0.0029421814       15128.407
1.500       474.50615    0.0032787800       17746.311
1.500       482.54863    0.0034207124       19471.979
1.500       490.59111    0.0031395843       18780.253
1.500       498.63359    0.0031807036       19977.358
1.500       506.67606    0.0028108050       18522.182
1.500       514.71854    0.0026888123       18575.486
1.250     0.015707963       7707.0929    0.0015132842
1.250     0.031415927       6589.1531     0.010350218
1.250     0.047123890       4430.3988     0.023487483
1.250     0.062831853       2813.0721     0.035350107
1.250     0.078539816       2620.8836     0.064326161
1.250     0.094247780       1913.8146     0.081167749
1.250      0.10995574       1774.3874      0.11950125
1.250      0.12566371       1352.0564      0.13592353
1.250      0.14137167       1113.6858      0.15941166
1.250      0.15707963       932.31273      0.18305918
1.250      0.17278760       784.11351      0.20492120
1.250      0.18849556       759.85216      0.25781176
1.250      0.20420352       613.68411      0.26473101
1.250      0.21991149       538.37455      0.29006713
1.250      0.23561945       498.31771      0.33022503
1.250      0.25132741       462.09104      0.37163567
1.250      0.26703538       404.82255      0.39051826
1.250      0.28274334       366.83727      0.42006922
1.250      0.29845130       342.29821      0.46099404
1.250      0.31415927       323.20400      0.50768765
1.250      0.32986723       286.17328      0.52037552
1.250      0.34557519       268.13320      0.56059411
1.250      0.36128316       249.01692      0.59489765
1.250      0.37699112       238.59706      0.64763261
1.250      0.39269908       224.66627      0.68926748
1.250      0.40840704       209.46696      0.72287875
1.250      0.42411501       192.56287      0.74420695
1.250      0.43982297       182.29599      0.78574405
1.250      0.45553093       174.08103      0.83363384
1.250      0.47123890       167.81851      0.88967936
1.250      0.48694686       158.43802      0.92677516
1.250      0.50265482       153.49248      0.98756779
1.250      0.51836279       144.27963       1.0180679
1.250      0.53407075       139.68731       1.0780120
1.250      0.54977871       130.01427       1.0945234
1.250      0.56548668       124.90835       1.1442710
1.250      0.58119464       122.88986       1.2222249
1.250      0.59690260       118.01577       1.2715128
1.250      0.61261057       114.94633       1.3388096
1.250      0.62831853       109.01884       1.3699712
1.250      0.64402649       105.98212       1.4342144
1.250      0.65973446       101.33521       1.4741379
1.250      0.67544242       97.930975       1.5288164
1.250      0.69115038       95.500105       1.5973194
1.250      0.70685835       92.211318       1.6498774
1.250      0.72256631       89.776303       1.7157938
1.250      0.73827427       87.674159       1.7872902
1.250      0.75398224       85.102522       1.8479748
1.250      0.76969020       82.962819       1.9164683
1.250      0.78539816       80.407150       1.9734884
1.250      0.80110613       77.475745       2.0179304
1.250      0.81681409       75.667972       2.0890653
1.250      0.83252205       73.366705       2.1446504
1.250      0.84823002       72.039883       2.2273280
1.250      0.86393798       70.245921       2.2947695
1.250      0.87964594       68.303139       2.3552371
1.250      0.89535391       66.315117       2.4113874
1.250      0.91106187       65.123864       2.4949051
1.250      0.92676983       64.992912       2.6209089
1.250      0.94247780       62.463737       2.6491808
1.250      0.95818576       61.736704       2.7514577
1.250      0.97389372       59.978332       2.8067216
1.250      0.98960169       59.149122       2.9040216
1.250       1.0053096       57.228348       2.9456492
1.250       1.0367256       54.135690       3.0559439
1.250       1.0681415       54.071106       3.3382733
1.250       1.0995574       50.123615       3.3757198
1.250       1.1309734       49.532865       3.6301187
1.250       1.1623893       47.703663       3.7955680
1.250       1.1938052       46.091433       3.9727468
1.250       1.2252211       44.723823       4.1672794
1.250       1.2566371       42.873406       4.3101049
1.250       1.2880530       42.143591       4.5625011
1.250       1.3194689       40.965470       4.7674450
1.250       1.3508848       40.148800       5.0141557
1.250       1.3823008       38.301515       5.1249999
1.250       1.4137167       37.250713       5.3320230
1.250       1.4451326       35.915860       5.4913565
1.250       1.4765485       34.580966       5.6396294
1.250       1.5079645       34.189382       5.9392942
1.250       1.5393804       32.983492       6.0954356
1.250       1.5707963       32.155100       6.3136392
1.250       1.6022123       32.127020       6.6942335
1.250       1.6336282       31.066890       6.8616362
1.250       1.6650441       30.497467       7.1319988
1.250       1.6964600       29.969441       7.4127577
1.250       1.7278760       29.158691       7.6203686
1.250       1.7592919       28.553215       7.8766034
1.250       1.7907078       27.553513       8.0153302
1.250       1.8221237       26.959919       8.2627087
1.250       1.8535397       26.639559       8.5941503
1.250       1.8849556       25.977522       8.8139657
1.250       1.9163715       25.476787       9.0835171
1.250       1.9477874       24.863852       9.3081496
1.250       1.9792034       24.365055       9.5699334
1.250       2.0106193       23.899593       9.8412510
1.250       2.0734512       23.032767       10.401544
1.250       2.1362830       21.861530       10.797598
1.250       2.1991149       21.084037       11.359724
1.250       2.2619467       20.639581       12.100916
1.250       2.3247786       20.180898       12.845634
1.250       2.3876104       19.212678       13.247947
1.250       2.4504423       18.369631       13.693174
1.250       2.5132741       17.788904       14.306685
1.250       2.5761060       17.623608       15.263575
1.250       2.6389378       16.931031       15.763082
1.250       2.7017697       16.472416       16.457828
1.250       2.7646015       15.784520       16.896598
1.250       2.8274334       15.257156       17.471129
1.250       2.8902652       14.839755       18.151398
1.250       2.9530971       14.018480       18.289607
1.250       3.0159289       13.937835       19.369968
1.250       3.0787608       13.441892       19.872774
1.250       3.1415927       12.953293       20.346985
1.250       3.2044245       12.562673       20.941243
1.250       3.2672564       12.289203       21.714190
1.250       3.3300882       11.985336       22.422688
1.250       3.3929201       11.669713       23.091456
1.250       3.4557519       11.197626       23.411212
1.250       3.5185838       11.017070       24.313085
1.250       3.5814156       10.604784       24.679495
1.250       3.6442475       10.274890       25.192486
1.250       3.7070793       10.055500       25.951923
1.250       3.7699112       9.7125047       26.363002
1.250       3.8327430       9.5786881       27.321554
1.250       3.8955749       9.2792386       27.790558
1.250       3.9584067       9.1521776       28.757819
1.250       4.0212386       8.8155887       29.040301
1.250       4.1469023       8.4239659       30.433946
1.250       4.2725660       8.0690057       31.882813
1.250       4.3982297       7.5539311       32.559446
1.250       4.5238934       7.2862650       34.175299
1.250       4.6495571       7.0694091       35.998809
1.250       4.7752208       6.5175917       35.953220
1.250       4.9008845       6.3066758       37.609207
1.250       5.0265482       5.9556300       38.318415
1.250       5.1522120       5.8210508       40.332283
1.250       5.2778757       5.5873359       41.615250
1.250       5.4035394       5.2935876       42.311198
1.250       5.5292031       5.1050733       43.717957
1.250       5.6548668       4.9041291       44.926159
1.250       5.7805305       4.7532719       46.512106
1.250       5.9061942       4.5208647       47.186193
1.250       6.0318579       4.2947877       47.749109
1.250       6.1575216       4.2449058       50.206061
1.250       6.2831853       4.1263535       51.853288
1.250       6.4088490       3.9500092       52.675478
1.250       6.5345127       3.8097445       53.852484
1.250       6.6601764       3.6570121       54.733580
1.250       6.7858401       3.5270489       55.833211
1.250       6.9115038       3.4548439       57.785163
1.250       7.0371675       3.3359722       58.896075
1.250       7.1628313       3.2137455       59.832327
1.250       7.2884950       3.1107038       61.015826
1.250       7.4141587       3.0053071       62.050422
1.250       7.5398224       2.9056064       63.094337
1.250       7.6654861       2.8103933       64.129295
1.250       7.7911498       2.7473308       65.824244
1.250       7.9168135       2.6998354       67.867022
1.250       8.0424772       2.5664817       67.636004
1.250       8.2938046       2.4643404       71.224983
1.250       8.5451320       2.3364120       73.854340
1.250       8.7964594       2.1565018       74.360756
1.250       9.0477868       2.0592265       77.268318
1.250       9.2991143       1.9740182       80.416684
1.250       9.5504417       1.8720895       82.616584
1.250       9.8017691       1.7751858       84.689090
1.250       10.053096       1.7556206       90.365047
1.250       10.304424       1.6931171       93.848734
1.250       10.555751       1.5893950       94.704268
1.250       10.807079       1.5121944       96.694738
1.250       11.058406       1.4495695       99.308611
1.250       11.309734       1.4029013       102.81453
1.250       11.561061       1.3418707       105.04466
1.250       11.812388       1.2858075       107.36417
1.250       12.063716       1.2559470       111.70815
1.250       12.315043       1.1976475       113.32014
1.250       12.566371       1.1686519       117.48570
1.250       12.817698       1.1093446       118.34961
1.250       13.069025       1.0840294       122.58602
1.250       13.320353       1.0585617       126.74582
1.250       13.571680       1.0126784       128.24565
1.250       13.823008      0.96660324       129.33800
1.250       14.074335      0.95844400       135.36945
1.250       14.325663      0.91292394       135.97185
1.250       14.576990      0.88461058       138.81166
1.250       14.828317      0.86679392       143.17320
1.250       15.079645      0.85061168       147.76614
1.250       15.330972      0.83404140       152.25338
1.250       15.582300      0.79305903       152.00939
1.250       15.833627      0.77456354       155.76452
1.250       16.084954      0.75545808       159.27226
1.250       16.587609      0.71194125       164.61363
1.250       17.090264      0.67028391       169.50221
1.250       17.592919      0.65875482       181.72211
1.250       18.095574      0.61922383       185.88099
1.250       18.598229      0.59539050       194.03805
1.250       19.100883      0.55576522       196.21038
1.250       19.603538      0.53860844       205.56388
1.250       20.106193      0.52478141       216.09178
1.250       20.608848      0.48777690       216.29806
1.250       21.111503      0.46917492       223.64669
1.250       21.614157      0.45657713       233.56047
1.250       22.116812      0.43081871       236.11980
1.250       22.619467      0.41690593       244.43053
1.250       23.122122      0.40586185       254.17425
1.250       23.624777      0.39691781       265.13922
1.250       24.127432      0.37821783       269.11973
1.250       24.630086      0.36610030       277.12018
1.250       25.132741      0.35864427       288.43883
1.250       25.635396      0.34591875       295.23270
1.250       26.138051      0.33035122       298.85861
1.250       26.640706      0.32118207       307.65128
1.250       27.143361      0.30776671       311.80476
1.250       27.646015      0.30465420       326.11822
1.250       28.148670      0.29341241       331.52966
1.250       28.651325      0.28837699       343.60937
1.250       29.153980      0.27900598       350.24933
1.250       29.656635      0.26876968       355.15353
1.250       30.159289      0.25869493       359.51871
1.250       30.661944      0.25578863       373.55158
1.250       31.164599      0.24967890       382.85713
1.250       31.667254      0.24156115       388.62306
1.250       32.169909      0.23627834       398.51406
1.250       33.175218      0.22676653       419.46004
1.250       34.180528      0.21533780       435.63909
1.250       35.185838      0.20764814       458.24948
1.250       36.191147      0.19597410       470.62609
1.250       37.196457      0.18160762       473.48809
1.250       38.201767      0.18316435       517.32272
1.250       39.207076      0.17168608       524.20207
1.250       40.212386      0.16729914       551.11661
1.250       41.217696      0.15999540       567.58233
1.250       42.223005      0.15259630       581.91786
1.250       43.228315      0.14720477       602.41678
1.250       44.233625      0.14421997       632.34375
1.250       45.238934      0.13767749       645.75874
1.250       46.244244      0.13235297       663.09689
1.250       47.249554      0.12751945       681.45911
1.250       48.254863      0.12510403       712.13911
1.250       49.260173      0.12066594       730.70612
1.250       50.265482      0.11632417       748.42757
1.250       51.270792      0.11229537       766.72951
1.250       52.276102      0.10806667       782.11679
1.250       53.281411      0.10748545       823.65838
1.250       54.286721      0.10367687       840.29727
1.250       55.292031     0.098707075       845.29084
1.250       56.297340     0.098226553       887.89743
1.250       57.302650     0.092065664       877.59082
1.250       58.307960     0.092062973       924.56785
1.250       59.313269     0.089325781       944.28408
1.250       60.318579     0.085756981       953.43929
1.250       61.323889     0.084344907       985.41276
1.250       62.329198     0.082631535       1013.6562
1.250       63.334508     0.080254001       1032.8997
1.250       64.339818     0.078636226       1061.0416
1.250       66.350437     0.073818026       1092.3556
1.250       68.361056     0.068325752       1105.8112
1.250       70.371675     0.066728974       1178.0898
1.250       72.382295     0.064633093       1241.7159
1.250       74.392914     0.063403774       1322.4525
1.250       76.403533     0.059664036       1348.1034
1.250       78.414153     0.056951173       1391.0934
1.250       80.424772     0.054663065       1440.5680
1.250       82.435391     0.052761782       1497.3758
1.250       84.446011     0.049947196       1523.7678
1.250       86.456630     0.050745786       1661.3653
1.250       88.467249     0.046011810       1613.9391
1.250       90.477868     0.044794226       1680.8129
1.250       92.488488     0.043937925       1761.0546
1.250       94.499107     0.042447262       1814.6926
1.250       96.509726     0.041029193       1868.4285
1.250       98.520346     0.039807871       1928.4882
1.250       100.53096     0.038410835       1977.0769
1.250       102.54158     0.037416429       2043.7730
1.250       104.55220     0.035221583       2039.2887
1.250       106.56282     0.035047771       2148.5616
1.250       108.57344     0.034169615       2215.5480
1.250       110.58406     0.032676320       2238.6233
1.250       112.59468     0.031309981       2264.1578
1.250       114.60530     0.030573384       2331.4595
1.250       116.61592     0.030173348       2424.1935
1.250       118.62654     0.030022769       2539.0227
1.250       120.63716     0.028717872       2554.2641
1.250       122.64778     0.027632440       2582.6678
1.250       124.65840     0.026985746       2648.3129
1.250       126.66902     0.026136965       2691.1419
1.250       128.67964     0.025433647       2745.4172
1.250       132.70087     0.025295435       2994.5651
1.250       136.72211     0.025056492       3244.1939
1.250       140.74335     0.021620570       3053.6626
1.250       144.76459     0.021928938       3370.3492
1.250       148.78583     0.020610001       3439.0063
1.250       152.80707     0.019374824       3502.1790
1.250       156.82831     0.019145391       3741.1735
1.250       160.84954     0.018795974       3962.7311
1.250       164.87078     0.017966766       4079.1651
1.250       168.89202     0.016646087       4062.6539
1.250       172.91326     0.016421361       4300.9491
1.250       176.93450     0.015326813       4300.9032
1.250       180.95574     0.015048626       4517.3546
1.250       184.97698     0.014451446       4633.7711
1.250       188.99821     0.014645603       5008.9953
1.250       193.01945     0.013580775       4947.6396
1.250       197.04069     0.012787241       4955.8127
1.250       201.06193     0.013343530       5494.5300
1.250       205.08317     0.013223337       5778.3170
1.250       209.10441     0.011898985       5511.4990
1.250       213.12565     0.011750728       5762.9146
1.250       217.14688     0.011595737       6014.9140
1.250       221.16812     0.011396882       6246.3155
1.250       225.18936     0.010938744       6328.2163
1.250       229.21060     0.010692173       6522.8938
1.250       233.23184     0.010673194       6860.0642
1.250       237.25308     0.010092949       6828.4777
1.250       241.27432    0.0099208810       7059.1722
1.250       245.29555    0.0098924985       7396.8240
1.250       249.31679    0.0094292128       7402.8729
1.250       253.33803    0.0097648004       8043.3100
1.250       257.35927    0.0090080321       7778.9259
1.250       265.40175    0.0092073900       8720.0331
1.250       273.44422    0.0088852896       9203.3961
1.250       281.48670    0.0078163897       8831.8180
1.250       289.52918    0.0064936609       7984.3006
1.250       297.57166    0.0069603764       9291.3254
1.250       305.61413    0.0062423126       9026.8469
1.250       313.65661    0.0059888524       9362.1846
1.250       321.69909    0.0062767607       10586.571
1.250       329.74156    0.0053970586       9802.7624
1.250       337.78404    0.0063623933       12422.476
1.250       345.82652    0.0063743420       13356.126
1.250       353.86900    0.0059716561       13405.796
1.250       361.91147    0.0056949422       13676.237
1.250       369.95395    0.0051401745       13185.334
1.250       377.99643    0.0045897203       12557.974
1.250       386.03891    0.0051893879       15124.451
1.250       394.08138    0.0048288727       14971.792
1.250       402.12386    0.0050308196       16572.519
1.250       410.16634    0.0043332253       15148.219
1.250       418.20881    0.0040285808       14928.009
1.250       426.25129    0.0042535977       16688.749
1.250       434.29377    0.0039366115       16335.921
1.250       442.33625    0.0040937247       17949.257
1.250       450.37872    0.0031063206       14376.400
1.250       458.42120    0.0039553704       19304.186
1.250       466.46368    0.0037688773       19379.196
1.250       474.50615    0.0032432787       17554.161
1.250       482.54863    0.0032905478       18731.033
1.250       490.59111    0.0032919562       19691.706
1.250       498.63359    0.0035251950       22141.039
1.250       506.67606    0.0029865195       19680.076
1.250       514.71854    0.0034191771       23621.164
1.000     0.015707963       9470.8988    0.0018596066
1.000     0.031415927       8073.5977     0.012681978
1.000     0.047123890       5434.8851     0.028812704
1.000     0.062831853       3443.9125     0.043277481
1.000     0.078539816       3231.0186     0.079301126
1.000     0.094247780       2353.4123     0.099811749
1.000      0.10995574       2182.5836      0.14699240
1.000      0.12566371       1660.8622      0.16696808
1.000      0.14137167       1374.3778      0.19672681
1.000      0.15707963       1157.4320      0.22726125
1.000      0.17278760       972.55223      0.25416800
1.000      0.18849556       941.69957      0.31951114
1.000      0.20420352       768.10377      0.33134456
1.000      0.21991149       674.19671      0.36324582
1.000      0.23561945       624.05523      0.41354873
1.000      0.25132741       582.60612      0.46855964
1.000      0.26703538       510.16475      0.49213823
1.000      0.28274334       463.25179      0.53047450
1.000      0.29845130       431.96681      0.58175626
1.000      0.31415927       409.41008      0.64309984
1.000      0.32986723       365.77742      0.66512713
1.000      0.34557519       343.22214      0.71758478
1.000      0.36128316       319.32737      0.76286826
1.000      0.37699112       307.26787      0.83402825
1.000      0.39269908       287.94608      0.88340751
1.000      0.40840704       270.05244      0.93196165
1.000      0.42411501       250.38181      0.96766259
1.000      0.43982297       235.69027       1.0158876
1.000      0.45553093       226.25939       1.0835039
1.000      0.47123890       219.42910       1.1632897
1.000      0.48694686       207.59038       1.2142894
1.000      0.50265482       201.19973       1.2945154
1.000      0.51836279       189.62631       1.3380437
1.000      0.53407075       184.94520       1.4272817
1.000      0.54977871       171.01752       1.4397087
1.000      0.56548668       166.31943       1.5236331
1.000      0.58119464       162.75551       1.6187164
1.000      0.59690260       157.61991       1.6982114
1.000      0.61261057       153.59426       1.7889521
1.000      0.62831853       145.16991       1.8242589
1.000      0.64402649       142.10091       1.9229957
1.000      0.65973446       135.82441       1.9758573
1.000      0.67544242       131.89411       2.0590205
1.000      0.69115038       127.93999       2.1399037
1.000      0.70685835       123.96435       2.2180137
1.000      0.72256631       122.03969       2.3324078
1.000      0.73827427       118.27195       2.4110445
1.000      0.75398224       115.32043       2.5041473
1.000      0.76969020       112.91416       2.6083540
1.000      0.78539816       109.19350       2.6800116
1.000      0.80110613       105.42410       2.7458722
1.000      0.81681409       103.62595       2.8609381
1.000      0.83252205       100.23632       2.9301013
1.000      0.84823002       98.871173       3.0568974
1.000      0.86393798       96.080460       3.1387233
1.000      0.87964594       93.598607       3.2274785
1.000      0.89535391       90.901623       3.3054158
1.000      0.91106187       89.455749       3.4270633
1.000      0.92676983       89.263887       3.5996619
1.000      0.94247780       86.224946       3.6569294
1.000      0.95818576       85.357465       3.8041786
1.000      0.97389372       83.432604       3.9042782
1.000      0.98960169       81.823405       4.0172521
1.000       1.0053096       79.938204       4.1145675
1.000       1.0367256       75.577720       4.2663402
1.000       1.0681415       75.424445       4.6565980
1.000       1.0995574       70.746428       4.7646228
1.000       1.1309734       69.328136       5.0808562
1.000       1.1623893       67.330498       5.3571878
1.000       1.1938052       64.868613       5.5912032
1.000       1.2252211       62.580649       5.8311439
1.000       1.2566371       61.050062       6.1374216
1.000       1.2880530       60.223748       6.5198744
1.000       1.3194689       58.169362       6.7695851
1.000       1.3508848       56.575642       7.0656926
1.000       1.3823008       54.580322       7.3032135
1.000       1.4137167       53.184915       7.6128257
1.000       1.4451326       51.183061       7.8256358
1.000       1.4765485       49.362527       8.0502773
1.000       1.5079645       48.593036       8.4414611
1.000       1.5393804       46.839999       8.6561544
1.000       1.5707963       45.973201       9.0268170
1.000       1.6022123       45.552183       9.4916037
1.000       1.6336282       44.007394       9.7197603
1.000       1.6650441       43.715894       10.223200
1.000       1.6964600       42.540141       10.522043
1.000       1.7278760       41.503206       10.846499
1.000       1.7592919       40.629703       11.207987
1.000       1.7907078       38.942663       11.328440
1.000       1.8221237       38.467457       11.789553
1.000       1.8535397       37.762693       12.182569
1.000       1.8849556       36.935134       12.531796
1.000       1.9163715       35.708405       12.731508
1.000       1.9477874       35.258448       13.199520
1.000       1.9792034       34.521931       13.559279
1.000       2.0106193       33.873268       13.948159
1.000       2.0734512       32.670824       14.754068
1.000       2.1362830       30.891297       15.257478
1.000       2.1991149       29.919978       16.120379
1.000       2.2619467       28.946877       16.971455
1.000       2.3247786       27.886367       17.750352
1.000       2.3876104       27.145432       18.717913
1.000       2.4504423       25.522416       19.025036
1.000       2.5132741       24.523240       19.722760
1.000       2.5761060       24.387895       21.122035
1.000       2.6389378       23.539220       21.915421
1.000       2.7017697       22.779758       22.759585
1.000       2.7646015       21.936367       23.481865
1.000       2.8274334       21.143856       24.212052
1.000       2.8902652       20.472532       25.041187
1.000       2.9530971       19.737173       25.750661
1.000       3.0159289       19.220191       26.711070
1.000       3.0787608       18.488839       27.334287
1.000       3.1415927       17.877300       28.081598
1.000       3.2044245       17.321303       28.873601
1.000       3.2672564       16.826390       29.731090
1.000       3.3300882       16.308402       30.510468
1.000       3.3929201       16.077870       31.814102
1.000       3.4557519       15.503794       32.414247
1.000       3.5185838       15.102296       33.328589
1.000       3.5814156       14.340804       33.373975
1.000       3.6442475       14.166036       34.732992
1.000       3.7070793       13.629638       35.176305
1.000       3.7699112       13.326018       36.171291
1.000       3.8327430       12.884306       36.750260
1.000       3.8955749       12.632111       37.832137
1.000       3.9584067       12.331710       38.748493
1.000       4.0212386       11.978033       39.458020
1.000       4.1469023       11.451823       41.372931
1.000       4.2725660       10.615422       41.944389
1.000       4.3982297       9.9918031       43.067321
1.000       4.5238934       9.6436028       45.232091
1.000       4.6495571       9.2815528       47.263477
1.000       4.7752208       8.6716486       47.835720
1.000       4.9008845       8.4610940       50.456857
1.000       5.0265482       7.9765095       51.320717
1.000       5.1522120       7.6010026       52.665026
1.000       5.2778757       7.2914630       54.307824
1.000       5.4035394       7.0141710       56.063676
1.000       5.5292031       6.6930301       57.316632
1.000       5.6548668       6.3034308       57.744999
1.000       5.7805305       6.1719181       60.393959
1.000       5.9061942       5.9535274       62.139504
1.000       6.0318579       5.7938333       64.415377
1.000       6.1575216       5.5775695       65.967964
1.000       6.2831853       5.3569168       67.317002
1.000       6.4088490       5.1636326       68.859793
1.000       6.5345127       4.8890584       69.109079
1.000       6.6601764       4.7304095       70.798849
1.000       6.7858401       4.6254794       73.221375
1.000       6.9115038       4.4659692       74.697084
1.000       7.0371675       4.3313649       76.469581
1.000       7.1628313       4.2119501       78.416534
1.000       7.2884950       4.0335278       79.116832
1.000       7.4141587       3.8665333       79.832116
1.000       7.5398224       3.7366232       81.139609
1.000       7.6654861       3.6484411       83.252387
1.000       7.7911498       3.5339659       84.671503
1.000       7.9168135       3.4471593       86.652849
1.000       8.0424772       3.3506697       88.302172
1.000       8.2938046       3.1738065       91.730149
1.000       8.5451320       2.9869079       94.416615
1.000       8.7964594       2.8596269       98.606002
1.000       9.0477868       2.7057530       101.52792
1.000       9.2991143       2.5344007       103.24530
1.000       9.5504417       2.4605527       108.58587
1.000       9.8017691       2.2753625       108.55111
1.000       10.053096       2.2191488       114.22370
1.000       10.304424       2.1183261       117.41788
1.000       10.555751       2.0421222       121.68007
1.000       10.807079       1.9060977       121.88222
1.000       11.058406       1.8600407       127.42960
1.000       11.309734       1.7906751       131.23334
1.000       11.561061       1.7179739       134.48687
1.000       11.812388       1.6522482       137.96175
1.000       12.063716       1.5773422       140.29412
1.000       12.315043       1.5265201       144.43771
1.000       12.566371       1.4758661       148.37024
1.000       12.817698       1.4303913       152.60025
1.000       13.069025       1.4009269       158.42194
1.000       13.320353       1.3007544       155.74452
1.000       13.571680       1.2756845       161.55276
1.000       13.823008       1.2299601       164.57692
1.000       14.074335       1.2103438       170.94747
1.000       14.325663       1.1652206       173.54918
1.000       14.576990       1.1242888       176.42157
1.000       14.828317       1.0954136       180.93559
1.000       15.079645       1.0698891       185.85846
1.000       15.330972       1.0427945       190.36105
1.000       15.582300       1.0056649       192.76057
1.000       15.833627      0.96631776       194.32624
1.000       16.084954      0.94832300       199.93372
1.000       16.587609      0.91134079       210.71840
1.000       17.090264      0.85450173       216.08744
1.000       17.592919      0.81241867       224.11135
1.000       18.095574      0.78126847       234.52418
1.000       18.598229      0.73653984       240.03869
1.000       19.100883      0.70053341       247.32013
1.000       19.603538      0.67184003       256.41269
1.000       20.106193      0.64371876       265.06718
1.000       20.608848      0.61004793       270.51749
1.000       21.111503      0.58811494       280.34312
1.000       21.614157      0.57436376       293.81382
1.000       22.116812      0.55325850       303.22566
1.000       22.619467      0.51919675       304.40328
1.000       23.122122      0.50347725       315.30668
1.000       23.624777      0.48518420       324.10076
1.000       24.127432      0.45907888       326.65616
1.000       24.630086      0.45780404       346.53547
1.000       25.132741      0.44606907       358.75003
1.000       25.635396      0.42798439       365.27360
1.000       26.138051      0.41372479       374.28412
1.000       26.640706      0.40446122       387.42204
1.000       27.143361      0.38516581       390.21938
1.000       27.646015      0.37816450       404.80760
1.000       28.148670      0.36396782       411.25093
1.000       28.651325      0.35125049       418.52492
1.000       29.153980      0.34372134       431.48958
1.000       29.656635      0.33630215       444.39126
1.000       30.159289      0.32275291       448.54265
1.000       30.661944      0.31518775       460.29754
1.000       31.164599      0.30504742       467.75910
1.000       31.667254      0.29832734       479.94837
1.000       32.169909      0.29449571       496.70522
1.000       33.175218      0.28894849       534.48074
1.000       34.180528      0.25994622       525.88413
1.000       35.185838      0.24967756       551.00235
1.000       36.191147      0.24570304       590.04868
1.000       37.196457      0.23168503       604.05010
1.000       38.201767      0.22138590       625.27428
1.000       39.207076      0.21464391       655.36344
1.000       40.212386      0.20406398       672.22728
1.000       41.217696      0.19542601       693.27214
1.000       42.223005      0.19160500       730.67546
1.000       43.228315      0.18491081       756.72394
1.000       44.233625      0.17642327       773.54165
1.000       45.238934      0.16752373       785.74873
1.000       46.244244      0.16370997       820.19750
1.000       47.249554      0.15745075       841.41087
1.000       48.254863      0.15435145       878.62639
1.000       49.260173      0.14546400       880.87359
1.000       50.265482      0.14443710       929.30568
1.000       51.270792      0.14051181       959.38555
1.000       52.276102      0.13422528       971.43591
1.000       53.281411      0.13167065       1008.9889
1.000       54.286721      0.12758836       1034.0991
1.000       55.292031      0.12517821       1071.9798
1.000       56.297340      0.11894641       1075.1901
1.000       57.302650      0.11830303       1127.6914
1.000       58.307960      0.11492977       1154.2139
1.000       59.313269      0.11113727       1174.8585
1.000       60.318579      0.10718170       1191.6376
1.000       61.323889      0.10504312       1227.2327
1.000       62.329198      0.10191494       1250.2094
1.000       63.334508     0.099579167       1281.6220
1.000       64.339818     0.096682652       1304.5427
1.000       66.350437     0.093479952       1383.3119
1.000       68.361056     0.089020760       1440.7474
1.000       70.371675     0.082234231       1451.8327
1.000       72.382295     0.081997528       1575.3174
1.000       74.392914     0.078819988       1643.9982
1.000       76.403533     0.074893949       1692.2219
1.000       78.414153     0.071645269       1750.0124
1.000       80.424772     0.067173915       1770.2738
1.000       82.435391     0.066713710       1893.3306
1.000       84.446011     0.066479014       2028.1134
1.000       86.456630     0.059284327       1940.9085
1.000       88.467249     0.059651690       2092.3801
1.000       90.477868     0.057327776       2151.1091
1.000       92.488488     0.054190972       2172.0021
1.000       94.499107     0.054766127       2341.3449
1.000       96.509726     0.052329102       2383.0151
1.000       98.520346     0.050274973       2435.5659
1.000       100.53096     0.048181281       2479.9799
1.000       102.54158     0.046065945       2516.2299
1.000       104.55220     0.044601285       2582.3625
1.000       106.56282     0.043054176       2639.3847
1.000       108.57344     0.043562751       2824.5962
1.000       110.58406     0.041135294       2818.1394
1.000       112.59468     0.040142761       2902.8936
1.000       114.60530     0.039289933       2996.1645
1.000       116.61592     0.037517560       3014.2437
1.000       118.62654     0.037510203       3172.2343
1.000       120.63716     0.036261259       3225.1983
1.000       122.64778     0.035232381       3292.9967
1.000       124.65840     0.034470420       3382.8399
1.000       126.66902     0.033271455       3425.7309
1.000       128.67964     0.032137565       3469.0670
1.000       132.70087     0.029893512       3538.9021
1.000       136.72211     0.029262470       3788.7637
1.000       140.74335     0.026986690       3811.5668
1.000       144.76459     0.028296565       4349.0161
1.000       148.78583     0.025510825       4256.7629
1.000       152.80707     0.024356370       4402.6396
1.000       156.82831     0.023259078       4545.0232
1.000       160.84954     0.022905579       4829.1537
1.000       164.87078     0.021875542       4966.6114
1.000       168.89202     0.020420987       4983.9580
1.000       172.91326     0.021138816       5536.5064
1.000       176.93450     0.019920367       5589.9144
1.000       180.95574     0.018643654       5596.5240
1.000       184.97698     0.016857229       5405.1713
1.000       188.99821     0.016968200       5803.3550
1.000       193.01945     0.016812252       6124.9053
1.000       197.04069     0.015954843       6183.4457
1.000       201.06193     0.015660589       6448.6364
1.000       205.08317     0.015275797       6675.1988
1.000       209.10441     0.014817440       6863.3002
1.000       213.12565     0.014736266       7227.1130
1.000       217.14688     0.014042615       7284.1531
1.000       221.16812     0.013951462       7646.4099
1.000       225.18936     0.013415214       7760.8888
1.000       229.21060     0.014104522       8604.6403
1.000       233.23184     0.012158332       7814.6182
1.000       237.25308     0.012663249       8567.4377
1.000       241.27432     0.011624298       8271.2336
1.000       245.29555     0.012015962       8984.5810
1.000       249.31679     0.011288002       8862.2082
1.000       253.33803     0.010886611       8967.3507
1.000       257.35927     0.010456918       9030.1179
1.000       265.40175    0.0095736798       9066.9348
1.000       273.44422    0.0097807672       10130.933
1.000       281.48670    0.0092699289       10474.187
1.000       289.52918     0.010009177       12306.814
1.000       297.57166    0.0088062716       11755.389
1.000       305.61413    0.0079200044       11452.914
1.000       313.65661    0.0078238407       12230.764
1.000       321.69909    0.0067823076       11439.242
1.000       329.74156    0.0073474095       13345.215
1.000       337.78404    0.0075876576       14814.785
1.000       345.82652    0.0066785554       13993.543
1.000       353.86900    0.0068933574       15474.927
1.000       361.91147    0.0062165799       14928.935
1.000       369.95395    0.0064962979       16663.998
1.000       377.99643    0.0059692882       16332.621
1.000       386.03891    0.0062027424       18077.869
1.000       394.08138    0.0059434361       18427.466
1.000       402.12386    0.0047372843       15605.556
1.000       410.16634    0.0054305438       18984.258
1.000       418.20881    0.0045739728       16948.973
1.000       426.25129    0.0048775625       19136.840
1.000       434.29377    0.0048986618       20328.181
1.000       442.33625    0.0046920360       20572.600
1.000       450.37872    0.0051677450       23916.902
1.000       458.42120    0.0043755984       21355.109
1.000       466.46368    0.0033309334       17127.332
1.000       474.50615    0.0039236276       21236.531
1.000       482.54863    0.0042135869       23985.318
1.000       490.59111    0.0040129075       24004.266
1.000       498.63359    0.0035325152       22187.015
1.000       506.67606    0.0038047088       25071.646
1.000       514.71854    0.0030952543       21383.364
0.750     0.015707963       11822.977    0.0023214361
0.750     0.031415927       10043.140     0.015775727
0.750     0.047123890       6768.9666     0.035885254
0.750     0.062831853       4279.3069     0.053775357
0.750     0.078539816       4047.9270     0.099351076
0.750     0.094247780       2939.5280      0.12466979
0.750      0.10995574       2727.5613      0.18369551
0.750      0.12566371       2073.1839      0.20841918
0.750      0.14137167       1724.9869      0.24691259
0.750      0.15707963       1462.5762      0.28717616
0.750      0.17278760       1227.5084      0.32079857
0.750      0.18849556       1187.5159      0.40291465
0.750      0.20420352       981.62521      0.42345343
0.750      0.21991149       861.37127      0.46409232
0.750      0.23561945       797.03473      0.52817874
0.750      0.25132741       750.57163      0.60364552
0.750      0.26703538       657.60581      0.63436950
0.750      0.28274334       597.82742      0.68457847
0.750      0.29845130       558.39845      0.75202953
0.750      0.31415927       529.94424      0.83243447
0.750      0.32986723       478.99313      0.87099780
0.750      0.34557519       450.51522      0.94190564
0.750      0.36128316       420.50981       1.0045916
0.750      0.37699112       406.05104       1.1021590
0.750      0.39269908       378.34935       1.1607613
0.750      0.40840704       356.90246       1.2316845
0.750      0.42411501       333.87539       1.2903442
0.750      0.43982297       313.19638       1.3499594
0.750      0.45553093       301.77517       1.4451316
0.750      0.47123890       294.07304       1.5590098
0.750      0.48694686       279.74787       1.6363710
0.750      0.50265482       270.56210       1.7407916
0.750      0.51836279       256.41657       1.8093301
0.750      0.53407075       251.11732       1.9379533
0.750      0.54977871       231.36647       1.9477555
0.750      0.56548668       228.13675       2.0899343
0.750      0.58119464       221.88814       2.2068314
0.750      0.59690260       215.78809       2.3249208
0.750      0.61261057       211.31560       2.4612474
0.750      0.62831853       199.11146       2.5021084
0.750      0.64402649       195.90183       2.6510624
0.750      0.65973446       187.28489       2.7244604
0.750      0.67544242       182.64412       2.8512871
0.750      0.69115038       176.39570       2.9503661
0.750      0.70685835       172.23243       3.0816432
0.750      0.72256631       170.17585       3.2523803
0.750      0.73827427       164.10325       3.3453430
0.750      0.75398224       161.22859       3.5010285
0.750      0.76969020       157.73903       3.6438232
0.750      0.78539816       152.67779       3.7472768
0.750      0.80110613       147.65349       3.8457774
0.750      0.81681409       145.64860       4.0211125
0.750      0.83252205       141.20192       4.1276048
0.750      0.84823002       139.73211       4.3202352
0.750      0.86393798       135.00208       4.4102012
0.750      0.87964594       132.15873       4.5571133
0.750      0.89535391       128.15262       4.6599575
0.750      0.91106187       126.22401       4.8356608
0.750      0.92676983       125.61743       5.0656574
0.750      0.94247780       122.00278       5.1743211
0.750      0.95818576       120.70875       5.3797011
0.750      0.97389372       118.52897       5.5466337
0.750      0.98960169       116.27652       5.7087832
0.750       1.0053096       113.61725       5.8480907
0.750       1.0367256       108.86637       6.1454747
0.750       1.0681415       107.63766       6.6453962
0.750       1.0995574       103.04831       6.9400864
0.750       1.1309734       98.331161       7.2064030
0.750       1.1623893       95.468188       7.5959785
0.750       1.1938052       92.910045       8.0081710
0.750       1.2252211       89.506305       8.3400245
0.750       1.2566371       88.102757       8.8570552
0.750       1.2880530       85.818809       9.2908175
0.750       1.3194689       83.236555       9.6868338
0.750       1.3508848       81.388598       10.164565
0.750       1.3823008       78.866147       10.552820
0.750       1.4137167       77.150931       11.043293
0.750       1.4451326       73.671422       11.263994
0.750       1.4765485       71.932526       11.731101
0.750       1.5079645       70.079912       12.174108
0.750       1.5393804       68.428913       12.645842
0.750       1.5707963       67.118870       13.178759
0.750       1.6022123       66.203976       13.794770
0.750       1.6336282       64.405101       14.224931
0.750       1.6650441       62.864996       14.701322
0.750       1.6964600       60.587851       14.986034
0.750       1.7278760       60.697151       15.862669
0.750       1.7592919       58.914909       16.252088
0.750       1.7907078       56.874012       16.544678
0.750       1.8221237       55.785658       17.097256
0.750       1.8535397       54.392262       17.547410
0.750       1.8849556       53.229231       18.060253
0.750       1.9163715       52.190516       18.608055
0.750       1.9477874       50.994767       19.090643
0.750       1.9792034       50.169593       19.705257
0.750       2.0106193       48.927142       20.146966
0.750       2.0734512       46.996658       21.223581
0.750       2.1362830       45.650208       22.547032
0.750       2.1991149       43.311338       23.335419
0.750       2.2619467       41.509264       24.336740
0.750       2.3247786       39.302807       25.017195
0.750       2.3876104       39.454282       27.205380
0.750       2.4504423       36.978137       27.564411
0.750       2.5132741       35.504739       28.554605
0.750       2.5761060       34.457608       29.843280
0.750       2.6389378       33.099012       30.815751
0.750       2.7017697       32.203790       32.175271
0.750       2.7646015       30.368031       32.507572
0.750       2.8274334       29.708388       34.019388
0.750       2.8902652       28.628064       35.016710
0.750       2.9530971       27.873235       36.365605
0.750       3.0159289       27.175281       37.766577
0.750       3.0787608       25.848641       38.215173
0.750       3.1415927       24.835676       39.011789
0.750       3.2044245       24.382159       40.643635
0.750       3.2672564       23.730102       41.929481
0.750       3.3300882       22.655755       42.385373
0.750       3.3929201       22.128184       43.786166
0.750       3.4557519       21.238326       44.403604
0.750       3.5185838       20.693066       45.666611
0.750       3.5814156       19.840928       46.173884
0.750       3.6442475       19.398645       47.562563
0.750       3.7070793       18.892850       48.759965
0.750       3.7699112       18.328796       49.750511
0.750       3.8327430       17.812915       50.808266
0.750       3.8955749       17.431820       52.206871
0.750       3.9584067       17.133017       53.835079
0.750       4.0212386       16.495709       54.340143
0.750       4.1469023       15.618166       56.425019
0.750       4.2725660       14.923803       58.967961
0.750       4.3982297       13.882745       59.838313
0.750       4.5238934       13.239033       62.095998
0.750       4.6495571       12.694811       64.644451
0.750       4.7752208       11.921344       65.762130
0.750       4.9008845       11.491711       68.529630
0.750       5.0265482       11.000330       70.775921
0.750       5.1522120       10.533110       72.980700
0.750       5.2778757       9.7952356       72.956268
0.750       5.4035394       9.4263188       75.343769
0.750       5.5292031       8.9916274       77.000967
0.750       5.6548668       8.5850008       78.646198
0.750       5.7805305       8.3173930       81.388036
0.750       5.9061942       7.9465869       82.941915
0.750       6.0318579       7.6430469       84.974787
0.750       6.1575216       7.3740479       87.215574
0.750       6.2831853       7.1412855       89.740041
0.750       6.4088490       6.7847357       90.478067
0.750       6.5345127       6.5220704       92.192452
0.750       6.6601764       6.3815194       95.510596
0.750       6.7858401       6.0599999       95.929847
0.750       6.9115038       5.8852974       98.436539
0.750       7.0371675       5.6603362       99.932364
0.750       7.1628313       5.4861859       102.13978
0.750       7.2884950       5.3859855       105.64502
0.750       7.4141587       5.2123769       107.61968
0.750       7.5398224       5.0650596       109.98619
0.750       7.6654861       4.8523917       110.72488
0.750       7.7911498       4.7514410       113.84141
0.750       7.9168135       4.5646294       114.74322
0.750       8.0424772       4.4085496       116.18110
0.750       8.2938046       4.1381728       119.60251
0.750       8.5451320       3.9195155       123.89648
0.750       8.7964594       3.8182273       131.66058
0.750       9.0477868       3.5580606       133.50904
0.750       9.2991143       3.3147362       135.03426
0.750       9.5504417       3.2155856       141.90598
0.750       9.8017691       3.0646411       146.20536
0.750       10.053096       2.9405160       151.35381
0.750       10.304424       2.8147166       156.01849
0.750       10.555751       2.6685811       159.00768
0.750       10.807079       2.5213326       161.22239
0.750       11.058406       2.4485135       167.74531
0.750       11.309734       2.3219105       170.16603
0.750       11.561061       2.2248823       174.16881
0.750       11.812388       2.1603325       180.38650
0.750       12.063716       2.0881991       185.73145
0.750       12.315043       1.9920333       188.48408
0.750       12.566371       1.9086742       191.88085
0.750       12.817698       1.8767252       200.21705
0.750       13.069025       1.8007129       203.63121
0.750       13.320353       1.7347197       207.70490
0.750       13.571680       1.6641126       210.74333
0.750       13.823008       1.6196757       216.72349
0.750       14.074335       1.5573534       219.95868
0.750       14.325663       1.4967697       222.93045
0.750       14.576990       1.4715774       230.91755
0.750       14.828317       1.4168611       234.03087
0.750       15.079645       1.3803128       239.78449
0.750       15.330972       1.3505151       246.53512
0.750       15.582300       1.2922609       247.69378
0.750       15.833627       1.2606256       253.51146
0.750       16.084954       1.2110735       255.32906
0.750       16.587609       1.1453171       264.81793
0.750       17.090264       1.0782733       272.67507
0.750       17.592919       1.0268058       283.25152
0.750       18.095574      0.98335402       295.18700
0.750       18.598229      0.94624973       308.38324
0.750       19.100883      0.89161297       314.77990
0.750       19.603538      0.86476301       330.04317
0.750       20.106193      0.83134260       342.32596
0.750       20.608848      0.78346377       347.41640
0.750       21.111503      0.73035812       348.14772
0.750       21.614157      0.71258356       364.51969
0.750       22.116812      0.69630146       381.62355
0.750       22.619467      0.67656059       396.66517
0.750       23.122122      0.63515524       397.77108
0.750       23.624777      0.61641674       411.76348
0.750       24.127432      0.60666002       431.66707
0.750       24.630086      0.57920879       438.43297
0.750       25.132741      0.56110841       451.27016
0.750       25.635396      0.55058915       469.91358
0.750       26.138051      0.52261504       472.79378
0.750       26.640706      0.51298943       491.37816
0.750       27.143361      0.49563175       502.13469
0.750       27.646015      0.47644703       510.01449
0.750       28.148670      0.46220837       522.25392
0.750       28.651325      0.45507425       542.23389
0.750       29.153980      0.43716061       548.78828
0.750       29.656635      0.42407498       560.37469
0.750       30.159289      0.41623000       578.45151
0.750       30.661944      0.40049436       584.87860
0.750       31.164599      0.39146280       600.26828
0.750       31.667254      0.37729594       606.99289
0.750       32.169909      0.36917195       622.65637
0.750       33.175218      0.34627359       640.51749
0.750       34.180528      0.33984566       687.52468
0.750       35.185838      0.31218714       688.95198
0.750       36.191147      0.30699366       737.23633
0.750       37.196457      0.29402993       766.59596
0.750       38.201767      0.28657771       809.39965
0.750       39.207076      0.26682251       814.67820
0.750       40.212386      0.26172816       862.18456
0.750       41.217696      0.24685068       875.70073
0.750       42.223005      0.23715251       904.36844
0.750       43.228315      0.22929191       938.34793
0.750       44.233625      0.22053559       966.95559
0.750       45.238934      0.21489665       1007.9454
0.750       46.244244      0.20633749       1033.7641
0.750       47.249554      0.20010878       1069.3738
0.750       48.254863      0.19409847       1104.8813
0.750       49.260173      0.18783818       1137.4752
0.750       50.265482      0.18308612       1177.9728
0.750       51.270792      0.17648637       1205.0124
0.750       52.276102      0.17188829       1244.0165
0.750       53.281411      0.16771862       1285.2236
0.750       54.286721      0.16020928       1298.4905
0.750       55.292031      0.16037732       1373.4120
0.750       56.297340      0.15380465       1390.2835
0.750       57.302650      0.14895559       1419.8785
0.750       58.307960      0.14586553       1464.8949
0.750       59.313269      0.14121486       1492.8158
0.750       60.318579      0.13852268       1540.0841
0.750       61.323889      0.13464812       1573.1119
0.750       62.329198      0.13134488       1611.2318
0.750       63.334508      0.12828704       1651.1033
0.750       64.339818      0.12453472       1680.3517
0.750       66.350437      0.11741110       1737.4439
0.750       68.361056      0.11265693       1823.2846
0.750       70.371675      0.10865325       1918.2564
0.750       72.382295      0.10571550       2030.9814
0.750       74.392914     0.098666737       2057.9543
0.750       76.403533     0.096044656       2170.1202
0.750       78.414153     0.093108960       2274.2861
0.750       80.424772     0.088260956       2325.9930
0.750       82.435391     0.085556092       2428.0762
0.750       84.446011     0.084270110       2570.8766
0.750       86.456630     0.079791353       2612.2877
0.750       88.467249     0.075845407       2660.4011
0.750       90.477868     0.074565127       2797.9059
0.750       92.488488     0.073103402       2930.0220
0.750       94.499107     0.067191841       2872.5653
0.750       96.509726     0.066577723       3031.8831
0.750       98.520346     0.066439184       3218.6395
0.750       100.53096     0.063112611       3248.5231
0.750       102.54158     0.060915936       3327.3712
0.750       104.55220     0.060329194       3492.9901
0.750       106.56282     0.058596102       3592.1638
0.750       108.57344     0.054964620       3563.8901
0.750       110.58406     0.053532693       3667.4733
0.750       112.59468     0.053532855       3871.1882
0.750       114.60530     0.051713853       3943.5855
0.750       116.61592     0.049566840       3982.3095
0.750       118.62654     0.048370894       4090.7218
0.750       120.63716     0.047498652       4224.6899
0.750       122.64778     0.046445193       4341.0029
0.750       124.65840     0.044536084       4370.6587
0.750       126.66902     0.044103631       4541.0448
0.750       128.67964     0.042014725       4535.2501
0.750       132.70087     0.040150935       4753.2129
0.750       136.72211     0.037842075       4899.6096
0.750       140.74335     0.037257530       5262.2076
0.750       144.76459     0.035498409       5455.8972
0.750       148.78583     0.031662800       5283.2879
0.750       152.80707     0.031877606       5762.1727
0.750       156.82831     0.029565998       5777.4495
0.750       160.84954     0.029881967       6299.9766
0.750       164.87078     0.027993314       6355.5871
0.750       168.89202     0.026227305       6401.0516
0.750       172.91326     0.026092929       6834.0474
0.750       176.93450     0.025068406       7034.5211
0.750       180.95574     0.023471134       7045.6555
0.750       184.97698     0.024719984       7926.3176
0.750       188.99821     0.022934040       7843.7532
0.750       193.01945     0.021758331       7926.8215
0.750       197.04069     0.021260532       8239.7142
0.750       201.06193     0.020148182       8296.5143
0.750       205.08317     0.019810299       8656.6795
0.750       209.10441     0.018264679       8460.0291
0.750       213.12565     0.018250976       8950.8339
0.750       217.14688     0.017904413       9287.3359
0.750       221.16812     0.016429676       9004.6505
0.750       225.18936     0.016096578       9312.0955
0.750       229.21060     0.016476177       10051.498
0.750       233.23184     0.015764333       10132.331
0.750       237.25308     0.014933596       10103.462
0.750       241.27432     0.014862902       10575.652
0.750       245.29555     0.014352030       10731.307
0.750       249.31679     0.013338430       10471.998
0.750       253.33803     0.013773081       11344.948
0.750       257.35927     0.012169570       10509.086
0.750       265.40175     0.013427962       12717.206
0.750       273.44422     0.011737518       12157.739
0.750       281.48670     0.011265312       12728.790
0.750       289.52918     0.010316913       12685.192
0.750       297.57166     0.010111372       13497.553
0.750       305.61413    0.0095509907       13811.441
0.750       313.65661    0.0086936300       13590.478
0.750       321.69909    0.0084699340       14285.642
0.750       329.74156    0.0092613413       16821.520
0.750       337.78404    0.0079276644       15478.644
0.750       345.82652    0.0077008075       16135.462
0.750       353.86900    0.0079371742       17818.195
0.750       361.91147    0.0070289623       16879.848
0.750       369.95395    0.0067753662       17379.851
0.750       377.99643    0.0068398203       18714.492
0.750       386.03891    0.0060003073       17487.873
0.750       394.08138    0.0059334087       18396.376
0.750       402.12386    0.0054768985       18041.992
0.750       410.16634    0.0065612767       22937.108
0.750       418.20881    0.0059330895       21985.214
0.750       426.25129    0.0056631377       22219.000
0.750       434.29377    0.0057696415       23942.521
0.750       442.33625    0.0040634699       17816.602
0.750       450.37872    0.0047817535       22130.491
0.750       458.42120    0.0053995126       26352.322
0.750       466.46368    0.0052505969       26998.052
0.750       474.50615    0.0045579479       24669.773
0.750       482.54863    0.0046478043       26457.046
0.750       490.59111    0.0044391037       26553.671
0.750       498.63359    0.0046746428       29360.488
0.750       506.67606    0.0042327346       27892.180
0.750       514.71854    0.0040688689       28109.517
0.500     0.015707963       14978.331    0.0029409883
0.500     0.031415927       12668.961     0.019900357
0.500     0.047123890       8549.0540     0.045322276
0.500     0.062831853       5390.5148     0.067739207
0.500     0.078539816       5148.5649      0.12636479
0.500     0.094247780       3725.3479      0.15799759
0.500      0.10995574       3459.5688      0.23299467
0.500      0.12566371       2627.8345      0.26417874
0.500      0.14137167       2200.6631      0.31500030
0.500      0.15707963       1879.6834      0.36907497
0.500      0.17278760       1575.6674      0.41178686
0.500      0.18849556       1523.1003      0.51677577
0.500      0.20420352       1281.3751      0.55275952
0.500      0.21991149       1122.7069      0.60489552
0.500      0.23561945       1037.9594      0.68783464
0.500      0.25132741       987.81443      0.79444750
0.500      0.26703538       867.96090      0.83729176
0.500      0.28274334       789.30267      0.90383880
0.500      0.29845130       740.97975      0.99792301
0.500      0.31415927       701.55961       1.1020073
0.500      0.32986723       642.77714       1.1688215
0.500      0.34557519       607.60429       1.2703365
0.500      0.36128316       570.44103       1.3627750
0.500      0.37699112       550.91518       1.4953689
0.500      0.39269908       511.26557       1.5685431
0.500      0.40840704       485.02670       1.6738463
0.500      0.42411501       456.87651       1.7657126
0.500      0.43982297       429.42952       1.8509551
0.500      0.45553093       413.64435       1.9808472
0.500      0.47123890       404.37097       2.1437475
0.500      0.48694686       388.45497       2.2722476
0.500      0.50265482       374.17739       2.4074505
0.500      0.51836279       358.01342       2.5262191
0.500      0.53407075       349.99477       2.7010225
0.500      0.54977871       323.96433       2.7272893
0.500      0.56548668       323.08011       2.9596994
0.500      0.58119464       312.89900       3.1119974
0.500      0.59690260       302.90128       3.2634863
0.500      0.61261057       299.14424       3.4842102
0.500      0.62831853       282.77237       3.5534224
0.500      0.64402649       279.18481       3.7780982
0.500      0.65973446       267.08846       3.8853745
0.500      0.67544242       260.60656       4.0683715
0.500      0.69115038       251.54522       4.2073050
0.500      0.70685835       248.04259       4.4380652
0.500      0.72256631       244.35390       4.6700621
0.500      0.73827427       235.70724       4.8050332
0.500      0.75398224       232.91066       5.0575823
0.500      0.76969020       227.53887       5.2562223
0.500      0.78539816       220.62022       5.4148348
0.500      0.80110613       213.74374       5.5671614
0.500      0.81681409       211.10667       5.8282996
0.500      0.83252205       205.22099       5.9990057
0.500      0.84823002       204.20781       6.3136939
0.500      0.86393798       196.65983       6.4244153
0.500      0.87964594       192.81856       6.6487930
0.500      0.89535391       188.69412       6.8614012
0.500      0.91106187       184.58995       7.0716689
0.500      0.92676983       182.37824       7.3545980
0.500      0.94247780       178.85010       7.5853010
0.500      0.95818576       176.43324       7.8632089
0.500      0.97389372       173.11979       8.1012432
0.500      0.98960169       171.08140       8.3995172
0.500       1.0053096       166.59669       8.5750403
0.500       1.0367256       162.58620       9.1779433
0.500       1.0681415       158.59225       9.7912602
0.500       1.0995574       153.42822       10.333068
0.500       1.1309734       145.50314       10.663499
0.500       1.1623893       139.70215       11.115478
0.500       1.1938052       136.60749       11.774573
0.500       1.2252211       133.42975       12.432726
0.500       1.2566371       127.77788       12.845633
0.500       1.2880530       124.76600       13.507273
0.500       1.3194689       120.96839       14.077957
0.500       1.3508848       119.93967       14.979182
0.500       1.3823008       115.61668       15.470288
0.500       1.4137167       113.55359       16.253926
0.500       1.4451326       107.64040       16.457682
0.500       1.4765485       107.24683       17.490327
0.500       1.5079645       104.02574       18.071092
0.500       1.5393804       101.42491       18.743589
0.500       1.5707963       99.046154       19.447667
0.500       1.6022123       96.115634       20.027394
0.500       1.6336282       94.993775       20.980945
0.500       1.6650441       93.358399       21.832370
0.500       1.6964600       89.086976       22.035118
0.500       1.7278760       88.666886       23.172314
0.500       1.7592919       86.896925       23.971122
0.500       1.7907078       84.007837       24.437921
0.500       1.8221237       82.018203       25.137038
0.500       1.8535397       81.271524       26.218891
0.500       1.8849556       79.182127       26.865863
0.500       1.9163715       77.285458       27.555428
0.500       1.9477874       75.186587       28.147208
0.500       1.9792034       73.384727       28.823533
0.500       2.0106193       71.522484       29.451159
0.500       2.0734512       69.498096       31.385178
0.500       2.1362830       66.559973       32.874545
0.500       2.1991149       63.294776       34.102158
0.500       2.2619467       60.705022       35.591148
0.500       2.3247786       57.789578       36.784475
0.500       2.3876104       56.642844       39.057614
0.500       2.4504423       53.536414       39.907357
0.500       2.5132741       52.237047       42.011526
0.500       2.5761060       49.932841       43.246176
0.500       2.6389378       48.813343       45.446065
0.500       2.7017697       45.723377       45.682886
0.500       2.7646015       44.219320       47.334735
0.500       2.8274334       42.669931       48.861787
0.500       2.8902652       41.192271       50.384749
0.500       2.9530971       39.516741       51.556634
0.500       3.0159289       37.874820       52.636155
0.500       3.0787608       36.830062       54.450334
0.500       3.1415927       35.922022       56.426180
0.500       3.2044245       34.796705       58.004076
0.500       3.2672564       33.051115       58.399080
0.500       3.3300882       32.397815       60.611244
0.500       3.3929201       31.221106       61.778793
0.500       3.4557519       30.753348       64.296944
0.500       3.5185838       29.446476       64.984125
0.500       3.5814156       28.184732       65.591618
0.500       3.6442475       27.542478       67.530016
0.500       3.7070793       26.756468       69.054929
0.500       3.7699112       25.578083       69.427513
0.500       3.8327430       25.239225       71.990531
0.500       3.8955749       24.296474       72.765945
0.500       3.9584067       23.681171       74.410581
0.500       4.0212386       22.920980       75.506262
0.500       4.1469023       21.756684       78.602140
0.500       4.2725660       20.721518       81.876291
0.500       4.3982297       19.767254       85.202105
0.500       4.5238934       18.111374       84.949093
0.500       4.6495571       17.760098       90.437880
0.500       4.7752208       16.802424       92.687802
0.500       4.9008845       15.867485       94.624100
0.500       5.0265482       15.004706       96.540007
0.500       5.1522120       14.558953       100.87454
0.500       5.2778757       13.872115       103.32143
0.500       5.4035394       13.126566       104.91953
0.500       5.5292031       12.608828       107.97733
0.500       5.6548668       12.010883       110.03030
0.500       5.7805305       11.471857       112.25535
0.500       5.9061942       11.247991       117.40008
0.500       6.0318579       10.522319       116.98631
0.500       6.1575216       10.268725       121.45199
0.500       6.2831853       9.7614254       122.66569
0.500       6.4088490       9.5321674       127.11653
0.500       6.5345127       9.0021152       127.24902
0.500       6.6601764       8.8254653       132.08852
0.500       6.7858401       8.4204575       133.29591
0.500       6.9115038       8.1920024       137.01812
0.500       7.0371675       7.8897682       139.29264
0.500       7.1628313       7.6656452       142.71615
0.500       7.2884950       7.4347008       145.83015
0.500       7.4141587       7.0903093       146.39325
0.500       7.5398224       6.8914348       149.64536
0.500       7.6654861       6.6810428       152.45217
0.500       7.7911498       6.4706321       155.03210
0.500       7.9168135       6.2888183       158.08496
0.500       8.0424772       6.1322071       161.60567
0.500       8.2938046       5.7463895       166.08359
0.500       8.5451320       5.4659173       172.77848
0.500       8.7964594       5.1271167       176.79386
0.500       9.0477868       4.7994606       180.09007
0.500       9.2991143       4.6287325       188.56327
0.500       9.5504417       4.4052348       194.40601
0.500       9.8017691       4.2217644       201.40843
0.500       10.053096       3.9763366       204.66942
0.500       10.304424       3.7939146       210.29501
0.500       10.555751       3.6094076       215.06693
0.500       10.807079       3.4990796       223.74278
0.500       11.058406       3.3162233       227.19127
0.500       11.309734       3.1771399       232.84329
0.500       11.561061       3.0380478       237.82524
0.500       11.812388       2.9282780       244.50949
0.500       12.063716       2.8153337       250.40525
0.500       12.315043       2.7248667       257.82400
0.500       12.566371       2.6023341       261.61515
0.500       12.817698       2.5095023       267.72441
0.500       13.069025       2.4011845       271.53474
0.500       13.320353       2.3304923       279.03913
0.500       13.571680       2.2722215       287.75427
0.500       13.823008       2.1457031       287.10949
0.500       14.074335       2.0917168       295.43150
0.500       14.325663       2.0530252       305.77973
0.500       14.576990       1.9809566       310.84851
0.500       14.828317       1.9039253       314.48199
0.500       15.079645       1.8378878       319.27329
0.500       15.330972       1.8078067       330.01322
0.500       15.582300       1.7556437       336.51258
0.500       15.833627       1.7012315       342.11720
0.500       16.084954       1.6249862       342.59374
0.500       16.587609       1.5711397       363.27578
0.500       17.090264       1.4863046       375.85851
0.500       17.592919       1.3924182       384.10827
0.500       18.095574       1.2998375       390.19023
0.500       18.598229       1.2759975       415.84819
0.500       19.100883       1.1993821       423.43639
0.500       19.603538       1.1489779       438.51586
0.500       20.106193       1.0843266       446.49840
0.500       20.608848       1.0386920       460.59390
0.500       21.111503      0.99473783       474.17246
0.500       21.614157      0.95103938       486.50095
0.500       22.116812      0.91639590       502.25121
0.500       22.619467      0.86414578       506.64572
0.500       23.122122      0.83682069       524.06569
0.500       23.624777      0.81420523       543.88526
0.500       24.127432      0.78852332       561.07133
0.500       24.630086      0.76207046       576.85040
0.500       25.132741      0.73320807       589.68092
0.500       25.635396      0.71328786       608.77272
0.500       26.138051      0.67953295       614.75261
0.500       26.640706      0.66638497       638.31144
0.500       27.143361      0.64338837       651.82995
0.500       27.646015      0.61393557       657.18961
0.500       28.148670      0.60751188       686.43383
0.500       28.651325      0.58116061       692.46936
0.500       29.153980      0.56915094       714.48196
0.500       29.656635      0.54553505       720.87260
0.500       30.159289      0.53138776       738.49086
0.500       30.661944      0.52309800       763.92794
0.500       31.164599      0.51272571       786.21258
0.500       31.667254      0.49521800       796.70565
0.500       32.169909      0.47646580       803.62137
0.500       33.175218      0.45491119       841.46925
0.500       34.180528      0.43579445       881.63385
0.500       35.185838      0.41577341       917.55193
0.500       36.191147      0.40493400       972.43718
0.500       37.196457      0.37550170       979.00945
0.500       38.201767      0.36882358       1041.6919
0.500       39.207076      0.34445139       1051.6993
0.500       40.212386      0.33741288       1111.5051
0.500       41.217696      0.31898643       1131.6017
0.500       42.223005      0.30694420       1170.5153
0.500       43.228315      0.29762158       1217.9784
0.500       44.233625      0.28701856       1258.4554
0.500       45.238934      0.27985979       1312.6467
0.500       46.244244      0.26961400       1350.7835
0.500       47.249554      0.25986937       1388.7321
0.500       48.254863      0.25338394       1442.3565
0.500       49.260173      0.24211396       1466.1483
0.500       50.265482      0.24005518       1544.5107
0.500       51.270792      0.22961989       1567.7971
0.500       52.276102      0.22554969       1632.3831
0.500       53.281411      0.21406784       1640.3966
0.500       54.286721      0.20994448       1701.5925
0.500       55.292031      0.20725705       1774.8726
0.500       56.297340      0.19703127       1781.0211
0.500       57.302650      0.19148886       1825.3153
0.500       58.307960      0.18768969       1884.9256
0.500       59.313269      0.18287946       1933.2623
0.500       60.318579      0.17940487       1994.6091
0.500       61.323889      0.17342293       2026.1231
0.500       62.329198      0.16945675       2078.7571
0.500       63.334508      0.16866523       2170.7860
0.500       64.339818      0.16361574       2207.6734
0.500       66.350437      0.15305549       2264.9079
0.500       68.361056      0.14720967       2382.4999
0.500       70.371675      0.14382900       2539.2788
0.500       72.382295      0.14021180       2693.7163
0.500       74.392914      0.12999141       2711.3127
0.500       76.403533      0.12575356       2841.3903
0.500       78.414153      0.12208164       2981.9747
0.500       80.424772      0.11629967       3064.9137
0.500       82.435391      0.11137927       3160.9361
0.500       84.446011      0.10893357       3323.2991
0.500       86.456630      0.10790260       3532.6211
0.500       88.467249      0.10029240       3517.9192
0.500       90.477868     0.097728718       3667.0729
0.500       92.488488     0.096677584       3874.8873
0.500       94.499107     0.091825655       3925.7027
0.500       96.509726     0.087030194       3963.2682
0.500       98.520346     0.086391369       4185.2210
0.500       100.53096     0.083768732       4311.7319
0.500       102.54158     0.079114543       4321.4217
0.500       104.55220     0.078770084       4560.6962
0.500       106.56282     0.076458234       4687.1804
0.500       108.57344     0.074665256       4841.2737
0.500       110.58406     0.072683493       4979.4762
0.500       112.59468     0.069695338       5039.9660
0.500       114.60530     0.070243525       5356.6178
0.500       116.61592     0.065522925       5264.2566
0.500       118.62654     0.065791661       5563.9944
0.500       120.63716     0.064151544       5705.8541
0.500       122.64778     0.061406112       5739.3261
0.500       124.65840     0.060639474       5951.0047
0.500       126.66902     0.058607441       6034.4015
0.500       128.67964     0.058176406       6279.8115
0.500       132.70087     0.054453022       6446.3458
0.500       136.72211     0.052086583       6743.9199
0.500       140.74335     0.051713387       7303.9350
0.500       144.76459     0.047612488       7317.7601
0.500       148.78583     0.047691255       7957.8127
0.500       152.80707     0.043028008       7777.7113
0.500       156.82831     0.041631029       8135.0599
0.500       160.84954     0.040988390       8641.5296
0.500       164.87078     0.039463772       8959.8336
0.500       168.89202     0.037509441       9154.5763
0.500       172.91326     0.036063736       9445.5200
0.500       176.93450     0.034653012       9724.0862
0.500       180.95574     0.033326070       10003.948
0.500       184.97698     0.032774726       10509.023
0.500       188.99821     0.030257619       10348.517
0.500       193.01945     0.030369425       11063.946
0.500       197.04069     0.029277551       11346.784
0.500       201.06193     0.027918332       11496.067
0.500       205.08317     0.027794441       12145.580
0.500       209.10441     0.025640262       11876.331
0.500       213.12565     0.024874727       12199.322
0.500       217.14688     0.024836639       12883.204
0.500       221.16812     0.023447357       12850.847
0.500       225.18936     0.023306794       13483.307
0.500       229.21060     0.022280134       13592.275
0.500       233.23184     0.022120677       14217.793
0.500       237.25308     0.021968999       14863.329
0.500       241.27432     0.020009039       14237.370
0.500       245.29555     0.020119686       15043.902
0.500       249.31679     0.020064906       15752.953
0.500       253.33803     0.018799397       15485.148
0.500       257.35927     0.018437468       15921.757
0.500       265.40175     0.016540218       15664.727
0.500       273.44422     0.015615595       16174.656
0.500       281.48670     0.014513378       16398.813
0.500       289.52918     0.015068544       18527.575
0.500       297.57166     0.014285647       19069.744
0.500       305.61413     0.012435808       17983.100
0.500       313.65661     0.012835758       20065.738
0.500       321.69909     0.013802354       23279.461
0.500       329.74156     0.011410194       20724.514
0.500       337.78404     0.011149746       21769.708
0.500       345.82652     0.012173661       25507.409
0.500       353.86900    0.0099480049       22332.317
0.500       361.91147    0.0094084717       22594.170
0.500       369.95395    0.0086183414       22107.364
0.500       377.99643    0.0090050110       24638.689
0.500       386.03891    0.0091243441       26592.866
0.500       394.08138    0.0086390668       26785.197
0.500       402.12386    0.0085754282       28249.164
0.500       410.16634    0.0080983672       28310.515
0.500       418.20881    0.0075064197       27815.229
0.500       426.25129    0.0080440129       31560.229
0.500       434.29377    0.0071934767       29851.070
0.500       442.33625    0.0067312661       29513.764
0.500       450.37872    0.0072250080       33438.146
0.500       458.42120    0.0056061489       27360.811
0.500       466.46368    0.0066130511       34003.658
0.500       474.50615    0.0058283112       31545.581
0.500       482.54863    0.0056176126       31977.559
0.500       490.59111    0.0054567841       32641.195
0.500       498.63359    0.0059274542       37229.144
0.500       506.67606    0.0054232095       35736.976
0.500       514.71854    0.0055233078       38157.415
0.375     0.015707963       16933.761    0.0033249362
0.375     0.031415927       14287.425     0.022442635
0.375     0.047123890       9646.6125     0.051140914
0.375     0.062831853       6074.0857     0.076329212
0.375     0.078539816       5832.8041      0.14315855
0.375     0.094247780       4212.0300      0.17863851
0.375      0.10995574       3913.6593      0.26357671
0.375      0.12566371       2972.7295      0.29885137
0.375      0.14137167       2498.4843      0.35763008
0.375      0.15707963       2141.9975      0.42058023
0.375      0.17278760       1794.6349      0.46901211
0.375      0.18849556       1734.2142      0.58840502
0.375      0.20420352       1474.4318      0.63604028
0.375      0.21991149       1290.2107      0.69514376
0.375      0.23561945       1192.0674      0.78995888
0.375      0.25132741       1140.9228      0.91758453
0.375      0.26703538       1005.4327      0.96990600
0.375      0.28274334       914.29463       1.0469684
0.375      0.29845130       861.68829       1.1604886
0.375      0.31415927       813.56873       1.2779508
0.375      0.32986723       750.72294       1.3651094
0.375      0.34557519       712.58560       1.4898240
0.375      0.36128316       671.74278       1.6047833
0.375      0.37699112       647.47326       1.7574600
0.375      0.39269908       600.74460       1.8430613
0.375      0.40840704       571.54453       1.9724228
0.375      0.42411501       539.45273       2.0848488
0.375      0.43982297       508.90042       2.1934957
0.375      0.45553093       489.25757       2.3429415
0.375      0.47123890       478.52984       2.5368961
0.375      0.48694686       462.58552       2.7058705
0.375      0.50265482       444.49848       2.8598951
0.375      0.51836279       427.79596       3.0186196
0.375      0.53407075       416.76219       3.2162882
0.375      0.54977871       388.66853       3.2720008
0.375      0.56548668       388.95867       3.5632053
0.375      0.58119464       376.22764       3.7418447
0.375      0.59690260       362.74674       3.9082667
0.375      0.61261057       359.18791       4.1835544
0.375      0.62831853       341.30035       4.2889067
0.375      0.64402649       337.42199       4.5661991
0.375      0.65973446       323.83586       4.7108872
0.375      0.67544242       315.67120       4.9279945
0.375      0.69115038       305.12603       5.1034890
0.375      0.70685835       301.45498       5.3937385
0.375      0.72256631       296.68545       5.6702164
0.375      0.73827427       286.61653       5.8428495
0.375      0.75398224       283.38813       6.1536849
0.375      0.76969020       277.43671       6.4088787
0.375      0.78539816       268.88423       6.5994120
0.375      0.80110613       261.01903       6.7984919
0.375      0.81681409       257.80797       7.1176440
0.375      0.83252205       250.62053       7.3261219
0.375      0.84823002       249.99090       7.7292146
0.375      0.86393798       241.29535       7.8825532
0.375      0.87964594       235.93013       8.1353714
0.375      0.89535391       232.93369       8.4700654
0.375      0.91106187       226.56350       8.6796820
0.375      0.92676983       223.25758       9.0031015
0.375      0.94247780       219.61086       9.3140263
0.375      0.95818576       216.69469       9.6575656
0.375      0.97389372       212.58876       9.9482172
0.375      0.98960169       210.36672       10.328294
0.375       1.0053096       204.23048       10.512122
0.375       1.0367256       201.16248       11.355563
0.375       1.0681415       193.82831       11.966684
0.375       1.0995574       188.55028       12.698464
0.375       1.1309734       180.83744       13.253047
0.375       1.1623893       173.48488       13.803419
0.375       1.1938052       168.43574       14.517938
0.375       1.2252211       166.15811       15.482292
0.375       1.2566371       158.24421       15.908443
0.375       1.2880530       154.53445       16.730031
0.375       1.3194689       149.26655       17.371217
0.375       1.3508848       148.57310       18.555191
0.375       1.3823008       142.81947       19.110204
0.375       1.4137167       140.55500       20.118876
0.375       1.4451326       133.21131       20.367348
0.375       1.4765485       133.65572       21.797215
0.375       1.5079645       129.46676       22.490643
0.375       1.5393804       123.98179       22.912159
0.375       1.5707963       122.32849       24.019143
0.375       1.6022123       118.23602       24.636569
0.375       1.6336282       116.75419       25.787093
0.375       1.6650441       115.27884       26.958585
0.375       1.6964600       109.94945       27.195322
0.375       1.7278760       109.26492       28.555429
0.375       1.7592919       106.10945       29.271030
0.375       1.7907078       103.46421       30.097790
0.375       1.8221237       101.34641       31.060772
0.375       1.8535397       100.22451       32.333287
0.375       1.8849556       97.605446       33.116748
0.375       1.9163715       94.852124       33.818664
0.375       1.9477874       92.642914       34.682241
0.375       1.9792034       89.975220       35.339829
0.375       2.0106193       88.448639       36.420924
0.375       2.0734512       84.830272       38.309153
0.375       2.1362830       82.467632       40.731475
0.375       2.1991149       77.697014       41.861841
0.375       2.2619467       74.010808       43.392284
0.375       2.3247786       71.032566       45.213960
0.375       2.3876104       68.273073       47.077144
0.375       2.4504423       65.124408       48.545332
0.375       2.5132741       63.948042       51.430067
0.375       2.5761060       60.881984       52.729084
0.375       2.6389378       59.566757       55.457679
0.375       2.7017697       55.692151       55.642832
0.375       2.7646015       54.097340       57.908698
0.375       2.8274334       51.418018       58.879313
0.375       2.8902652       49.983773       61.138165
0.375       2.9530971       48.683892       63.516818
0.375       3.0159289       45.984619       63.906667
0.375       3.0787608       44.781929       66.206541
0.375       3.1415927       43.771733       68.756478
0.375       3.2044245       42.423968       70.718278
0.375       3.2672564       40.392430       71.370687
0.375       3.3300882       39.258229       73.446004
0.375       3.3929201       37.681180       74.561673
0.375       3.4557519       36.557609       76.432088
0.375       3.5185838       35.581516       78.523272
0.375       3.5814156       34.203687       79.598953
0.375       3.6442475       33.601882       82.386765
0.375       3.7070793       32.299148       83.359858
0.375       3.7699112       30.901316       83.876556
0.375       3.8327430       30.524464       87.065764
0.375       3.8955749       29.371434       87.965035
0.375       3.9584067       28.595644       89.852754
0.375       4.0212386       28.012106       92.277443
0.375       4.1469023       26.331792       95.131006
0.375       4.2725660       24.388178       96.364253
0.375       4.3982297       23.784662       102.51820
0.375       4.5238934       22.016286       103.26458
0.375       4.6495571       21.054570       107.21397
0.375       4.7752208       19.999385       110.32331
0.375       4.9008845       19.652146       117.19354
0.375       5.0265482       18.102047       116.46824
0.375       5.1522120       17.577865       121.79166
0.375       5.2778757       16.680271       124.23696
0.375       5.4035394       15.835998       126.57580
0.375       5.5292031       15.346132       131.41859
0.375       5.6548668       14.556719       133.35242
0.375       5.7805305       13.888375       135.90166
0.375       5.9061942       13.185680       137.62457
0.375       6.0318579       12.906948       143.49842
0.375       6.1575216       12.163253       143.85926
0.375       6.2831853       11.761580       147.80037
0.375       6.4088490       11.585956       154.50489
0.375       6.5345127       11.022190       155.80370
0.375       6.6601764       10.664578       159.61406
0.375       6.7858401       10.281107       162.75001
0.375       6.9115038       9.8299134       164.41355
0.375       7.0371675       9.4740750       167.26333
0.375       7.1628313       9.1628282       170.59015
0.375       7.2884950       8.8261306       173.12277
0.375       7.4141587       8.5767871       177.08449
0.375       7.5398224       8.3405966       181.11346
0.375       7.6654861       8.0878909       184.55450
0.375       7.7911498       7.8830150       188.87187
0.375       7.9168135       7.5462270       189.69303
0.375       8.0424772       7.3714303       194.26365
0.375       8.2938046       6.8681274       198.50434
0.375       8.5451320       6.4781915       204.77662
0.375       8.7964594       6.1835098       213.22053
0.375       9.0477868       5.7471086       215.64865
0.375       9.2991143       5.5902850       227.73457
0.375       9.5504417       5.2726759       232.68678
0.375       9.8017691       5.0315188       240.03952
0.375       10.053096       4.7113629       242.50258
0.375       10.304424       4.5423150       251.77851
0.375       10.555751       4.3909850       261.63730
0.375       10.807079       4.1711440       266.71681
0.375       11.058406       3.9179068       268.41202
0.375       11.309734       3.7826025       277.21587
0.375       11.561061       3.6892296       288.80122
0.375       11.812388       3.4815789       290.70978
0.375       12.063716       3.4053072       302.87948
0.375       12.315043       3.2010875       302.88351
0.375       12.566371       3.0807308       309.70884
0.375       12.817698       2.9657293       316.39665
0.375       13.069025       2.8835338       326.08056
0.375       13.320353       2.7574659       330.16239
0.375       13.571680       2.6428320       334.68841
0.375       13.823008       2.5835627       345.69804
0.375       14.074335       2.4689391       348.70992
0.375       14.325663       2.3836219       355.01914
0.375       14.576990       2.3213313       364.25956
0.375       14.828317       2.2736226       375.54696
0.375       15.079645       2.1714935       377.22644
0.375       15.330972       2.1063652       384.51477
0.375       15.582300       2.0596013       394.77356
0.375       15.833627       2.0159503       405.40706
0.375       16.084954       1.9392050       408.84011
0.375       16.587609       1.8056080       417.48908
0.375       17.090264       1.7117652       432.87326
0.375       17.592919       1.6418776       452.92338
0.375       18.095574       1.5956895       479.00024
0.375       18.598229       1.4706106       479.27270
0.375       19.100883       1.4136754       499.09166
0.375       19.603538       1.3028751       497.25188
0.375       20.106193       1.2705501       523.18055
0.375       20.608848       1.2222084       541.97175
0.375       21.111503       1.1720274       558.68300
0.375       21.614157       1.1117308       568.70207
0.375       22.116812       1.0616892       581.88246
0.375       22.619467       1.0232648       599.93665
0.375       23.122122      0.98501362       616.87270
0.375       23.624777      0.93930712       627.45273
0.375       24.127432      0.91550887       651.42751
0.375       24.630086      0.88289859       668.31143
0.375       25.132741      0.85538763       687.94355
0.375       25.635396      0.82014821       699.97527
0.375       26.138051      0.78640334       711.43496
0.375       26.640706      0.76896377       736.56879
0.375       27.143361      0.75223439       762.10409
0.375       27.646015      0.70837114       758.27852
0.375       28.148670      0.69954059       790.41801
0.375       28.651325      0.67522064       804.54455
0.375       29.153980      0.65754729       825.45005
0.375       29.656635      0.63805136       843.12409
0.375       30.159289      0.62025713       861.99619
0.375       30.661944      0.60892378       889.26718
0.375       31.164599      0.58219732       892.74022
0.375       31.667254      0.57162706       919.63239
0.375       32.169909      0.55496807       936.02564
0.375       33.175218      0.53361094       987.04364
0.375       34.180528      0.50147533       1014.5095
0.375       35.185838      0.47991612       1059.1057
0.375       36.191147      0.46410714       1114.5398
0.375       37.196457      0.44325003       1155.6432
0.375       38.201767      0.42455113       1199.0868
0.375       39.207076      0.40126482       1225.1654
0.375       40.212386      0.39071462       1287.0916
0.375       41.217696      0.37275867       1322.3583
0.375       42.223005      0.35958302       1371.2507
0.375       43.228315      0.34176175       1398.6165
0.375       44.233625      0.33590537       1472.8034
0.375       45.238934      0.32264403       1513.3207
0.375       46.244244      0.30477068       1526.9207
0.375       47.249554      0.30137612       1610.5426
0.375       48.254863      0.29238848       1664.3849
0.375       49.260173      0.28214405       1708.5550
0.375       50.265482      0.27177999       1748.6275
0.375       51.270792      0.26535633       1811.7981
0.375       52.276102      0.25358713       1835.2999
0.375       53.281411      0.24787608       1899.4683
0.375       54.286721      0.23945465       1940.7713
0.375       55.292031      0.23419014       2005.5176
0.375       56.297340      0.22700334       2051.9470
0.375       57.302650      0.22528356       2147.4541
0.375       58.307960      0.21755842       2184.8906
0.375       59.313269      0.20910571       2210.5062
0.375       60.318579      0.20807785       2313.3930
0.375       61.323889      0.20337502       2376.0574
0.375       62.329198      0.19586137       2402.6675
0.375       63.334508      0.19363114       2492.1069
0.375       64.339818      0.18630789       2513.8594
0.375       66.350437      0.17909834       2650.2886
0.375       68.361056      0.17254174       2792.4842
0.375       70.371675      0.16228952       2865.1965
0.375       72.382295      0.15785291       3032.6332
0.375       74.392914      0.14934656       3115.0154
0.375       76.403533      0.14465696       3268.5107
0.375       78.414153      0.14208303       3470.5301
0.375       80.424772      0.13888186       3660.0354
0.375       82.435391      0.13284587       3770.1568
0.375       84.446011      0.12736793       3885.6864
0.375       86.456630      0.12328596       4036.2569
0.375       88.467249      0.12103782       4245.5985
0.375       90.477868      0.11319481       4247.4067
0.375       92.488488      0.10941198       4385.2887
0.375       94.499107      0.10454233       4469.3620
0.375       96.509726      0.10430396       4749.8981
0.375       98.520346     0.099647573       4827.4164
0.375       100.53096     0.096428434       4963.3503
0.375       102.54158     0.093461850       5105.1052
0.375       104.55220     0.092857929       5376.3660
0.375       106.56282     0.089027208       5457.7063
0.375       108.57344     0.086562199       5612.6681
0.375       110.58406     0.084920685       5817.8344
0.375       112.59468     0.082682645       5979.1333
0.375       114.60530     0.080424944       6133.0307
0.375       116.61592     0.079429880       6381.5722
0.375       118.62654     0.077089988       6519.4929
0.375       120.63716     0.074436941       6620.6719
0.375       122.64778     0.073781989       6896.0382
0.375       124.65840     0.071900122       7056.0962
0.375       126.66902     0.069305102       7135.8655
0.375       128.67964     0.068892408       7436.5429
0.375       132.70087     0.064673101       7656.2357
0.375       136.72211     0.061329441       7940.6406
0.375       140.74335     0.057923867       8181.0956
0.375       144.76459     0.054157156       8323.6372
0.375       148.78583     0.053478616       8923.4977
0.375       152.80707     0.051172444       9249.8936
0.375       156.82831     0.049831204       9737.4444
0.375       160.84954     0.047862531       10090.796
0.375       164.87078     0.046279904       10507.365
0.375       168.89202     0.043255831       10557.044
0.375       172.91326     0.043055432       11276.728
0.375       176.93450     0.041094202       11531.568
0.375       180.95574     0.039278916       11790.896
0.375       184.97698     0.038971008       12495.825
0.375       188.99821     0.036154891       12365.464
0.375       193.01945     0.034668820       12630.268
0.375       197.04069     0.033940215       13153.842
0.375       201.06193     0.032906962       13550.259
0.375       205.08317     0.032540263       14219.403
0.375       209.10441     0.030763571       14249.400
0.375       213.12565     0.029965304       14695.897
0.375       217.14688     0.028828470       14953.838
0.375       221.16812     0.028018231       15356.016
0.375       225.18936     0.026804778       15506.939
0.375       229.21060     0.027009753       16477.638
0.375       233.23184     0.026226094       16856.499
0.375       237.25308     0.024942957       16875.388
0.375       241.27432     0.024409400       17368.433
0.375       245.29555     0.024114573       18030.961
0.375       249.31679     0.022639145       17773.987
0.375       253.33803     0.021915650       18052.019
0.375       257.35927     0.021311081       18403.278
0.375       265.40175     0.020939523       19831.172
0.375       273.44422     0.019805867       20514.946
0.375       281.48670     0.017977018       20312.415
0.375       289.52918     0.018090971       22243.809
0.375       297.57166     0.016995331       22686.870
0.375       305.61413     0.015843446       22910.797
0.375       313.65661     0.014737812       23039.158
0.375       321.69909     0.014950816       25216.491
0.375       329.74156     0.013159985       23902.687
0.375       337.78404     0.013063452       25506.190
0.375       345.82652     0.012648157       26501.618
0.375       353.86900     0.012813228       28764.468
0.375       361.91147     0.010981760       26372.377
0.375       369.95395     0.011968152       30700.142
0.375       377.99643     0.011106425       30388.386
0.375       386.03891     0.010101789       29441.626
0.375       394.08138     0.010521980       32623.119
0.375       402.12386     0.010395259       34244.049
0.375       410.16634    0.0093095750       32544.691
0.375       418.20881    0.0087601066       32460.798
0.375       426.25129    0.0086733322       34029.327
0.375       434.29377    0.0076423387       31713.731
0.375       442.33625    0.0079849105       35010.466
0.375       450.37872    0.0080398839       37209.482
0.375       458.42120    0.0072552707       35409.350
0.375       466.46368    0.0069135986       35549.043
0.375       474.50615    0.0067238670       36392.754
0.375       482.54863    0.0070462677       40110.000
0.375       490.59111    0.0060197955       36008.996
0.375       498.63359    0.0060151976       37780.242
0.375       506.67606    0.0058085063       38275.942
0.375       514.71854    0.0058583159       40471.796
0.250     0.015707963       19179.112    0.0037658098
0.250     0.031415927       16138.106     0.025349677
0.250     0.047123890       10901.612     0.057794214
0.250     0.062831853       6854.5342     0.086136617
0.250     0.078539816       6620.0748      0.16248108
0.250     0.094247780       4770.5680      0.20232695
0.250      0.10995574       4435.3205      0.29870949
0.250      0.12566371       3370.0722      0.33879661
0.250      0.14137167       2843.0254      0.40694729
0.250      0.15707963       2446.1892      0.48030813
0.250      0.17278760       2048.6924      0.53540780
0.250      0.18849556       1979.1966      0.67152559
0.250      0.20420352       1702.2832      0.73433084
0.250      0.21991149       1487.1762      0.80126547
0.250      0.23561945       1373.1999      0.90999168
0.250      0.25132741       1321.3893       1.0627243
0.250      0.26703538       1169.4613       1.1281387
0.250      0.28274334       1063.4287       1.2177434
0.250      0.29845130       1006.7131       1.3558024
0.250      0.31415927       947.09319       1.4876905
0.250      0.32986723       879.99733       1.6001811
0.250      0.34557519       839.64887       1.7554790
0.250      0.36128316       795.12855       1.8995501
0.250      0.37699112       763.87262       2.0734070
0.250      0.39269908       709.53068       2.1768129
0.250      0.40840704       677.31732       2.3374488
0.250      0.42411501       639.89232       2.4730226
0.250      0.43982297       606.76466       2.6153166
0.250      0.45553093       581.96258       2.7868843
0.250      0.47123890       568.60645       3.0144316
0.250      0.48694686       553.25896       3.2362601
0.250      0.50265482       529.92082       3.4095009
0.250      0.51836279       513.39431       3.6226199
0.250      0.53407075       496.77033       3.8337368
0.250      0.54977871       468.80215       3.9466046
0.250      0.56548668       469.97403       4.3053776
0.250      0.58119464       453.62918       4.5116567
0.250      0.59690260       436.43208       4.7021594
0.250      0.61261057       431.37074       5.0242864
0.250      0.62831853       412.86973       5.1882740
0.250      0.64402649       408.02857       5.5216901
0.250      0.65973446       394.26672       5.7354551
0.250      0.67544242       384.23310       5.9983255
0.250      0.69115038       372.06683       6.2231300
0.250      0.70685835       367.11601       6.5685689
0.250      0.72256631       361.52959       6.9095098
0.250      0.73827427       349.40893       7.1229101
0.250      0.75398224       345.35068       7.4991825
0.250      0.76969020       339.26687       7.8371756
0.250      0.78539816       328.70759       8.0676981
0.250      0.80110613       319.85477       8.3309254
0.250      0.81681409       315.81448       8.7191060
0.250      0.83252205       307.43165       8.9868205
0.250      0.84823002       306.19224       9.4668467
0.250      0.86393798       297.31907       9.7127168
0.250      0.87964594       289.25589       9.9741567
0.250      0.89535391       287.80994       10.465506
0.250      0.91106187       278.59897       10.673169
0.250      0.92676983       274.21255       11.057915
0.250      0.94247780       269.87442       11.445779
0.250      0.95818576       266.88575       11.894462
0.250      0.97389372       262.57445       12.287327
0.250      0.98960169       259.09564       12.720718
0.250       1.0053096       250.99844       12.919355
0.250       1.0367256       248.60048       14.033424
0.250       1.0681415       236.10593       14.576845
0.250       1.0995574       231.46056       15.588381
0.250       1.1309734       224.31680       16.439522
0.250       1.1623893       216.39572       17.217644
0.250       1.1938052       207.70887       17.902996
0.250       1.2252211       205.74341       19.170774
0.250       1.2566371       197.88659       19.893730
0.250       1.2880530       191.35053       20.715771
0.250       1.3194689       184.44390       21.465057
0.250       1.3508848       184.00241       22.979933
0.250       1.3823008       176.58069       23.627682
0.250       1.4137167       173.06946       24.772958
0.250       1.4451326       165.77008       25.345422
0.250       1.4765485       165.65194       27.015311
0.250       1.5079645       161.26422       28.014418
0.250       1.5393804       152.42375       28.168308
0.250       1.5707963       150.62839       29.575815
0.250       1.6022123       145.98729       30.419037
0.250       1.6336282       143.47550       31.688936
0.250       1.6650441       141.46608       33.082612
0.250       1.6964600       136.42319       33.743439
0.250       1.7278760       133.68146       34.936479
0.250       1.7592919       128.91721       35.562710
0.250       1.7907078       126.76950       36.877308
0.250       1.8221237       123.94774       37.987655
0.250       1.8535397       122.45421       39.504780
0.250       1.8849556       119.25340       40.461725
0.250       1.9163715       116.01617       41.364514
0.250       1.9477874       113.14660       42.358096
0.250       1.9792034       109.94724       43.184299
0.250       2.0106193       108.33105       44.608000
0.250       2.0734512       103.28733       46.644315
0.250       2.1362830       99.597650       49.192139
0.250       2.1991149       93.091720       50.156249
0.250       2.2619467       88.941987       52.146383
0.250       2.3247786       86.998341       55.376564
0.250       2.3876104       82.492115       56.881768
0.250       2.4504423       79.884949       59.548201
0.250       2.5132741       77.475476       62.309475
0.250       2.5761060       72.549736       62.834371
0.250       2.6389378       70.993491       66.096166
0.250       2.7017697       67.146577       67.087114
0.250       2.7646015       65.229722       69.825398
0.250       2.8274334       62.691322       71.788493
0.250       2.8902652       59.860180       73.218593
0.250       2.9530971       58.189835       75.919014
0.250       3.0159289       55.703413       77.413264
0.250       3.0787608       54.766450       80.967867
0.250       3.1415927       51.561937       80.993302
0.250       3.2044245       50.690233       84.497660
0.250       3.2672564       48.853448       86.320733
0.250       3.3300882       46.993608       87.917688
0.250       3.3929201       45.893722       90.812247
0.250       3.4557519       44.056300       92.109824
0.250       3.5185838       42.722626       94.282673
0.250       3.5814156       41.530673       96.650342
0.250       3.6442475       39.716169       97.378076
0.250       3.7070793       38.680378       99.828975
0.250       3.7699112       37.611819       102.09112
0.250       3.8327430       36.396234       103.81397
0.250       3.8955749       35.135629       105.22833
0.250       3.9584067       34.676964       108.96138
0.250       4.0212386       33.154931       109.21893
0.250       4.1469023       31.093620       112.33445
0.250       4.2725660       29.803238       117.76061
0.250       4.3982297       28.543887       123.03172
0.250       4.5238934       27.176173       127.46638
0.250       4.6495571       25.949043       132.13759
0.250       4.7752208       24.589292       135.64278
0.250       4.9008845       22.955437       136.89237
0.250       5.0265482       21.535397       138.55835
0.250       5.1522120       21.116803       146.31188
0.250       5.2778757       20.147825       150.06379
0.250       5.4035394       18.877047       150.88264
0.250       5.5292031       18.324592       156.92502
0.250       5.6548668       17.323964       158.70283
0.250       5.7805305       16.625605       162.68623
0.250       5.9061942       16.255444       169.66500
0.250       6.0318579       15.510258       172.44182
0.250       6.1575216       15.041678       177.90346
0.250       6.2831853       14.361653       180.47385
0.250       6.4088490       13.923063       185.67146
0.250       6.5345127       13.206981       186.68672
0.250       6.6601764       12.596898       188.53461
0.250       6.7858401       12.353128       195.55012
0.250       6.9115038       11.821660       197.72718
0.250       7.0371675       11.393827       201.15626
0.250       7.1628313       11.008387       204.95009
0.250       7.2884950       10.695306       209.78627
0.250       7.4141587       10.498756       216.76729
0.250       7.5398224       10.079425       218.87158
0.250       7.6654861       9.7064196       221.48709
0.250       7.7911498       9.3541410       224.11908
0.250       7.9168135       9.1291754       229.48434
0.250       8.0424772       8.8864558       234.19001
0.250       8.2938046       8.3407550       241.06659
0.250       8.5451320       7.8969942       249.62519
0.250       8.7964594       7.4563971       257.11239
0.250       9.0477868       7.1159852       267.01298
0.250       9.2991143       6.7332759       274.29723
0.250       9.5504417       6.4516864       284.71731
0.250       9.8017691       6.0186266       287.13164
0.250       10.053096       5.8185424       299.49116
0.250       10.304424       5.5051847       305.14995
0.250       10.555751       5.2022012       309.97370
0.250       10.807079       4.9904282       319.10456
0.250       11.058406       4.8853333       334.68949
0.250       11.309734       4.6378658       339.89561
0.250       11.561061       4.3343687       339.30416
0.250       11.812388       4.1957071       350.33907
0.250       12.063716       4.0139611       357.01521
0.250       12.315043       3.8930191       368.35334
0.250       12.566371       3.7079828       372.76709
0.250       12.817698       3.5774767       381.66047
0.250       13.069025       3.4474685       389.85237
0.250       13.320353       3.3100326       396.32341
0.250       13.571680       3.1799115       402.70420
0.250       13.823008       3.1026491       415.15528
0.250       14.074335       2.9892955       422.20441
0.250       14.325663       2.8470743       424.04622
0.250       14.576990       2.7633717       433.62381
0.250       14.828317       2.7013960       446.20468
0.250       15.079645       2.5871732       449.43729
0.250       15.330972       2.5250000       460.93610
0.250       15.582300       2.4562745       470.80580
0.250       15.833627       2.3765923       477.93207
0.250       16.084954       2.3110887       487.24386
0.250       16.587609       2.1782023       503.63958
0.250       17.090264       2.0609174       521.16731
0.250       17.592919       1.9486860       537.55861
0.250       18.095574       1.8661074       560.17532
0.250       18.598229       1.7941755       584.72266
0.250       19.100883       1.6690233       589.24109
0.250       19.603538       1.6180532       617.54190
0.250       20.106193       1.5311948       630.50750
0.250       20.608848       1.4534761       644.52428
0.250       21.111503       1.3726313       654.30702
0.250       21.614157       1.3349715       682.90011
0.250       22.116812       1.2517925       686.07279
0.250       22.619467       1.1976315       702.16724
0.250       23.122122       1.1791703       738.46492
0.250       23.624777       1.1221751       749.60768
0.250       24.127432       1.0757408       765.44005
0.250       24.630086       1.0348524       783.33312
0.250       25.132741       1.0184363       819.07504
0.250       25.635396      0.98178657       837.92942
0.250       26.138051      0.93005682       841.39386
0.250       26.640706      0.90937136       871.06128
0.250       27.143361      0.88653601       898.16780
0.250       27.646015      0.85139667       911.38073
0.250       28.148670      0.82866328       936.31504
0.250       28.651325      0.80729520       961.91514
0.250       29.153980      0.76950890       966.00073
0.250       29.656635      0.74822730       988.71110
0.250       30.159289      0.72576556       1008.6255
0.250       30.661944      0.71180309       1039.5113
0.250       31.164599      0.69203021       1061.1577
0.250       31.667254      0.66701969       1073.0998
0.250       32.169909      0.65101276       1098.0175
0.250       33.175218      0.60954845       1127.5086
0.250       34.180528      0.59324674       1200.1677
0.250       35.185838      0.56465075       1246.1027
0.250       36.191147      0.54132216       1299.9694
0.250       37.196457      0.51045395       1330.8575
0.250       38.201767      0.49675073       1403.0047
0.250       39.207076      0.47147870       1439.5465
0.250       40.212386      0.44665705       1471.3771
0.250       41.217696      0.44262816       1570.2197
0.250       42.223005      0.41842807       1595.6532
0.250       43.228315      0.39648645       1622.5703
0.250       44.233625      0.39204775       1718.9641
0.250       45.238934      0.36734923       1723.0048
0.250       46.244244      0.36299069       1818.6067
0.250       47.249554      0.34988809       1869.7888
0.250       48.254863      0.33663708       1916.2646
0.250       49.260173      0.32501198       1968.1465
0.250       50.265482      0.31533240       2028.8429
0.250       51.270792      0.30883146       2108.6372
0.250       52.276102      0.30141015       2181.4121
0.250       53.281411      0.28938111       2217.5203
0.250       54.286721      0.28134388       2280.2821
0.250       55.292031      0.27546854       2359.0105
0.250       56.297340      0.26458631       2391.6700
0.250       57.302650      0.26007115       2479.0573
0.250       58.307960      0.24965020       2507.1811
0.250       59.313269      0.24530527       2593.1803
0.250       60.318579      0.23885005       2655.5159
0.250       61.323889      0.23606428       2757.9703
0.250       62.329198      0.22995482       2820.8981
0.250       63.334508      0.22548218       2902.0420
0.250       64.339818      0.21934558       2959.6381
0.250       66.350437      0.20971618       3103.3700
0.250       68.361056      0.20136577       3258.9838
0.250       70.371675      0.18815066       3321.7709
0.250       72.382295      0.17848666       3429.0441
0.250       74.392914      0.17704002       3692.6354
0.250       76.403533      0.16714470       3776.6193
0.250       78.414153      0.16511882       4033.2039
0.250       80.424772      0.15960948       4206.2827
0.250       82.435391      0.15236821       4324.1997
0.250       84.446011      0.14311443       4366.0739
0.250       86.456630      0.14177867       4641.6894
0.250       88.467249      0.13714403       4810.5502
0.250       90.477868      0.13276722       4981.8220
0.250       92.488488      0.12846197       5148.8218
0.250       94.499107      0.12706672       5432.3183
0.250       96.509726      0.12092163       5506.6502
0.250       98.520346      0.11537387       5589.2753
0.250       100.53096      0.11348344       5841.2032
0.250       102.54158      0.11173371       6103.1573
0.250       104.55220      0.10802503       6254.5236
0.250       106.56282      0.10331981       6333.8968
0.250       108.57344      0.10160530       6588.0582
0.250       110.58406     0.098478363       6746.6579
0.250       112.59468     0.095178364       6882.7519
0.250       114.60530     0.094187239       7182.5132
0.250       116.61592     0.094304429       7576.6264
0.250       118.62654     0.090343453       7640.3371
0.250       120.63716     0.087660340       7796.8055
0.250       122.64778     0.085519496       7993.0851
0.250       124.65840     0.084529214       8295.4834
0.250       126.66902     0.081989234       8441.8626
0.250       128.67964     0.079586980       8590.9609
0.250       132.70087     0.077774972       9207.2825
0.250       136.72211     0.072328873       9364.7942
0.250       140.74335     0.070621709       9974.5231
0.250       144.76459     0.068406097       10513.616
0.250       148.78583     0.064575679       10775.165
0.250       152.80707     0.061200283       11062.518
0.250       156.82831     0.060609996       11843.713
0.250       160.84954     0.056998077       12016.831
0.250       164.87078     0.056048946       12725.323
0.250       168.89202     0.052657973       12851.736
0.250       172.91326     0.050038083       13105.567
0.250       176.93450     0.048595963       13636.660
0.250       180.95574     0.047135216       14149.231
0.250       184.97698     0.046594727       14940.325
0.250       188.99821     0.045135068       15436.807
0.250       193.01945     0.043190926       15734.973
0.250       197.04069     0.041765232       16186.499
0.250       201.06193     0.040957718       16865.358
0.250       205.08317     0.039778164       17382.212
0.250       209.10441     0.036710413       17003.921
0.250       213.12565     0.037367351       18326.085
0.250       217.14688     0.035378257       18351.328
0.250       221.16812     0.034221669       18755.949
0.250       225.18936     0.033669744       19478.418
0.250       229.21060     0.032440945       19791.005
0.250       233.23184     0.031093995       19985.283
0.250       237.25308     0.030574847       20685.695
0.250       241.27432     0.029699105       21132.306
0.250       245.29555     0.028908869       21615.754
0.250       249.31679     0.028217451       22153.515
0.250       253.33803     0.026658197       21958.477
0.250       257.35927     0.026592569       22964.131
0.250       265.40175     0.025799064       24433.492
0.250       273.44422     0.025597319       26513.741
0.250       281.48670     0.023448267       26494.435
0.250       289.52918     0.023532486       28934.440
0.250       297.57166     0.019845119       26491.018
0.250       305.61413     0.019208802       27777.352
0.250       313.65661     0.018881087       29516.210
0.250       321.69909     0.017395805       29340.281
0.250       329.74156     0.016621176       30189.303
0.250       337.78404     0.016492544       32201.441
0.250       345.82652     0.016369560       34299.055
0.250       353.86900     0.014596993       32768.851
0.250       361.91147     0.013563811       32573.097
0.250       369.95395     0.014281461       36634.131
0.250       377.99643     0.013183841       36072.422
0.250       386.03891     0.012474643       36357.300
0.250       394.08138     0.011903561       36906.675
0.250       402.12386     0.011595661       38198.410
0.250       410.16634     0.010928657       38204.728
0.250       418.20881     0.011105142       41150.388
0.250       426.25129     0.010249968       40215.170
0.250       434.29377     0.010221423       42416.263
0.250       442.33625    0.0098537349       43204.473
0.250       450.37872    0.0092971008       43028.023
0.250       458.42120    0.0085223858       41593.506
0.250       466.46368    0.0080794178       41543.570
0.250       474.50615    0.0080521153       43581.863
0.250       482.54863    0.0076482457       43536.685
0.250       490.59111    0.0079773615       47718.694
0.250       498.63359    0.0077082957       48414.250
0.250       506.67606    0.0077701858       51202.695
0.250       514.71854    0.0066322468       45818.448
0.125     0.015707963       21732.459    0.0042671584
0.125     0.031415927       18233.179     0.028640611
0.125     0.047123890       12322.268     0.065325734
0.125     0.062831853       7736.5399     0.097220228
0.125     0.078539816       7517.1093      0.18449762
0.125     0.094247780       5405.4744      0.22925428
0.125      0.10995574       5028.7873      0.33867823
0.125      0.12566371       3823.8705      0.38441740
0.125      0.14137167       3238.3251      0.46353001
0.125      0.15707963       2795.7841      0.54895093
0.125      0.17278760       2341.0855      0.61182218
0.125      0.18849556       2260.8196      0.76707803
0.125      0.20420352       1969.0696      0.84941713
0.125      0.21991149       1716.8761      0.92502392
0.125      0.23561945       1584.4549       1.0499861
0.125      0.25132741       1531.6060       1.2317907
0.125      0.26703538       1363.7083       1.3155221
0.125      0.28274334       1240.0689       1.4200160
0.125      0.29845130       1179.1534       1.5880385
0.125      0.31415927       1105.1308       1.7359353
0.125      0.32986723       1033.8808       1.8800016
0.125      0.34557519       992.36020       2.0747572
0.125      0.36128316       943.70436       2.2544954
0.125      0.37699112       903.12764       2.4513919
0.125      0.39269908       840.90921       2.5798771
0.125      0.40840704       805.81773       2.7809088
0.125      0.42411501       761.49034       2.9429683
0.125      0.43982297       726.40734       3.1310082
0.125      0.45553093       695.19369       3.3291220
0.125      0.47123890       677.40658       3.5912287
0.125      0.48694686       663.40871       3.8805755
0.125      0.50265482       633.16826       4.0737931
0.125      0.51836279       617.30712       4.3558508
0.125      0.53407075       592.11194       4.5695187
0.125      0.54977871       567.00494       4.7733234
0.125      0.56548668       568.29747       5.2061073
0.125      0.58119464       546.99555       5.4402500
0.125      0.59690260       526.98708       5.6778073
0.125      0.61261057       517.38681       6.0261379
0.125      0.62831853       499.18501       6.2729438
0.125      0.64402649       491.95558       6.6574413
0.125      0.65973446       479.23994       6.9715728
0.125      0.67544242       468.20634       7.3092454
0.125      0.69115038       454.41759       7.6005157
0.125      0.70685835       446.53851       7.9896242
0.125      0.72256631       440.74103       8.4233893
0.125      0.73827427       425.82784       8.6807553
0.125      0.75398224       420.29115       9.1264914
0.125      0.76969020       413.85604       9.5602098
0.125      0.78539816       402.34513       9.8750352
0.125      0.80110613       391.68696       10.201864
0.125      0.81681409       387.01648       10.684873
0.125      0.83252205       377.85962       11.045566
0.125      0.84823002       374.41874       11.576273
0.125      0.86393798       366.61208       11.976357
0.125      0.87964594       354.99309       12.240915
0.125      0.89535391       353.28239       12.846252
0.125      0.91106187       342.38867       13.116962
0.125      0.92676983       336.93374       13.587214
0.125      0.94247780       331.01890       14.039009
0.125      0.95818576       327.65842       14.602955
0.125      0.97389372       324.66964       15.193108
0.125      0.98960169       318.52314       15.638407
0.125       1.0053096       309.52623       15.931889
0.125       1.0367256       305.26270       17.231990
0.125       1.0681415       288.56157       17.815381
0.125       1.0995574       284.65480       19.170901
0.125       1.1309734       275.57482       20.196072
0.125       1.1623893       270.33280       21.509177
0.125       1.1938052       257.51356       22.195798
0.125       1.2252211       253.87392       23.655481
0.125       1.2566371       245.62284       24.692701
0.125       1.2880530       236.24658       25.576256
0.125       1.3194689       228.33473       26.572947
0.125       1.3508848       228.33305       28.516356
0.125       1.3823008       218.24329       29.202418
0.125       1.4137167       212.69285       30.444603
0.125       1.4451326       205.81674       31.468357
0.125       1.4765485       204.56456       33.361368
0.125       1.5079645       200.87658       34.895778
0.125       1.5393804       190.29148       35.166364
0.125       1.5707963       185.82818       36.487278
0.125       1.6022123       181.81095       37.883529
0.125       1.6336282       178.75625       39.481272
0.125       1.6650441       174.32952       40.767907
0.125       1.6964600       170.22514       42.104145
0.125       1.7278760       164.44161       42.975375
0.125       1.7592919       159.02832       43.869070
0.125       1.7907078       157.25563       45.745739
0.125       1.8221237       153.93227       47.177350
0.125       1.8535397       150.93935       48.694330
0.125       1.8849556       146.64022       49.753854
0.125       1.9163715       144.08954       51.373817
0.125       1.9477874       139.83962       52.351024
0.125       1.9792034       136.39120       53.570767
0.125       2.0106193       133.46945       54.959359
0.125       2.0734512       127.09133       57.394147
0.125       2.1362830       121.76415       60.140364
0.125       2.1991149       115.60039       62.283543
0.125       2.2619467       110.35437       64.700393
0.125       2.3247786       107.68818       68.546149
0.125       2.3876104       101.81889       70.208391
0.125       2.4504423       98.647627       73.534362
0.125       2.5132741       94.682257       76.147989
0.125       2.5761060       89.207044       77.261046
0.125       2.6389378       87.620264       81.575979
0.125       2.7017697       82.893011       82.819603
0.125       2.7646015       80.170635       85.818954
0.125       2.8274334       76.801961       87.946734
0.125       2.8902652       73.777826       90.242105
0.125       2.9530971       71.879230       93.779271
0.125       3.0159289       68.920028       95.780923
0.125       3.0787608       67.307635       99.509017
0.125       3.1415927       64.205631       100.85397
0.125       3.2044245       62.323444       103.88954
0.125       3.2672564       59.609623       105.32616
0.125       3.3300882       57.836568       108.20317
0.125       3.3929201       56.201760       111.20929
0.125       3.4557519       54.154890       113.22325
0.125       3.5185838       52.619701       116.12409
0.125       3.5814156       50.761227       118.13172
0.125       3.6442475       49.051837       120.26773
0.125       3.7070793       47.851547       123.49856
0.125       3.7699112       46.432200       126.03260
0.125       3.8327430       44.725933       127.57300
0.125       3.8955749       43.351198       129.83328
0.125       3.9584067       42.466203       133.43659
0.125       4.0212386       40.717829       134.13262
0.125       4.1469023       38.371537       138.62797
0.125       4.2725660       36.741786       145.17668
0.125       4.3982297       34.892629       150.39648
0.125       4.5238934       33.220347       155.81581
0.125       4.6495571       31.160396       158.67481
0.125       4.7752208       29.919147       165.04404
0.125       4.9008845       28.316681       168.86359
0.125       5.0265482       26.869143       172.87558
0.125       5.1522120       25.465192       176.44054
0.125       5.2778757       24.706327       184.01614
0.125       5.4035394       23.786782       190.12574
0.125       5.5292031       22.752780       194.84638
0.125       5.6548668       21.604552       197.91680
0.125       5.7805305       20.840576       203.93091
0.125       5.9061942       20.250359       211.36163
0.125       6.0318579       19.312818       214.71838
0.125       6.1575216       18.294106       216.37111
0.125       6.2831853       18.034682       226.63050
0.125       6.4088490       17.050542       227.37806
0.125       6.5345127       16.232599       229.45522
0.125       6.6601764       15.712348       235.16277
0.125       6.7858401       14.969458       236.96664
0.125       6.9115038       14.781370       247.23082
0.125       7.0371675       14.072193       248.44239
0.125       7.1628313       13.616046       253.49852
0.125       7.2884950       13.256915       260.03170
0.125       7.4141587       12.787157       264.01577
0.125       7.5398224       12.411635       269.51478
0.125       7.6654861       11.974901       273.25071
0.125       7.7911498       11.592521       277.74919
0.125       7.9168135       11.370598       285.82803
0.125       8.0424772       10.947783       288.51336
0.125       8.2938046       10.307826       297.91938
0.125       8.5451320       9.6142958       303.90936
0.125       8.7964594       9.2528478       319.05782
0.125       9.0477868       8.6732219       325.44514
0.125       9.2991143       8.1111093       330.42680
0.125       9.5504417       7.8041425       344.40212
0.125       9.8017691       7.4483100       355.33779
0.125       10.053096       6.9742431       358.97722
0.125       10.304424       6.7244805       372.73497
0.125       10.555751       6.4543715       384.58440
0.125       10.807079       6.1699383       394.52636
0.125       11.058406       5.8647180       401.78619
0.125       11.309734       5.6211548       411.95798
0.125       11.561061       5.4075494       423.31517
0.125       11.812388       5.1772094       432.29394
0.125       12.063716       5.0162072       446.15835
0.125       12.315043       4.7232933       446.91301
0.125       12.566371       4.4919701       451.58208
0.125       12.817698       4.4012389       469.54293
0.125       13.069025       4.2376405       479.20791
0.125       13.320353       4.0840329       488.99755
0.125       13.571680       3.8912122       492.78335
0.125       13.823008       3.8082909       509.57489
0.125       14.074335       3.6185557       511.08034
0.125       14.325663       3.5628191       530.65000
0.125       14.576990       3.3998958       533.50614
0.125       14.828317       3.3096476       546.67301
0.125       15.079645       3.1980515       555.55753
0.125       15.330972       3.0764051       561.59453
0.125       15.582300       2.9962296       574.30156
0.125       15.833627       2.9095384       585.10738
0.125       16.084954       2.8351419       597.72933
0.125       16.587609       2.6839601       620.57990
0.125       17.090264       2.4599611       622.07796
0.125       17.592919       2.3693635       653.60542
0.125       18.095574       2.1982461       659.87799
0.125       18.598229       2.1526273       701.54226
0.125       19.100883       2.0339642       718.08179
0.125       19.603538       1.9628675       749.14284
0.125       20.106193       1.8330039       754.78488
0.125       20.608848       1.7388327       771.06181
0.125       21.111503       1.6534459       788.16596
0.125       21.614157       1.5952067       816.02255
0.125       22.116812       1.5238461       835.17785
0.125       22.619467       1.4816817       868.70491
0.125       23.122122       1.4256071       892.79790
0.125       23.624777       1.3627475       910.30892
0.125       24.127432       1.3206568       939.70927
0.125       24.630086       1.2783862       967.67634
0.125       25.132741       1.2158611       977.85348
0.125       25.635396       1.1695605       998.18963
0.125       26.138051       1.1384822       1029.9499
0.125       26.640706       1.0899642       1044.0461
0.125       27.143361       1.0562727       1070.1315
0.125       27.646015       1.0211346       1093.0773
0.125       28.148670      0.98921353       1117.7224
0.125       28.651325      0.95384081       1136.5284
0.125       29.153980      0.93847737       1178.1148
0.125       29.656635      0.89554232       1183.3739
0.125       30.159289      0.87754859       1219.5644
0.125       30.661944      0.85184767       1244.0312
0.125       31.164599      0.82329359       1262.4367
0.125       31.667254      0.79571175       1280.1393
0.125       32.169909      0.77328894       1304.2521
0.125       33.175218      0.73087141       1351.9250
0.125       34.180528      0.69124573       1398.4245
0.125       35.185838      0.67270783       1484.5691
0.125       36.191147      0.64509250       1549.1708
0.125       37.196457      0.60021248       1564.8763
0.125       38.201767      0.58015379       1638.5652
0.125       39.207076      0.56546611       1726.5144
0.125       40.212386      0.52508240       1729.7257
0.125       41.217696      0.51769808       1836.5296
0.125       42.223005      0.49278223       1879.1988
0.125       43.228315      0.47657546       1950.3244
0.125       44.233625      0.45801614       2008.2077
0.125       45.238934      0.43724866       2050.8592
0.125       46.244244      0.42573635       2132.9665
0.125       47.249554      0.41108959       2196.8473
0.125       48.254863      0.39967145       2275.0799
0.125       49.260173      0.38299702       2319.2814
0.125       50.265482      0.36773570       2366.0048
0.125       51.270792      0.35883952       2450.0820
0.125       52.276102      0.35057630       2537.2450
0.125       53.281411      0.34237959       2623.6463
0.125       54.286721      0.33068953       2680.2268
0.125       55.292031      0.32303596       2766.3603
0.125       56.297340      0.31407639       2839.0248
0.125       57.302650      0.30661135       2922.6890
0.125       58.307960      0.29762883       2989.0197
0.125       59.313269      0.28637273       3027.3143
0.125       60.318579      0.28447029       3162.7181
0.125       61.323889      0.27554064       3219.1780
0.125       62.329198      0.26655153       3269.8367
0.125       63.334508      0.26024360       3349.4348
0.125       64.339818      0.25739392       3473.0259
0.125       66.350437      0.24400170       3610.7255
0.125       68.361056      0.22800814       3690.1745
0.125       70.371675      0.22287749       3934.8677
0.125       72.382295      0.21889667       4205.3917
0.125       74.392914      0.20485488       4272.7874
0.125       76.403533      0.19646127       4439.0244
0.125       78.414153      0.19325590       4720.4824
0.125       80.424772      0.18304656       4823.9340
0.125       82.435391      0.17666777       5013.8194
0.125       84.446011      0.17471283       5330.0646
0.125       86.456630      0.16232641       5314.4014
0.125       88.467249      0.15932773       5588.6795
0.125       90.477868      0.15856712       5949.9111
0.125       92.488488      0.15196219       6090.7229
0.125       94.499107      0.14326383       6124.7722
0.125       96.509726      0.14540807       6621.7384
0.125       98.520346      0.14159407       6859.5104
0.125       100.53096      0.13762125       7083.6208
0.125       102.54158      0.12962679       7080.5191
0.125       104.55220      0.12749690       7381.9218
0.125       106.56282      0.12406166       7605.4513
0.125       108.57344      0.12159503       7884.1868
0.125       110.58406      0.11830729       8105.1186
0.125       112.59468      0.11330641       8193.6680
0.125       114.60530      0.11151646       8504.0020
0.125       116.61592      0.10986690       8826.9499
0.125       118.62654      0.10801201       9134.5656
0.125       120.63716      0.10415884       9264.2373
0.125       122.64778      0.10145352       9482.3594
0.125       124.65840     0.099787612       9792.9040
0.125       126.66902     0.098435234       10135.193
0.125       128.67964     0.094904839       10244.437
0.125       132.70087     0.090916853       10763.066
0.125       136.72211     0.088058845       11401.435
0.125       140.74335     0.083028246       11726.807
0.125       144.76459     0.082220956       12636.879
0.125       148.78583     0.078242331       13055.597
0.125       152.80707     0.076022205       13741.718
0.125       156.82831     0.074331305       14524.974
0.125       160.84954     0.070264399       14813.753
0.125       164.87078     0.067074364       15228.528
0.125       168.89202     0.062594834       15276.932
0.125       172.91326     0.061323121       16061.252
0.125       176.93450     0.058992090       16553.948
0.125       180.95574     0.056791545       17047.905
0.125       184.97698     0.055501971       17796.381
0.125       188.99821     0.054638272       18687.032
0.125       193.01945     0.052107544       18983.404
0.125       197.04069     0.051968354       20140.813
0.125       201.06193     0.047992078       19761.930
0.125       205.08317     0.049135946       21471.364
0.125       209.10441     0.044999711       20843.447
0.125       213.12565     0.045333179       22232.770
0.125       217.14688     0.043941277       22793.118
0.125       221.16812     0.042879298       23500.956
0.125       225.18936     0.040839997       23626.510
0.125       229.21060     0.039182396       23903.712
0.125       233.23184     0.038900653       25002.916
0.125       237.25308     0.036554380       24731.203
0.125       241.27432     0.036813440       26194.489
0.125       245.29555     0.036766929       27491.386
0.125       249.31679     0.034371105       26984.747
0.125       253.33803     0.033912257       27933.678
0.125       257.35927     0.033126683       28606.693
0.125       265.40175     0.033083529       31332.383
0.125       273.44422     0.029919483       30990.645
0.125       281.48670     0.028235926       31904.059
0.125       289.52918     0.027366592       33648.676
0.125       297.57166     0.025126746       33541.401
0.125       305.61413     0.024845999       35929.157
0.125       313.65661     0.022966436       35902.708
0.125       321.69909     0.021782794       36739.507
0.125       329.74156     0.021503987       39058.030
0.125       337.78404     0.020656633       40331.760
0.125       345.82652     0.019069887       39957.036
0.125       353.86900     0.017893237       40168.603
0.125       361.91147     0.017991632       43206.380
0.125       369.95395     0.016416678       42111.291
0.125       377.99643     0.016026331       43849.785
0.125       386.03891     0.014707215       42864.120
0.125       394.08138     0.014424965       44724.221
0.125       402.12386     0.014018402       46179.401
0.125       410.16634     0.013840315       48383.388
0.125       418.20881     0.014045745       52046.866
0.125       426.25129     0.013232110       51915.434
0.125       434.29377     0.013057958       54187.151
0.125       442.33625     0.011689172       51252.091
0.125       450.37872     0.011875378       54960.578
0.125       458.42120     0.010704954       52245.533
0.125       466.46368     0.010581496       54409.011
0.125       474.50615     0.010330346       55912.726
0.125       482.54863    0.0099037209       56375.696
0.125       490.59111    0.0098663318       59018.069
0.125       498.63359    0.0095995125       60292.601
0.125       506.67606    0.0095645305       63026.774
0.125       514.71854    0.0087198593       60240.584
0.000     0.015707963       24594.657    0.0048291496
0.000     0.031415927       20570.535     0.032312121
0.000     0.047123890       13906.807     0.073726070
0.000     0.062831853       8718.9323      0.10956533
0.000     0.078539816       8524.7019      0.20922766
0.000     0.094247780       6117.1670      0.25943823
0.000      0.10995574       5694.4356      0.38350823
0.000      0.12566371       4335.3211      0.43583402
0.000      0.14137167       3686.1165      0.52762634
0.000      0.15707963       3192.1035      0.62676806
0.000      0.17278760       2673.4731      0.69868876
0.000      0.18849556       2580.1370      0.87541985
0.000      0.20420352       2277.3230      0.98239147
0.000      0.21991149       1981.3060       1.0674943
0.000      0.23561945       1828.2784       1.2115630
0.000      0.25132741       1772.6877       1.4256801
0.000      0.26703538       1590.7605       1.5345514
0.000      0.28274334       1446.8830       1.6568410
0.000      0.29845130       1381.0734       1.8599765
0.000      0.31415927       1290.1294       2.0265306
0.000      0.32986723       1215.0162       2.2093771
0.000      0.34557519       1173.8171       2.4541346
0.000      0.36128316       1119.5981       2.6747029
0.000      0.37699112       1067.6379       2.8979280
0.000      0.39269908       997.57857       3.0605327
0.000      0.40840704       959.98914       3.3129605
0.000      0.42411501       907.98541       3.5091348
0.000      0.43982297       871.18009       3.7550171
0.000      0.45553093       832.38561       3.9861024
0.000      0.47123890       808.46505       4.2860270
0.000      0.48694686       795.98200       4.6560562
0.000      0.50265482       757.56386       4.8741521
0.000      0.51836279       741.72432       5.2337651
0.000      0.53407075       705.99682       5.4484051
0.000      0.54977871       685.85653       5.7738740
0.000      0.56548668       685.50899       6.2798684
0.000      0.58119464       658.03874       6.5446515
0.000      0.59690260       636.85610       6.8615462
0.000      0.61261057       620.22701       7.2239443
0.000      0.62831853       602.35577       7.5694258
0.000      0.64402649       591.38900       8.0030348
0.000      0.65973446       578.92677       8.4217316
0.000      0.67544242       568.26190       8.8712292
0.000      0.69115038       552.86940       9.2472047
0.000      0.70685835       540.94385       9.6787577
0.000      0.72256631       535.21039       10.228876
0.000      0.73827427       516.69563       10.533150
0.000      0.75398224       509.34449       11.060257
0.000      0.76969020       501.71390       11.589755
0.000      0.78539816       491.45902       12.062219
0.000      0.80110613       477.05986       12.425483
0.000      0.81681409       472.36608       13.041232
0.000      0.83252205       462.60676       13.522889
0.000      0.84823002       455.57524       14.085468
0.000      0.86393798       450.06556       14.702586
0.000      0.87964594       435.02056       15.000432
0.000      0.89535391       431.12971       15.676980
0.000      0.91106187       420.45513       16.107700
0.000      0.92676983       413.23733       16.664238
0.000      0.94247780       405.06610       17.179461
0.000      0.95818576       400.42679       17.846067
0.000      0.97389372       399.74903       18.706493
0.000      0.98960169       389.13772       19.105344
0.000       1.0053096       382.28932       19.677140
0.000       1.0367256       370.49145       20.914134
0.000       1.0681415       353.71034       21.837574
0.000       1.0995574       350.84644       23.628768
0.000       1.1309734       334.11816       24.486542
0.000       1.1623893       333.56761       26.540489
0.000       1.1938052       318.45017       27.448092
0.000       1.2252211       310.59844       28.940962
0.000       1.2566371       299.41965       30.100946
0.000       1.2880530       292.70594       31.688595
0.000       1.3194689       280.22674       32.611992
0.000       1.3508848       280.60854       35.045005
0.000       1.3823008       266.20289       35.619734
0.000       1.4137167       259.79412       37.186623
0.000       1.4451326       252.77027       38.647318
0.000       1.4765485       250.11260       40.789560
0.000       1.5079645       244.85031       42.534785
0.000       1.5393804       235.78397       43.573495
0.000       1.5707963       227.90403       44.748851
0.000       1.6022123       224.36830       46.751108
0.000       1.6336282       219.49525       48.479155
0.000       1.6650441       212.62512       49.723543
0.000       1.6964600       208.91096       51.672847
0.000       1.7278760       199.94494       52.253858
0.000       1.7592919       193.99600       53.515147
0.000       1.7907078       193.42971       56.268797
0.000       1.8221237       187.69855       57.526078
0.000       1.8535397       184.48364       59.516004
0.000       1.8849556       179.41816       60.875148
0.000       1.9163715       175.00135       62.395142
0.000       1.9477874       169.93344       63.617090
0.000       1.9792034       165.62772       65.054081
0.000       2.0106193       162.52128       66.922174
0.000       2.0734512       153.77611       69.444933
0.000       2.1362830       145.66430       71.944856
0.000       2.1991149       141.58250       76.282265
0.000       2.2619467       136.65241       80.118840
0.000       2.3247786       132.68996       84.460391
0.000       2.3876104       125.09086       86.255387
0.000       2.4504423       121.36336       90.467227
0.000       2.5132741       115.96953       93.268226
0.000       2.5761060       110.70439       95.879612
0.000       2.6389378       107.09863       99.710673
0.000       2.7017697       101.62145       101.53146
0.000       2.7646015       98.801896       105.76286
0.000       2.8274334       94.583434       108.30849
0.000       2.8902652       91.780469       112.26222
0.000       2.9530971       88.466847       115.42078
0.000       3.0159289       84.782009       117.82495
0.000       3.0787608       82.034744       121.28188
0.000       3.1415927       80.416573       126.31806
0.000       3.2044245       77.210705       128.70574
0.000       3.2672564       74.714382       132.01525
0.000       3.3300882       71.799741       134.32608
0.000       3.3929201       69.617186       137.75508
0.000       3.4557519       66.849115       139.76344
0.000       3.5185838       65.085708       143.63477
0.000       3.5814156       63.429950       147.61442
0.000       3.6442475       60.625794       148.64534
0.000       3.7070793       59.564417       153.72793
0.000       3.7699112       57.391734       155.78045
0.000       3.8327430       55.805996       159.17697
0.000       3.8955749       54.399892       162.92322
0.000       3.9584067       52.625316       165.35839
0.000       4.0212386       51.271050       168.89702
0.000       4.1469023       49.113585       177.43664
0.000       4.2725660       45.439885       179.54521
0.000       4.3982297       43.587963       187.87568
0.000       4.5238934       41.073571       192.65036
0.000       4.6495571       38.712759       197.13292
0.000       4.7752208       36.558044       201.66642
0.000       4.9008845       35.768695       213.30290
0.000       5.0265482       33.852586       217.80692
0.000       5.1522120       32.634550       226.11483
0.000       5.2778757       31.133276       231.88494
0.000       5.4035394       29.844464       238.54428
0.000       5.5292031       28.013140       239.89415
0.000       5.6548668       27.356928       250.61365
0.000       5.7805305       25.729278       251.76824
0.000       5.9061942       25.067389       261.63903
0.000       6.0318579       23.810383       264.72194
0.000       6.1575216       23.170198       274.04245
0.000       6.2831853       22.074625       277.39792
0.000       6.4088490       21.179424       282.43890
0.000       6.5345127       20.623897       291.52823
0.000       6.6601764       19.853993       297.14972
0.000       6.7858401       19.139450       302.97765
0.000       6.9115038       18.474486       309.00129
0.000       7.0371675       17.887411       315.79948
0.000       7.1628313       17.237131       320.91454
0.000       7.2884950       16.541621       324.46055
0.000       7.4141587       16.014726       330.65523
0.000       7.5398224       15.553052       337.72969
0.000       7.6654861       14.844155       338.72312
0.000       7.7911498       14.481787       346.97411
0.000       7.9168135       14.082130       353.98907
0.000       8.0424772       13.567746       357.55880
0.000       8.2938046       13.271150       383.56611
0.000       8.5451320       12.397814       391.89680
0.000       8.7964594       11.495172       396.37792
0.000       9.0477868       11.235217       421.57886
0.000       9.2991143       10.396291       423.51953
0.000       9.5504417       9.7417949       429.91204
0.000       9.8017691       9.2638438       441.95178
0.000       10.053096       8.8554899       455.80848
0.000       10.304424       8.4633162       469.11787
0.000       10.555751       7.9787370       475.41388
0.000       10.807079       7.6789144       491.01531
0.000       11.058406       7.3192863       501.43726
0.000       11.309734       7.0232821       514.71579
0.000       11.561061       6.7649112       529.57251
0.000       11.812388       6.4094654       535.18658
0.000       12.063716       6.1600745       547.89775
0.000       12.315043       5.9860511       566.39381
0.000       12.566371       5.7610956       579.16850
0.000       12.817698       5.5406137       591.09630
0.000       13.069025       5.1994334       587.97098
0.000       13.320353       5.1096757       611.80184
0.000       13.571680       4.8595952       615.41945
0.000       13.823008       4.7604242       636.97672
0.000       14.074335       4.5904481       648.34923
0.000       14.325663       4.4503606       662.84136
0.000       14.576990       4.2567024       667.95484
0.000       14.828317       4.1680955       688.46764
0.000       15.079645       3.9589567       687.74009
0.000       15.330972       3.9011028       712.14222
0.000       15.582300       3.7353282       715.96811
0.000       15.833627       3.6286598       729.72250
0.000       16.084954       3.5206622       742.25669
0.000       16.587609       3.3599113       776.87197
0.000       17.090264       3.0659005       775.30865
0.000       17.592919       2.9526732       814.51548
0.000       18.095574       2.7990338       840.22476
0.000       18.598229       2.7120838       883.86941
0.000       19.100883       2.4985526       882.10262
0.000       19.603538       2.4466180       933.76979
0.000       20.106193       2.2757477       937.09562
0.000       20.608848       2.1878448       970.17016
0.000       21.111503       2.0981752       1000.1599
0.000       21.614157       1.9504634       997.75289
0.000       22.116812       1.8965518       1039.4475
0.000       22.619467       1.8005469       1055.6545
0.000       23.122122       1.7425160       1091.2647
0.000       23.624777       1.6711822       1116.3418
0.000       24.127432       1.6155492       1149.5391
0.000       24.630086       1.5787092       1195.0063
0.000       25.132741       1.5026856       1208.5314
0.000       25.635396       1.4491650       1236.8248
0.000       26.138051       1.3985436       1265.2195
0.000       26.640706       1.3556609       1298.5495
0.000       27.143361       1.3085013       1325.6695
0.000       27.646015       1.2691207       1358.5350
0.000       28.148670       1.2131073       1370.7023
0.000       28.651325       1.1765039       1401.8378
0.000       29.153980       1.1322422       1421.3568
0.000       29.656635       1.1056913       1461.0657
0.000       30.159289       1.0690080       1485.6433
0.000       30.661944       1.0369264       1514.3187
0.000       31.164599       1.0130204       1553.3634
0.000       31.667254      0.98191069       1579.6958
0.000       32.169909      0.95272103       1606.8876
0.000       33.175218      0.90504861       1674.1082
0.000       34.180528      0.85899857       1737.7968
0.000       35.185838      0.82146894       1812.8635
0.000       36.191147      0.76115801       1827.8988
0.000       37.196457      0.74543267       1943.4949
0.000       38.201767      0.70577413       1993.3627
0.000       39.207076      0.66933474       2043.6523
0.000       40.212386      0.64003788       2108.4119
0.000       41.217696      0.62051664       2201.2776
0.000       42.223005      0.59026431       2250.9415
0.000       43.228315      0.56518861       2312.9624
0.000       44.233625      0.55485116       2432.7884
0.000       45.238934      0.53278653       2498.9674
0.000       46.244244      0.51362140       2573.2763
0.000       47.249554      0.49926274       2668.0412
0.000       48.254863      0.46993725       2675.0592
0.000       49.260173      0.47203944       2858.4877
0.000       50.265482      0.45218453       2909.3470
0.000       51.270792      0.43641366       2979.7421
0.000       52.276102      0.42531681       3078.1685
0.000       53.281411      0.40382747       3094.5199
0.000       54.286721      0.39637966       3212.6429
0.000       55.292031      0.38141194       3266.2707
0.000       56.297340      0.37378269       3378.7268
0.000       57.302650      0.37081316       3534.6752
0.000       58.307960      0.35457727       3560.9403
0.000       59.313269      0.34087744       3603.4965
0.000       60.318579      0.33986404       3778.5814
0.000       61.323889      0.32683386       3818.4435
0.000       62.329198      0.32023245       3928.3503
0.000       63.334508      0.31585205       4065.1367
0.000       64.339818      0.30877495       4166.3121
0.000       66.350437      0.29824113       4413.3580
0.000       68.361056      0.27684294       4480.5363
0.000       70.371675      0.26842750       4739.0461
0.000       72.382295      0.25302945       4861.1427
0.000       74.392914      0.24946358       5203.2193
0.000       76.403533      0.23620472       5337.0241
0.000       78.414153      0.23448694       5727.5946
0.000       80.424772      0.21954179       5785.7143
0.000       82.435391      0.21170021       6008.0378
0.000       84.446011      0.20774481       6337.7902
0.000       86.456630      0.19522609       6391.5034
0.000       88.467249      0.19506428       6842.1969
0.000       90.477868      0.18476661       6932.9943
0.000       92.488488      0.18411424       7379.3937
0.000       94.499107      0.17585201       7517.9719
0.000       96.509726      0.17331246       7892.4766
0.000       98.520346      0.16737467       8108.4486
0.000       100.53096      0.16086086       8279.8068
0.000       102.54158      0.15668465       8558.4828
0.000       104.55220      0.15291280       8853.4732
0.000       106.56282      0.14897646       9132.8235
0.000       108.57344      0.14292081       9266.9439
0.000       110.58406      0.14121535       9674.5275
0.000       112.59468      0.13837674       10006.610
0.000       114.60530      0.13575506       10352.384
0.000       116.61592      0.13461190       10815.018
0.000       118.62654      0.12954115       10955.283
0.000       120.63716      0.12797824       11382.815
0.000       122.64778      0.12227354       11428.304
0.000       124.65840      0.11857677       11636.825
0.000       126.66902      0.11733040       12080.697
0.000       128.67964      0.11497301       12410.681
0.000       132.70087      0.11042772       13072.833
0.000       136.72211      0.10646078       13784.029
0.000       140.74335     0.099475540       14049.803
0.000       144.76459     0.099529383       15297.082
0.000       148.78583     0.094191194       15716.841
0.000       152.80707     0.092388774       16700.127
0.000       156.82831     0.086276886       16859.243
0.000       160.84954     0.084379936       17789.713
0.000       164.87078     0.080292733       18229.619
0.000       168.89202     0.079709160       19453.865
0.000       172.91326     0.076221064       19963.200
0.000       176.93450     0.073171910       20532.991
0.000       180.95574     0.072034712       21623.657
0.000       184.97698     0.068530435       21973.881
0.000       188.99821     0.068974505       23590.218
0.000       193.01945     0.064906888       23646.359
0.000       197.04069     0.062420121       24191.491
0.000       201.06193     0.058754946       24193.808
0.000       205.08317     0.059293382       25909.948
0.000       209.10441     0.057533989       26649.208
0.000       213.12565     0.056303955       27613.172
0.000       217.14688     0.054562627       28302.600
0.000       221.16812     0.052518771       28784.084
0.000       225.18936     0.051862182       30002.998
0.000       229.21060     0.049163287       29992.679
0.000       233.23184     0.048696894       31299.329
0.000       237.25308     0.047580557       32191.065
0.000       241.27432     0.046451947       33052.740
0.000       245.29555     0.044496971       33271.298
0.000       249.31679     0.043114754       33849.384
0.000       253.33803     0.042272129       34819.743
0.000       257.35927     0.040639658       35094.556
0.000       265.40175     0.041030540       38858.750
0.000       273.44422     0.037354558       38691.907
0.000       281.48670     0.035150298       39716.678
0.000       289.52918     0.032827840       40363.571
0.000       297.57166     0.032519913       43410.453
0.000       305.61413     0.030661614       44338.968
0.000       313.65661     0.029077432       45455.836
0.000       321.69909     0.027652567       46639.642
0.000       329.74156     0.027374016       49719.856
0.000       337.78404     0.026326635       51402.353
0.000       345.82652     0.023543895       49331.402
0.000       353.86900     0.023837701       53513.354
0.000       361.91147     0.022993462       55218.128
0.000       369.95395     0.022008697       56455.675
0.000       377.99643     0.020545519       56214.774
0.000       386.03891     0.019152834       55820.860
0.000       394.08138     0.019852063       61550.793
0.000       402.12386     0.018014891       59344.629
0.000       410.16634     0.018500434       64674.370
0.000       418.20881     0.016361495       60627.935
0.000       426.25129     0.016588920       65085.686
0.000       434.29377     0.015520462       64405.906
0.000       442.33625     0.015140257       66383.643
0.000       450.37872     0.015078046       69782.884
0.000       458.42120     0.014527481       70901.372
0.000       466.46368     0.013956745       71764.208
0.000       474.50615     0.012897216       69805.844
0.000       482.54863     0.012808656       72911.679
0.000       490.59111     0.012530964       74957.272
0.000       498.63359     0.011785848       74024.531
0.000       506.67606     0.011916279       78523.941
0.000       514.71854     0.011040370       76271.683
