# z        k [h/Mpc]   P(k) [(Mpc/h)^3]    Delta^2(k)   
3.000     0.015707963       956.54458   0.00018781709
3.000     0.031415927       2400.7065    0.0037710209
3.000     0.047123890       1235.5517    0.0065502003
3.000     0.062831853       1047.6089     0.013164642
3.000     0.078539816       815.00088     0.020003131
3.000     0.094247780       623.78836     0.026455801
3.000      0.10995574       500.37764     0.033699380
3.000      0.12566371       455.14209     0.045755873
3.000      0.14137167       335.54410     0.048029385
3.000      0.15707963       290.35106     0.057010297
3.000      0.17278760       248.90509     0.065049164
3.000      0.18849556       228.68307     0.077590338
3.000      0.20420352       205.66453     0.088719551
3.000      0.21991149       182.09491     0.098109668
3.000      0.23561945       156.91540      0.10398465
3.000      0.25132741       145.40245      0.11693959
3.000      0.26703538       127.24303      0.12274694
3.000      0.28274334       114.36122      0.13095624
3.000      0.29845130       101.97681      0.13733845
3.000      0.31415927       92.330844      0.14503295
3.000      0.32986723       85.417033      0.15532174
3.000      0.34557519       77.225732      0.16145815
3.000      0.36128316       72.757096      0.17381560
3.000      0.37699112       65.917567      0.17892243
3.000      0.39269908       61.864441      0.18979773
3.000      0.40840704       58.806289      0.20294283
3.000      0.42411501       54.399334      0.21023972
3.000      0.43982297       51.328751      0.22124052
3.000      0.45553093       47.565767      0.22778147
3.000      0.47123890       45.125844      0.23923185
3.000      0.48694686       41.518903      0.24286271
3.000      0.50265482       39.870444      0.25652571
3.000      0.51836279       37.461945      0.26433948
3.000      0.53407075       35.694405      0.27546523
3.000      0.54977871       34.012082      0.28633025
3.000      0.56548668       32.717317      0.29971955
3.000      0.58119464       30.632039      0.30465686
3.000      0.59690260       29.104116      0.31357043
3.000      0.61261057       27.810566      0.32391685
3.000      0.62831853       26.458749      0.33249045
3.000      0.64402649       25.259253      0.34182353
3.000      0.65973446       23.899569      0.34767048
3.000      0.67544242       23.395319      0.36522814
3.000      0.69115038       22.440108      0.37532965
3.000      0.70685835       21.861811      0.39115922
3.000      0.72256631       20.392092      0.38973119
3.000      0.73827427       20.048400      0.40869864
3.000      0.75398224       19.230038      0.41757429
3.000      0.76969020       18.741915      0.43294438
3.000      0.78539816       17.916154      0.43972858
3.000      0.80110613       17.309183      0.45083434
3.000      0.81681409       16.730615      0.46190412
3.000      0.83252205       16.090643      0.47036055
3.000      0.84823002       15.642876      0.48364619
3.000      0.86393798       15.084512      0.49277564
3.000      0.87964594       14.563203      0.50217014
3.000      0.89535391       14.174850      0.51543384
3.000      0.91106187       13.876991      0.53162963
3.000      0.92676983       13.281353      0.53558480
3.000      0.94247780       12.848657      0.54493081
3.000      0.95818576       12.522058      0.55807826
3.000      0.97389372       12.320899      0.57656377
3.000      0.98960169       11.958510      0.58712237
3.000       1.0053096       11.574746      0.59577365
3.000       1.0367256       11.208308      0.63270571
3.000       1.0681415       10.307167      0.63634984
3.000       1.0995574       10.010508      0.67418662
3.000       1.1309734       9.2959712      0.68127453
3.000       1.1623893       8.9229458      0.70995905
3.000       1.1938052       8.6856419      0.74863924
3.000       1.2252211       8.3338000      0.77652737
3.000       1.2566371       7.9838203      0.80262116
3.000       1.2880530       7.6134196      0.82423530
3.000       1.3194689       7.2685942      0.84589834
3.000       1.3508848       7.1156284      0.88866588
3.000       1.3823008       6.8095329      0.91116122
3.000       1.4137167       6.6596384      0.95325275
3.000       1.4451326       6.2804580      0.96025083
3.000       1.4765485       6.0461927      0.98604205
3.000       1.5079645       5.9998989       1.0422875
3.000       1.5393804       5.7291023       1.0587531
3.000       1.5707963       5.5919933       1.0979853
3.000       1.6022123       5.3216267       1.1088551
3.000       1.6336282       5.1443789       1.1362211
3.000       1.6650441       5.0040887       1.1702334
3.000       1.6964600       4.9344877       1.2205153
3.000       1.7278760       4.8263803       1.2613322
3.000       1.7592919       4.6196644       1.2743666
3.000       1.7907078       4.5597367       1.3264296
3.000       1.8221237       4.4043684       1.3498562
3.000       1.8535397       4.3021598       1.3879137
3.000       1.8849556       4.1776242       1.4174345
3.000       1.9163715       4.0662843       1.4497968
3.000       1.9477874       3.9939130       1.4951802
3.000       1.9792034       3.8599269       1.5160747
3.000       2.0106193       3.7805132       1.5567202
3.000       2.0734512       3.5469116       1.6017770
3.000       2.1362830       3.5116437       1.7344311
3.000       2.1991149       3.3202522       1.7888959
3.000       2.2619467       3.1696287       1.8583425
3.000       2.3247786       3.1080218       1.9783317
3.000       2.3876104       2.9252372       2.0170736
3.000       2.4504423       2.8172366       2.1000373
3.000       2.5132741       2.7405765       2.2041024
3.000       2.5761060       2.6410975       2.2874198
3.000       2.6389378       2.5279416       2.3535573
3.000       2.7017697       2.4381505       2.4359914
3.000       2.7646015       2.4193465       2.5897984
3.000       2.8274334       2.3038284       2.6381381
3.000       2.8902652       2.2606186       2.7650988
3.000       2.9530971       2.1592284       2.8170985
3.000       3.0159289       2.1375704       2.9706673
3.000       3.0787608       2.0379802       3.0129925
3.000       3.1415927       2.0055739       3.1503482
3.000       3.2044245       1.9552812       3.2593397
3.000       3.2672564       1.9044648       3.3650602
3.000       3.3300882       1.8285332       3.4208996
3.000       3.3929201       1.7746413       3.5115732
3.000       3.4557519       1.7377601       3.6331870
3.000       3.5185838       1.7312179       3.8205481
3.000       3.5814156       1.6477077       3.8345518
3.000       3.6442475       1.6272617       3.9898010
3.000       3.7070793       1.5833299       4.0863666
3.000       3.7699112       1.5701765       4.2619867
3.000       3.8327430       1.5207383       4.3376436
3.000       3.8955749       1.4788511       4.4290376
3.000       3.9584067       1.4562029       4.5756563
3.000       4.0212386       1.4170818       4.6681489
3.000       4.1469023       1.3614898       4.9187647
3.000       4.2725660       1.3189499       5.2115259
3.000       4.3982297       1.2532858       5.4019940
3.000       4.5238934       1.2097088       5.6739849
3.000       4.6495571       1.1572454       5.8929194
3.000       4.7752208       1.1069937       6.1065482
3.000       4.9008845       1.0941201       6.5246720
3.000       5.0265482       1.0382758       6.6802474
3.000       5.1522120      0.99554877       6.8978534
3.000       5.2778757      0.96466318       7.1849446
3.000       5.4035394      0.92879094       7.4237474
3.000       5.5292031      0.89383894       7.6545057
3.000       5.6548668      0.87752863       8.0389381
3.000       5.7805305      0.84943598       8.3119706
3.000       5.9061942      0.81950571       8.5535305
3.000       6.0318579      0.80150021       8.9110156
3.000       6.1575216      0.77429142       9.1578291
3.000       6.2831853      0.74921843       9.4149565
3.000       6.4088490      0.71669727       9.5575401
3.000       6.5345127      0.69815295       9.8687117
3.000       6.6601764      0.66919384       10.015656
3.000       6.7858401      0.66528361       10.531445
3.000       6.9115038      0.64876384       10.851120
3.000       7.0371675      0.62893361       11.103726
3.000       7.1628313      0.60939102       11.345417
3.000       7.2884950      0.59662090       11.702598
3.000       7.4141587      0.56666035       11.699807
3.000       7.5398224      0.56016103       12.163722
3.000       7.6654861      0.53734630       12.261501
3.000       7.7911498      0.53260692       12.760912
3.000       7.9168135      0.52394678       13.170694
3.000       8.0424772      0.50561769       13.324841
3.000       8.2938046      0.48836185       14.114756
3.000       8.5451320      0.45360784       14.338613
3.000       8.7964594      0.43132581       14.873029
3.000       9.0477868      0.42733698       16.034957
3.000       9.2991143      0.40616055       16.545990
3.000       9.5504417      0.38928561       17.179439
3.000       9.8017691      0.37171193       17.733325
3.000       10.053096      0.35307872       18.173616
3.000       10.304424      0.33994751       18.843140
3.000       10.555751      0.32363640       19.283909
3.000       10.807079      0.31901646       20.398973
3.000       11.058406      0.31160536       21.347783
3.000       11.309734      0.29492122       21.613913
3.000       11.561061      0.28660395       22.436004
3.000       11.812388      0.28132066       23.490109
3.000       12.063716      0.26677312       23.727698
3.000       12.315043      0.25648011       24.267876
3.000       12.566371      0.24583303       24.713832
3.000       12.817698      0.23414113       24.979174
3.000       13.069025      0.22774069       25.753752
3.000       13.320353      0.22366186       26.779926
3.000       13.571680      0.21861714       27.685688
3.000       13.823008      0.20941222       28.020760
3.000       14.074335      0.19949497       28.176424
3.000       14.325663      0.19530473       29.088891
3.000       14.576990      0.18944093       29.726765
3.000       14.828317      0.18022514       29.768794
3.000       15.079645      0.17809285       30.937846
3.000       15.330972      0.17239916       31.471287
3.000       15.582300      0.16657541       31.928301
3.000       15.833627      0.15792623       31.758922
3.000       16.084954      0.15631208       32.955075
3.000       16.587609      0.14471494       33.460700
3.000       17.090264      0.13716557       34.686596
3.000       17.592919      0.12940508       35.697294
3.000       18.095574      0.12589747       37.792387
3.000       18.598229      0.11678289       38.059600
3.000       19.100883      0.10766691       38.011312
3.000       19.603538      0.10437313       39.834772
3.000       20.106193      0.10121408       41.677409
3.000       20.608848     0.093591640       41.501945
3.000       21.111503     0.092701465       44.189012
3.000       21.614157     0.086563116       44.281067
3.000       22.116812     0.082363872       45.141357
3.000       22.619467     0.078364423       45.944794
3.000       23.122122     0.076894117       48.155560
3.000       23.624777     0.072271102       48.276756
3.000       24.127432     0.069402293       49.382987
3.000       24.630086     0.067124244       50.809799
3.000       25.132741     0.066403588       53.404934
3.000       25.635396     0.063231613       53.966545
3.000       26.138051     0.059368448       53.708813
3.000       26.640706     0.056634121       54.248234
3.000       27.143361     0.055352413       56.078665
3.000       27.646015     0.053088260       56.828525
3.000       28.148670     0.051639248       58.347710
3.000       28.651325     0.049071658       58.470273
3.000       29.153980     0.048566150       60.967373
3.000       29.656635     0.046449963       61.379201
3.000       30.159289     0.045008457       62.550056
3.000       30.661944     0.044204859       64.556406
3.000       31.164599     0.042797023       65.624870
3.000       31.667254     0.040980684       65.929636
3.000       32.169909     0.040111384       67.653052
3.000       33.175218     0.039042836       72.219252
3.000       34.180528     0.034172771       69.133216
3.000       35.185838     0.034824098       76.851760
3.000       36.191147     0.032541575       78.147643
3.000       37.196457     0.031009422       80.847882
3.000       38.201767     0.029888557       84.416151
3.000       39.207076     0.029357118       89.634883
3.000       40.212386     0.027863746       91.788716
3.000       41.217696     0.025679817       91.098937
3.000       42.223005     0.025323600       96.570200
3.000       43.228315     0.025525426       104.45956
3.000       44.233625     0.024732233       108.44042
3.000       45.238934     0.023133152       108.50310
3.000       46.244244     0.022273986       111.59410
3.000       47.249554     0.022689796       121.25341
3.000       48.254863     0.021132457       120.29387
3.000       49.260173     0.022118152       133.93895
3.000       50.265482     0.021114707       135.85164
3.000       51.270792     0.020646031       140.96682
3.000       52.276102     0.020180985       146.05694
3.000       53.281411     0.019339675       148.19945
3.000       54.286721     0.019360409       156.91542
3.000       55.292031     0.018632617       159.56283
3.000       56.297340     0.018784935       169.80231
3.000       57.302650     0.017419307       166.04479
3.000       58.307960     0.017496988       175.71834
3.000       59.313269     0.018062366       190.94157
3.000       60.318579     0.017417379       193.64504
3.000       61.323889     0.017130555       200.13855
3.000       62.329198     0.016853914       206.75007
3.000       63.334508     0.016940849       218.03521
3.000       64.339818     0.016665036       224.86195
3.000       66.350437     0.015707796       232.44322
3.000       68.361056     0.017193545       278.26717
3.000       70.371675     0.016289434       287.58745
3.000       72.382295     0.015847906       304.46626
3.000       74.392914     0.015329222       319.73125
3.000       76.403533     0.015705459       354.86341
3.000       78.414153     0.013838228       338.01354
3.000       80.424772     0.014576759       384.14991
3.000       82.435391     0.014301506       405.87579
3.000       84.446011     0.014629556       446.31227
3.000       86.456630     0.013989274       457.99459
3.000       88.467249     0.014056077       493.03976
3.000       90.477868     0.012849160       482.13878
3.000       92.488488     0.012891022       516.67880
3.000       94.499107     0.012986602       555.19929
3.000       96.509726     0.013523494       615.84642
3.000       98.520346     0.012686103       614.57698
3.000       100.53096     0.012388991       637.68432
3.000       102.54158     0.013035622       712.03623
3.000       104.55220     0.012766888       739.18793
3.000       106.56282     0.012847300       787.58835
3.000       108.57344     0.011887361       770.77309
3.000       110.58406     0.012187015       834.92065
3.000       112.59468     0.012142413       878.06946
3.000       114.60530     0.011306759       862.22874
3.000       116.61592     0.012011008       964.99091
3.000       118.62654     0.012817130       1083.9434
3.000       120.63716     0.012060795       1072.7277
3.000       122.64778     0.012125179       1133.2806
3.000       124.65840     0.011534889       1132.0048
3.000       126.66902     0.011820578       1217.0829
3.000       128.67964     0.011839342       1277.9895
3.000       132.70087     0.011681432       1382.8902
3.000       136.72211     0.010892554       1410.3154
3.000       140.74335     0.011154961       1575.5129
3.000       144.76459     0.010658219       1638.1058
3.000       148.78583     0.010384288       1732.7331
3.000       152.80707    0.0084364053       1524.9585
3.000       156.82831    0.0089101655       1741.1227
3.000       160.84954    0.0096941939       2043.8144
3.000       164.87078    0.0096858720       2199.0752
3.000       168.89202    0.0092811259       2265.1571
3.000       172.91326    0.0092104352       2412.3222
3.000       176.93450    0.0092710877       2601.5879
3.000       180.95574    0.0091247199       2739.0936
3.000       184.97698    0.0081352585       2608.5228
3.000       188.99821    0.0078877291       2697.7105
3.000       193.01945    0.0080987962       2950.4888
3.000       197.04069    0.0086256528       3342.9509
3.000       201.06193    0.0075560960       3111.4102
3.000       205.08317    0.0073370599       3206.1392
3.000       209.10441    0.0077897546       3608.1418
3.000       213.12565    0.0072579225       3559.5059
3.000       217.14688    0.0069359893       3597.8204
3.000       221.16812    0.0069339916       3800.3287
3.000       225.18936    0.0068713734       3975.1857
3.000       229.21060    0.0066561930       4060.6940
3.000       233.23184    0.0062324974       4005.8610
3.000       237.25308    0.0062206309       4208.6252
3.000       241.27432    0.0058996208       4197.8570
3.000       245.29555    0.0059302381       4434.1606
3.000       249.31679    0.0062503025       4907.1111
3.000       253.33803    0.0061368575       5054.9571
3.000       257.35927    0.0052620059       4544.0284
3.000       265.40175    0.0059829605       5666.2761
3.000       273.44422    0.0047020004       4870.3389
3.000       281.48670    0.0050948323       5756.7027
3.000       289.52918    0.0046579798       5727.2333
3.000       297.57166    0.0046415695       6195.9771
3.000       305.61413    0.0035482546       5131.0393
3.000       313.65661    0.0038979803       6093.5901
3.000       321.69909    0.0045038826       7596.3823
3.000       329.74156    0.0029346512       5330.2531
3.000       337.78404    0.0038900788       7595.3194
3.000       345.82652    0.0035057387       7345.5561
3.000       353.86900    0.0028118070       6312.2372
3.000       361.91147    0.0035307638       8479.0262
3.000       369.95395    0.0032062058       8224.4082
3.000       377.99643    0.0033805880       9249.6563
3.000       386.03891    0.0040766903       11881.498
3.000       394.08138    0.0029924917       9278.1411
3.000       402.12386    0.0030386193       10009.815
3.000       410.16634    0.0032411273       11330.430
3.000       418.20881    0.0029793332       11039.995
3.000       426.25129    0.0027234331       10685.235
3.000       434.29377    0.0023255152       9650.2870
3.000       442.33625    0.0029172114       12790.742
3.000       450.37872    0.0030438691       14087.367
3.000       458.42120    0.0025248225       12322.397
3.000       466.46368    0.0023128274       11892.331
3.000       474.50615    0.0029435039       15931.638
3.000       482.54863    0.0027667856       15749.582
3.000       490.59111    0.0023351955       13968.589
3.000       498.63359    0.0030978611       19457.040
3.000       506.67606    0.0027397275       18053.807
3.000       514.71854    0.0030923801       21363.508
2.750     0.015707963       1085.1940   0.00021307735
2.750     0.031415927       2725.0567    0.0042805090
2.750     0.047123890       1401.2882    0.0074288421
2.750     0.062831853       1189.7147     0.014950395
2.750     0.078539816       925.45474     0.022714077
2.750     0.094247780       708.52964     0.030049805
2.750      0.10995574       567.90317     0.038247082
2.750      0.12566371       515.71085     0.051844909
2.750      0.14137167       381.46435     0.054602355
2.750      0.15707963       330.50894     0.064895278
2.750      0.17278760       283.47971     0.074084939
2.750      0.18849556       260.06954     0.088239515
2.750      0.20420352       233.97150      0.10093061
2.750      0.21991149       207.62414      0.11186439
2.750      0.23561945       178.95576      0.11859035
2.750      0.25132741       166.05615      0.13355028
2.750      0.26703538       145.37071      0.14023408
2.750      0.28274334       131.13524      0.15016434
2.750      0.29845130       116.78250      0.15727817
2.750      0.31415927       105.89228      0.16633521
2.750      0.32986723       97.940087      0.17809358
2.750      0.34557519       88.543739      0.18512104
2.750      0.36128316       83.661308      0.19986560
2.750      0.37699112       75.922452      0.20607905
2.750      0.39269908       71.190550      0.21840987
2.750      0.40840704       67.761648      0.23384812
2.750      0.42411501       62.683530      0.24225605
2.750      0.43982297       59.132674      0.25487750
2.750      0.45553093       55.060675      0.26367285
2.750      0.47123890       52.203102      0.27675149
2.750      0.48694686       48.052312      0.28107956
2.750      0.50265482       46.191407      0.29719467
2.750      0.51836279       43.454437      0.30662378
2.750      0.53407075       41.467811      0.32002047
2.750      0.54977871       39.585915      0.33325349
2.750      0.56548668       38.042044      0.34849876
2.750      0.58119464       35.736124      0.35542053
2.750      0.59690260       33.921193      0.36547006
2.750      0.61261057       32.455805      0.37802115
2.750      0.62831853       30.962541      0.38908676
2.750      0.64402649       29.568403      0.40013757
2.750      0.65973446       27.978004      0.40700007
2.750      0.67544242       27.440369      0.42837608
2.750      0.69115038       26.307840      0.44002071
2.750      0.70685835       25.682240      0.45951567
2.750      0.72256631       23.985480      0.45840759
2.750      0.73827427       23.586758      0.48083017
2.750      0.75398224       22.645687      0.49174403
2.750      0.76969020       22.102714      0.51057992
2.750      0.78539816       21.149632      0.51909006
2.750      0.80110613       20.436361      0.53228469
2.750      0.81681409       19.790058      0.54637018
2.750      0.83252205       19.076207      0.55763435
2.750      0.84823002       18.498822      0.57194627
2.750      0.86393798       17.936144      0.58593177
2.750      0.87964594       17.302832      0.59663833
2.750      0.89535391       16.832718      0.61208071
2.750      0.91106187       16.512625      0.63260116
2.750      0.92676983       15.844503      0.63894659
2.750      0.94247780       15.334060      0.65034049
2.750      0.95818576       14.929834      0.66538711
2.750      0.97389372       14.713575      0.68853047
2.750      0.98960169       14.280140      0.70110650
2.750       1.0053096       13.866525      0.71373575
2.750       1.0367256       13.434522      0.75837482
2.750       1.0681415       12.382477      0.76447655
2.750       1.0995574       12.032490      0.81036285
2.750       1.1309734       11.200869      0.82087891
2.750       1.1623893       10.781672      0.85784965
2.750       1.1938052       10.483212      0.90357668
2.750       1.2252211       10.084025      0.93960998
2.750       1.2566371       9.6839887      0.97354073
2.750       1.2880530       9.2278964      0.99901994
2.750       1.3194689       8.8395071       1.0287167
2.750       1.3508848       8.6926582       1.0856200
2.750       1.3823008       8.3154163       1.1126585
2.750       1.4137167       8.1649157       1.1687164
2.750       1.4451326       7.6933715       1.1762783
2.750       1.4765485       7.4266395       1.2111719
2.750       1.5079645       7.3347947       1.2741822
2.750       1.5393804       7.0379058       1.3006234
2.750       1.5707963       6.8885030       1.3525544
2.750       1.6022123       6.5854138       1.3721876
2.750       1.6336282       6.3656737       1.4059643
2.750       1.6650441       6.1997394       1.4498428
2.750       1.6964600       6.1084733       1.5108935
2.750       1.7278760       5.9892897       1.5652484
2.750       1.7592919       5.7183114       1.5774360
2.750       1.7907078       5.6877090       1.6545573
2.750       1.8221237       5.4946276       1.6840001
2.750       1.8535397       5.3727275       1.7332880
2.750       1.8849556       5.2204904       1.7712707
2.750       1.9163715       5.0978796       1.8176027
2.750       1.9477874       4.9943745       1.8697178
2.750       1.9792034       4.8419763       1.9017971
2.750       2.0106193       4.7558952       1.9583580
2.750       2.0734512       4.4771154       2.0218548
2.750       2.1362830       4.4121621       2.1792050
2.750       2.1991149       4.1928884       2.2590576
2.750       2.2619467       4.0052249       2.3482497
2.750       2.3247786       3.9416323       2.5089450
2.750       2.3876104       3.6941314       2.5472584
2.750       2.4504423       3.5575308       2.6518707
2.750       2.5132741       3.4847782       2.8026249
2.750       2.5761060       3.3665911       2.9157602
2.750       2.6389378       3.2266953       3.0041090
2.750       2.7017697       3.1335537       3.1307787
2.750       2.7646015       3.0789793       3.2959049
2.750       2.8274334       2.9667925       3.3973053
2.750       2.8902652       2.9000048       3.5471706
2.750       2.9530971       2.7768502       3.6228961
2.750       3.0159289       2.7506507       3.8226894
2.750       3.0787608       2.6331213       3.8928616
2.750       3.1415927       2.6080524       4.0967191
2.750       3.2044245       2.5314082       4.2197097
2.750       3.2672564       2.4580817       4.3432638
2.750       3.3300882       2.3741921       4.4417420
2.750       3.3929201       2.3078134       4.5665880
2.750       3.4557519       2.2428586       4.6892116
2.750       3.5185838       2.2220605       4.9037669
2.750       3.5814156       2.1606490       5.0282708
2.750       3.6442475       2.1200263       5.1979859
2.750       3.7070793       2.0580396       5.3115300
2.750       3.7699112       2.0417195       5.5419128
2.750       3.8327430       1.9742620       5.6312416
2.750       3.8955749       1.9230627       5.7594150
2.750       3.9584067       1.8804479       5.9087120
2.750       4.0212386       1.8448183       6.0771980
2.750       4.1469023       1.7769487       6.4197270
2.750       4.2725660       1.7234051       6.8096374
2.750       4.3982297       1.6248099       7.0033612
2.750       4.5238934       1.5968234       7.4896967
2.750       4.6495571       1.5082471       7.6802882
2.750       4.7752208       1.4713651       8.1165430
2.750       4.9008845       1.4280251       8.5158797
2.750       5.0265482       1.3554466       8.7209187
2.750       5.1522120       1.3192070       9.1403824
2.750       5.2778757       1.2556373       9.3521604
2.750       5.4035394       1.2216487       9.7645344
2.750       5.5292031       1.1861253       10.157538
2.750       5.6548668       1.1505396       10.539960
2.750       5.7805305       1.1197210       10.956786
2.750       5.9061942       1.0680999       11.148214
2.750       6.0318579       1.0459026       11.628262
2.750       6.1575216       1.0104028       11.950405
2.750       6.2831853      0.96793142       12.163385
2.750       6.4088490      0.93914724       12.524029
2.750       6.5345127      0.91848771       12.983244
2.750       6.6601764      0.88268621       13.210942
2.750       6.7858401      0.87252532       13.812083
2.750       6.9115038      0.84310880       14.101702
2.750       7.0371675      0.83283798       14.703626
2.750       7.1628313      0.80120612       14.916560
2.750       7.2884950      0.77667942       15.234410
2.750       7.4141587      0.74167481       15.313322
2.750       7.5398224      0.73012223       15.854377
2.750       7.6654861      0.70934539       16.186282
2.750       7.7911498      0.69533311       16.659725
2.750       7.9168135      0.68851020       17.307402
2.750       8.0424772      0.65645321       17.299898
2.750       8.2938046      0.63720807       18.416747
2.750       8.5451320      0.59200846       18.713477
2.750       8.7964594      0.56655833       19.536133
2.750       9.0477868      0.54090983       20.296550
2.750       9.2991143      0.51617711       21.027796
2.750       9.5504417      0.49217930       21.720207
2.750       9.8017691      0.47512779       22.667002
2.750       10.053096      0.45359795       23.347527
2.750       10.304424      0.44033979       24.407840
2.750       10.555751      0.41434376       24.688716
2.750       10.807079      0.39747691       25.415995
2.750       11.058406      0.38256933       26.209456
2.750       11.309734      0.37212479       27.271937
2.750       11.561061      0.35219725       27.570795
2.750       11.812388      0.33905991       28.311302
2.750       12.063716      0.32916702       29.277222
2.750       12.315043      0.31932840       30.214514
2.750       12.566371      0.30381468       30.542783
2.750       12.817698      0.29511660       31.484298
2.750       13.069025      0.27858974       31.503949
2.750       13.320353      0.27790467       33.274635
2.750       13.571680      0.26233978       33.222726
2.750       13.823008      0.25319552       33.879260
2.750       14.074335      0.24152316       34.112434
2.750       14.325663      0.23626375       35.189370
2.750       14.576990      0.22765103       35.722632
2.750       14.828317      0.21957597       36.268591
2.750       15.079645      0.21326961       37.048666
2.750       15.330972      0.21060443       38.445619
2.750       15.582300      0.19852348       38.051939
2.750       15.833627      0.19152950       38.516531
2.750       16.084954      0.18809269       39.655339
2.750       16.587609      0.17580135       40.648437
2.750       17.090264      0.16622282       42.034630
2.750       17.592919      0.15731670       43.396907
2.750       18.095574      0.14761322       44.311104
2.750       18.598229      0.13762033       44.850530
2.750       19.100883      0.13019668       45.965346
2.750       19.603538      0.12345741       47.118428
2.750       20.106193      0.11899434       48.998876
2.750       20.608848      0.10994150       48.752067
2.750       21.111503      0.11002649       52.447521
2.750       21.614157      0.10199171       52.173511
2.750       22.116812     0.097476584       53.424216
2.750       22.619467     0.092053532       53.970672
2.750       23.122122     0.087816173       54.995585
2.750       23.624777     0.083292780       55.639184
2.750       24.127432     0.081826314       58.223261
2.750       24.630086     0.077516988       58.676602
2.750       25.132741     0.074145740       59.631543
2.750       25.635396     0.071594078       61.103692
2.750       26.138051     0.068103671       61.611301
2.750       26.640706     0.065137265       62.393156
2.750       27.143361     0.062695357       63.517951
2.750       27.646015     0.060771544       65.053125
2.750       28.148670     0.058683247       66.306795
2.750       28.651325     0.057191125       68.144848
2.750       29.153980     0.054987037       69.027815
2.750       29.656635     0.052585078       69.486171
2.750       30.159289     0.051029730       70.918061
2.750       30.661944     0.047991442       70.086300
2.750       31.164599     0.047481374       72.807845
2.750       31.667254     0.046495241       74.801444
2.750       32.169909     0.045873902       77.372287
2.750       33.175218     0.042123564       77.917811
2.750       34.180528     0.038885170       78.666633
2.750       35.185838     0.038331567       84.592240
2.750       36.191147     0.035454470       85.142874
2.750       37.196457     0.034329114       89.502998
2.750       38.201767     0.031934205       90.193805
2.750       39.207076     0.032550164       99.384079
2.750       40.212386     0.030576489       100.72503
2.750       41.217696     0.029024940       102.96573
2.750       42.223005     0.027944407       106.56451
2.750       43.228315     0.027175639       111.21284
2.750       44.233625     0.026034558       114.15056
2.750       45.238934     0.024249733       113.74028
2.750       46.244244     0.023691544       118.69616
2.750       47.249554     0.024155077       129.08382
2.750       48.254863     0.022785403       129.70306
2.750       49.260173     0.022726091       137.62039
2.750       50.265482     0.022044487       141.83382
2.750       51.270792     0.020996313       143.35848
2.750       52.276102     0.020957915       151.67986
2.750       53.281411     0.020738633       158.91963
2.750       54.286721     0.019985708       161.98344
2.750       55.292031     0.019426891       166.36470
2.750       56.297340     0.019131122       172.93159
2.750       57.302650     0.018902988       180.18758
2.750       58.307960     0.018097620       181.75035
2.750       59.313269     0.017946935       189.72132
2.750       60.318579     0.018280048       203.23612
2.750       61.323889     0.017615469       205.80387
2.750       62.329198     0.016947118       207.89341
2.750       63.334508     0.017739954       228.32000
2.750       64.339818     0.017381938       234.53515
2.750       66.350437     0.016804851       248.67738
2.750       68.361056     0.015097331       244.34122
2.750       70.371675     0.017450844       308.09196
2.750       72.382295     0.016255120       312.28957
2.750       74.392914     0.015307380       319.27568
2.750       76.403533     0.015385490       347.63375
2.750       78.414153     0.014578798       356.10276
2.750       80.424772     0.015659966       412.69631
2.750       82.435391     0.014214014       403.39276
2.750       84.446011     0.013910190       424.36616
2.750       86.456630     0.014553966       476.48203
2.750       88.467249     0.014553672       510.49374
2.750       90.477868     0.014279762       535.81925
2.750       92.488488     0.014747887       591.10291
2.750       94.499107     0.014217179       607.80854
2.750       96.509726     0.014312916       651.79593
2.750       98.520346     0.013623307       659.97969
2.750       100.53096     0.013521402       695.97165
2.750       102.54158     0.013508308       737.85542
2.750       104.55220     0.012815164       741.98309
2.750       106.56282     0.012809435       785.26709
2.750       108.57344     0.013251128       859.19935
2.750       110.58406     0.012867215       881.52054
2.750       112.59468     0.013260496       958.92284
2.750       114.60530     0.012537268       956.06469
2.750       116.61592     0.012402565       996.44946
2.750       118.62654     0.011793127       997.34361
2.750       120.63716     0.012272315       1091.5410
2.750       122.64778     0.012734644       1190.2443
2.750       124.65840     0.011897146       1167.5558
2.750       126.66902     0.012646254       1302.0970
2.750       128.67964     0.011564837       1248.3583
2.750       132.70087     0.011169322       1322.2647
2.750       136.72211     0.011801987       1528.0645
2.750       140.74335     0.010244102       1446.8643
2.750       144.76459     0.010561379       1623.2220
2.750       148.78583    0.0098224879       1638.9906
2.750       152.80707     0.010019827       1811.1766
2.750       156.82831    0.0096966846       1894.8153
2.750       160.84954     0.010908102       2299.7411
2.750       164.87078    0.0096519726       2191.3787
2.750       168.89202     0.010332627       2521.7870
2.750       172.91326    0.0094187306       2466.8772
2.750       176.93450     0.010476782       2939.9213
2.750       180.95574    0.0091713563       2753.0931
2.750       184.97698    0.0086480548       2772.9479
2.750       188.99821    0.0084863746       2902.4554
2.750       193.01945    0.0085448900       3113.0061
2.750       197.04069    0.0087404719       3387.4501
2.750       201.06193    0.0081872410       3371.2998
2.750       205.08317    0.0084089142       3674.5168
2.750       209.10441    0.0076130767       3526.3062
2.750       213.12565    0.0071696461       3516.2125
2.750       217.14688    0.0074194038       3848.5761
2.750       221.16812    0.0069067715       3785.4102
2.750       225.18936    0.0074153933       4289.9088
2.750       229.21060    0.0069175955       4220.1658
2.750       233.23184    0.0070524090       4532.8490
2.750       237.25308    0.0074928791       5069.3765
2.750       241.27432    0.0054401176       3870.8988
2.750       245.29555    0.0059571035       4454.2484
2.750       249.31679    0.0056041075       4399.7836
2.750       253.33803    0.0054955897       4526.7419
2.750       257.35927    0.0057866871       4997.1192
2.750       265.40175    0.0046068486       4363.0032
2.750       273.44422    0.0049188599       5094.9623
2.750       281.48670    0.0046951304       5305.0755
2.750       289.52918    0.0052723979       6482.6930
2.750       297.57166    0.0041752257       5573.4602
2.750       305.61413    0.0040852179       5907.5281
2.750       313.65661    0.0040266781       6294.7792
2.750       321.69909    0.0036595905       6172.3741
2.750       329.74156    0.0038323069       6960.6793
2.750       337.78404    0.0033826508       6604.5740
2.750       345.82652    0.0033336428       6984.9644
2.750       353.86900    0.0031373337       7043.0135
2.750       361.91147    0.0031341122       7526.4790
2.750       369.95395    0.0035195121       9028.0870
2.750       377.99643    0.0027418680       7502.0489
2.750       386.03891    0.0022860553       6662.6992
2.750       394.08138    0.0021335404       6614.9852
2.750       402.12386    0.0029829933       9826.5727
2.750       410.16634    0.0024733310       8646.3445
2.750       418.20881    0.0021378065       7921.6966
2.750       426.25129    0.0024966211       9795.3513
2.750       434.29377    0.0023950178       9938.7049
2.750       442.33625    0.0024523677       10752.598
2.750       450.37872    0.0019199642       8885.8090
2.750       458.42120    0.0019822048       9674.1510
2.750       466.46368    0.0019134398       9838.7189
2.750       474.50615    0.0018599264       10066.803
2.750       482.54863    0.0021247233       12094.722
2.750       490.59111    0.0026204819       15675.105
2.750       498.63359    0.0020746665       13030.562
2.750       506.67606    0.0019785085       13037.650
2.750       514.71854    0.0018437868       12737.682
2.500     0.015707963       1241.1192   0.00024369319
2.500     0.031415927       3118.4223    0.0048984063
2.500     0.047123890       1602.0179    0.0084929980
2.500     0.062831853       1362.1803     0.017117662
2.500     0.078539816       1059.4997     0.026004035
2.500     0.094247780       811.39640     0.034412539
2.500      0.10995574       649.82684     0.043764468
2.500      0.12566371       588.97845     0.059210572
2.500      0.14137167       437.32071     0.062597569
2.500      0.15707963       379.46936     0.074508635
2.500      0.17278760       325.70397     0.085119879
2.500      0.18849556       298.27079      0.10120090
2.500      0.20420352       268.48082      0.11581724
2.500      0.21991149       238.82368      0.12867417
2.500      0.23561945       205.92951      0.13646531
2.500      0.25132741       191.38394      0.15392010
2.500      0.26703538       167.61430      0.16169170
2.500      0.28274334       151.82990      0.17386202
2.500      0.29845130       135.04994      0.18188006
2.500      0.31415927       122.68040      0.19270591
2.500      0.32986723       113.45052      0.20629765
2.500      0.34557519       102.53795      0.21437916
2.500      0.36128316       97.203417      0.23221749
2.500      0.37699112       88.397617      0.23994084
2.500      0.39269908       82.785785      0.25398361
2.500      0.40840704       78.920048      0.27235621
2.500      0.42411501       73.001923      0.28213404
2.500      0.43982297       68.846195      0.29674535
2.500      0.45553093       64.442539      0.30860043
2.500      0.47123890       61.085920      0.32384320
2.500      0.48694686       56.249683      0.32902966
2.500      0.50265482       54.126462      0.34824867
2.500      0.51836279       51.002725      0.35988611
2.500      0.53407075       48.743209      0.37616706
2.500      0.54977871       46.623340      0.39249796
2.500      0.56548668       44.753221      0.40997907
2.500      0.58119464       42.228071      0.41998745
2.500      0.59690260       40.012484      0.43109818
2.500      0.61261057       38.352895      0.44670608
2.500      0.62831853       36.693260      0.46110111
2.500      0.64402649       35.055632      0.47439408
2.500      0.65973446       33.184845      0.48274475
2.500      0.67544242       32.607594      0.50904246
2.500      0.69115038       31.248939      0.52266473
2.500      0.70685835       30.544804      0.54651838
2.500      0.72256631       28.602261      0.54664296
2.500      0.73827427       28.121442      0.57327243
2.500      0.75398224       27.027818      0.58690064
2.500      0.76969020       26.421445      0.61034401
2.500      0.78539816       25.308557      0.62116545
2.500      0.80110613       24.463731      0.63718142
2.500      0.81681409       23.733938      0.65525407
2.500      0.83252205       22.923070      0.67008559
2.500      0.84823002       22.179464      0.68574433
2.500      0.86393798       21.629936      0.70659929
2.500      0.87964594       20.851975      0.71902032
2.500      0.89535391       20.278431      0.73737566
2.500      0.91106187       19.936801      0.76378188
2.500      0.92676983       19.176997      0.77333298
2.500      0.94247780       18.574033      0.78775263
2.500      0.95818576       18.067044      0.80520508
2.500      0.97389372       17.832449      0.83448001
2.500      0.98960169       17.303289      0.84953288
2.500       1.0053096       16.866344      0.86814201
2.500       1.0367256       16.349520      0.92292562
2.500       1.0681415       15.112081      0.93299838
2.500       1.0995574       14.683338      0.98889185
2.500       1.1309734       13.715700       1.0051835
2.500       1.1623893       13.241733       1.0535857
2.500       1.1938052       12.854893       1.1079984
2.500       1.2252211       12.378687       1.1534221
2.500       1.2566371       11.945119       1.2008544
2.500       1.2880530       11.376498       1.2316294
2.500       1.3194689       10.947562       1.2740461
2.500       1.3508848       10.782945       1.3466746
2.500       1.3823008       10.316482       1.3804145
2.500       1.4137167       10.172122       1.4560256
2.500       1.4451326       9.5801363       1.4647552
2.500       1.4765485       9.2956305       1.5159759
2.500       1.5079645       9.1102503       1.5826100
2.500       1.5393804       8.7848493       1.6234631
2.500       1.5707963       8.6209652       1.6927226
2.500       1.6022123       8.3084934       1.7312217
2.500       1.6336282       8.0367730       1.7750542
2.500       1.6650441       7.8181346       1.8283133
2.500       1.6964600       7.6830073       1.9003448
2.500       1.7278760       7.5511697       1.9734320
2.500       1.7592919       7.2130018       1.9897568
2.500       1.7907078       7.1985189       2.0940526
2.500       1.8221237       6.9719550       2.1367732
2.500       1.8535397       6.8337359       2.2046218
2.500       1.8849556       6.6338895       2.2508257
2.500       1.9163715       6.5049559       2.3192830
2.500       1.9477874       6.3431305       2.3746445
2.500       1.9792034       6.1745041       2.4251779
2.500       2.0106193       6.0883859       2.5070441
2.500       2.0734512       5.7505824       2.5969496
2.500       2.1362830       5.6228886       2.7771932
2.500       2.1991149       5.3855403       2.9016383
2.500       2.2619467       5.1582983       3.0242927
2.500       2.3247786       5.0628406       3.2226214
2.500       2.3876104       4.7554700       3.2790958
2.500       2.4504423       4.5470067       3.3894503
2.500       2.5132741       4.4959517       3.6158589
2.500       2.5761060       4.3789406       3.7925427
2.500       2.6389378       4.1783877       3.8901511
2.500       2.7017697       4.0921142       4.0884903
2.500       2.7646015       3.9646717       4.2439975
2.500       2.8274334       3.8762276       4.4387090
2.500       2.8902652       3.7729052       4.6148677
2.500       2.9530971       3.6324796       4.7392173
2.500       3.0159289       3.5795003       4.9745749
2.500       3.0787608       3.4280029       5.0680313
2.500       3.1415927       3.4119346       5.3594543
2.500       3.2044245       3.3111974       5.5195728
2.500       3.2672564       3.2121123       5.6755848
2.500       3.3300882       3.1293845       5.8545888
2.500       3.3929201       3.0381389       6.0117204
2.500       3.4557519       2.9523797       6.1726286
2.500       3.5185838       2.8827846       6.3618896
2.500       3.5814156       2.8573312       6.6495923
2.500       3.6442475       2.8098551       6.8893424
2.500       3.7070793       2.7128093       7.0014045
2.500       3.7699112       2.6646025       7.2326267
2.500       3.8327430       2.5794239       7.3573615
2.500       3.8955749       2.5227936       7.5555598
2.500       3.9584067       2.4706594       7.7632646
2.500       4.0212386       2.4325953       8.0134521
2.500       4.1469023       2.3398482       8.4533596
2.500       4.2725660       2.2790896       9.0052960
2.500       4.3982297       2.1222816       9.1475963
2.500       4.5238934       2.1086353       9.8902854
2.500       4.6495571       1.9905940       10.136493
2.500       4.7752208       1.9215901       10.600135
2.500       4.9008845       1.8601115       11.092582
2.500       5.0265482       1.7791385       11.446945
2.500       5.1522120       1.7315137       11.997130
2.500       5.2778757       1.6497707       12.287720
2.500       5.4035394       1.6229448       12.972061
2.500       5.5292031       1.5577852       13.340296
2.500       5.6548668       1.5123043       13.854044
2.500       5.7805305       1.4788609       14.471071
2.500       5.9061942       1.4076074       14.691798
2.500       6.0318579       1.3598802       15.119040
2.500       6.1575216       1.3085386       15.476567
2.500       6.2831853       1.2625175       15.865262
2.500       6.4088490       1.2425790       16.570453
2.500       6.5345127       1.1905695       16.829245
2.500       6.6601764       1.1618566       17.389216
2.500       6.7858401       1.1340785       17.952472
2.500       6.9115038       1.0982695       18.369480
2.500       7.0371675       1.0650489       18.803274
2.500       7.1628313       1.0467761       19.488492
2.500       7.2884950      0.99574231       19.531284
2.500       7.4141587      0.97723376       20.176896
2.500       7.5398224      0.94792070       20.583803
2.500       7.6654861      0.91557962       20.892263
2.500       7.7911498      0.90077063       21.581873
2.500       7.9168135      0.86757225       21.808568
2.500       8.0424772      0.85368222       22.497591
2.500       8.2938046      0.81014301       23.414956
2.500       8.5451320      0.77545535       24.512262
2.500       8.7964594      0.70021925       24.145045
2.500       9.0477868      0.68160056       25.575685
2.500       9.2991143      0.65557336       26.706459
2.500       9.5504417      0.62612423       27.631288
2.500       9.8017691      0.60272511       28.754310
2.500       10.053096      0.57754608       29.727368
2.500       10.304424      0.54747615       30.346361
2.500       10.555751      0.52604086       31.344200
2.500       10.807079      0.50098071       32.034371
2.500       11.058406      0.46996142       32.196604
2.500       11.309734      0.47004013       34.447865
2.500       11.561061      0.44501676       34.836916
2.500       11.812388      0.42981142       35.889001
2.500       12.063716      0.40404501       35.937122
2.500       12.315043      0.38988089       36.890117
2.500       12.566371      0.37967501       38.169095
2.500       12.817698      0.36278297       38.703234
2.500       13.069025      0.34590854       39.116605
2.500       13.320353      0.33950636       40.650451
2.500       13.571680      0.32145964       40.709669
2.500       13.823008      0.30859837       41.292534
2.500       14.074335      0.29643223       41.867723
2.500       14.325663      0.29060639       43.283220
2.500       14.576990      0.28022653       43.972693
2.500       14.828317      0.26941235       44.500344
2.500       15.079645      0.25848711       44.903736
2.500       15.330972      0.25003637       45.643877
2.500       15.582300      0.24144223       46.278379
2.500       15.833627      0.23493482       47.245328
2.500       16.084954      0.22884827       48.247786
2.500       16.587609      0.21033247       48.632655
2.500       17.090264      0.19457190       49.203579
2.500       17.592919      0.18820823       51.918553
2.500       18.095574      0.17625077       52.907636
2.500       18.598229      0.16834210       54.862771
2.500       19.100883      0.15707949       55.456200
2.500       19.603538      0.14830637       56.602217
2.500       20.106193      0.14121178       58.147457
2.500       20.608848      0.13440551       59.600305
2.500       21.111503      0.12800381       61.016963
2.500       21.614157      0.12168358       62.246822
2.500       22.116812      0.11441737       62.708992
2.500       22.619467      0.10818120       63.426270
2.500       23.122122      0.10272361       64.331489
2.500       23.624777     0.099887911       66.724654
2.500       24.127432     0.094560573       67.284284
2.500       24.630086     0.089712529       67.908035
2.500       25.132741     0.089132923       71.684950
2.500       25.635396     0.085085650       72.618399
2.500       26.138051     0.079948931       72.327344
2.500       26.640706     0.074707118       71.559849
2.500       27.143361     0.074532215       75.510115
2.500       27.646015     0.070635896       75.612457
2.500       28.148670     0.068904116       77.855459
2.500       28.651325     0.066360276       79.070152
2.500       29.153980     0.062963040       79.040467
2.500       29.656635     0.061271997       80.965107
2.500       30.159289     0.060691388       84.345253
2.500       30.661944     0.057923536       84.591046
2.500       31.164599     0.055799406       85.562698
2.500       31.667254     0.053253511       85.674133
2.500       32.169909     0.051890081       87.519352
2.500       33.175218     0.050297698       93.037866
2.500       34.180528     0.046523081       94.118507
2.500       35.185838     0.042606883       94.027244
2.500       36.191147     0.040325006       96.839324
2.500       37.196457     0.038015274       99.113567
2.500       38.201767     0.036704583       103.66709
2.500       39.207076     0.034021637       103.87687
2.500       40.212386     0.034622912       114.05475
2.500       41.217696     0.031835410       112.93585
2.500       42.223005     0.031717214       120.95190
2.500       43.228315     0.029047826       118.87453
2.500       44.233625     0.028870151       126.58344
2.500       45.238934     0.026887849       126.11403
2.500       46.244244     0.026170152       131.11415
2.500       47.249554     0.026020845       139.05441
2.500       48.254863     0.023939759       136.27409
2.500       49.260173     0.024628912       149.14314
2.500       50.265482     0.023659640       152.22569
2.500       51.270792     0.023053371       157.40364
2.500       52.276102     0.023003781       166.48652
2.500       53.281411     0.023030781       176.48431
2.500       54.286721     0.021818584       176.83884
2.500       55.292031     0.020833031       178.40636
2.500       56.297340     0.020192814       182.52852
2.500       57.302650     0.021070510       200.84889
2.500       58.307960     0.020030032       201.15714
2.500       59.313269     0.019523768       206.39040
2.500       60.318579     0.018674991       207.62707
2.500       61.323889     0.019195187       224.25992
2.500       62.329198     0.018114086       222.20883
2.500       63.334508     0.018368893       236.41468
2.500       64.339818     0.018209527       245.70183
2.500       66.350437     0.017694968       261.84928
2.500       68.361056     0.015620496       252.80833
2.500       70.371675     0.017136277       302.53833
2.500       72.382295     0.015849022       304.48771
2.500       74.392914     0.016535399       344.88924
2.500       76.403533     0.017013201       384.41172
2.500       78.414153     0.015968340       390.04380
2.500       80.424772     0.015215149       400.97380
2.500       82.435391     0.015618939       443.26444
2.500       84.446011     0.015378928       469.17379
2.500       86.456630     0.015551527       509.14117
2.500       88.467249     0.014937133       523.94426
2.500       90.477868     0.014293109       536.32005
2.500       92.488488     0.014598292       585.10706
2.500       94.499107     0.014227487       608.24924
2.500       96.509726     0.014242609       648.59420
2.500       98.520346     0.014398546       697.53610
2.500       100.53096     0.014144469       728.04205
2.500       102.54158     0.013442220       734.24555
2.500       104.55220     0.013098240       758.37287
2.500       106.56282     0.012555930       769.72622
2.500       108.57344     0.013552850       878.76288
2.500       110.58406     0.013179492       902.91434
2.500       112.59468     0.013068525       945.04055
2.500       114.60530     0.012981001       989.90278
2.500       116.61592     0.013293505       1068.0296
2.500       118.62654     0.013030758       1102.0100
2.500       120.63716     0.012388512       1101.8759
2.500       122.64778     0.013517933       1263.4544
2.500       124.65840     0.012421462       1219.0109
2.500       126.66902     0.012222114       1258.4262
2.500       128.67964     0.012075308       1303.4607
2.500       132.70087     0.011313002       1339.2741
2.500       136.72211     0.011783369       1525.6539
2.500       140.74335     0.011659819       1646.8184
2.500       144.76459     0.011284285       1734.3284
2.500       148.78583     0.011205473       1869.7569
2.500       152.80707     0.011598904       2096.6095
2.500       156.82831     0.011227109       2193.8734
2.500       160.84954     0.010617908       2238.5600
2.500       164.87078     0.011090102       2517.8909
2.500       168.89202    0.0095715567       2336.0398
2.500       172.91326    0.0095442675       2499.7568
2.500       176.93450     0.010003965       2807.2429
2.500       180.95574    0.0092487827       2776.3352
2.500       184.97698    0.0094401150       3026.9174
2.500       188.99821    0.0089774852       3070.4219
2.500       193.01945    0.0088589911       3227.4369
2.500       197.04069    0.0085299518       3305.8611
2.500       201.06193    0.0089382869       3680.5616
2.500       205.08317    0.0088416271       3863.6031
2.500       209.10441    0.0087955492       4074.0165
2.500       213.12565    0.0079323389       3890.2602
2.500       217.14688    0.0078273916       4060.2065
2.500       221.16812    0.0078537901       4304.4448
2.500       225.18936    0.0073187548       4234.0021
2.500       229.21060    0.0079365404       4841.7859
2.500       233.23184    0.0073148980       4701.5607
2.500       237.25308    0.0067125244       4541.4203
2.500       241.27432    0.0065892607       4688.5681
2.500       245.29555    0.0069643100       5207.3574
2.500       249.31679    0.0066438354       5216.0737
2.500       253.33803    0.0062139919       5118.4930
2.500       257.35927    0.0061078723       5274.4801
2.500       265.40175    0.0061790688       5852.0041
2.500       273.44422    0.0064904736       6722.8421
2.500       281.48670    0.0051999724       5875.5015
2.500       289.52918    0.0044805866       5509.1190
2.500       297.57166    0.0056194064       7501.2802
2.500       305.61413    0.0042784953       6187.0214
2.500       313.65661    0.0058974920       9219.3638
2.500       321.69909    0.0047512493       8013.5983
2.500       329.74156    0.0043737470       7944.1054
2.500       337.78404    0.0037017105       7227.5332
2.500       345.82652    0.0033089448       6933.2150
2.500       353.86900    0.0027699448       6218.2605
2.500       361.91147    0.0033662661       8083.9897
2.500       369.95395    0.0029315994       7520.0010
2.500       377.99643    0.0030697177       8399.0813
2.500       386.03891    0.0023439595       6831.4609
2.500       394.08138    0.0026406673       8187.3189
2.500       402.12386    0.0032749683       10788.396
2.500       410.16634    0.0023832995       8331.6097
2.500       418.20881    0.0027324124       10125.024
2.500       426.25129    0.0024648292       9670.6177
2.500       434.29377    0.0023207872       9630.6670
2.500       442.33625    0.0024915099       10924.221
2.500       450.37872    0.0021301021       9858.3507
2.500       458.42120    0.0019855835       9690.6409
2.500       466.46368    0.0018109835       9311.8987
2.500       474.50615    0.0022062728       11941.394
2.500       482.54863    0.0020739004       11805.419
2.500       490.59111    0.0018250233       10916.859
2.500       498.63359    0.0015017940       9432.4654
2.500       506.67606    0.0019488018       12841.894
2.500       514.71854    0.0016027881       11072.758
2.250     0.015707963       1432.4521   0.00028126130
2.250     0.031415927       3601.4385    0.0056571263
2.250     0.047123890       1848.1164    0.0097976736
2.250     0.062831853       1574.1189     0.019780962
2.250     0.078539816       1224.2205     0.030046892
2.250     0.094247780       937.83469     0.039774977
2.250      0.10995574       750.47999     0.050543246
2.250      0.12566371       678.68954     0.068229315
2.250      0.14137167       506.14740     0.072449339
2.250      0.15707963       439.96328     0.086386588
2.250      0.17278760       377.98542     0.098783178
2.250      0.18849556       345.37776      0.11718391
2.250      0.20420352       311.12500      0.13421308
2.250      0.21991149       277.47469      0.14949869
2.250      0.23561945       239.40804      0.15865085
2.250      0.25132741       222.88795      0.17925713
2.250      0.26703538       195.30007      0.18839920
2.250      0.28274334       177.73963      0.20353152
2.250      0.29845130       157.94003      0.21270755
2.250      0.31415927       143.79926      0.22587935
2.250      0.32986723       132.98106      0.24181184
2.250      0.34557519       120.12021      0.25113891
2.250      0.36128316       114.30034      0.27306178
2.250      0.37699112       104.22513      0.28290202
2.250      0.39269908       97.444610      0.29895632
2.250      0.40840704       93.062838      0.32116353
2.250      0.42411501       86.077563      0.33266809
2.250      0.43982297       81.142895      0.34974739
2.250      0.45553093       76.380895      0.36577046
2.250      0.47123890       72.433478      0.38400157
2.250      0.48694686       66.723030      0.39029297
2.250      0.50265482       64.269516      0.41350890
2.250      0.51836279       60.686759      0.42821872
2.250      0.53407075       58.075741      0.44818921
2.250      0.54977871       55.673665      0.46868800
2.250      0.56548668       53.365698      0.48887698
2.250      0.58119464       50.646038      0.50370996
2.250      0.59690260       47.859993      0.51564797
2.250      0.61261057       45.988681      0.53564205
2.250      0.62831853       44.124461      0.55448433
2.250      0.64402649       42.177962      0.57077777
2.250      0.65973446       39.969707      0.58144511
2.250      0.67544242       39.332442      0.61402516
2.250      0.69115038       37.695004      0.63048059
2.250      0.70685835       36.845995      0.65926151
2.250      0.72256631       34.654131      0.66230556
2.250      0.73827427       34.048677      0.69410265
2.250      0.75398224       32.762975      0.71143780
2.250      0.76969020       32.078412      0.74102180
2.250      0.78539816       30.766052      0.75511252
2.250      0.80110613       29.762209      0.77518539
2.250      0.81681409       28.920630      0.79844990
2.250      0.83252205       27.972727      0.81769683
2.250      0.84823002       27.023744      0.83551968
2.250      0.86393798       26.499348      0.86567156
2.250      0.87964594       25.536727      0.88056050
2.250      0.89535391       24.838958      0.90320811
2.250      0.91106187       24.474993      0.93764069
2.250      0.92676983       23.592097      0.95137659
2.250      0.94247780       22.883888      0.97054004
2.250      0.95818576       22.241512      0.99125114
2.250      0.97389372       21.980935       1.0286109
2.250      0.98960169       21.319818       1.0467308
2.250       1.0053096       20.871341       1.0742866
2.250       1.0367256       20.246710       1.1429209
2.250       1.0681415       18.792547       1.1602251
2.250       1.0995574       18.237670       1.2282687
2.250       1.1309734       17.107427       1.2537533
2.250       1.1623893       16.568001       1.3182421
2.250       1.1938052       16.060818       1.3843259
2.250       1.2252211       15.456726       1.4402278
2.250       1.2566371       15.029352       1.5109153
2.250       1.2880530       14.309572       1.5491665
2.250       1.3194689       13.848518       1.6116512
2.250       1.3508848       13.598498       1.6983069
2.250       1.3823008       13.039292       1.7447449
2.250       1.4137167       12.894652       1.8457253
2.250       1.4451326       12.155344       1.8584917
2.250       1.4765485       11.886906       1.9385735
2.250       1.5079645       11.544270       2.0054419
2.250       1.5393804       11.181057       2.0662886
2.250       1.5707963       10.978215       2.1555675
2.250       1.6022123       10.690908       2.2276399
2.250       1.6336282       10.366742       2.2896664
2.250       1.6650441       10.036819       2.3471648
2.250       1.6964600       9.8357165       2.4328042
2.250       1.7278760       9.6849195       2.5310689
2.250       1.7592919       9.2878569       2.5621200
2.250       1.7907078       9.2589832       2.6934427
2.250       1.8221237       9.0104314       2.7615279
2.250       1.8535397       8.8594820       2.8581449
2.250       1.8849556       8.5774002       2.9102433
2.250       1.9163715       8.4415912       3.0097727
2.250       1.9477874       8.2054387       3.0718270
2.250       1.9792034       8.0302456       3.1540629
2.250       2.0106193       7.9285435       3.2647747
2.250       2.0734512       7.5099868       3.3914925
2.250       2.1362830       7.2854139       3.5983288
2.250       2.1991149       7.0539507       3.8005497
2.250       2.2619467       6.7921185       3.9821959
2.250       2.3247786       6.5843706       4.1911124
2.250       2.3876104       6.2525956       4.3114266
2.250       2.4504423       5.9240688       4.4159463
2.250       2.5132741       5.8882872       4.7356415
2.250       2.5761060       5.8120055       5.0337014
2.250       2.6389378       5.5001699       5.1207531
2.250       2.7017697       5.3944075       5.3896303
2.250       2.7646015       5.2342014       5.6029703
2.250       2.8274334       5.1407574       5.8867354
2.250       2.8902652       5.0125278       6.1311248
2.250       2.9530971       4.8354963       6.3087670
2.250       3.0159289       4.7202697       6.5599479
2.250       3.0787608       4.5433170       6.7169350
2.250       3.1415927       4.5014399       7.0708453
2.250       3.2044245       4.3775657       7.2971464
2.250       3.2672564       4.2753575       7.5542671
2.250       3.3300882       4.1838131       7.8272597
2.250       3.3929201       4.0352873       7.9848287
2.250       3.4557519       3.9564766       8.2719240
2.250       3.5185838       3.8275967       8.4469537
2.250       3.5814156       3.8001304       8.8436781
2.250       3.6442475       3.7379382       9.1648627
2.250       3.7070793       3.6247054       9.3548885
2.250       3.7699112       3.5393051       9.6068634
2.250       3.8327430       3.4465395       9.8306589
2.250       3.8955749       3.3632075       10.072531
2.250       3.9584067       3.3233583       10.442601
2.250       4.0212386       3.2219676       10.613801
2.250       4.1469023       3.1417371       11.350409
2.250       4.2725660       2.9920312       11.822320
2.250       4.3982297       2.8485674       12.278081
2.250       4.5238934       2.7789800       13.034452
2.250       4.6495571       2.6435437       13.461440
2.250       4.7752208       2.5137339       13.866598
2.250       4.9008845       2.4314585       14.499750
2.250       5.0265482       2.3916769       15.388005
2.250       5.1522120       2.2493601       15.585129
2.250       5.2778757       2.1842263       16.268419
2.250       5.4035394       2.1680674       17.329179
2.250       5.5292031       2.0538419       17.588341
2.250       5.6548668       1.9942175       18.268796
2.250       5.7805305       1.8936119       18.529527
2.250       5.9061942       1.8172180       18.967079
2.250       6.0318579       1.7754686       19.739519
2.250       6.1575216       1.6955326       20.053687
2.250       6.2831853       1.6782037       21.088929
2.250       6.4088490       1.6244818       21.663330
2.250       6.5345127       1.5414632       21.789289
2.250       6.6601764       1.5043956       22.515911
2.250       6.7858401       1.4695157       23.262445
2.250       6.9115038       1.4248151       23.831228
2.250       7.0371675       1.3597977       24.007019
2.250       7.1628313       1.3325324       24.808596
2.250       7.2884950       1.2889175       25.281856
2.250       7.4141587       1.2576931       25.967525
2.250       7.5398224       1.2208543       26.510471
2.250       7.6654861       1.1622535       26.521020
2.250       7.7911498       1.1467284       27.474859
2.250       7.9168135       1.1124589       27.964398
2.250       8.0424772       1.1001055       28.991728
2.250       8.2938046       1.0529089       30.431436
2.250       8.5451320      0.96591165       30.532614
2.250       8.7964594      0.91849583       31.671684
2.250       9.0477868      0.88862823       33.343981
2.250       9.2991143      0.83483525       34.009151
2.250       9.5504417      0.79369697       35.026388
2.250       9.8017691      0.74507982       35.545650
2.250       10.053096      0.71351186       36.725778
2.250       10.304424      0.69052219       38.275339
2.250       10.555751      0.65239461       38.873001
2.250       10.807079      0.62460803       39.939514
2.250       11.058406      0.61116909       41.870606
2.250       11.309734      0.58737228       43.046795
2.250       11.561061      0.54090907       42.343583
2.250       11.812388      0.53848866       44.963486
2.250       12.063716      0.51401731       45.718428
2.250       12.315043      0.49251150       46.600916
2.250       12.566371      0.45411589       45.652709
2.250       12.817698      0.44988588       47.995744
2.250       13.069025      0.42974073       48.596656
2.250       13.320353      0.41614555       49.826766
2.250       13.571680      0.39754072       50.344582
2.250       13.823008      0.38176828       51.083159
2.250       14.074335      0.37189727       52.526312
2.250       14.325663      0.35704596       53.178800
2.250       14.576990      0.34151810       53.590467
2.250       14.828317      0.33217773       54.867653
2.250       15.079645      0.32132980       55.820612
2.250       15.330972      0.31117088       56.803918
2.250       15.582300      0.29586289       56.709446
2.250       15.833627      0.29100309       58.520643
2.250       16.084954      0.27905841       58.833526
2.250       16.587609      0.25901362       59.888611
2.250       17.090264      0.24754058       62.598363
2.250       17.592919      0.23180432       63.944838
2.250       18.095574      0.21780274       65.380865
2.250       18.598229      0.20909671       68.144718
2.250       19.100883      0.19235701       67.910767
2.250       19.603538      0.18111128       69.122453
2.250       20.106193      0.16873450       69.480619
2.250       20.608848      0.16059445       71.213432
2.250       21.111503      0.15655059       74.624665
2.250       21.614157      0.14423999       73.785475
2.250       22.116812      0.13763711       75.435088
2.250       22.619467      0.12989524       76.157135
2.250       23.122122      0.12418492       77.771804
2.250       23.624777      0.12020099       80.293692
2.250       24.127432      0.11413899       81.215244
2.250       24.630086      0.10931705       82.747704
2.250       25.132741      0.10587998       85.153729
2.250       25.635396     0.099111023       84.588692
2.250       26.138051     0.093948890       84.992678
2.250       26.640706     0.089757656       85.976337
2.250       27.143361     0.087456961       88.604440
2.250       27.646015     0.083472941       89.353919
2.250       28.148670     0.079713347       90.068920
2.250       28.651325     0.078329995       93.332413
2.250       29.153980     0.074926788       94.059122
2.250       29.656635     0.072263993       95.489983
2.250       30.159289     0.069619121       96.752481
2.250       30.661944     0.067710212       98.883425
2.250       31.164599     0.065450443       100.36158
2.250       31.667254     0.062650230       100.79155
2.250       32.169909     0.060343214       101.77666
2.250       33.175218     0.057605187       106.55485
2.250       34.180528     0.055347289       111.97032
2.250       35.185838     0.048802018       107.69901
2.250       36.191147     0.047629846       114.38169
2.250       37.196457     0.044458990       115.91365
2.250       38.201767     0.041054166       115.95189
2.250       39.207076     0.039680247       121.15407
2.250       40.212386     0.038916943       128.20014
2.250       41.217696     0.035479628       125.86368
2.250       42.223005     0.035245214       134.40574
2.250       43.228315     0.033320025       136.35796
2.250       44.233625     0.032010530       140.35268
2.250       45.238934     0.031651762       148.45856
2.250       46.244244     0.029266261       146.62585
2.250       47.249554     0.028729416       153.52892
2.250       48.254863     0.027483746       156.44779
2.250       49.260173     0.026275083       159.11171
2.250       50.265482     0.025754023       165.70092
2.250       51.270792     0.025872226       176.65020
2.250       52.276102     0.025270014       182.88805
2.250       53.281411     0.024039369       184.21309
2.250       54.286721     0.024410211       197.84388
2.250       55.292031     0.023560862       201.76650
2.250       56.297340     0.022373157       202.23726
2.250       57.302650     0.021688022       206.73515
2.250       58.307960     0.021414711       215.06316
2.250       59.313269     0.019982677       211.24163
2.250       60.318579     0.020941188       232.82246
2.250       61.323889     0.020661489       241.39093
2.250       62.329198     0.020284382       248.83225
2.250       63.334508     0.019404593       249.74454
2.250       64.339818     0.018840417       254.21446
2.250       66.350437     0.017646457       261.13142
2.250       68.361056     0.018424630       298.19154
2.250       70.371675     0.017566330       310.13085
2.250       72.382295     0.017628417       338.67304
2.250       74.392914     0.017042803       355.47249
2.250       76.403533     0.017182960       388.24742
2.250       78.414153     0.016107439       393.44146
2.250       80.424772     0.015888382       418.71589
2.250       82.435391     0.016029188       454.90730
2.250       84.446011     0.016503946       503.49534
2.250       86.456630     0.014678404       480.55599
2.250       88.467249     0.015320926       537.40641
2.250       90.477868     0.015963238       598.98828
2.250       92.488488     0.015046052       603.05350
2.250       94.499107     0.014298879       611.30135
2.250       96.509726     0.014704057       669.60807
2.250       98.520346     0.013844135       670.67770
2.250       100.53096     0.014604224       751.70650
2.250       102.54158     0.013417343       732.88671
2.250       104.55220     0.013607208       787.84149
2.250       106.56282     0.013386785       820.66080
2.250       108.57344     0.014253985       924.22431
2.250       110.58406     0.012962704       888.06239
2.250       112.59468     0.013529175       978.35213
2.250       114.60530     0.012755596       972.71386
2.250       116.61592     0.012975405       1042.4727
2.250       118.62654     0.012949746       1095.1588
2.250       120.63716     0.012997482       1156.0397
2.250       122.64778     0.012625793       1180.0706
2.250       124.65840     0.012703297       1246.6695
2.250       126.66902     0.012972735       1335.7126
2.250       128.67964     0.012528409       1352.3704
2.250       132.70087     0.012168020       1440.4942
2.250       136.72211     0.012131054       1570.6705
2.250       140.74335     0.012491976       1764.3513
2.250       144.76459     0.012436348       1911.3938
2.250       148.78583     0.010952199       1827.4954
2.250       152.80707     0.010405803       1880.9453
2.250       156.82831     0.010637900       2078.7369
2.250       160.84954     0.010552975       2224.8702
2.250       164.87078     0.010907540       2476.4421
2.250       168.89202    0.0099502527       2428.4645
2.250       172.91326     0.010026382       2626.0283
2.250       176.93450    0.0098557382       2765.6484
2.250       180.95574     0.010286598       3087.8706
2.250       184.97698    0.0094043106       3015.4369
2.250       188.99821     0.010132513       3465.4571
2.250       193.01945     0.010310918       3756.3912
2.250       197.04069    0.0092312137       3577.6416
2.250       201.06193    0.0098701883       4064.2951
2.250       205.08317    0.0085244581       3725.0070
2.250       209.10441    0.0087425750       4049.4793
2.250       213.12565    0.0083994467       4119.3441
2.250       217.14688    0.0078589353       4076.5688
2.250       221.16812    0.0089682166       4915.2311
2.250       225.18936    0.0072748164       4208.5831
2.250       229.21060    0.0079968696       4878.5905
2.250       233.23184    0.0080540848       5176.6638
2.250       237.25308    0.0071200539       4817.1381
2.250       241.27432    0.0080891165       5755.7858
2.250       245.29555    0.0075558322       5649.6507
2.250       249.31679    0.0073729055       5788.4664
2.250       253.33803    0.0073375399       6043.9645
2.250       257.35927    0.0072524114       6262.8519
2.250       265.40175    0.0056622125       5362.5055
2.250       273.44422    0.0064744134       6706.2070
2.250       281.48670    0.0069679676       7873.1772
2.250       289.52918    0.0057825449       7109.9457
2.250       297.57166    0.0055071951       7351.4906
2.250       305.61413    0.0043014718       6220.2471
2.250       313.65661    0.0049744339       7776.3761
2.250       321.69909    0.0047148915       7952.2761
2.250       329.74156    0.0043631537       7924.8647
2.250       337.78404    0.0047597010       9293.2435
2.250       345.82652    0.0041238596       8640.7017
2.250       353.86900    0.0050927044       11432.633
2.250       361.91147    0.0042003224       10086.952
2.250       369.95395    0.0040201378       10312.268
2.250       377.99643    0.0038223187       10458.279
2.250       386.03891    0.0037236307       10852.507
2.250       394.08138    0.0035366489       10965.286
2.250       402.12386    0.0036298469       11957.437
2.250       410.16634    0.0043051402       15050.038
2.250       418.20881    0.0029706422       11007.790
2.250       426.25129    0.0032839652       12884.451
2.250       434.29377    0.0033024740       13704.414
2.250       442.33625    0.0032247471       14139.157
2.250       450.37872    0.0032489047       15036.295
2.250       458.42120    0.0028459576       13889.697
2.250       466.46368    0.0028374615       14589.948
2.250       474.50615    0.0023970444       12973.940
2.250       482.54863    0.0028628832       16296.606
2.250       490.59111    0.0037322679       22325.546
2.250       498.63359    0.0028753974       18059.791
2.250       506.67606    0.0020521972       13523.232
2.250       514.71854    0.0025129151       17360.311
2.000     0.015707963       1670.2838   0.00032795946
2.000     0.031415927       4202.2931    0.0066009465
2.000     0.047123890       2153.7188     0.011417806
2.000     0.062831853       1837.9840     0.023096788
2.000     0.078539816       1429.3042     0.035080402
2.000     0.094247780       1095.2904     0.046452908
2.000      0.10995574       875.79622     0.058983030
2.000      0.12566371       789.93353     0.079412780
2.000      0.14137167       592.11721     0.084754956
2.000      0.15707963       515.76980      0.10127116
2.000      0.17278760       443.67434      0.11595040
2.000      0.18849556       404.26871      0.13716514
2.000      0.20420352       364.58652      0.15727531
2.000      0.21991149       326.04932      0.17566987
2.000      0.23561945       281.58545      0.18660096
2.000      0.25132741       262.66841      0.21125047
2.000      0.26703538       230.28340      0.22214640
2.000      0.28274334       210.68392      0.24125637
2.000      0.29845130       187.10429      0.25198485
2.000      0.31415927       170.82773      0.26833558
2.000      0.32986723       158.01806      0.28733894
2.000      0.34557519       142.59741      0.29813267
2.000      0.36128316       136.26970      0.32554625
2.000      0.37699112       124.68488      0.33843668
2.000      0.39269908       116.31744      0.35685744
2.000      0.40840704       111.32281      0.38417942
2.000      0.42411501       102.96581      0.39793692
2.000      0.43982297       97.003505      0.41811082
2.000      0.45553093       91.838528      0.43979349
2.000      0.47123890       87.205645      0.46231529
2.000      0.48694686       80.372041      0.47013217
2.000      0.50265482       77.496215      0.49860923
2.000      0.51836279       73.359448      0.51763992
2.000      0.53407075       70.279606      0.54237037
2.000      0.54977871       67.548526      0.56865636
2.000      0.56548668       64.635526      0.59211857
2.000      0.58119464       61.785616      0.61450079
2.000      0.59690260       58.181904      0.62685719
2.000      0.61261057       56.092632      0.65332538
2.000      0.62831853       53.961017      0.67809413
2.000      0.64402649       51.613970      0.69847156
2.000      0.65973446       49.006615      0.71290632
2.000      0.67544242       48.261510      0.75341829
2.000      0.69115038       46.296053      0.77434035
2.000      0.70685835       45.177280      0.80832778
2.000      0.72256631       42.761043      0.81724388
2.000      0.73827427       41.959982      0.85537933
2.000      0.75398224       40.434045      0.87801269
2.000      0.76969020       39.640328      0.91570454
2.000      0.78539816       38.081865      0.93466958
2.000      0.80110613       36.895005      0.96096593
2.000      0.81681409       35.893030      0.99094613
2.000      0.83252205       34.737147       1.0154339
2.000      0.84823002       33.548928       1.0372652
2.000      0.86393798       33.029837       1.0790073
2.000      0.87964594       31.841512       1.0979629
2.000      0.89535391       31.012981       1.1277114
2.000      0.91106187       30.609558       1.1726568
2.000      0.92676983       29.552922       1.1917533
2.000      0.94247780       28.737658       1.2188072
2.000      0.95818576       27.919686       1.2443138
2.000      0.97389372       27.609092       1.2919838
2.000      0.98960169       26.767118       1.3141748
2.000       1.0053096       26.324725       1.3549824
2.000       1.0367256       25.565092       1.4431420
2.000       1.0681415       23.884642       1.4746039
2.000       1.0995574       23.116747       1.5568642
2.000       1.1309734       21.784176       1.5964985
2.000       1.1623893       21.155567       1.6832543
2.000       1.1938052       20.518097       1.7685109
2.000       1.2252211       19.687725       1.8344642
2.000       1.2566371       19.318438       1.9421012
2.000       1.2880530       18.401113       1.9921202
2.000       1.3194689       17.912517       2.0846079
2.000       1.3508848       17.448289       2.1791047
2.000       1.3823008       16.833527       2.2524390
2.000       1.4137167       16.627293       2.3800110
2.000       1.4451326       15.751413       2.4083128
2.000       1.4765485       15.544834       2.5351260
2.000       1.5079645       14.976624       2.6017018
2.000       1.5393804       14.573499       2.6932208
2.000       1.5707963       14.256887       2.7993333
2.000       1.6022123       14.026135       2.9225935
2.000       1.6336282       13.626834       3.0097116
2.000       1.6650441       13.104976       3.0646699
2.000       1.6964600       12.837897       3.1753751
2.000       1.7278760       12.659514       3.3084531
2.000       1.7592919       12.187159       3.3619127
2.000       1.7907078       12.124330       3.5269734
2.000       1.8221237       11.855462       3.6334763
2.000       1.8535397       11.700755       3.7747638
2.000       1.8849556       11.293217       3.8316983
2.000       1.9163715       11.093537       3.9553001
2.000       1.9477874       10.832503       4.0553071
2.000       1.9792034       10.667236       4.1898013
2.000       2.0106193       10.476264       4.3138620
2.000       2.0734512       9.9750040       4.5046885
2.000       2.1362830       9.6588018       4.7705656
2.000       2.1991149       9.4338099       5.0827777
2.000       2.2619467       9.1120880       5.3423861
2.000       2.3247786       8.7088140       5.5433724
2.000       2.3876104       8.3468420       5.7554972
2.000       2.4504423       7.9646488       5.9370447
2.000       2.5132741       7.8025032       6.2751454
2.000       2.5761060       7.7824536       6.7402805
2.000       2.6389378       7.3577871       6.8502268
2.000       2.7017697       7.1496061       7.1432746
2.000       2.7646015       7.0503579       7.5470818
2.000       2.8274334       6.8404426       7.8330628
2.000       2.8902652       6.7069235       8.2036422
2.000       2.9530971       6.5037236       8.4852670
2.000       3.0159289       6.3003702       8.7558769
2.000       3.0787608       6.1766686       9.1317162
2.000       3.1415927       5.9967158       9.4196191
2.000       3.2044245       5.8608958       9.7697712
2.000       3.2672564       5.7670710       10.190024
2.000       3.3300882       5.5954619       10.468234
2.000       3.3929201       5.4027912       10.690778
2.000       3.4557519       5.3114886       11.104888
2.000       3.5185838       5.1336851       11.329302
2.000       3.5814156       5.0408765       11.731147
2.000       3.6442475       4.9216971       12.067261
2.000       3.7070793       4.8432041       12.499674
2.000       3.7699112       4.7660741       12.936727
2.000       3.8327430       4.6259967       13.194857
2.000       3.8955749       4.4941269       13.459541
2.000       3.9584067       4.4679725       14.039188
2.000       4.0212386       4.3262068       14.251385
2.000       4.1469023       4.1686212       15.060317
2.000       4.2725660       3.9196011       15.487398
2.000       4.3982297       3.8580572       16.629250
2.000       4.5238934       3.6384034       17.065468
2.000       4.6495571       3.5431646       18.042485
2.000       4.7752208       3.3670957       18.574028
2.000       4.9008845       3.2679096       19.487840
2.000       5.0265482       3.1076020       19.994255
2.000       5.1522120       2.9806881       20.652277
2.000       5.2778757       2.8805790       21.454950
2.000       5.4035394       2.7992811       22.374417
2.000       5.5292031       2.6738520       22.897879
2.000       5.6548668       2.5886620       23.714433
2.000       5.7805305       2.4900251       24.365598
2.000       5.9061942       2.3994839       25.044436
2.000       6.0318579       2.3325873       25.933520
2.000       6.1575216       2.2314865       26.392611
2.000       6.2831853       2.1638156       27.191308
2.000       6.4088490       2.1227278       28.307707
2.000       6.5345127       1.9884611       28.107808
2.000       6.6601764       1.9696253       29.478887
2.000       6.7858401       1.9220350       30.425829
2.000       6.9115038       1.8203860       30.447483
2.000       7.0371675       1.7953523       31.696669
2.000       7.1628313       1.7241135       32.098909
2.000       7.2884950       1.6731697       32.818884
2.000       7.4141587       1.6254430       33.560440
2.000       7.5398224       1.5673997       34.035597
2.000       7.6654861       1.5280008       34.866868
2.000       7.7911498       1.4843930       35.565082
2.000       7.9168135       1.4300310       35.947355
2.000       8.0424772       1.3918947       36.681421
2.000       8.2938046       1.3231118       38.240909
2.000       8.5451320       1.2335946       38.994112
2.000       8.7964594       1.1697568       40.335695
2.000       9.0477868       1.1359932       42.625853
2.000       9.2991143       1.0696037       43.573045
2.000       9.5504417       1.0176378       44.909048
2.000       9.8017691      0.95664796       45.638967
2.000       10.053096      0.91141648       46.912296
2.000       10.304424      0.87537165       48.521463
2.000       10.555751      0.82398519       49.097244
2.000       10.807079      0.78751993       50.356642
2.000       11.058406      0.75880173       51.984776
2.000       11.309734      0.71945543       52.726783
2.000       11.561061      0.68835942       53.886329
2.000       11.812388      0.65432314       54.635597
2.000       12.063716      0.62533532       55.619427
2.000       12.315043      0.60189684       56.950841
2.000       12.566371      0.57587233       57.893001
2.000       12.817698      0.55849060       59.582159
2.000       13.069025      0.53312530       60.287762
2.000       13.320353      0.51246106       61.359006
2.000       13.571680      0.49010200       62.066548
2.000       13.823008      0.47497253       63.554513
2.000       14.074335      0.44991215       63.545037
2.000       14.325663      0.43593698       64.928910
2.000       14.576990      0.42152819       66.145521
2.000       14.828317      0.40552226       66.982379
2.000       15.079645      0.38867146       67.519037
2.000       15.330972      0.37646569       68.723417
2.000       15.582300      0.36563628       70.083242
2.000       15.833627      0.35493762       71.377860
2.000       16.084954      0.34107361       71.908110
2.000       16.587609      0.32152996       74.343516
2.000       17.090264      0.30244875       76.483610
2.000       17.592919      0.28134783       77.611758
2.000       18.095574      0.25655089       77.012434
2.000       18.598229      0.24743937       80.640609
2.000       19.100883      0.22705076       80.159237
2.000       19.603538      0.22151385       84.542393
2.000       20.106193      0.20733424       85.375023
2.000       20.608848      0.19864731       88.087459
2.000       21.111503      0.18499349       88.182852
2.000       21.614157      0.17908583       91.610745
2.000       22.116812      0.16921687       92.743081
2.000       22.619467      0.15864596       93.013587
2.000       23.122122      0.15372631       96.272337
2.000       23.624777      0.14650950       97.867656
2.000       24.127432      0.13534876       96.306992
2.000       24.630086      0.12966518       98.150255
2.000       25.132741      0.12645291       101.69946
2.000       25.635396      0.12094340       103.22206
2.000       26.138051      0.11575993       104.72446
2.000       26.640706      0.11150607       106.80853
2.000       27.143361      0.10342405       104.78103
2.000       27.646015      0.10060478       107.69276
2.000       28.148670     0.098241239       111.00377
2.000       28.651325     0.092925925       110.72388
2.000       29.153980     0.089966073       112.93864
2.000       29.656635     0.085205175       112.59052
2.000       30.159289     0.083932987       116.64503
2.000       30.661944     0.080952185       118.22189
2.000       31.164599     0.077639521       119.05229
2.000       31.667254     0.074203140       119.37785
2.000       32.169909     0.073720311       124.33887
2.000       33.175218     0.070959621       131.25714
2.000       34.180528     0.060349742       122.09053
2.000       35.185838     0.060223256       132.90404
2.000       36.191147     0.054608319       131.14028
2.000       37.196457     0.054066337       140.96196
2.000       38.201767     0.050708813       143.22012
2.000       39.207076     0.046011522       140.48509
2.000       40.212386     0.045030896       148.34072
2.000       41.217696     0.042146877       149.51569
2.000       42.223005     0.039781542       151.70479
2.000       43.228315     0.038922398       159.28496
2.000       44.233625     0.037427909       164.10560
2.000       45.238934     0.036225627       169.91169
2.000       46.244244     0.032787495       164.26746
2.000       47.249554     0.032415424       173.22680
2.000       48.254863     0.031375818       178.60293
2.000       49.260173     0.029870756       180.88571
2.000       50.265482     0.029657014       190.81269
2.000       51.270792     0.027603896       188.47368
2.000       52.276102     0.027312593       197.67091
2.000       53.281411     0.026432065       202.54826
2.000       54.286721     0.026067774       211.27837
2.000       55.292031     0.025303472       216.68956
2.000       56.297340     0.025148694       227.32612
2.000       57.302650     0.023485804       223.87202
2.000       58.307960     0.023770074       238.71754
2.000       59.313269     0.023002782       243.16788
2.000       60.318579     0.023014764       255.87632
2.000       61.323889     0.021996585       256.98903
2.000       62.329198     0.022056786       270.57466
2.000       63.334508     0.021612695       278.16366
2.000       64.339818     0.021262697       286.89837
2.000       66.350437     0.019923957       294.83376
2.000       68.361056     0.020476688       331.40288
2.000       70.371675     0.017888620       315.82082
2.000       72.382295     0.019024147       365.48747
2.000       74.392914     0.017471452       364.41309
2.000       76.403533     0.016521727       373.30691
2.000       78.414153     0.014984838       366.02073
2.000       80.424772     0.016578456       436.90183
2.000       82.435391     0.016275788       461.90578
2.000       84.446011     0.016938486       516.75212
2.000       86.456630     0.015476442       506.68294
2.000       88.467249     0.015976423       560.39902
2.000       90.477868     0.015394302       577.64012
2.000       92.488488     0.015729636       630.45190
2.000       94.499107     0.014918711       637.80022
2.000       96.509726     0.014677227       668.38627
2.000       98.520346     0.014337040       694.55644
2.000       100.53096     0.014796604       761.60864
2.000       102.54158     0.015181566       829.25268
2.000       104.55220     0.013989107       809.95302
2.000       106.56282     0.013875163       850.60026
2.000       108.57344     0.013560488       879.25812
2.000       110.58406     0.015289541       1047.4717
2.000       112.59468     0.013699575       990.67451
2.000       114.60530     0.013623408       1038.8913
2.000       116.61592     0.013368623       1074.0647
2.000       118.62654     0.013203580       1116.6255
2.000       120.63716     0.012655402       1125.6140
2.000       122.64778     0.012738502       1190.6049
2.000       124.65840     0.012996693       1275.4626
2.000       126.66902     0.013290600       1368.4409
2.000       128.67964     0.012948804       1397.7496
2.000       132.70087     0.013167235       1558.7849
2.000       136.72211     0.012579783       1628.7698
2.000       140.74335     0.012430430       1755.6586
2.000       144.76459     0.011299115       1736.6077
2.000       148.78583     0.011630061       1940.6041
2.000       152.80707     0.011895506       2150.2229
2.000       156.82831     0.011200329       2188.6402
2.000       160.84954     0.011485351       2421.4418
2.000       164.87078     0.010020583       2275.0679
2.000       168.89202     0.010906669       2661.8882
2.000       172.91326     0.010166649       2662.7658
2.000       176.93450     0.010001564       2806.5690
2.000       180.95574     0.010722253       3218.6471
2.000       184.97698     0.010782595       3457.3756
2.000       188.99821    0.0095062060       3251.2516
2.000       193.01945    0.0096541122       3517.1091
2.000       197.04069     0.010227260       3963.6686
2.000       201.06193    0.0090478980       3725.6967
2.000       205.08317    0.0097251860       4249.6996
2.000       209.10441    0.0082829475       3836.5841
2.000       213.12565    0.0092697256       4546.1554
2.000       217.14688    0.0090126813       4675.0373
2.000       221.16812    0.0080382207       4405.5261
2.000       225.18936    0.0084675545       4898.5988
2.000       229.21060    0.0083730901       5108.1085
2.000       233.23184    0.0084498604       5431.0437
2.000       237.25308    0.0084689867       5729.7711
2.000       241.27432    0.0084315520       5999.4447
2.000       245.29555    0.0075081351       5613.9865
2.000       249.31679    0.0079269646       6223.4582
2.000       253.33803    0.0074809452       6162.0882
2.000       257.35927    0.0080681207       6967.2613
2.000       265.40175    0.0066347858       6283.5996
2.000       273.44422    0.0066879770       6927.4164
2.000       281.48670    0.0071306145       8056.9536
2.000       289.52918    0.0059826589       7355.9965
2.000       297.57166    0.0060693117       8101.8535
2.000       305.61413    0.0055961099       8092.3898
2.000       313.65661    0.0047619144       7444.1510
2.000       321.69909    0.0055576524       9373.7017
2.000       329.74156    0.0051037503       9270.0219
2.000       337.78404    0.0053143570       10376.201
2.000       345.82652    0.0051969816       10889.209
2.000       353.86900    0.0046514484       10442.056
2.000       361.91147    0.0047243963       11345.500
2.000       369.95395    0.0047011634       12059.203
2.000       377.99643    0.0036181607       9899.6810
2.000       386.03891    0.0035885008       10458.672
2.000       394.08138    0.0040639343       12600.120
2.000       402.12386    0.0041599748       13703.783
2.000       410.16634    0.0033676010       11772.561
2.000       418.20881    0.0038638279       14317.513
2.000       426.25129    0.0036978161       14508.172
2.000       434.29377    0.0036319362       15071.597
2.000       442.33625    0.0034782057       15250.466
2.000       450.37872    0.0035409908       16388.102
2.000       458.42120    0.0033840336       16515.777
2.000       466.46368    0.0032358718       16638.534
2.000       474.50615    0.0024590639       13309.619
2.000       482.54863    0.0033218616       18909.283
2.000       490.59111    0.0033105630       19803.007
2.000       498.63359    0.0029527874       18545.862
2.000       506.67606    0.0024935475       16431.570
2.000       514.71854    0.0029783290       20575.593
1.750     0.015707963       1970.4077   0.00038688864
1.750     0.031415927       4961.1288    0.0077929230
1.750     0.047123890       2538.8985     0.013459812
1.750     0.062831853       2171.5338     0.027288299
1.750     0.078539816       1688.5730     0.041443817
1.750     0.094247780       1294.3838     0.054896758
1.750      0.10995574       1034.2687     0.069655818
1.750      0.12566371       929.93709     0.093487473
1.750      0.14137167       701.22737      0.10037286
1.750      0.15707963       612.35726      0.12023607
1.750      0.17278760       527.64747      0.13789604
1.750      0.18849556       479.09206      0.16255211
1.750      0.20420352       432.76674      0.18668689
1.750      0.21991149       388.13987      0.20912322
1.750      0.23561945       335.67232      0.22244323
1.750      0.25132741       313.80095      0.25237370
1.750      0.26703538       275.28629      0.26555913
1.750      0.28274334       253.34100      0.29010345
1.750      0.29845130       225.00504      0.30302813
1.750      0.31415927       206.13499      0.32379608
1.750      0.32986723       190.80265      0.34695422
1.750      0.34557519       171.94140      0.35948304
1.750      0.36128316       165.09832      0.39441738
1.750      0.37699112       151.72294      0.41182703
1.750      0.39269908       141.15785      0.43306686
1.750      0.40840704       135.43065      0.46737653
1.750      0.42411501       125.29443      0.48423141
1.750      0.43982297       117.94035      0.50835419
1.750      0.45553093       112.27229      0.53764605
1.750      0.47123890       106.86420      0.56653389
1.750      0.48694686       98.591960      0.57670866
1.750      0.50265482       95.171822      0.61233376
1.750      0.51836279       90.344083      0.63748713
1.750      0.53407075       86.620249      0.66847639
1.750      0.54977871       83.515271      0.70307219
1.750      0.56548668       79.742100      0.73050814
1.750      0.58119464       76.877173      0.76459678
1.750      0.59690260       72.123303      0.77706311
1.750      0.61261057       69.827924      0.81330387
1.750      0.62831853       67.312268      0.84587091
1.750      0.64402649       64.430960      0.87191885
1.750      0.65973446       61.362186      0.89264461
1.750      0.67544242       60.419833      0.94322386
1.750      0.69115038       58.084070      0.97150482
1.750      0.70685835       56.479164       1.0105451
1.750      0.72256631       53.910459       1.0303302
1.750      0.73827427       52.781005       1.0759724
1.750      0.75398224       50.972781       1.1068580
1.750      0.76969020       50.004286       1.1551154
1.750      0.78539816       48.152160       1.1818318
1.750      0.80110613       46.763436       1.2179987
1.750      0.81681409       45.521546       1.2567732
1.750      0.83252205       44.050805       1.2876901
1.750      0.84823002       42.607654       1.3173428
1.750      0.86393798       41.986654       1.3716055
1.750      0.87964594       40.536070       1.3977697
1.750      0.89535391       39.609944       1.4403190
1.750      0.91106187       39.107451       1.4982124
1.750      0.92676983       37.799397       1.5243012
1.750      0.94247780       36.890615       1.5645863
1.750      0.95818576       35.855900       1.5980119
1.750      0.97389372       35.438809       1.6583801
1.750      0.98960169       34.347449       1.6863434
1.750       1.0053096       33.923395       1.7461000
1.750       1.0367256       33.000391       1.8628624
1.750       1.0681415       31.117144       1.9211282
1.750       1.0995574       29.990058       2.0197672
1.750       1.1309734       28.426058       2.0832626
1.750       1.1623893       27.642487       2.1993896
1.750       1.1938052       26.915016       2.3198789
1.750       1.2252211       25.673399       2.3921977
1.750       1.2566371       25.361027       2.5495685
1.750       1.2880530       24.207299       2.6207028
1.750       1.3194689       23.663876       2.7539347
1.750       1.3508848       22.872311       2.8565070
1.750       1.3823008       22.270966       2.9800047
1.750       1.4137167       21.846805       3.1271257
1.750       1.4451326       20.885837       3.1933407
1.750       1.4765485       20.797919       3.3918242
1.750       1.5079645       19.922103       3.4608181
1.750       1.5393804       19.535284       3.6101717
1.750       1.5707963       18.972152       3.7251734
1.750       1.6022123       18.791418       3.9155245
1.750       1.6336282       18.233024       4.0270648
1.750       1.6650441       17.474914       4.0866037
1.750       1.6964600       17.200829       4.2545197
1.750       1.7278760       16.956358       4.4313957
1.750       1.7592919       16.364072       4.5141433
1.750       1.7907078       16.258418       4.7295817
1.750       1.8221237       15.908428       4.8756344
1.750       1.8535397       15.778634       5.0903226
1.750       1.8849556       15.274557       5.1825350
1.750       1.9163715       14.865274       5.3000784
1.750       1.9477874       14.627045       5.4758500
1.750       1.9792034       14.520359       5.7032038
1.750       2.0106193       14.116994       5.8130230
1.750       2.0734512       13.609460       6.1460003
1.750       2.1362830       13.106825       6.4735742
1.750       2.1991149       12.846607       6.9215354
1.750       2.2619467       12.446032       7.2970663
1.750       2.3247786       11.851270       7.5436219
1.750       2.3876104       11.382618       7.8487920
1.750       2.4504423       11.030619       8.2224944
1.750       2.5132741       10.625498       8.5455327
1.750       2.5761060       10.604238       9.1841908
1.750       2.6389378       10.064395       9.3701258
1.750       2.7017697       9.8165373       9.8078440
1.750       2.7646015       9.7102251       10.394347
1.750       2.8274334       9.3248707       10.678008
1.750       2.8902652       9.1405680       11.180379
1.750       2.9530971       8.8551659       11.553143
1.750       3.0159289       8.6649977       12.042094
1.750       3.0787608       8.4237056       12.453783
1.750       3.1415927       8.1182906       12.752181
1.750       3.2044245       7.9485358       13.249745
1.750       3.2672564       7.8187411       13.815186
1.750       3.3300882       7.5541642       14.132659
1.750       3.3929201       7.3279748       14.500237
1.750       3.4557519       7.2076177       15.069182
1.750       3.5185838       6.9322959       15.298577
1.750       3.5814156       6.8094165       15.846900
1.750       3.6442475       6.7007714       16.429284
1.750       3.7070793       6.4691868       16.696121
1.750       3.7699112       6.3679350       17.284715
1.750       3.8327430       6.2384523       17.794108
1.750       3.8955749       6.0411800       18.092839
1.750       3.9584067       6.0004616       18.854550
1.750       4.0212386       5.8466554       19.260044
1.750       4.1469023       5.4968824       19.859034
1.750       4.2725660       5.2350155       20.684955
1.750       4.3982297       5.2122608       22.466226
1.750       4.5238934       4.8466274       22.732489
1.750       4.6495571       4.6682434       23.771606
1.750       4.7752208       4.4853188       24.742521
1.750       4.9008845       4.3049203       25.671946
1.750       5.0265482       4.1859712       26.932463
1.750       5.1522120       4.0162220       27.827176
1.750       5.2778757       3.7938942       28.257448
1.750       5.4035394       3.7025916       29.594502
1.750       5.5292031       3.5168560       30.117052
1.750       5.6548668       3.3698806       30.871086
1.750       5.7805305       3.2795148       32.090977
1.750       5.9061942       3.1764552       33.154017
1.750       6.0318579       3.0659823       34.087348
1.750       6.1575216       2.8901540       34.182914
1.750       6.2831853       2.8163838       35.391722
1.750       6.4088490       2.7491307       36.661123
1.750       6.5345127       2.6502814       37.462941
1.750       6.6601764       2.5345977       37.934686
1.750       6.7858401       2.4796803       39.253358
1.750       6.9115038       2.3807412       39.819895
1.750       7.0371675       2.3353177       41.229675
1.750       7.1628313       2.1815150       40.614641
1.750       7.2884950       2.1366231       41.909430
1.750       7.4141587       2.1055027       43.472207
1.750       7.5398224       2.0205469       43.875546
1.750       7.6654861       1.9649059       44.836439
1.750       7.7911498       1.8790619       45.021090
1.750       7.9168135       1.8398496       46.249156
1.750       8.0424772       1.7954483       47.316507
1.750       8.2938046       1.6657154       48.142923
1.750       8.5451320       1.5948169       50.412405
1.750       8.7964594       1.4907258       51.403386
1.750       9.0477868       1.3987948       52.486950
1.750       9.2991143       1.3227647       53.886205
1.750       9.5504417       1.2510539       55.209863
1.750       9.8017691       1.2442081       59.357647
1.750       10.053096       1.1603261       59.724134
1.750       10.304424       1.0930867       60.589313
1.750       10.555751       1.0313218       61.451415
1.750       10.807079      0.98026315       62.681284
1.750       11.058406      0.96090685       65.830804
1.750       11.309734      0.91580592       67.116736
1.750       11.561061      0.85419537       66.868341
1.750       11.812388      0.84600129       70.640609
1.750       12.063716      0.79421606       70.640248
1.750       12.315043      0.76340447       72.232522
1.750       12.566371      0.73943649       74.336264
1.750       12.817698      0.70278827       74.976450
1.750       13.069025      0.66664672       75.386853
1.750       13.320353      0.63718521       76.292726
1.750       13.571680      0.61679237       78.110625
1.750       13.823008      0.58678231       78.515413
1.750       14.074335      0.57367872       81.025676
1.750       14.325663      0.55139268       82.125003
1.750       14.576990      0.53095928       83.317270
1.750       14.828317      0.50922600       84.111706
1.750       15.079645      0.49053183       85.213967
1.750       15.330972      0.47804975       87.267481
1.750       15.582300      0.45881764       87.943756
1.750       15.833627      0.43851619       88.185487
1.750       16.084954      0.42648253       89.914763
1.750       16.587609      0.39142094       90.503568
1.750       17.090264      0.37509827       94.855309
1.750       17.592919      0.35324537       97.445196
1.750       18.095574      0.33017861       99.114287
1.750       18.598229      0.30489654       99.365929
1.750       19.100883      0.28506339       100.64033
1.750       19.603538      0.27409452       104.61019
1.750       20.106193      0.26135904       107.62107
1.750       20.608848      0.24281266       107.67199
1.750       21.111503      0.22556263       107.52138
1.750       21.614157      0.21523314       110.10178
1.750       22.116812      0.20907638       114.58897
1.750       22.619467      0.19860003       116.43852
1.750       23.122122      0.18698223       117.09913
1.750       23.624777      0.17577599       117.41753
1.750       24.127432      0.16917029       120.37260
1.750       24.630086      0.16448089       124.50406
1.750       25.132741      0.15524916       124.85878
1.750       25.635396      0.14711143       125.55580
1.750       26.138051      0.14300305       129.37047
1.750       26.640706      0.13496943       129.28343
1.750       27.143361      0.13403395       135.79255
1.750       27.646015      0.12436943       133.13172
1.750       28.148670      0.11865317       134.06741
1.750       28.651325      0.11438418       136.29200
1.750       29.153980      0.10905102       136.89687
1.750       29.656635      0.10571742       139.69550
1.750       30.159289      0.10222224       142.06235
1.750       30.661944     0.098266096       143.50698
1.750       31.164599     0.093123657       142.79563
1.750       31.667254     0.090469009       145.54635
1.750       32.169909     0.086657851       146.15971
1.750       33.175218     0.076875141       142.19933
1.750       34.180528     0.077583635       156.95555
1.750       35.185838     0.070277992       155.09339
1.750       36.191147     0.065457951       157.19536
1.750       37.196457     0.063717638       166.12487
1.750       38.201767     0.059214370       167.24291
1.750       39.207076     0.057524233       175.63638
1.750       40.212386     0.052171218       171.86236
1.750       41.217696     0.049670838       176.20688
1.750       42.223005     0.047547360       181.31933
1.750       43.228315     0.045216331       185.04208
1.750       44.233625     0.042707416       187.25402
1.750       45.238934     0.042541119       199.53370
1.750       46.244244     0.039711458       198.95696
1.750       47.249554     0.039110956       209.00747
1.750       48.254863     0.035301511       200.94945
1.750       49.260173     0.034331781       207.89995
1.750       50.265482     0.034077565       219.25443
1.750       51.270792     0.030809328       210.35971
1.750       52.276102     0.031802517       230.16609
1.750       53.281411     0.029540974       226.37175
1.750       54.286721     0.030201184       244.77951
1.750       55.292031     0.028659907       245.43283
1.750       56.297340     0.027572361       249.23432
1.750       57.302650     0.026743391       254.92408
1.750       58.307960     0.024941041       250.47730
1.750       59.313269     0.025289348       267.33971
1.750       60.318579     0.024447488       271.80523
1.750       61.323889     0.024127881       281.88924
1.750       62.329198     0.023774438       291.64541
1.750       63.334508     0.023273210       299.53512
1.750       64.339818     0.022826028       307.99246
1.750       66.350437     0.021474850       317.78380
1.750       68.361056     0.021623937       349.97040
1.750       70.371675     0.020428941       360.66980
1.750       72.382295     0.018874130       362.60539
1.750       74.392914     0.019541009       407.57915
1.750       76.403533     0.017897683       404.39652
1.750       78.414153     0.018548122       453.05776
1.750       80.424772     0.018075141       476.34483
1.750       82.435391     0.016985549       482.04873
1.750       84.446011     0.017392913       530.61557
1.750       86.456630     0.016951528       554.97577
1.750       88.467249     0.016187730       567.81097
1.750       90.477868     0.016367348       614.15170
1.750       92.488488     0.015580220       624.46323
1.750       94.499107     0.015993770       683.76082
1.750       96.509726     0.014842690       675.92128
1.750       98.520346     0.015928948       771.67623
1.750       100.53096     0.015225645       783.69220
1.750       102.54158     0.014653951       800.43316
1.750       104.55220     0.014946234       865.36954
1.750       106.56282     0.014415911       883.75015
1.750       108.57344     0.013862839       898.86252
1.750       110.58406     0.014081264       964.69386
1.750       112.59468     0.013518513       977.58114
1.750       114.60530     0.013870223       1057.7130
1.750       116.61592     0.014500128       1164.9724
1.750       118.62654     0.013259093       1121.3202
1.750       120.63716     0.013591431       1208.8676
1.750       122.64778     0.012860836       1202.0388
1.750       124.65840     0.013357364       1310.8579
1.750       126.66902     0.013579017       1398.1372
1.750       128.67964     0.013713415       1480.2850
1.750       132.70087     0.012335240       1460.2903
1.750       136.72211     0.012698493       1644.1397
1.750       140.74335     0.012052264       1702.2469
1.750       144.76459     0.011958122       1837.8931
1.750       148.78583     0.012103974       2019.6818
1.750       152.80707     0.012396841       2240.8439
1.750       156.82831     0.010848164       2119.8243
1.750       160.84954     0.011773495       2482.1909
1.750       164.87078     0.010513634       2387.0098
1.750       168.89202     0.010960332       2674.9852
1.750       172.91326     0.011289925       2956.9652
1.750       176.93450     0.010811296       3033.7903
1.750       180.95574    0.0099212671       2978.2042
1.750       184.97698     0.011832745       3794.1002
1.750       188.99821     0.010167300       3477.3546
1.750       193.01945     0.010334515       3764.9879
1.750       197.04069     0.010146242       3932.2693
1.750       201.06193     0.010164767       4185.5954
1.750       205.08317     0.010288827       4495.9989
1.750       209.10441    0.0097713856       4526.0148
1.750       213.12565    0.0099614524       4885.3992
1.750       217.14688    0.0090028459       4669.9355
1.750       221.16812    0.0098428239       5394.5791
1.750       225.18936    0.0092425702       5346.9562
1.750       229.21060    0.0083032684       5065.5129
1.750       233.23184    0.0098598760       6337.3139
1.750       237.25308    0.0089664811       6066.3555
1.750       241.27432    0.0087837041       6250.0175
1.750       245.29555    0.0084073027       6286.3126
1.750       249.31679    0.0086130284       6762.0867
1.750       253.33803    0.0076907364       6334.8941
1.750       257.35927    0.0084034911       7256.8718
1.750       265.40175    0.0083296246       7888.7287
1.750       273.44422    0.0080477579       8335.8795
1.750       281.48670    0.0080256923       9068.3111
1.750       289.52918    0.0073665210       9057.5284
1.750       297.57166    0.0076003932       10145.676
1.750       305.61413    0.0067136123       9708.3812
1.750       313.65661    0.0062935389       9838.4915
1.750       321.69909    0.0060274023       10165.996
1.750       329.74156    0.0056963916       10346.446
1.750       337.78404    0.0064020592       12499.923
1.750       345.82652    0.0050135388       10504.842
1.750       353.86900    0.0056033958       12579.087
1.750       361.91147    0.0049044151       11777.810
1.750       369.95395    0.0042676887       10947.274
1.750       377.99643    0.0043793708       11982.435
1.750       386.03891    0.0043910410       12797.672
1.750       394.08138    0.0047163156       14622.811
1.750       402.12386    0.0037110162       12224.825
1.750       410.16634    0.0042558476       14877.720
1.750       418.20881    0.0035924815       13312.032
1.750       426.25129    0.0031372626       12308.872
1.750       434.29377    0.0035165384       14592.726
1.750       442.33625    0.0032138777       14091.499
1.750       450.37872    0.0031822700       14727.902
1.750       458.42120    0.0032456663       15840.475
1.750       466.46368    0.0036118991       18572.029
1.750       474.50615    0.0029592951       16017.107
1.750       482.54863    0.0029441626       16759.278
1.750       490.59111    0.0024794822       14831.677
1.750       498.63359    0.0029474675       18512.449
1.750       506.67606    0.0027172547       17905.719
1.750       514.71854    0.0025548307       17649.882
1.500     0.015707963       2355.1244   0.00046242760
1.500     0.031415927       5934.6959    0.0093221985
1.500     0.047123890       3031.9293     0.016073584
1.500     0.062831853       2599.8919     0.032671205
1.500     0.078539816       2021.5916     0.049617322
1.500     0.094247780       1550.1453     0.065743987
1.500      0.10995574       1237.9640     0.083374269
1.500      0.12566371       1108.8675      0.11147552
1.500      0.14137167       842.04095      0.12052874
1.500      0.15707963       737.60038      0.14482750
1.500      0.17278760       636.97734      0.16646845
1.500      0.18849556       575.78236      0.19535835
1.500      0.20420352       521.31415      0.22488447
1.500      0.21991149       468.93808      0.25265593
1.500      0.23561945       406.35366      0.26928232
1.500      0.25132741       380.76731      0.30623124
1.500      0.26703538       334.28470      0.32247285
1.500      0.28274334       309.63135      0.35456212
1.500      0.29845130       275.29619      0.37075832
1.500      0.31415927       253.25814      0.39781696
1.500      0.32986723       234.71072      0.42679636
1.500      0.34557519       211.13690      0.44143024
1.500      0.36128316       203.76850      0.48679986
1.500      0.37699112       188.28563      0.51107047
1.500      0.39269908       174.64350      0.53579953
1.500      0.40840704       168.02524      0.57986175
1.500      0.42411501       155.58645      0.60130243
1.500      0.43982297       146.29695      0.63057863
1.500      0.45553093       139.89972      0.66994745
1.500      0.47123890       133.63986      0.70848336
1.500      0.48694686       123.55781      0.72274515
1.500      0.50265482       119.42526      0.76837991
1.500      0.51836279       113.68286      0.80217052
1.500      0.53407075       109.07145      0.84173957
1.500      0.54977871       105.55347      0.88860050
1.500      0.56548668       100.54766      0.92110542
1.500      0.58119464       97.812749      0.97281560
1.500      0.59690260       91.544592      0.98630985
1.500      0.61261057       89.049531       1.0371829
1.500      0.62831853       85.941130       1.0799681
1.500      0.64402649       82.335644       1.1142159
1.500      0.65973446       78.730182       1.1452994
1.500      0.67544242       77.435786       1.2088627
1.500      0.69115038       74.703772       1.2494833
1.500      0.70685835       72.272294       1.2931213
1.500      0.72256631       69.681299       1.3317405
1.500      0.73827427       67.966059       1.3855288
1.500      0.75398224       65.862654       1.4301870
1.500      0.76969020       64.589656       1.4920422
1.500      0.78539816       62.412727       1.5318388
1.500      0.80110613       60.786211       1.5832354
1.500      0.81681409       59.199232       1.6343911
1.500      0.83252205       57.264454       1.6739505
1.500      0.84823002       55.603741       1.7191556
1.500      0.86393798       54.599115       1.7836250
1.500      0.87964594       52.868273       1.8230102
1.500      0.89535391       51.929422       1.8882868
1.500      0.91106187       51.196533       1.9613469
1.500      0.92676983       49.549116       1.9981212
1.500      0.94247780       48.570319       2.0599401
1.500      0.95818576       47.257447       2.1061517
1.500      0.97389372       46.654982       2.1832476
1.500      0.98960169       45.210871       2.2197007
1.500       1.0053096       44.751224       2.3034285
1.500       1.0367256       43.610053       2.4617747
1.500       1.0681415       41.548562       2.5651492
1.500       1.0995574       39.835899       2.6828639
1.500       1.1309734       38.148637       2.7958020
1.500       1.1623893       37.012068       2.9448854
1.500       1.1938052       36.178664       3.1183381
1.500       1.2252211       34.349981       3.2006649
1.500       1.2566371       33.872909       3.4052762
1.500       1.2880530       32.542119       3.5230376
1.500       1.3194689       31.787427       3.6993305
1.500       1.3508848       30.855444       3.8535149
1.500       1.3823008       30.180330       4.0383308
1.500       1.4137167       29.332962       4.1986854
1.500       1.4451326       28.275455       4.3231765
1.500       1.4765485       28.343224       4.6223486
1.500       1.5079645       27.051291       4.6992829
1.500       1.5393804       26.773517       4.9478160
1.500       1.5707963       25.869983       5.0795594
1.500       1.6022123       25.673837       5.3495985
1.500       1.6336282       24.800558       5.4776131
1.500       1.6650441       23.863608       5.5806346
1.500       1.6964600       23.613161       5.8405707
1.500       1.7278760       23.223499       6.0692579
1.500       1.7592919       22.562846       6.2241183
1.500       1.7907078       22.277009       6.4803928
1.500       1.8221237       21.732788       6.6606913
1.500       1.8535397       21.567472       6.9578515
1.500       1.8849556       21.129534       7.1690818
1.500       1.9163715       20.462330       7.2956579
1.500       1.9477874       20.153400       7.5447226
1.500       1.9792034       20.102905       7.8958767
1.500       2.0106193       19.428393       8.0001234
1.500       2.0734512       18.872691       8.5228630
1.500       2.1362830       17.970629       8.8758490
1.500       2.1991149       17.545048       9.4529758
1.500       2.2619467       17.023672       9.9809209
1.500       2.3247786       16.337317       10.399100
1.500       2.3876104       15.732304       10.848082
1.500       2.4504423       15.287011       11.395313
1.500       2.5132741       14.879342       11.966677
1.500       2.5761060       14.630531       12.671311
1.500       2.6389378       13.914394       12.954541
1.500       2.7017697       13.730187       13.718028
1.500       2.7646015       13.470711       14.419773
1.500       2.8274334       12.862826       14.729357
1.500       2.8902652       12.660429       15.485734
1.500       2.9530971       12.145004       15.845323
1.500       3.0159289       11.907078       16.547744
1.500       3.0787608       11.442395       16.916677
1.500       3.1415927       11.211041       17.610262
1.500       3.2044245       11.010406       18.353705
1.500       3.2672564       10.816583       19.112170
1.500       3.3300882       10.439939       19.531492
1.500       3.3929201       10.024113       19.835224
1.500       3.4557519       9.8769482       20.650031
1.500       3.5185838       9.4989292       20.962766
1.500       3.5814156       9.3311989       21.715602
1.500       3.6442475       9.1139040       22.345923
1.500       3.7070793       8.8463616       22.831297
1.500       3.7699112       8.6415697       23.456124
1.500       3.8327430       8.4904230       24.217466
1.500       3.8955749       8.2915032       24.832372
1.500       3.9584067       8.0816436       25.394005
1.500       4.0212386       7.8554594       25.877444
1.500       4.1469023       7.5466187       27.264283
1.500       4.2725660       7.1398906       28.211629
1.500       4.3982297       6.8474837       29.514470
1.500       4.5238934       6.5694016       30.812942
1.500       4.6495571       6.1831237       31.485671
1.500       4.7752208       5.9015400       32.554872
1.500       4.9008845       5.7523577       34.303589
1.500       5.0265482       5.5616750       35.783715
1.500       5.1522120       5.3120879       36.805835
1.500       5.2778757       4.9980818       37.226403
1.500       5.4035394       4.7297875       37.804791
1.500       5.5292031       4.5658723       39.100440
1.500       5.6548668       4.5154346       41.365373
1.500       5.7805305       4.2469967       41.558060
1.500       5.9061942       4.1139258       42.938798
1.500       6.0318579       3.9688669       44.125547
1.500       6.1575216       3.8233922       45.220665
1.500       6.2831853       3.7093500       46.613067
1.500       6.4088490       3.5612761       47.491516
1.500       6.5345127       3.4192744       48.333009
1.500       6.6601764       3.3349463       49.913303
1.500       6.7858401       3.2313551       51.152377
1.500       6.9115038       3.0941260       51.751854
1.500       7.0371675       3.0013850       52.988990
1.500       7.1628313       2.8488417       53.038683
1.500       7.2884950       2.7932383       54.788804
1.500       7.4141587       2.7239234       56.240707
1.500       7.5398224       2.6253597       57.008868
1.500       7.6654861       2.5156753       57.404237
1.500       7.7911498       2.4453466       58.588900
1.500       7.9168135       2.3838350       59.923572
1.500       8.0424772       2.3028447       60.688224
1.500       8.2938046       2.1244431       61.401186
1.500       8.5451320       2.0501289       64.804887
1.500       8.7964594       1.9102576       65.869733
1.500       9.0477868       1.8248272       68.472956
1.500       9.2991143       1.7066856       69.526206
1.500       9.5504417       1.6283367       71.859608
1.500       9.8017691       1.5244284       72.726168
1.500       10.053096       1.4888250       76.632582
1.500       10.304424       1.4145049       78.405382
1.500       10.555751       1.3290509       79.191638
1.500       10.807079       1.2650876       80.893903
1.500       11.058406       1.2301094       84.273613
1.500       11.309734       1.1559629       84.717141
1.500       11.561061       1.0985826       85.999528
1.500       11.812388       1.0408699       86.912023
1.500       12.063716       1.0085151       89.700727
1.500       12.315043      0.96131962       90.959044
1.500       12.566371      0.91893224       92.381144
1.500       12.817698      0.87898766       93.774152
1.500       13.069025      0.84244383       95.266635
1.500       13.320353      0.81774006       97.911279
1.500       13.571680      0.78680952       99.641608
1.500       13.823008      0.75579876       101.13095
1.500       14.074335      0.72101747       101.83562
1.500       14.325663      0.69091774       102.90601
1.500       14.576990      0.66771891       104.77737
1.500       14.828317      0.64777296       106.99628
1.500       15.079645      0.62084020       107.85081
1.500       15.330972      0.60241894       109.97095
1.500       15.582300      0.57493304       110.20015
1.500       15.833627      0.55490394       111.59103
1.500       16.084954      0.53318955       112.41167
1.500       16.587609      0.50584822       116.96121
1.500       17.090264      0.46361492       117.23951
1.500       17.592919      0.42511108       117.26985
1.500       18.095574      0.41665644       125.07353
1.500       18.598229      0.39861378       129.90842
1.500       19.100883      0.35640686       125.82782
1.500       19.603538      0.34486517       131.62033
1.500       20.106193      0.32135312       132.32513
1.500       20.608848      0.31158839       138.16965
1.500       21.111503      0.29050137       138.47644
1.500       21.614157      0.27263204       139.46399
1.500       22.116812      0.26130931       143.21640
1.500       22.619467      0.24317842       142.57468
1.500       23.122122      0.23369188       146.35142
1.500       23.624777      0.22278085       148.81656
1.500       24.127432      0.21694601       154.36726
1.500       24.630086      0.20127943       152.35877
1.500       25.132741      0.19259227       154.89189
1.500       25.635396      0.18848116       160.86379
1.500       26.138051      0.17574703       158.99294
1.500       26.640706      0.17124635       164.03207
1.500       27.143361      0.15895927       161.04490
1.500       27.646015      0.15467936       165.57709
1.500       28.148670      0.14816699       167.41538
1.500       28.651325      0.14203562       169.23947
1.500       29.153980      0.13726953       172.32090
1.500       29.656635      0.13108768       173.21988
1.500       30.159289      0.12518659       173.97681
1.500       30.661944      0.12060824       176.13527
1.500       31.164599      0.11606337       177.97135
1.500       31.667254      0.11268259       181.28350
1.500       32.169909      0.10756242       181.41798
1.500       33.175218     0.099997039       184.96892
1.500       34.180528     0.093889067       189.94225
1.500       35.185838     0.089064997       196.55360
1.500       36.191147     0.083265404       199.95944
1.500       37.196457     0.075213065       196.09579
1.500       38.201767     0.072475616       204.69749
1.500       39.207076     0.068762404       209.94942
1.500       40.212386     0.063334902       208.63775
1.500       41.217696     0.060993782       216.37493
1.500       42.223005     0.058307364       222.35203
1.500       43.228315     0.053279493       218.03954
1.500       44.233625     0.049848769       218.56584
1.500       45.238934     0.048968990       229.68282
1.500       46.244244     0.047553580       238.24650
1.500       47.249554     0.045420672       242.72636
1.500       48.254863     0.042173928       240.06982
1.500       49.260173     0.041166349       249.28744
1.500       50.265482     0.040013637       257.44701
1.500       51.270792     0.038450575       262.53256
1.500       52.276102     0.036248891       262.34607
1.500       53.281411     0.034953667       267.84909
1.500       54.286721     0.032879859       266.49008
1.500       55.292031     0.032322298       276.79619
1.500       56.297340     0.031964516       288.93625
1.500       57.302650     0.031057151       296.04382
1.500       58.307960     0.029660731       297.87609
1.500       59.313269     0.028866143       305.15087
1.500       60.318579     0.028200287       313.52855
1.500       61.323889     0.027429779       320.46575
1.500       62.329198     0.027111352       332.57994
1.500       63.334508     0.025450643       327.55951
1.500       64.339818     0.025088321       338.51766
1.500       66.350437     0.023804163       352.25286
1.500       68.361056     0.023155656       374.76035
1.500       70.371675     0.022983335       405.76724
1.500       72.382295     0.021824040       419.27836
1.500       74.392914     0.022182583       462.67612
1.500       76.403533     0.020751082       468.86880
1.500       78.414153     0.021436886       523.61890
1.500       80.424772     0.019632817       517.39519
1.500       82.435391     0.017910540       508.29993
1.500       84.446011     0.018378283       560.67683
1.500       86.456630     0.017836777       583.95790
1.500       88.467249     0.017756266       622.82994
1.500       90.477868     0.016807688       630.67455
1.500       92.488488     0.016227321       650.39937
1.500       94.499107     0.016750655       716.11896
1.500       96.509726     0.016227592       738.98836
1.500       98.520346     0.016204775       785.03864
1.500       100.53096     0.016070598       827.18349
1.500       102.54158     0.016259069       888.10843
1.500       104.55220     0.015677073       907.68427
1.500       106.56282     0.015081729       924.56733
1.500       108.57344     0.015412833       999.36364
1.500       110.58406     0.014720131       1008.4620
1.500       112.59468     0.014990665       1084.0387
1.500       114.60530     0.014888733       1135.3823
1.500       116.61592     0.013938804       1119.8743
1.500       118.62654     0.013954781       1180.1545
1.500       120.63716     0.014219410       1264.7222
1.500       122.64778     0.014260482       1332.8568
1.500       124.65840     0.013990435       1372.9859
1.500       126.66902     0.014501842       1493.1541
1.500       128.67964     0.013053902       1409.0943
1.500       132.70087     0.012227442       1447.5288
1.500       136.72211     0.012929238       1674.0155
1.500       140.74335     0.012599537       1779.5431
1.500       144.76459     0.013130470       2018.0762
1.500       148.78583     0.013377230       2232.1385
1.500       152.80707     0.012983945       2346.9684
1.500       156.82831     0.012999463       2540.2065
1.500       160.84954     0.011879295       2504.4965
1.500       164.87078     0.011922920       2706.9735
1.500       168.89202     0.012138717       2962.5825
1.500       172.91326     0.011626087       3045.0101
1.500       176.93450     0.010849124       3044.4055
1.500       180.95574     0.011806258       3544.0481
1.500       184.97698     0.010917884       3500.7554
1.500       188.99821     0.011477894       3925.5957
1.500       193.01945     0.011458935       4174.6278
1.500       197.04069    0.0099711022       3864.3922
1.500       201.06193     0.011614837       4782.6974
1.500       205.08317     0.010345707       4520.8539
1.500       209.10441     0.010690049       4951.5311
1.500       213.12565     0.010218401       5011.4146
1.500       217.14688     0.010372363       5380.3284
1.500       221.16812    0.0097387845       5337.5580
1.500       225.18936    0.0097407068       5635.1352
1.500       229.21060    0.0096533660       5889.1569
1.500       233.23184    0.0091660891       5891.3909
1.500       237.25308    0.0091028518       6158.6184
1.500       241.27432    0.0091872769       6537.1785
1.500       245.29555    0.0087504983       6542.9270
1.500       249.31679    0.0087370258       6859.4370
1.500       253.33803    0.0090020680       7415.0439
1.500       257.35927    0.0086675351       7484.8882
1.500       265.40175    0.0074981448       7101.2600
1.500       273.44422    0.0084413938       8743.6081
1.500       281.48670    0.0084639790       9563.5357
1.500       289.52918    0.0083407542       10255.400
1.500       297.57166    0.0069142738       9229.7836
1.500       305.61413    0.0060864671       8801.4827
1.500       313.65661    0.0070337975       10995.715
1.500       321.69909    0.0063416964       10696.094
1.500       329.74156    0.0062546997       11360.509
1.500       337.78404    0.0065420424       12773.238
1.500       345.82652    0.0064781599       13573.655
1.500       353.86900    0.0054075316       12139.390
1.500       361.91147    0.0054432895       13071.901
1.500       369.95395    0.0051296938       13158.449
1.500       377.99643    0.0045518523       12454.363
1.500       386.03891    0.0047320247       13791.468
1.500       394.08138    0.0048547100       15051.899
1.500       402.12386    0.0045844026       15101.933
1.500       410.16634    0.0048321741       16892.459
1.500       418.20881    0.0038894647       14412.511
1.500       426.25129    0.0042177606       16548.144
1.500       434.29377    0.0035307427       14651.670
1.500       442.33625    0.0042263703       18530.852
1.500       450.37872    0.0040322866       18661.874
1.500       458.42120    0.0035850250       17496.716
1.500       466.46368    0.0033940417       17451.828
1.500       474.50615    0.0035676810       19309.980
1.500       482.54863    0.0026786755       15248.026
1.500       490.59111    0.0028271639       16911.427
1.500       498.63359    0.0032016521       20108.931
1.500       506.67606    0.0029354103       19343.285
1.500       514.71854    0.0027815189       19215.943
1.250     0.015707963       2856.7180   0.00056091527
1.250     0.031415927       7205.2138     0.011317923
1.250     0.047123890       3673.6184     0.019475459
1.250     0.062831853       3159.4802     0.039703199
1.250     0.078539816       2456.7712     0.060298236
1.250     0.094247780       1884.3971     0.079920110
1.250      0.10995574       1504.5096      0.10132555
1.250      0.12566371       1341.4022      0.13485246
1.250      0.14137167       1027.1314      0.14702237
1.250      0.15707963       903.15579      0.17733423
1.250      0.17278760       782.23230      0.20442956
1.250      0.18849556       703.08049      0.23854959
1.250      0.20420352       638.68044      0.27551393
1.250      0.21991149       576.18355      0.31043798
1.250      0.23561945       500.68021      0.33179061
1.250      0.25132741       470.30513      0.37824183
1.250      0.26703538       413.27927      0.39867616
1.250      0.28274334       385.46000      0.44139430
1.250      0.29845130       343.59144      0.46273573
1.250      0.31415927       317.66011      0.49897934
1.250      0.32986723       294.98065      0.53639078
1.250      0.34557519       264.90660      0.55384815
1.250      0.36128316       256.90883      0.61375131
1.250      0.37699112       238.97500      0.64865845
1.250      0.39269908       221.04527      0.67815839
1.250      0.40840704       213.22212      0.73583796
1.250      0.42411501       197.90714      0.76486124
1.250      0.43982297       185.88634      0.80121940
1.250      0.45553093       178.22826      0.85349396
1.250      0.47123890       171.04126      0.90676456
1.250      0.48694686       158.74967      0.92859815
1.250      0.50265482       153.71492      0.98899902
1.250      0.51836279       146.62993       1.0346521
1.250      0.53407075       140.83853       1.0868964
1.250      0.54977871       136.84515       1.1520291
1.250      0.56548668       130.11559       1.1919739
1.250      0.58119464       127.62204       1.2692897
1.250      0.59690260       119.60205       1.2886035
1.250      0.61261057       116.85225       1.3610084
1.250      0.62831853       112.78460       1.4172930
1.250      0.64402649       108.23704       1.4647292
1.250      0.65973446       103.92850       1.5118629
1.250      0.67544242       102.09273       1.5937863
1.250      0.69115038       98.926146       1.6546228
1.250      0.70685835       95.229500       1.7038797
1.250      0.72256631       92.747371       1.7725765
1.250      0.73827427       89.960042       1.8338893
1.250      0.75398224       87.636571       1.9030008
1.250      0.76969020       85.843403       1.9830107
1.250      0.78539816       83.342126       2.0455235
1.250      0.80110613       81.315375       2.1179373
1.250      0.81681409       79.261187       2.1882679
1.250      0.83252205       76.721826       2.2427271
1.250      0.84823002       75.013540       2.3192674
1.250      0.86393798       73.085423       2.3875294
1.250      0.87964594       71.062396       2.4503821
1.250      0.89535391       70.141029       2.5505074
1.250      0.91106187       69.069507       2.6460633
1.250      0.92676983       67.024498       2.7028348
1.250      0.94247780       65.925381       2.7959943
1.250      0.95818576       64.288067       2.8651658
1.250      0.97389372       63.462904       2.9697843
1.250      0.98960169       61.558457       3.0223118
1.250       1.0053096       60.769734       3.1279309
1.250       1.0367256       59.208865       3.3423231
1.250       1.0681415       56.896180       3.5126893
1.250       1.0995574       54.407867       3.6642552
1.250       1.1309734       52.951102       3.8806313
1.250       1.1623893       50.979844       4.0562391
1.250       1.1938052       49.673319       4.2814793
1.250       1.2252211       47.496303       4.4256137
1.250       1.2566371       46.271912       4.6517599
1.250       1.2880530       44.964392       4.8678835
1.250       1.3194689       43.601985       5.0742751
1.250       1.3508848       43.317698       5.4099171
1.250       1.3823008       41.881197       5.6039853
1.250       1.4137167       40.630482       5.8157990
1.250       1.4451326       39.430182       6.0286789
1.250       1.4765485       39.403211       6.4260642
1.250       1.5079645       37.564423       6.5255979
1.250       1.5393804       37.444169       6.9197804
1.250       1.5707963       36.156254       7.0992639
1.250       1.6022123       35.974693       7.4959641
1.250       1.6336282       34.562033       7.6335962
1.250       1.6650441       33.782083       7.9001241
1.250       1.6964600       33.176102       8.2059056
1.250       1.7278760       32.558220       8.5088056
1.250       1.7592919       31.807958       8.7744469
1.250       1.7907078       31.195712       9.0748476
1.250       1.8221237       30.414971       9.3216172
1.250       1.8535397       29.856617       9.6320007
1.250       1.8849556       29.588435       10.039120
1.250       1.9163715       28.873413       10.294553
1.250       1.9477874       28.177875       10.548803
1.250       1.9792034       28.060509       11.021408
1.250       2.0106193       27.356218       11.264602
1.250       2.0734512       26.145287       11.807150
1.250       2.1362830       25.132504       12.413161
1.250       2.1991149       24.350546       13.119664
1.250       2.2619467       23.426268       13.734741
1.250       2.3247786       22.723986       14.464371
1.250       2.3876104       21.940906       15.129174
1.250       2.4504423       21.389143       15.943992
1.250       2.5132741       20.715899       16.660715
1.250       2.5761060       20.243798       17.532887
1.250       2.6389378       19.384276       18.047096
1.250       2.7017697       19.142769       19.125817
1.250       2.7646015       18.338309       19.630311
1.250       2.8274334       17.713475       20.283887
1.250       2.8902652       17.113570       20.932639
1.250       2.9530971       16.568589       21.616679
1.250       3.0159289       16.163349       22.462854
1.250       3.0787608       15.821244       23.390459
1.250       3.1415927       15.496957       24.342564
1.250       3.2044245       14.987171       24.982739
1.250       3.2672564       14.588892       25.777583
1.250       3.3300882       14.169894       26.509655
1.250       3.3929201       13.790645       27.288253
1.250       3.4557519       13.364913       27.942423
1.250       3.5185838       13.149614       29.019301
1.250       3.5814156       12.777901       29.736781
1.250       3.6442475       12.471411       30.578026
1.250       3.7070793       12.010974       30.998746
1.250       3.7699112       11.796259       32.019011
1.250       3.8327430       11.473490       32.726148
1.250       3.8955749       11.346074       33.980562
1.250       3.9584067       10.780580       33.874559
1.250       4.0212386       10.583041       34.862640
1.250       4.1469023       10.206952       36.875484
1.250       4.2725660       9.5228127       37.627195
1.250       4.3982297       9.0736196       39.109706
1.250       4.5238934       8.8456311       41.489307
1.250       4.6495571       8.1208791       41.353100
1.250       4.7752208       7.9231307       43.706644
1.250       4.9008845       7.5845509       45.229683
1.250       5.0265482       7.3805879       47.486568
1.250       5.1522120       7.0924857       49.141668
1.250       5.2778757       6.6899351       49.827561
1.250       5.4035394       6.3801324       50.995858
1.250       5.5292031       6.1207900       52.416179
1.250       5.6548668       5.9494587       54.502302
1.250       5.7805305       5.6099337       54.894784
1.250       5.9061942       5.4364703       56.742759
1.250       6.0318579       5.2727396       58.621899
1.250       6.1575216       5.0645578       59.900386
1.250       6.2831853       4.8748505       61.259178
1.250       6.4088490       4.6041287       61.398511
1.250       6.5345127       4.4929014       63.509218
1.250       6.6601764       4.3340332       64.866385
1.250       6.7858401       4.1719853       66.042560
1.250       6.9115038       4.0677971       68.037320
1.250       7.0371675       3.8838054       68.567987
1.250       7.1628313       3.7293231       69.431161
1.250       7.2884950       3.6179246       70.964858
1.250       7.4141587       3.5056141       72.380235
1.250       7.5398224       3.3901515       73.616084
1.250       7.6654861       3.3077284       75.477794
1.250       7.7911498       3.1953375       76.558191
1.250       7.9168135       3.0765865       77.337590
1.250       8.0424772       3.0017644       79.107266
1.250       8.2938046       2.8234436       81.603875
1.250       8.5451320       2.6881310       84.972229
1.250       8.7964594       2.4787384       85.472157
1.250       9.0477868       2.3819010       89.376028
1.250       9.2991143       2.2328670       90.961554
1.250       9.5504417       2.1018782       92.757317
1.250       9.8017691       1.9806150       94.489539
1.250       10.053096       1.9273283       99.203160
1.250       10.304424       1.7816341       98.755190
1.250       10.555751       1.7155733       102.22262
1.250       10.807079       1.6379287       104.73460
1.250       11.058406       1.5554239       106.56059
1.250       11.309734       1.4805176       108.50280
1.250       11.561061       1.4191833       111.09687
1.250       11.812388       1.3522885       112.91529
1.250       12.063716       1.3000572       115.63146
1.250       12.315043       1.2268025       116.07875
1.250       12.566371       1.1891526       119.54666
1.250       12.817698       1.1508715       122.77988
1.250       13.069025       1.0870049       122.92249
1.250       13.320353       1.0435121       124.94387
1.250       13.571680       1.0185223       128.98573
1.250       13.823008      0.96041137       128.50949
1.250       14.074335      0.91600003       129.37472
1.250       14.325663      0.88718187       132.13780
1.250       14.576990      0.86116426       135.13250
1.250       14.828317      0.83174018       137.38318
1.250       15.079645      0.79616354       138.30755
1.250       15.330972      0.76247973       139.18988
1.250       15.582300      0.73994907       141.82955
1.250       15.833627      0.70914519       142.60891
1.250       16.084954      0.69340100       146.18884
1.250       16.587609      0.63798463       147.51353
1.250       17.090264      0.60589477       153.21941
1.250       17.592919      0.56853537       156.83444
1.250       18.095574      0.52794736       158.48127
1.250       18.598229      0.49207344       160.36697
1.250       19.100883      0.46069936       162.64781
1.250       19.603538      0.44641535       170.37771
1.250       20.106193      0.42068014       173.22549
1.250       20.608848      0.39079142       173.29116
1.250       21.111503      0.37478984       178.65514
1.250       21.614157      0.35086271       179.48262
1.250       22.116812      0.34390583       188.48526
1.250       22.619467      0.31347135       183.78718
1.250       23.122122      0.30106218       188.54261
1.250       23.624777      0.28881042       192.92400
1.250       24.127432      0.27471713       195.47413
1.250       24.630086      0.25535135       193.28860
1.250       25.132741      0.24461792       196.73340
1.250       25.635396      0.23752061       202.71769
1.250       26.138051      0.22707004       205.42329
1.250       26.640706      0.21580988       206.71822
1.250       27.143361      0.20470163       207.38742
1.250       27.646015      0.19776042       211.69337
1.250       28.148670      0.18827718       212.73629
1.250       28.651325      0.18054737       215.12731
1.250       29.153980      0.17244093       216.47321
1.250       29.656635      0.16571698       218.97920
1.250       30.159289      0.16094288       223.66877
1.250       30.661944      0.15388945       224.73887
1.250       31.164599      0.14871367       228.03724
1.250       31.667254      0.14070916       226.37259
1.250       32.169909      0.13665048       230.47875
1.250       33.175218      0.12635355       233.72172
1.250       34.180528      0.11794800       238.61467
1.250       35.185838      0.10756359       237.37733
1.250       36.191147      0.10388193       249.46942
1.250       37.196457     0.098482056       256.76279
1.250       38.201767     0.090657434       256.04956
1.250       39.207076     0.084979323       259.46388
1.250       40.212386     0.079595799       262.20438
1.250       41.217696     0.075224905       266.85972
1.250       42.223005     0.069409979       264.69126
1.250       43.228315     0.068884899       281.90268
1.250       44.233625     0.063317841       277.62204
1.250       45.238934     0.059205954       277.69799
1.250       46.244244     0.057555471       288.35661
1.250       47.249554     0.054495403       291.22138
1.250       48.254863     0.051577703       293.59964
1.250       49.260173     0.049588854       300.29086
1.250       50.265482     0.046716896       300.57566
1.250       51.270792     0.046638026       318.43478
1.250       52.276102     0.042822356       309.92057
1.250       53.281411     0.042260436       323.84067
1.250       54.286721     0.041386297       335.43444
1.250       55.292031     0.038514689       329.82553
1.250       56.297340     0.037212744       336.37646
1.250       57.302650     0.036871799       351.47036
1.250       58.307960     0.034526636       346.74328
1.250       59.313269     0.034217629       361.72269
1.250       60.318579     0.032155722       357.50476
1.250       61.323889     0.032091527       374.92958
1.250       62.329198     0.030916299       379.25592
1.250       63.334508     0.029990644       385.99106
1.250       64.339818     0.029057023       392.06750
1.250       66.350437     0.026386323       390.46355
1.250       68.361056     0.027477431       444.70568
1.250       70.371675     0.026140463       461.50585
1.250       72.382295     0.024192111       464.77319
1.250       74.392914     0.023381947       487.69202
1.250       76.403533     0.022909145       517.63003
1.250       78.414153     0.020504025       500.83277
1.250       80.424772     0.021527052       567.31510
1.250       82.435391     0.020869781       592.28299
1.250       84.446011     0.019746276       602.41097
1.250       86.456630     0.018652831       610.67468
1.250       88.467249     0.019166212       672.28608
1.250       90.477868     0.018528855       695.25787
1.250       92.488488     0.018178135       728.58900
1.250       94.499107     0.016707095       714.25667
1.250       96.509726     0.017643984       803.48943
1.250       98.520346     0.016711426       809.58332
1.250       100.53096     0.016383361       843.28194
1.250       102.54158     0.017422257       951.64449
1.250       104.55220     0.015564400       901.16064
1.250       106.56282     0.015922815       976.12911
1.250       108.57344     0.016184094       1049.3720
1.250       110.58406     0.015267041       1045.9303
1.250       112.59468     0.015086324       1090.9562
1.250       114.60530     0.015169735       1156.8109
1.250       116.61592     0.015022078       1206.9070
1.250       118.62654     0.014155064       1197.0924
1.250       120.63716     0.014702425       1307.6831
1.250       122.64778     0.014562589       1361.0933
1.250       124.65840     0.013928870       1366.9441
1.250       126.66902     0.014426264       1485.3724
1.250       128.67964     0.013868440       1497.0190
1.250       132.70087     0.013916831       1647.5248
1.250       136.72211     0.014517522       1879.6588
1.250       140.74335     0.015082191       2130.1901
1.250       144.76459     0.012947416       1989.9419
1.250       148.78583     0.013936846       2325.5166
1.250       152.80707     0.012085873       2184.6335
1.250       156.82831     0.012945611       2529.6833
1.250       160.84954     0.012632980       2663.3950
1.250       164.87078     0.012645970       2871.1343
1.250       168.89202     0.011654188       2844.3280
1.250       172.91326     0.012003168       3143.7719
1.250       176.93450     0.012223897       3430.1846
1.250       180.95574     0.012060873       3620.4794
1.250       184.97698     0.011949714       3831.6054
1.250       188.99821     0.012601690       4309.9492
1.250       193.01945     0.011958556       4356.6455
1.250       197.04069     0.011071444       4290.8397
1.250       201.06193     0.011338024       4668.7129
1.250       205.08317     0.011291486       4934.1392
1.250       209.10441     0.011293266       5230.9354
1.250       213.12565     0.010733402       5263.9870
1.250       217.14688     0.010458051       5424.7762
1.250       221.16812     0.010783765       5910.2829
1.250       225.18936     0.010617633       6142.4495
1.250       229.21060     0.010172620       6205.9346
1.250       233.23184    0.0094983616       6104.9549
1.250       237.25308     0.010068295       6811.7979
1.250       241.27432     0.010096717       7184.2879
1.250       245.29555    0.0093846358       7017.0846
1.250       249.31679    0.0092718702       7279.3432
1.250       253.33803    0.0089895836       7404.7604
1.250       257.35927    0.0091866891       7933.2059
1.250       265.40175    0.0082880288       7849.3346
1.250       273.44422    0.0073121089       7573.8932
1.250       281.48670    0.0087597792       9897.7634
1.250       289.52918    0.0077715189       9555.4948
1.250       297.57166    0.0082338203       10991.231
1.250       305.61413    0.0078243763       11314.628
1.250       313.65661    0.0084740356       13247.193
1.250       321.69909    0.0075042630       12656.913
1.250       329.74156    0.0064844913       11777.884
1.250       337.78404    0.0057485821       11224.019
1.250       345.82652    0.0066717979       13979.384
1.250       353.86900    0.0049932337       11209.331
1.250       361.91147    0.0067416828       16189.955
1.250       369.95395    0.0059095247       15158.835
1.250       377.99643    0.0053349248       14596.934
1.250       386.03891    0.0059869350       17448.899
1.250       394.08138    0.0054833261       17000.907
1.250       402.12386    0.0054813317       18056.596
1.250       410.16634    0.0046420658       16227.873
1.250       418.20881    0.0051544120       19099.805
1.250       426.25129    0.0041958883       16462.330
1.250       434.29377    0.0054394160       22572.171
1.250       442.33625    0.0049818037       21843.109
1.250       450.37872    0.0044143282       20430.005
1.250       458.42120    0.0048402182       23622.686
1.250       466.46368    0.0036623758       18831.576
1.250       474.50615    0.0036561061       19788.578
1.250       482.54863    0.0038498988       21915.069
1.250       490.59111    0.0027366757       16370.148
1.250       498.63359    0.0034649960       21762.941
1.250       506.67606    0.0034418013       22680.218
1.250       514.71854    0.0033531821       23165.241
1.000     0.015707963       3521.9895   0.00069154103
1.000     0.031415927       8891.9696     0.013967473
1.000     0.047123890       4522.8971     0.023977857
1.000     0.062831853       3903.1380     0.049048278
1.000     0.078539816       3035.4548     0.074501269
1.000     0.094247780       2328.8743     0.098771053
1.000      0.10995574       1859.7767      0.12525204
1.000      0.12566371       1648.7121      0.16574662
1.000      0.14137167       1275.0329      0.18250670
1.000      0.15707963       1126.4175      0.22117155
1.000      0.17278760       979.28301      0.25592703
1.000      0.18849556       873.91570      0.29651261
1.000      0.20420352       797.61078      0.34407329
1.000      0.21991149       721.46931      0.38871550
1.000      0.23561945       629.36396      0.41706672
1.000      0.25132741       592.61074      0.47660584
1.000      0.26703538       521.39236      0.50296911
1.000      0.28274334       489.75235      0.56082057
1.000      0.29845130       438.52303      0.59058593
1.000      0.31415927       407.76546      0.64051649
1.000      0.32986723       379.66236      0.69037542
1.000      0.34557519       340.81087      0.71254348
1.000      0.36128316       331.72185      0.79247847
1.000      0.37699112       310.89851      0.84388303
1.000      0.39269908       287.19374      0.88109937
1.000      0.40840704       277.34219      0.95711885
1.000      0.42411501       258.82190       1.0002814
1.000      0.43982297       242.98771       1.0473415
1.000      0.45553093       232.81741       1.1149088
1.000      0.47123890       224.60078       1.1907070
1.000      0.48694686       209.66901       1.2264482
1.000      0.50265482       203.56288       1.3097199
1.000      0.51836279       194.31471       1.3711260
1.000      0.53407075       187.06017       1.4436036
1.000      0.54977871       182.34736       1.5350888
1.000      0.56548668       173.36263       1.5881550
1.000      0.58119464       171.01799       1.7008924
1.000      0.59690260       161.50242       1.7400419
1.000      0.61261057       158.16853       1.8422297
1.000      0.62831853       152.58880       1.9174874
1.000      0.64402649       146.90658       1.9880290
1.000      0.65973446       141.48853       2.0582541
1.000      0.67544242       139.06836       2.1710188
1.000      0.69115038       135.32068       2.2633519
1.000      0.70685835       129.96274       2.3253392
1.000      0.72256631       127.35592       2.4340109
1.000      0.73827427       122.80315       2.5034158
1.000      0.75398224       120.43468       2.6152015
1.000      0.76969020       117.87944       2.7230537
1.000      0.78539816       115.10909       2.8252022
1.000      0.80110613       112.27818       2.9243933
1.000      0.81681409       109.42275       3.0209779
1.000      0.83252205       106.23518       3.1054593
1.000      0.84823002       104.90372       3.2434117
1.000      0.86393798       101.34813       3.3108059
1.000      0.87964594       98.936857       3.4115527
1.000      0.89535391       97.519959       3.5460754
1.000      0.91106187       96.301068       3.6893085
1.000      0.92676983       93.952638       3.7887409
1.000      0.94247780       92.452805       3.9210622
1.000      0.95818576       90.612887       4.0384003
1.000      0.97389372       89.453992       4.1860527
1.000      0.98960169       87.348166       4.2884992
1.000       1.0053096       85.619139       4.4069758
1.000       1.0367256       82.857373       4.6772745
1.000       1.0681415       80.312538       4.9583819
1.000       1.0995574       76.926299       5.1808241
1.000       1.1309734       76.160238       5.5815610
1.000       1.1623893       72.700597       5.7844627
1.000       1.1938052       70.076349       6.0400723
1.000       1.2252211       68.393176       6.3727439
1.000       1.2566371       66.094441       6.6445379
1.000       1.2880530       64.838064       7.0194242
1.000       1.3194689       62.180366       7.2363743
1.000       1.3508848       62.647709       7.8240287
1.000       1.3823008       60.030600       8.0324974
1.000       1.4137167       58.453772       8.3670037
1.000       1.4451326       57.290275       8.7593984
1.000       1.4765485       56.250976       9.1736785
1.000       1.5079645       54.081586       9.3949183
1.000       1.5393804       53.609669       9.9072071
1.000       1.5707963       51.902409       10.191014
1.000       1.6022123       51.463819       10.723398
1.000       1.6336282       49.381869       10.906802
1.000       1.6650441       49.096456       11.481474
1.000       1.6964600       47.843806       11.833872
1.000       1.7278760       46.738419       12.214676
1.000       1.7592919       45.628067       12.586820
1.000       1.7907078       44.610262       12.977147
1.000       1.8221237       43.402959       13.302192
1.000       1.8535397       42.508517       13.713612
1.000       1.8849556       42.040283       14.263932
1.000       1.9163715       41.194735       14.687609
1.000       1.9477874       40.324119       15.095929
1.000       1.9792034       40.045954       15.728966
1.000       2.0106193       39.519830       16.273271
1.000       2.0734512       37.079676       16.745095
1.000       2.1362830       36.225819       17.892244
1.000       2.1991149       34.660866       18.674690
1.000       2.2619467       33.721509       19.770805
1.000       2.3247786       32.456144       20.659127
1.000       2.3876104       31.254133       21.551034
1.000       2.4504423       30.122128       22.453773
1.000       2.5132741       29.724032       23.905485
1.000       2.5761060       28.309089       24.518129
1.000       2.6389378       27.555709       25.654841
1.000       2.7017697       26.910821       26.886989
1.000       2.7646015       26.114870       27.954759
1.000       2.8274334       24.907350       28.521668
1.000       2.8902652       24.114830       29.496302
1.000       2.9530971       23.847630       31.113485
1.000       3.0159289       23.000842       31.965192
1.000       3.0787608       21.903688       32.382871
1.000       3.1415927       21.479702       33.740237
1.000       3.2044245       20.574289       34.296139
1.000       3.2672564       20.264914       35.806731
1.000       3.3300882       19.266991       36.045526
1.000       3.3929201       19.023875       37.643512
1.000       3.4557519       18.318419       38.298866
1.000       3.5185838       18.235510       40.243141
1.000       3.5814156       17.461707       40.636951
1.000       3.6442475       17.121519       41.979392
1.000       3.7070793       16.391130       42.303354
1.000       3.7699112       16.000402       43.430468
1.000       3.8327430       15.737065       44.887261
1.000       3.8955749       15.286141       45.780739
1.000       3.9584067       15.045350       47.275247
1.000       4.0212386       14.612752       48.137308
1.000       4.1469023       13.792350       49.828744
1.000       4.2725660       12.929281       51.087066
1.000       4.3982297       12.230427       52.716384
1.000       4.5238934       11.674941       54.759825
1.000       4.6495571       11.335942       57.724828
1.000       4.7752208       10.749606       59.298431
1.000       4.9008845       10.425985       62.174280
1.000       5.0265482       9.5334736       61.338195
1.000       5.1522120       9.2501431       64.091417
1.000       5.2778757       9.0244910       67.215656
1.000       5.4035394       8.5031057       67.964605
1.000       5.5292031       8.0416837       68.866002
1.000       5.6548668       7.7984155       71.440381
1.000       5.7805305       7.4365499       72.768738
1.000       5.9061942       7.1904074       75.049348
1.000       6.0318579       6.9268612       77.012291
1.000       6.1575216       6.7139086       79.407865
1.000       6.2831853       6.3539504       79.846096
1.000       6.4088490       6.1964505       82.632971
1.000       6.5345127       5.9710860       84.404035
1.000       6.6601764       5.7114046       85.481155
1.000       6.7858401       5.5533559       87.909667
1.000       6.9115038       5.3164272       88.921706
1.000       7.0371675       5.2053043       91.898846
1.000       7.1628313       4.9169588       91.542125
1.000       7.2884950       4.8190091       94.523888
1.000       7.4141587       4.6282343       95.558917
1.000       7.5398224       4.5045805       97.815561
1.000       7.6654861       4.3485713       99.228390
1.000       7.7911498       4.1745139       100.01861
1.000       7.9168135       4.0745955       102.42501
1.000       8.0424772       3.9249775       103.43724
1.000       8.2938046       3.7307942       107.82835
1.000       8.5451320       3.4877057       110.24691
1.000       8.7964594       3.2841432       113.24422
1.000       9.0477868       3.1257483       117.28739
1.000       9.2991143       2.8982980       118.06959
1.000       9.5504417       2.7693010       122.21114
1.000       9.8017691       2.6680311       127.28421
1.000       10.053096       2.4499080       126.10131
1.000       10.304424       2.3490544       130.20705
1.000       10.555751       2.2332703       133.06964
1.000       10.807079       2.1507873       137.52849
1.000       11.058406       2.0321877       139.22322
1.000       11.309734       1.9264590       141.18454
1.000       11.561061       1.8267308       143.00061
1.000       11.812388       1.7668269       147.52900
1.000       12.063716       1.6931225       150.59201
1.000       12.315043       1.6212742       153.40324
1.000       12.566371       1.5377659       154.59309
1.000       12.817698       1.4803860       157.93389
1.000       13.069025       1.4288456       161.57909
1.000       13.320353       1.3582231       162.62547
1.000       13.571680       1.3209596       167.28641
1.000       13.823008       1.2591258       168.47948
1.000       14.074335       1.2043078       170.09495
1.000       14.325663       1.1576391       172.41998
1.000       14.576990       1.1223477       176.11699
1.000       14.828317       1.0846357       179.15534
1.000       15.079645       1.0478670       182.03284
1.000       15.330972       1.0165551       185.57106
1.000       15.582300      0.96465279       184.89958
1.000       15.833627      0.93559332       188.14756
1.000       16.084954      0.90215309       190.19978
1.000       16.587609      0.83251496       192.49245
1.000       17.090264      0.77828685       196.81413
1.000       17.592919      0.73334800       202.29915
1.000       18.095574      0.69749599       209.37703
1.000       18.598229      0.67460065       219.85268
1.000       19.100883      0.61115859       215.76676
1.000       19.603538      0.56850593       216.97448
1.000       20.106193      0.54396230       223.98999
1.000       20.608848      0.51088271       226.54402
1.000       21.111503      0.47930324       228.47467
1.000       21.614157      0.45839400       234.48989
1.000       22.116812      0.43438717       238.07558
1.000       22.619467      0.41463812       243.10091
1.000       23.122122      0.39009388       244.29943
1.000       23.624777      0.36927358       246.67301
1.000       24.127432      0.35906678       255.49286
1.000       24.630086      0.33856321       256.27594
1.000       25.132741      0.32036092       257.64954
1.000       25.635396      0.31189155       266.19136
1.000       26.138051      0.29149512       263.70669
1.000       26.640706      0.27992915       268.13626
1.000       27.143361      0.26878523       272.31182
1.000       27.646015      0.25877025       277.00158
1.000       28.148670      0.24373417       275.39771
1.000       28.651325      0.23180864       276.20658
1.000       29.153980      0.22490825       282.33790
1.000       29.656635      0.21238433       280.64566
1.000       30.159289      0.20747488       288.33615
1.000       30.661944      0.19565491       285.73280
1.000       31.164599      0.19024458       291.72066
1.000       31.667254      0.18525562       298.03885
1.000       32.169909      0.17608670       296.99306
1.000       33.175218      0.16120600       298.18983
1.000       34.180528      0.15152804       306.54876
1.000       35.185838      0.14550795       321.11505
1.000       36.191147      0.13292436       319.21397
1.000       37.196457      0.12189477       317.80452
1.000       38.201767      0.11553750       326.31992
1.000       39.207076      0.10919167       333.39045
1.000       40.212386      0.10025095       330.24655
1.000       41.217696     0.094832598       336.41785
1.000       42.223005     0.089094526       339.75723
1.000       43.228315     0.083825061       343.04339
1.000       44.233625     0.081162020       355.86124
1.000       45.238934     0.077175237       361.98062
1.000       46.244244     0.071309433       357.26485
1.000       47.249554     0.068482203       365.96631
1.000       48.254863     0.065454104       372.58932
1.000       49.260173     0.061744451       373.90045
1.000       50.265482     0.058940281       379.22069
1.000       51.270792     0.056661645       386.87398
1.000       52.276102     0.054648254       395.50878
1.000       53.281411     0.052038439       398.76927
1.000       54.286721     0.050372093       408.26400
1.000       55.292031     0.047419558       406.08354
1.000       56.297340     0.045941739       415.28029
1.000       57.302650     0.043972803       419.15874
1.000       58.307960     0.042262265       424.43047
1.000       59.313269     0.042174233       445.83385
1.000       60.318579     0.037986579       422.33176
1.000       61.323889     0.038618362       451.18345
1.000       62.329198     0.037453981       459.45488
1.000       63.334508     0.035480800       456.65147
1.000       64.339818     0.035823293       483.36504
1.000       66.350437     0.033490636       495.59282
1.000       68.361056     0.030650446       496.05901
1.000       70.371675     0.029380124       518.70156
1.000       72.382295     0.028768232       552.68856
1.000       74.392914     0.027947607       582.92087
1.000       76.403533     0.025472329       575.54495
1.000       78.414153     0.024324072       594.14152
1.000       80.424772     0.022734061       599.12410
1.000       82.435391     0.023406804       664.28354
1.000       84.446011     0.022588553       689.12195
1.000       86.456630     0.021715815       710.95367
1.000       88.467249     0.021342802       748.63351
1.000       90.477868     0.020051082       752.37638
1.000       92.488488     0.019452827       779.67934
1.000       94.499107     0.018792129       803.39544
1.000       96.509726     0.019280825       878.02953
1.000       98.520346     0.018321555       887.58586
1.000       100.53096     0.018558578       955.24443
1.000       102.54158     0.017771302       970.71014
1.000       104.55220     0.017112891       990.81645
1.000       106.56282     0.016466851       1009.4806
1.000       108.57344     0.016537743       1072.3025
1.000       110.58406     0.016772755       1149.0853
1.000       112.59468     0.016442344       1189.0157
1.000       114.60530     0.015950312       1216.3359
1.000       116.61592     0.015982828       1284.0957
1.000       118.62654     0.015596155       1318.9653
1.000       120.63716     0.015489392       1377.6786
1.000       122.64778     0.015586029       1456.7492
1.000       124.65840     0.015122683       1484.1019
1.000       126.66902     0.014721428       1515.7633
1.000       128.67964     0.015059352       1625.5712
1.000       132.70087     0.015403983       1823.5792
1.000       136.72211     0.014123490       1828.6415
1.000       140.74335     0.013978279       1974.2749
1.000       144.76459     0.013645411       2097.2196
1.000       148.78583     0.013528043       2257.3033
1.000       152.80707     0.012803003       2314.2614
1.000       156.82831     0.012263198       2396.3339
1.000       160.84954     0.012466660       2628.3298
1.000       164.87078     0.012687638       2880.5946
1.000       168.89202     0.013211570       3224.4236
1.000       172.91326     0.011701131       3064.6650
1.000       176.93450     0.011419757       3204.5326
1.000       180.95574     0.012302865       3693.1214
1.000       184.97698     0.011622395       3726.6528
1.000       188.99821     0.012058634       4124.2167
1.000       193.01945     0.011563262       4212.6353
1.000       197.04069     0.011889881       4608.0324
1.000       201.06193     0.011548272       4755.2879
1.000       205.08317     0.011085350       4844.0623
1.000       209.10441     0.011363245       5263.3491
1.000       213.12565     0.011320843       5552.0855
1.000       217.14688     0.010674813       5537.2143
1.000       221.16812     0.010898134       5972.9655
1.000       225.18936     0.010315266       5967.5258
1.000       229.21060     0.010702053       6528.9215
1.000       233.23184     0.010926100       7022.6161
1.000       237.25308    0.0097067898       6567.2182
1.000       241.27432     0.010345423       7361.2538
1.000       245.29555    0.0098997039       7402.2116
1.000       249.31679     0.010020165       7866.8295
1.000       253.33803    0.0099483675       8194.5150
1.000       257.35927    0.0091031539       7861.0688
1.000       265.40175    0.0092693317       8778.6961
1.000       273.44422    0.0089857562       9307.4595
1.000       281.48670    0.0093266399       10538.265
1.000       289.52918    0.0081126029       9974.8757
1.000       297.57166    0.0080933902       10803.772
1.000       305.61413    0.0085852030       12414.840
1.000       313.65661    0.0089016029       13915.596
1.000       321.69909    0.0080051237       13501.680
1.000       329.74156    0.0084361004       15322.622
1.000       337.78404    0.0089232325       17422.475
1.000       345.82652    0.0080671567       16903.072
1.000       353.86900    0.0070048056       15725.117
1.000       361.91147    0.0063850622       15333.541
1.000       369.95395    0.0060260392       15457.712
1.000       377.99643    0.0070125336       19187.054
1.000       386.03891    0.0067788511       19756.935
1.000       394.08138    0.0059953833       18588.527
1.000       402.12386    0.0060297965       19863.348
1.000       410.16634    0.0054573908       19078.110
1.000       418.20881    0.0055229790       20465.539
1.000       426.25129    0.0053115935       20839.736
1.000       434.29377    0.0061439586       25495.840
1.000       442.33625    0.0051389769       22532.247
1.000       450.37872    0.0047610874       22034.845
1.000       458.42120    0.0044373249       21656.365
1.000       466.46368    0.0047635180       24493.541
1.000       474.50615    0.0046085730       24943.781
1.000       482.54863    0.0048639060       27687.178
1.000       490.59111    0.0046512703       27822.802
1.000       498.63359    0.0039339215       24708.167
1.000       506.67606    0.0040793788       26881.621
1.000       514.71854    0.0036053944       24907.634
0.750     0.015707963       4418.4090   0.00086755257
0.750     0.031415927       11166.776     0.017540731
0.750     0.047123890       5664.1475     0.030028125
0.750     0.062831853       4907.1345     0.061664871
0.750     0.078539816       3817.5347     0.093696399
0.750     0.094247780       2929.4997      0.12424448
0.750      0.10995574       2341.6629      0.15770606
0.750      0.12566371       2061.2419      0.20721864
0.750      0.14137167       1613.1098      0.23089862
0.750      0.15707963       1433.3768      0.28144287
0.750      0.17278760       1252.2290      0.32725908
0.750      0.18849556       1107.4778      0.37575836
0.750      0.20420352       1017.5734      0.43896074
0.750      0.21991149       922.26900      0.49690299
0.750      0.23561945       808.83274      0.53599704
0.750      0.25132741       763.17486      0.61378164
0.750      0.26703538       672.86808      0.64909249
0.750      0.28274334       636.23133      0.72855519
0.750      0.29845130       573.44932      0.77229947
0.750      0.31415927       536.57050      0.84284297
0.750      0.32986723       500.93248      0.91089217
0.750      0.34557519       451.12855      0.94318795
0.750      0.36128316       439.51351       1.0499911
0.750      0.37699112       415.14282       1.1268371
0.750      0.39269908       384.24095       1.1788365
0.750      0.40840704       370.21329       1.2776207
0.750      0.42411501       348.71176       1.3476831
0.750      0.43982297       328.09057       1.4141573
0.750      0.45553093       312.53922       1.4966781
0.750      0.47123890       303.41897       1.6085567
0.750      0.48694686       284.94564       1.6667750
0.750      0.50265482       277.51645       1.7855357
0.750      0.51836279       265.08104       1.8704684
0.750      0.53407075       255.77569       1.9739034
0.750      0.54977871       249.30021       2.0987304
0.750      0.56548668       237.63745       2.1769691
0.750      0.58119464       235.23843       2.3396093
0.750      0.59690260       224.81731       2.4222023
0.750      0.61261057       220.32344       2.5661641
0.750      0.62831853       212.42828       2.6694525
0.750      0.64402649       205.40092       2.7796099
0.750      0.65973446       198.37715       2.8858212
0.750      0.67544242       195.44354       3.0511010
0.750      0.69115038       190.57762       3.1875706
0.750      0.70685835       183.62053       3.2854031
0.750      0.72256631       179.78057       3.4359445
0.750      0.73827427       172.72243       3.5210501
0.750      0.75398224       170.36915       3.6995131
0.750      0.76969020       166.83365       3.8539119
0.750      0.78539816       164.27646       4.0319510
0.750      0.80110613       159.76974       4.1613567
0.750      0.81681409       155.17770       4.2841949
0.750      0.83252205       151.48543       4.4282117
0.750      0.84823002       150.79689       4.6623357
0.750      0.86393798       145.44638       4.7513922
0.750      0.87964594       142.39192       4.9099753
0.750      0.89535391       138.80319       5.0472393
0.750      0.91106187       137.88393       5.2823544
0.750      0.92676983       135.39571       5.4599771
0.750      0.94247780       132.90942       5.6368880
0.750      0.95818576       131.36019       5.8544106
0.750      0.97389372       129.11692       6.0421031
0.750      0.98960169       127.33528       6.2517311
0.750       1.0053096       124.43613       6.4049585
0.750       1.0367256       119.06920       6.7214217
0.750       1.0681415       115.67271       7.1414685
0.750       1.0995574       111.19936       7.4890423
0.750       1.1309734       111.39654       8.1639266
0.750       1.1623893       106.94868       8.5094303
0.750       1.1938052       102.79302       8.8600119
0.750       1.2252211       100.87648       9.3994759
0.750       1.2566371       97.053798       9.7569120
0.750       1.2880530       95.591225       10.348788
0.750       1.3194689       91.921470       10.697559
0.750       1.3508848       90.798566       11.339770
0.750       1.3823008       88.520329       11.844614
0.750       1.4137167       86.232229       12.343179
0.750       1.4451326       84.451452       12.912207
0.750       1.4765485       81.534603       13.297053
0.750       1.5079645       79.486039       13.808117
0.750       1.5393804       77.923714       14.400506
0.750       1.5707963       76.178246       14.957564
0.750       1.6022123       74.846122       15.595514
0.750       1.6336282       72.688783       16.054519
0.750       1.6650441       71.460095       16.711332
0.750       1.6964600       70.460756       17.428036
0.750       1.7278760       68.439520       17.886069
0.750       1.7592919       66.472186       18.336816
0.750       1.7907078       65.631093       19.092117
0.750       1.8221237       63.931895       19.593925
0.750       1.8535397       62.466738       20.152305
0.750       1.8849556       61.481904       20.860319
0.750       1.9163715       60.154705       21.447614
0.750       1.9477874       59.153849       22.145116
0.750       1.9792034       58.685002       23.049879
0.750       2.0106193       56.619001       23.314280
0.750       2.0734512       53.682522       24.242901
0.750       2.1362830       52.540620       25.950266
0.750       2.1991149       50.524148       27.221559
0.750       2.2619467       48.459421       28.411593
0.750       2.3247786       46.800336       29.789555
0.750       2.3876104       45.241757       31.196087
0.750       2.4504423       43.264583       32.250482
0.750       2.5132741       42.025439       33.798863
0.750       2.5761060       40.188874       34.807054
0.750       2.6389378       39.533839       36.806687
0.750       2.7017697       38.495379       38.461288
0.750       2.7646015       35.943784       38.476157
0.750       2.8274334       35.793877       40.987945
0.750       2.8902652       34.226478       41.864468
0.750       2.9530971       34.127620       44.525565
0.750       3.0159289       32.176375       44.716797
0.750       3.0787608       30.871302       45.640779
0.750       3.1415927       30.252667       47.520778
0.750       3.2044245       29.046785       48.419294
0.750       3.2672564       27.941938       49.371511
0.750       3.3300882       27.290504       51.056263
0.750       3.3929201       26.573827       52.582986
0.750       3.4557519       26.034152       54.430379
0.750       3.5185838       25.174234       55.555902
0.750       3.5814156       24.110215       56.109387
0.750       3.6442475       23.661960       58.015568
0.750       3.7070793       22.780312       58.792993
0.750       3.7699112       22.255150       60.407957
0.750       3.8327430       21.587752       61.575336
0.750       3.8955749       20.951266       62.747323
0.750       3.9584067       20.488023       64.377122
0.750       4.0212386       19.808382       65.252744
0.750       4.1469023       18.967430       68.525176
0.750       4.2725660       17.904383       70.745034
0.750       4.3982297       17.196148       74.119956
0.750       4.5238934       16.000248       75.047128
0.750       4.6495571       15.519124       79.026404
0.750       4.7752208       14.896784       82.175653
0.750       4.9008845       14.009386       83.543522
0.750       5.0265482       13.471360       86.674486
0.750       5.1522120       12.658834       87.709195
0.750       5.2778757       12.106857       90.173545
0.750       5.4035394       11.440652       91.444166
0.750       5.5292031       11.027817       94.438145
0.750       5.6548668       10.644078       97.509166
0.750       5.7805305       10.135180       99.175597
0.750       5.9061942       9.7328855       101.58628
0.750       6.0318579       9.2771646       103.14278
0.750       6.1575216       8.9782671       106.18926
0.750       6.2831853       8.7062527       109.40600
0.750       6.4088490       8.2798238       110.41586
0.750       6.5345127       8.0294886       113.50050
0.750       6.6601764       7.7283790       115.66870
0.750       6.7858401       7.4790206       118.39296
0.750       6.9115038       7.1669173       119.87271
0.750       7.0371675       6.8671230       121.23800
0.750       7.1628313       6.7298295       125.29348
0.750       7.2884950       6.5302816       128.09015
0.750       7.4141587       6.2387662       128.81149
0.750       7.5398224       6.0507226       131.38956
0.750       7.6654861       5.8556008       133.61672
0.750       7.7911498       5.6687309       135.81907
0.750       7.9168135       5.4816321       137.79434
0.750       8.0424772       5.3416667       140.77209
0.750       8.2938046       4.8978409       141.55862
0.750       8.5451320       4.6346151       146.50089
0.750       8.7964594       4.3300642       149.30980
0.750       9.0477868       4.1153270       154.41934
0.750       9.2991143       3.9080606       159.20485
0.750       9.5504417       3.6480032       160.98887
0.750       9.8017691       3.4659159       165.34904
0.750       10.053096       3.3384108       171.83419
0.750       10.304424       3.1688052       175.64547
0.750       10.555751       3.0698660       182.91829
0.750       10.807079       2.8810447       184.22357
0.750       11.058406       2.7195850       186.31615
0.750       11.309734       2.5983732       190.42717
0.750       11.561061       2.4542422       192.12362
0.750       11.812388       2.4319355       203.06518
0.750       12.063716       2.2716722       202.05017
0.750       12.315043       2.2009135       208.24810
0.750       12.566371       2.1089984       212.01964
0.750       12.817698       1.9951673       212.85295
0.750       13.069025       1.9151941       216.57717
0.750       13.320353       1.8416681       220.51026
0.750       13.571680       1.7645155       223.45836
0.750       13.823008       1.6992919       227.37666
0.750       14.074335       1.6341899       230.81097
0.750       14.325663       1.5924889       237.18697
0.750       14.576990       1.5123476       237.31513
0.750       14.828317       1.4574106       240.72866
0.750       15.079645       1.4098568       244.91682
0.750       15.330972       1.3502623       246.48896
0.750       15.582300       1.3059500       250.31763
0.750       15.833627       1.2637348       254.13673
0.750       16.084954       1.2260639       258.48948
0.750       16.587609       1.1525114       266.48138
0.750       17.090264       1.0759113       272.07777
0.750       17.592919      0.99343567       274.04615
0.750       18.095574      0.94628375       284.05910
0.750       18.598229      0.86832535       282.98765
0.750       19.100883      0.81990393       289.46335
0.750       19.603538      0.77929626       297.42416
0.750       20.106193      0.72823377       299.86834
0.750       20.608848      0.69448398       307.95951
0.750       21.111503      0.65253243       311.04971
0.750       21.614157      0.61439768       314.29303
0.750       22.116812      0.59362588       325.34990
0.750       22.619467      0.55217467       323.73813
0.750       23.122122      0.51687438       323.69674
0.750       23.624777      0.49488980       330.58405
0.750       24.127432      0.47375076       337.09589
0.750       24.630086      0.44566423       337.34621
0.750       25.132741      0.43008791       345.89722
0.750       25.635396      0.40923647       349.27273
0.750       26.138051      0.39037945       353.16431
0.750       26.640706      0.36968869       354.11440
0.750       27.143361      0.35831586       363.01714
0.750       27.646015      0.33681650       360.54647
0.750       28.148670      0.32596336       368.30930
0.750       28.651325      0.31218650       371.97907
0.750       29.153980      0.30374651       381.30728
0.750       29.656635      0.28971840       382.83526
0.750       30.159289      0.27929147       388.14254
0.750       30.661944      0.26699204       389.91294
0.750       31.164599      0.25219171       386.71027
0.750       31.667254      0.24301255       390.95807
0.750       32.169909      0.23900836       403.11860
0.750       33.175218      0.21973776       406.45861
0.750       34.180528      0.20416336       413.03263
0.750       35.185838      0.19052000       420.45015
0.750       36.191147      0.17614810       423.01453
0.750       37.196457      0.16613539       433.14884
0.750       38.201767      0.15098190       426.42778
0.750       39.207076      0.14771041       450.99812
0.750       40.212386      0.13141967       432.92249
0.750       41.217696      0.12527294       444.40469
0.750       42.223005      0.12033180       458.87891
0.750       43.228315      0.11326981       463.54229
0.750       44.233625      0.10723984       470.20149
0.750       45.238934      0.10055255       471.62892
0.750       46.244244     0.094258594       472.24162
0.750       47.249554     0.090135377       481.68006
0.750       48.254863     0.085889475       488.91513
0.750       49.260173     0.081782612       495.24378
0.750       50.265482     0.075913659       488.42710
0.750       51.270792     0.073519187       501.97378
0.750       52.276102     0.069735333       504.69932
0.750       53.281411     0.065669331       503.22246
0.750       54.286721     0.065045460       527.19111
0.750       55.292031     0.061762835       528.91405
0.750       56.297340     0.059564678       538.42187
0.750       57.302650     0.057546501       548.54632
0.750       58.307960     0.055142030       553.77908
0.750       59.313269     0.052702417       557.12978
0.750       60.318579     0.050675784       563.40934
0.750       61.323889     0.048607531       567.88824
0.750       62.329198     0.046630953       572.03048
0.750       63.334508     0.045232404       582.15835
0.750       64.339818     0.043649377       588.96269
0.750       66.350437     0.040847454       604.45866
0.750       68.361056     0.039732989       643.05451
0.750       70.371675     0.035357165       624.22530
0.750       72.382295     0.033100615       635.92129
0.750       74.392914     0.031264771       652.10905
0.750       76.403533     0.030504756       689.25218
0.750       78.414153     0.029196874       713.16492
0.750       80.424772     0.027661497       728.97974
0.750       82.435391     0.027866459       790.84825
0.750       84.446011     0.025995451       793.05814
0.750       86.456630     0.024646881       806.91379
0.750       88.467249     0.023829380       835.85430
0.750       90.477868     0.023072122       865.73479
0.750       92.488488     0.023040907       923.49143
0.750       94.499107     0.021817056       932.71618
0.750       96.509726     0.022052133       1004.2321
0.750       98.520346     0.020097242       973.60882
0.750       100.53096     0.020428281       1051.4815
0.750       102.54158     0.019859935       1084.7962
0.750       104.55220     0.018662862       1080.5580
0.750       106.56282     0.019079407       1169.6402
0.750       108.57344     0.017878953       1159.2662
0.750       110.58406     0.018520337       1268.8105
0.750       112.59468     0.017205769       1244.2222
0.750       114.60530     0.017341681       1322.4387
0.750       116.61592     0.017794230       1429.6277
0.750       118.62654     0.017160520       1451.2635
0.750       120.63716     0.016565824       1473.4201
0.750       122.64778     0.016476807       1540.0058
0.750       124.65840     0.016072852       1577.3491
0.750       126.66902     0.016453791       1694.1327
0.750       128.67964     0.016109153       1738.8913
0.750       132.70087     0.014764879       1747.9198
0.750       136.72211     0.014757832       1910.7731
0.750       140.74335     0.014582963       2059.6797
0.750       144.76459     0.014119801       2170.1306
0.750       148.78583     0.014678169       2449.2147
0.750       152.80707     0.014051908       2540.0127
0.750       156.82831     0.014659048       2864.5035
0.750       160.84954     0.013569723       2860.8872
0.750       164.87078     0.013579871       3083.1667
0.750       168.89202     0.013821860       3373.3714
0.750       172.91326     0.012455106       3262.1400
0.750       176.93450     0.012644483       3548.2064
0.750       180.95574     0.013552350       4068.1968
0.750       184.97698     0.012786269       4099.8420
0.750       188.99821     0.012225069       4181.1396
0.750       193.01945     0.013215307       4814.4952
0.750       197.04069     0.012516263       4850.7926
0.750       201.06193     0.011758704       4841.9383
0.750       205.08317     0.012308015       5378.3412
0.750       209.10441     0.012427712       5756.4004
0.750       213.12565     0.011476723       5628.5342
0.750       217.14688     0.011482505       5956.1784
0.750       221.16812     0.011153907       6113.1474
0.750       225.18936     0.011099939       6421.4700
0.750       229.21060     0.010696413       6525.4810
0.750       233.23184     0.011053224       7104.3238
0.750       237.25308     0.011203429       7579.7830
0.750       241.27432     0.011004861       7830.4747
0.750       245.29555     0.010806237       8080.0450
0.750       249.31679     0.010522035       8260.8473
0.750       253.33803     0.011311410       9317.2593
0.750       257.35927    0.0097451455       8415.4634
0.750       265.40175    0.0097450025       9229.1891
0.750       273.44422    0.0090598960       9384.2536
0.750       281.48670    0.0096498701       10903.486
0.750       289.52918     0.010083035       12397.626
0.750       297.57166    0.0092181997       12305.267
0.750       305.61413    0.0093949709       13585.825
0.750       313.65661    0.0066119831       10336.305
0.750       321.69909    0.0093308770       15737.734
0.750       329.74156    0.0082013140       14896.176
0.750       337.78404    0.0090162098       17604.012
0.750       345.82652    0.0075275480       15772.432
0.750       353.86900    0.0081785816       18360.132
0.750       361.91147    0.0076376312       18341.549
0.750       369.95395    0.0081328077       20861.896
0.750       377.99643    0.0074574295       20404.338
0.750       386.03891    0.0070742996       20618.019
0.750       394.08138    0.0071663446       22219.061
0.750       402.12386    0.0068218644       22472.576
0.750       410.16634    0.0073333161       25636.026
0.750       418.20881    0.0061351759       22734.051
0.750       426.25129    0.0066429349       26063.178
0.750       434.29377    0.0062925759       26112.564
0.750       442.33625    0.0055243191       24221.810
0.750       450.37872    0.0053489891       24755.720
0.750       458.42120    0.0051834918       25298.033
0.750       466.46368    0.0060011902       30857.529
0.750       474.50615    0.0054268083       29372.458
0.750       482.54863    0.0053678670       30555.913
0.750       490.59111    0.0053650336       32092.365
0.750       498.63359    0.0050723678       31858.519
0.750       506.67606    0.0044532143       29345.061
0.750       514.71854    0.0050976975       35217.114
0.500     0.015707963       5638.9333    0.0011072020
0.500     0.031415927       14266.035     0.022409035
0.500     0.047123890       7212.6674     0.038237506
0.500     0.062831853       6276.6607     0.078874845
0.500     0.078539816       4886.0301      0.11992122
0.500     0.094247780       3750.0285      0.15904434
0.500      0.10995574       3003.7835      0.20229849
0.500      0.12566371       2620.9930      0.26349095
0.500      0.14137167       2080.4148      0.29778811
0.500      0.15707963       1861.8107      0.36556568
0.500      0.17278760       1636.5288      0.42769246
0.500      0.18849556       1431.6202      0.48573730
0.500      0.20420352       1327.9739      0.57286131
0.500      0.21991149       1204.1506      0.64877606
0.500      0.23561945       1064.1448      0.70518718
0.500      0.25132741       1005.2151      0.80844197
0.500      0.26703538       890.31991      0.85886072
0.500      0.28274334       845.57956      0.96828205
0.500      0.29845130       769.47725       1.0363023
0.500      0.31415927       723.80354       1.1369479
0.500      0.32986723       677.75143       1.2324185
0.500      0.34557519       616.17658       1.2882588
0.500      0.36128316       598.35868       1.4294698
0.500      0.37699112       569.11960       1.5447818
0.500      0.39269908       530.83432       1.6285793
0.500      0.40840704       508.29676       1.7541522
0.500      0.42411501       484.78995       1.8735910
0.500      0.43982297       459.08238       1.9787667
0.500      0.45553093       432.30852       2.0702256
0.500      0.47123890       423.68270       2.2461274
0.500      0.48694686       398.72598       2.3323274
0.500      0.50265482       390.18563       2.5104472
0.500      0.51836279       373.86460       2.6380684
0.500      0.53407075       360.84271       2.7847395
0.500      0.54977871       349.47318       2.9420353
0.500      0.56548668       335.63318       3.0746967
0.500      0.58119464       333.77392       3.3196130
0.500      0.59690260       320.97681       3.4582337
0.500      0.61261057       315.87767       3.6791088
0.500      0.62831853       304.08093       3.8211936
0.500      0.64402649       295.04175       3.9926840
0.500      0.65973446       286.77930       4.1718200
0.500      0.67544242       282.04946       4.4031201
0.500      0.69115038       275.41910       4.6066157
0.500      0.70685835       267.32324       4.7830414
0.500      0.72256631       259.42164       4.9580349
0.500      0.73827427       249.65858       5.0894394
0.500      0.75398224       247.03638       5.3643179
0.500      0.76969020       241.65799       5.5823786
0.500      0.78539816       240.71097       5.9079360
0.500      0.80110613       233.19214       6.0737139
0.500      0.81681409       225.90109       6.2367487
0.500      0.83252205       221.59318       6.4775966
0.500      0.84823002       220.89356       6.8295836
0.500      0.86393798       213.88705       6.9871884
0.500      0.87964594       209.33293       7.2182434
0.500      0.89535391       203.33007       7.3936021
0.500      0.91106187       202.20118       7.7463580
0.500      0.92676983       199.21399       8.0335178
0.500      0.94247780       194.98568       8.2696352
0.500      0.95818576       193.45390       8.6217791
0.500      0.97389372       189.69739       8.8770021
0.500      0.98960169       187.14847       9.1883559
0.500       1.0053096       184.19419       9.4808165
0.500       1.0367256       175.51514       9.9077782
0.500       1.0681415       170.62998       10.534452
0.500       1.0995574       164.33257       11.067452
0.500       1.1309734       164.50929       12.056404
0.500       1.1623893       159.80630       12.715075
0.500       1.1938052       152.82855       13.172711
0.500       1.2252211       149.24357       13.906227
0.500       1.2566371       143.92919       14.469341
0.500       1.2880530       141.99394       15.372385
0.500       1.3194689       137.05024       15.949517
0.500       1.3508848       134.23479       16.764490
0.500       1.3823008       131.37020       17.578215
0.500       1.4137167       128.24848       18.357335
0.500       1.4451326       124.45828       19.029052
0.500       1.4765485       119.25825       19.449206
0.500       1.5079645       117.00990       20.326668
0.500       1.5393804       115.13462       21.277178
0.500       1.5707963       113.28558       22.243572
0.500       1.6022123       110.43841       23.011798
0.500       1.6336282       106.36443       23.492343
0.500       1.6650441       104.69186       24.482761
0.500       1.6964600       102.64928       25.389671
0.500       1.7278760       99.874547       26.101338
0.500       1.7592919       97.073095       26.778290
0.500       1.7907078       95.889804       27.894391
0.500       1.8221237       93.224747       28.571634
0.500       1.8535397       91.387844       29.482502
0.500       1.8849556       89.547342       30.382697
0.500       1.9163715       87.906379       31.342221
0.500       1.9477874       85.399676       31.970628
0.500       1.9792034       85.790151       33.696047
0.500       2.0106193       82.173769       33.837090
0.500       2.0734512       78.444720       35.425452
0.500       2.1362830       75.700072       37.388919
0.500       2.1991149       73.236277       39.458471
0.500       2.2619467       70.096129       41.097121
0.500       2.3247786       67.328135       42.855999
0.500       2.3876104       66.019509       45.523217
0.500       2.4504423       61.217656       45.633143
0.500       2.5132741       60.978763       49.042031
0.500       2.5761060       58.056144       50.281662
0.500       2.6389378       55.744478       51.899072
0.500       2.7017697       54.594457       54.546110
0.500       2.7646015       51.147075       54.750576
0.500       2.8274334       51.329493       58.777942
0.500       2.8902652       48.634731       59.488070
0.500       2.9530971       47.073901       61.416297
0.500       3.0159289       44.879858       62.371336
0.500       3.0787608       44.141314       65.259443
0.500       3.1415927       42.264852       66.389474
0.500       3.2044245       41.779088       69.643301
0.500       3.2672564       40.002834       70.682296
0.500       3.3300882       38.246591       71.553389
0.500       3.3929201       37.384687       73.974987
0.500       3.4557519       36.553984       76.424508
0.500       3.5185838       34.841909       76.891068
0.500       3.5814156       33.928942       78.959565
0.500       3.6442475       33.239445       81.498123
0.500       3.7070793       32.039277       82.689164
0.500       3.7699112       31.242670       84.803105
0.500       3.8327430       30.084039       85.809527
0.500       3.8955749       29.614210       88.692131
0.500       3.9584067       28.681036       90.121072
0.500       4.0212386       28.052817       92.411551
0.500       4.1469023       26.539940       95.882999
0.500       4.2725660       25.152866       99.385740
0.500       4.3982297       23.738036       102.31723
0.500       4.5238934       22.668456       106.32351
0.500       4.6495571       21.298342       108.45531
0.500       4.7752208       19.961339       110.11343
0.500       4.9008845       19.033115       113.50201
0.500       5.0265482       18.441661       118.65331
0.500       5.1522120       17.550645       121.60306
0.500       5.2778757       16.850562       125.50531
0.500       5.4035394       15.978020       127.71096
0.500       5.5292031       15.565835       133.30005
0.500       5.6548668       14.983150       137.25890
0.500       5.7805305       14.199614       138.94722
0.500       5.9061942       13.831976       144.37023
0.500       6.0318579       12.980665       144.31800
0.500       6.1575216       12.447099       147.21641
0.500       6.2831853       11.964837       150.35458
0.500       6.4088490       11.554493       154.08533
0.500       6.5345127       11.264837       159.23363
0.500       6.6601764       10.896509       163.08531
0.500       6.7858401       10.300802       163.06177
0.500       6.9115038       9.9859132       167.02278
0.500       7.0371675       9.6647695       170.63002
0.500       7.1628313       9.3472524       174.02370
0.500       7.2884950       8.9921832       176.37985
0.500       7.4141587       8.7430996       180.51833
0.500       7.5398224       8.4064855       182.54421
0.500       7.6654861       8.0570170       183.85000
0.500       7.7911498       7.9507443       190.49462
0.500       7.9168135       7.7358234       194.45900
0.500       8.0424772       7.4208935       195.56718
0.500       8.2938046       6.9755102       201.60794
0.500       8.5451320       6.5428841       206.82156
0.500       8.7964594       5.9873908       206.45793
0.500       9.0477868       5.7039067       214.02758
0.500       9.2991143       5.4247306       220.99028
0.500       9.5504417       5.1325437       226.50265
0.500       9.8017691       5.0069379       238.86684
0.500       10.053096       4.6853661       241.16448
0.500       10.304424       4.4102354       244.45739
0.500       10.555751       4.1840409       249.30652
0.500       10.807079       3.9886401       255.04690
0.500       11.058406       3.8216600       261.81825
0.500       11.309734       3.6749787       269.32843
0.500       11.561061       3.4781872       272.28034
0.500       11.812388       3.3221461       277.39725
0.500       12.063716       3.2034575       284.92628
0.500       12.315043       3.0287737       286.57935
0.500       12.566371       2.9367040       295.22969
0.500       12.817698       2.8095716       299.73708
0.500       13.069025       2.6652858       301.40028
0.500       13.320353       2.5538239       305.77952
0.500       13.571680       2.4440292       309.51201
0.500       13.823008       2.3639170       316.30797
0.500       14.074335       2.2690216       320.47381
0.500       14.325663       2.2026523       328.06535
0.500       14.576990       2.0815012       326.62580
0.500       14.828317       2.0395079       336.87692
0.500       15.079645       1.9349576       336.13602
0.500       15.330972       1.8966795       346.23686
0.500       15.582300       1.8382036       352.33722
0.500       15.833627       1.7596824       353.87165
0.500       16.084954       1.7093288       360.37559
0.500       16.587609       1.5808727       365.52624
0.500       17.090264       1.4789477       373.99810
0.500       17.592919       1.3934382       384.38965
0.500       18.095574       1.2861445       386.07981
0.500       18.598229       1.1922641       388.55945
0.500       19.100883       1.1380180       401.77206
0.500       19.603538       1.0799174       412.15842
0.500       20.106193       1.0184114       419.35618
0.500       20.608848      0.96035465       425.85626
0.500       21.111503      0.90988254       433.72357
0.500       21.614157      0.84950293       434.56033
0.500       22.116812      0.80059932       438.78631
0.500       22.619467      0.76672176       449.52635
0.500       23.122122      0.72304615       452.81347
0.500       23.624777      0.69359533       463.31841
0.500       24.127432      0.66172324       470.84713
0.500       24.630086      0.63220058       478.54519
0.500       25.132741      0.61318365       493.15155
0.500       25.635396      0.56948482       486.04056
0.500       26.138051      0.54758212       495.38074
0.500       26.640706      0.52981678       507.49660
0.500       27.143361      0.50055089       507.11837
0.500       27.646015      0.47860829       512.32802
0.500       28.148670      0.45698081       516.34725
0.500       28.651325      0.44612282       531.56800
0.500       29.153980      0.42967574       539.39218
0.500       29.656635      0.40185758       531.01651
0.500       30.159289      0.38177506       530.56810
0.500       30.661944      0.37261657       544.16611
0.500       31.164599      0.35854131       549.78653
0.500       31.667254      0.34311614       552.00451
0.500       32.169909      0.33197124       559.91256
0.500       33.175218      0.30103171       556.83161
0.500       34.180528      0.28316797       572.86289
0.500       35.185838      0.25537879       563.58414
0.500       36.191147      0.24821637       596.08436
0.500       37.196457      0.23067619       601.41984
0.500       38.201767      0.21173269       598.01010
0.500       39.207076      0.19969710       609.72694
0.500       40.212386      0.18877765       621.87109
0.500       41.217696      0.17991266       638.23867
0.500       42.223005      0.16710151       637.23269
0.500       43.228315      0.15708624       642.85543
0.500       44.233625      0.14812325       649.45798
0.500       45.238934      0.13974396       655.45123
0.500       46.244244      0.13369569       669.82402
0.500       47.249554      0.12546614       670.48634
0.500       48.254863      0.11895786       677.15279
0.500       49.260173      0.11006485       666.51007
0.500       50.265482      0.10576116       680.46534
0.500       51.270792      0.10186162       695.49006
0.500       52.276102     0.097196087       703.44253
0.500       53.281411     0.090812159       695.89132
0.500       54.286721     0.086211121       698.73804
0.500       55.292031     0.084015513       719.47774
0.500       56.297340     0.078851950       712.76495
0.500       57.302650     0.075432382       719.03859
0.500       58.307960     0.072313701       726.23033
0.500       59.313269     0.070090801       740.94653
0.500       60.318579     0.068966901       766.76852
0.500       61.323889     0.064348012       751.78638
0.500       62.329198     0.061540888       754.93340
0.500       63.334508     0.060151442       774.17208
0.500       64.339818     0.057257057       772.57163
0.500       66.350437     0.053368830       789.74940
0.500       68.361056     0.050653248       819.79232
0.500       70.371675     0.048006676       847.55046
0.500       72.382295     0.042634807       819.08996
0.500       74.392914     0.041394731       863.39601
0.500       76.403533     0.038893289       878.79032
0.500       78.414153     0.037835272       924.16705
0.500       80.424772     0.035251360       928.99987
0.500       82.435391     0.033137938       940.45246
0.500       84.446011     0.030942863       943.99166
0.500       86.456630     0.030179320       988.04021
0.500       88.467249     0.029662753       1040.4693
0.500       90.477868     0.027163501       1019.2555
0.500       92.488488     0.026306427       1054.3751
0.500       94.499107     0.025517121       1090.9003
0.500       96.509726     0.024536281       1117.3578
0.500       98.520346     0.024886984       1205.6474
0.500       100.53096     0.023358259       1202.2929
0.500       102.54158     0.022733299       1241.7461
0.500       104.55220     0.022231383       1287.1712
0.500       106.56282     0.021258253       1303.2117
0.500       108.57344     0.020850348       1351.9305
0.500       110.58406     0.020556587       1408.3120
0.500       112.59468     0.019828305       1433.8690
0.500       114.60530     0.019308128       1472.3957
0.500       116.61592     0.019522244       1568.4603
0.500       118.62654     0.018363253       1552.9786
0.500       120.63716     0.019392009       1724.7905
0.500       122.64778     0.017796170       1663.3202
0.500       124.65840     0.017608019       1728.0065
0.500       126.66902     0.018099234       1863.5525
0.500       128.67964     0.017524103       1891.6271
0.500       132.70087     0.017915853       2120.9435
0.500       136.72211     0.014932018       1933.3258
0.500       140.74335     0.016595742       2343.9622
0.500       144.76459     0.015514026       2384.4148
0.500       148.78583     0.016346041       2727.5175
0.500       152.80707     0.014757748       2667.5997
0.500       156.82831     0.015522106       3033.1525
0.500       160.84954     0.014400255       3035.9872
0.500       164.87078     0.013776953       3127.9121
0.500       168.89202     0.014175655       3459.7187
0.500       172.91326     0.013918765       3645.4896
0.500       176.93450     0.013465090       3778.4794
0.500       180.95574     0.013354967       4008.9454
0.500       184.97698     0.013425805       4304.9054
0.500       188.99821     0.012728832       4353.4334
0.500       193.01945     0.012420652       4524.9927
0.500       197.04069     0.012178612       4719.9329
0.500       201.06193     0.011890277       4896.1168
0.500       205.08317     0.011823107       5166.4466
0.500       209.10441     0.012525087       5801.5038
0.500       213.12565     0.011445994       5613.4634
0.500       217.14688     0.012090684       6271.6517
0.500       221.16812     0.012230238       6703.0549
0.500       225.18936     0.012099062       6999.4767
0.500       229.21060     0.011217408       6843.3204
0.500       233.23184     0.011285837       7253.8327
0.500       237.25308     0.011212891       7586.1846
0.500       241.27432     0.011289230       8032.8168
0.500       245.29555     0.011323392       8466.7324
0.500       249.31679     0.010801778       8480.4732
0.500       253.33803     0.010663942       8783.9371
0.500       257.35927     0.010306263       8900.0186
0.500       265.40175     0.011820122       11194.471
0.500       273.44422     0.010526687       10903.558
0.500       281.48670     0.010149238       11467.727
0.500       289.52918     0.010559298       12983.217
0.500       297.57166     0.010034812       13395.353
0.500       305.61413     0.010610939       15344.204
0.500       313.65661     0.010033042       15684.340
0.500       321.69909    0.0096756610       16319.257
0.500       329.74156     0.010269292       18652.277
0.500       337.78404    0.0076668050       14969.320
0.500       345.82652    0.0093829343       19660.014
0.500       353.86900    0.0098149877       22033.707
0.500       361.91147    0.0088865773       21340.856
0.500       369.95395    0.0090103814       23113.006
0.500       377.99643    0.0082388066       22542.270
0.500       386.03891    0.0080397022       23431.681
0.500       394.08138    0.0082923184       25710.113
0.500       402.12386    0.0070964500       23377.116
0.500       410.16634    0.0086531114       30249.806
0.500       418.20881    0.0076405536       28312.266
0.500       426.25129    0.0068355944       26819.067
0.500       434.29377    0.0061716588       25610.789
0.500       442.33625    0.0067605598       29642.205
0.500       450.37872    0.0070292154       32531.996
0.500       458.42120    0.0065400201       31918.570
0.500       466.46368    0.0057356135       29491.960
0.500       474.50615    0.0065609279       35510.851
0.500       482.54863    0.0057370888       32657.662
0.500       490.59111    0.0069209760       41399.645
0.500       498.63359    0.0058265892       36595.631
0.500       506.67606    0.0058676104       38665.417
0.500       514.71854    0.0053587648       37020.680
0.375     0.015707963       6406.2381    0.0012578619
0.375     0.031415927       16214.883     0.025470279
0.375     0.047123890       8183.2150     0.043382804
0.375     0.062831853       7138.6177     0.089706516
0.375     0.078539816       5559.6244      0.13645371
0.375     0.094247780       4267.3063      0.18098286
0.375      0.10995574       3423.6000      0.23057224
0.375      0.12566371       2972.3803      0.29881626
0.375      0.14137167       2378.1732      0.34040889
0.375      0.15707963       2137.2140      0.41964098
0.375      0.17278760       1884.9205      0.49260746
0.375      0.18849556       1639.1311      0.55614407
0.375      0.20420352       1529.5144      0.65980182
0.375      0.21991149       1386.1217      0.74681903
0.375      0.23561945       1231.1217      0.81583938
0.375      0.25132741       1163.2301      0.93552518
0.375      0.26703538       1033.8632      0.99733191
0.375      0.28274334       983.01468       1.1256605
0.375      0.29845130       900.18372       1.2123328
0.375      0.31415927       847.97107       1.3319898
0.375      0.32986723       795.54708       1.4466173
0.375      0.34557519       728.80703       1.5237387
0.375      0.36128316       705.31955       1.6849977
0.375      0.37699112       672.76036       1.8260977
0.375      0.39269908       630.93021       1.9356697
0.375      0.40840704       602.33295       2.0786748
0.375      0.42411501       578.15048       2.2344059
0.375      0.43982297       550.42851       2.3724928
0.375      0.45553093       514.89404       2.4657086
0.375      0.47123890       507.61017       2.6910636
0.375      0.48694686       477.14516       2.7910363
0.375      0.50265482       468.72839       3.0157899
0.375      0.51836279       450.13879       3.1762754
0.375      0.53407075       434.11453       3.3502017
0.375      0.54977871       418.00751       3.5189906
0.375      0.56548668       403.97763       3.7007922
0.375      0.58119464       403.26246       4.0107247
0.375      0.59690260       387.52735       4.1752553
0.375      0.61261057       382.82449       4.4588557
0.375      0.62831853       368.90555       4.6358039
0.375      0.64402649       357.86790       4.8428856
0.375      0.65973446       349.93248       5.0905185
0.375      0.67544242       343.12896       5.3566421
0.375      0.69115038       335.22001       5.6068361
0.375      0.70685835       326.46958       5.8413086
0.375      0.72256631       315.44371       6.0287219
0.375      0.73827427       304.39420       6.2052579
0.375      0.75398224       301.33749       6.5434497
0.375      0.76969020       294.34560       6.7994797
0.375      0.78539816       294.03895       7.2168017
0.375      0.80110613       285.39598       7.4334130
0.375      0.81681409       276.77547       7.6413048
0.375      0.83252205       272.18454       7.9564797
0.375      0.84823002       270.50698       8.3635304
0.375      0.86393798       262.39847       8.5719427
0.375      0.87964594       256.24674       8.8359313
0.375      0.89535391       250.12155       9.0950599
0.375      0.91106187       248.37790       9.5153951
0.375      0.92676983       244.78308       9.8711401
0.375      0.94247780       239.46051       10.155880
0.375      0.95818576       236.83711       10.555265
0.375      0.97389372       232.68080       10.888436
0.375      0.98960169       229.07436       11.246776
0.375       1.0053096       226.10075       11.637825
0.375       1.0367256       215.92616       12.188968
0.375       1.0681415       210.64317       13.004810
0.375       1.0995574       204.49975       13.772627
0.375       1.1309734       202.28862       14.825141
0.375       1.1623893       197.06142       15.679299
0.375       1.1938052       187.34527       16.147801
0.375       1.2252211       182.87389       17.039836
0.375       1.2566371       177.25330       17.819446
0.375       1.2880530       175.14858       18.961734
0.375       1.3194689       168.80339       19.644859
0.375       1.3508848       166.60418       20.807080
0.375       1.3823008       162.53833       21.748720
0.375       1.4137167       158.17477       22.640949
0.375       1.4451326       153.46911       23.464665
0.375       1.4765485       148.19579       24.168480
0.375       1.5079645       144.20872       25.051579
0.375       1.5393804       142.27558       26.292899
0.375       1.5707963       140.64468       27.615519
0.375       1.6022123       136.22750       28.385411
0.375       1.6336282       130.43808       28.809406
0.375       1.6650441       129.95284       30.390180
0.375       1.6964600       126.15797       31.204400
0.375       1.7278760       122.18642       31.932351
0.375       1.7592919       119.71062       33.023009
0.375       1.7907078       118.48043       34.466013
0.375       1.8221237       113.67742       34.839993
0.375       1.8535397       112.81052       36.393642
0.375       1.8849556       110.49496       37.490058
0.375       1.9163715       107.98401       38.500717
0.375       1.9477874       104.64137       39.174039
0.375       1.9792034       103.60050       40.691471
0.375       2.0106193       100.50438       41.385176
0.375       2.0734512       97.075975       43.839283
0.375       2.1362830       92.325037       45.600133
0.375       2.1991149       89.442362       48.190037
0.375       2.2619467       84.443633       49.509014
0.375       2.3247786       82.318294       52.397600
0.375       2.3876104       78.999693       54.473597
0.375       2.4504423       74.807196       55.763120
0.375       2.5132741       73.830594       59.378087
0.375       2.5761060       70.609788       61.154207
0.375       2.6389378       67.207098       62.570969
0.375       2.7017697       64.997954       64.940393
0.375       2.7646015       61.702847       66.050042
0.375       2.8274334       60.729244       69.541696
0.375       2.8902652       59.041797       72.217579
0.375       2.9530971       55.957526       73.006569
0.375       3.0159289       53.624352       74.523911
0.375       3.0787608       53.936852       79.741371
0.375       3.1415927       51.121538       80.301524
0.375       3.2044245       49.939467       83.246176
0.375       3.2672564       48.148989       85.076000
0.375       3.3300882       46.384300       86.777770
0.375       3.3929201       45.158720       89.357861
0.375       3.4557519       43.393170       90.723398
0.375       3.5185838       41.803182       92.253593
0.375       3.5814156       40.499187       94.249864
0.375       3.6442475       39.604933       97.105344
0.375       3.7070793       38.220346       98.641691
0.375       3.7699112       37.239439       101.08035
0.375       3.8327430       36.008831       102.70897
0.375       3.8955749       34.868009       104.42683
0.375       3.9584067       34.203607       107.47400
0.375       4.0212386       33.300067       109.69703
0.375       4.1469023       31.303677       113.09334
0.375       4.2725660       29.955938       118.36397
0.375       4.3982297       28.020139       120.77423
0.375       4.5238934       26.931061       126.31671
0.375       4.6495571       24.911386       126.85363
0.375       4.7752208       24.329442       134.20935
0.375       4.9008845       23.073667       137.59742
0.375       5.0265482       22.210817       142.90399
0.375       5.1522120       20.809792       144.18469
0.375       5.2778757       20.012678       149.05719
0.375       5.4035394       19.428101       155.28717
0.375       5.5292031       18.582051       159.12981
0.375       5.6548668       17.680768       161.97147
0.375       5.7805305       16.753618       163.93888
0.375       5.9061942       16.219563       169.29050
0.375       6.0318579       15.549190       172.87465
0.375       6.1575216       15.053962       178.04874
0.375       6.2831853       14.467396       181.80266
0.375       6.4088490       13.983896       186.48271
0.375       6.5345127       13.338340       188.54355
0.375       6.6601764       12.900035       193.07158
0.375       6.7858401       12.383905       196.03732
0.375       6.9115038       11.999270       200.69786
0.375       7.0371675       11.739106       207.25210
0.375       7.1628313       11.338480       211.09564
0.375       7.2884950       10.794250       211.72703
0.375       7.4141587       10.347826       213.65104
0.375       7.5398224       10.099998       219.31832
0.375       7.6654861       9.7547020       222.58883
0.375       7.7911498       9.3742199       224.60016
0.375       7.9168135       9.2283931       231.97842
0.375       8.0424772       8.8244651       232.55633
0.375       8.2938046       8.3686190       241.87192
0.375       8.5451320       7.8492134       248.11483
0.375       8.7964594       7.4010324       255.20329
0.375       9.0477868       6.9836389       262.04695
0.375       9.2991143       6.7368890       274.44442
0.375       9.5504417       6.3061314       278.29387
0.375       9.8017691       5.8754585       280.30150
0.375       10.053096       5.6653935       291.60831
0.375       10.304424       5.3387545       295.92480
0.375       10.555751       5.0651012       301.80458
0.375       10.807079       4.8083587       307.46244
0.375       11.058406       4.5681802       312.96163
0.375       11.309734       4.3879104       321.57711
0.375       11.561061       4.1178257       322.35268
0.375       11.812388       4.0309799       336.58445
0.375       12.063716       3.8426737       341.78033
0.375       12.315043       3.6952132       349.63715
0.375       12.566371       3.4662895       348.46943
0.375       12.817698       3.3204439       354.23911
0.375       13.069025       3.2020314       362.09744
0.375       13.320353       3.1107989       372.46835
0.375       13.571680       2.9715271       376.31439
0.375       13.823008       2.8297542       378.64011
0.375       14.074335       2.7284676       385.36540
0.375       14.325663       2.6037227       387.80118
0.375       14.576990       2.5142384       394.53022
0.375       14.828317       2.4324697       401.78462
0.375       15.079645       2.3355677       405.72899
0.375       15.330972       2.2523116       411.15712
0.375       15.582300       2.1974108       421.18816
0.375       15.833627       2.1116276       424.64774
0.375       16.084954       2.0116606       424.11581
0.375       16.587609       1.9441594       449.52466
0.375       17.090264       1.8005637       455.32875
0.375       17.592919       1.6539645       456.25764
0.375       18.095574       1.5647608       469.71592
0.375       18.598229       1.4855407       484.13843
0.375       19.100883       1.3687264       483.22263
0.375       19.603538       1.2952804       494.35330
0.375       20.106193       1.2339515       508.11018
0.375       20.608848       1.1395704       505.32706
0.375       21.111503       1.0971850       523.00709
0.375       21.614157       1.0346583       529.27591
0.375       22.116812      0.99187586       543.61968
0.375       22.619467      0.93003703       545.27753
0.375       23.122122      0.88560859       554.61951
0.375       23.624777      0.84680971       565.66490
0.375       24.127432      0.79533512       565.91825
0.375       24.630086      0.77346117       585.47261
0.375       25.132741      0.72439182       582.59047
0.375       25.635396      0.69976705       597.23306
0.375       26.138051      0.67075685       606.81314
0.375       26.640706      0.63495057       608.20131
0.375       27.143361      0.60313329       611.04671
0.375       27.646015      0.57914976       619.95301
0.375       28.148670      0.55774748       630.20453
0.375       28.651325      0.53890298       642.11820
0.375       29.153980      0.50652548       635.86527
0.375       29.656635      0.49363039       652.28554
0.375       30.159289      0.46713785       649.20018
0.375       30.661944      0.44939093       656.28674
0.375       31.164599      0.43425799       665.89033
0.375       31.667254      0.41895620       674.01582
0.375       32.169909      0.40537663       683.72028
0.375       33.175218      0.37681089       697.00369
0.375       34.180528      0.34337379       694.66227
0.375       35.185838      0.31682125       699.17879
0.375       36.191147      0.29519825       708.90998
0.375       37.196457      0.27910593       727.68604
0.375       38.201767      0.25606985       723.23435
0.375       39.207076      0.24368146       744.02258
0.375       40.212386      0.22562623       743.25763
0.375       41.217696      0.21368933       758.06110
0.375       42.223005      0.20119156       767.23329
0.375       43.228315      0.19280876       789.04532
0.375       44.233625      0.18039316       790.94797
0.375       45.238934      0.17005674       797.62950
0.375       46.244244      0.15607821       781.96191
0.375       47.249554      0.15144576       809.32042
0.375       48.254863      0.14152022       805.58620
0.375       49.260173      0.13528232       819.21725
0.375       50.265482      0.12931018       831.97937
0.375       51.270792      0.12237081       835.52252
0.375       52.276102      0.11739701       849.64378
0.375       53.281411      0.11239422       861.27411
0.375       54.286721      0.10566740       856.43047
0.375       55.292031      0.10138587       868.23104
0.375       56.297340     0.096332978       870.78086
0.375       57.302650     0.092800942       884.59965
0.375       58.307960     0.089821184       902.05407
0.375       59.313269     0.084746616       895.87664
0.375       60.318579     0.080472384       894.68557
0.375       61.323889     0.077536330       905.86725
0.375       62.329198     0.074963357       919.58930
0.375       63.334508     0.071149954       915.72714
0.375       64.339818     0.068640126       926.16381
0.375       66.350437     0.064711208       957.59336
0.375       68.361056     0.058685727       949.79316
0.375       70.371675     0.054371786       959.92550
0.375       72.382295     0.052559172       1009.7545
0.375       74.392914     0.048387114       1009.2405
0.375       76.403533     0.043883494       991.54353
0.375       78.414153     0.043581234       1064.5183
0.375       80.424772     0.040952686       1079.2503
0.375       82.435391     0.039145596       1110.9494
0.375       84.446011     0.036603438       1116.6821
0.375       86.456630     0.034934910       1143.7334
0.375       88.467249     0.032184262       1128.9154
0.375       90.477868     0.030637844       1149.6232
0.375       92.488488     0.030018562       1203.1594
0.375       94.499107     0.029618329       1266.2339
0.375       96.509726     0.028008169       1275.4641
0.375       98.520346     0.027679557       1340.9333
0.375       100.53096     0.025943078       1335.3383
0.375       102.54158     0.024699696       1349.1553
0.375       104.55220     0.024850026       1438.7876
0.375       106.56282     0.024581440       1506.9357
0.375       108.57344     0.023407122       1517.7111
0.375       110.58406     0.022284233       1526.6714
0.375       112.59468     0.022256353       1609.4515
0.375       114.60530     0.021409055       1632.6078
0.375       116.61592     0.020092946       1614.3117
0.375       118.62654     0.019787817       1673.4538
0.375       120.63716     0.019922257       1771.9525
0.375       122.64778     0.019696608       1840.9447
0.375       124.65840     0.019299883       1894.0418
0.375       126.66902     0.018941386       1950.2631
0.375       128.67964     0.017588501       1898.5784
0.375       132.70087     0.017861965       2114.5641
0.375       136.72211     0.018491856       2394.2365
0.375       140.74335     0.017305454       2444.2010
0.375       144.76459     0.016193397       2488.8302
0.375       148.78583     0.016264900       2713.9782
0.375       152.80707     0.015996539       2891.5227
0.375       156.82831     0.015225724       2975.2369
0.375       160.84954     0.016097894       3393.8984
0.375       164.87078     0.014966194       3397.9166
0.375       168.89202     0.015257011       3723.6350
0.375       172.91326     0.013032702       3413.4190
0.375       176.93450     0.014595934       4095.8091
0.375       180.95574     0.013947949       4186.9492
0.375       184.97698     0.013018393       4174.2713
0.375       188.99821     0.012056058       4123.3357
0.375       193.01945     0.012972257       4725.9492
0.375       197.04069     0.014023065       5434.7675
0.375       201.06193     0.013590946       5596.4095
0.375       205.08317     0.012232959       5345.5431
0.375       209.10441     0.013121320       6077.6731
0.375       213.12565     0.012901313       6327.1962
0.375       217.14688     0.011924058       6185.2197
0.375       221.16812     0.012148731       6658.3827
0.375       225.18936     0.012176050       7044.0154
0.375       229.21060     0.012487739       7618.3020
0.375       233.23184     0.012080943       7764.8776
0.375       237.25308     0.012276034       8305.4637
0.375       241.27432     0.011174985       7951.5260
0.375       245.29555     0.011579221       8658.0213
0.375       249.31679     0.011854485       9306.9533
0.375       253.33803     0.011911331       9811.4170
0.375       257.35927     0.011355558       9806.1426
0.375       265.40175     0.010527688       9970.4466
0.375       273.44422     0.010886141       11275.880
0.375       281.48670     0.010991382       12419.274
0.375       289.52918     0.010898770       13400.616
0.375       297.57166    0.0098345393       13128.012
0.375       305.61413     0.010345975       14961.047
0.375       313.65661    0.0097990420       15318.534
0.375       321.69909    0.0093899312       15837.337
0.375       329.74156    0.0090157336       16375.419
0.375       337.78404    0.0096053521       18754.303
0.375       345.82652    0.0094007227       19697.286
0.375       353.86900    0.0091529614       20547.521
0.375       361.91147    0.0089922092       21594.528
0.375       369.95395    0.0094442827       24226.030
0.375       377.99643    0.0095938851       26249.912
0.375       386.03891    0.0085573885       24940.476
0.375       394.08138    0.0086286993       26753.053
0.375       402.12386    0.0087241391       28739.047
0.375       410.16634    0.0089165320       31170.680
0.375       418.20881    0.0090553060       33554.667
0.375       426.25129    0.0082684092       32440.635
0.375       434.29377    0.0079037875       32798.676
0.375       442.33625    0.0074577812       32699.226
0.375       450.37872    0.0081924329       37915.497
0.375       458.42120    0.0073957916       36095.163
0.375       466.46368    0.0084260184       43325.757
0.375       474.50615    0.0077141546       41752.660
0.375       482.54863    0.0072672648       41367.999
0.375       490.59111    0.0064764486       38740.588
0.375       498.63359    0.0060539028       38023.342
0.375       506.67606    0.0071166787       46896.322
0.375       514.71854    0.0067162592       46398.842
0.250     0.015707963       7297.9449    0.0014329481
0.250     0.031415927       18479.732     0.029027896
0.250     0.047123890       9308.5368     0.049348627
0.250     0.062831853       8140.9600      0.10230232
0.250     0.078539816       6344.1117      0.15570793
0.250     0.094247780       4869.8085      0.20653589
0.250      0.10995574       3914.8981      0.26366013
0.250      0.12566371       3380.7585      0.33987091
0.250      0.14137167       2728.0293      0.39048688
0.250      0.15707963       2462.9641      0.48360187
0.250      0.17278760       2179.6933      0.56964374
0.250      0.18849556       1884.0344      0.63923782
0.250      0.20420352       1769.9783      0.76353314
0.250      0.21991149       1601.8024      0.86302412
0.250      0.23561945       1431.1761      0.94841134
0.250      0.25132741       1352.4726       1.0877230
0.250      0.26703538       1207.3671       1.1647051
0.250      0.28274334       1148.5391       1.3152043
0.250      0.29845130       1059.4071       1.4267686
0.250      0.31415927       998.09550       1.5678047
0.250      0.32986723       938.52435       1.7066062
0.250      0.34557519       868.02780       1.8148117
0.250      0.36128316       836.54991       1.9985051
0.250      0.37699112       800.01153       2.1715001
0.250      0.39269908       754.20067       2.3138587
0.250      0.40840704       718.83781       2.4807377
0.250      0.42411501       693.95451       2.6819593
0.250      0.43982297       664.86813       2.8657579
0.250      0.45553093       618.67631       2.9626979
0.250      0.47123890       613.34188       3.2515937
0.250      0.48694686       575.30472       3.3652157
0.250      0.50265482       567.41833       3.6507592
0.250      0.51836279       546.50295       3.8562415
0.250      0.53407075       526.50826       4.0632340
0.250      0.54977871       503.63150       4.2398150
0.250      0.56548668       489.64839       4.4856122
0.250      0.58119464       490.93798       4.8827186
0.250      0.59690260       470.72683       5.0716542
0.250      0.61261057       466.82546       5.4372368
0.250      0.62831853       451.27347       5.6708697
0.250      0.64402649       437.20816       5.9165661
0.250      0.65973446       430.51219       6.2627232
0.250      0.67544242       420.92035       6.5710562
0.250      0.69115038       411.11095       6.8761757
0.250      0.70685835       400.76572       7.1706412
0.250      0.72256631       387.00705       7.3964320
0.250      0.73827427       374.42990       7.6329776
0.250      0.75398224       371.24129       8.0613889
0.250      0.76969020       361.25484       8.3451049
0.250      0.78539816       360.12613       8.8388249
0.250      0.80110613       351.43542       9.1534739
0.250      0.81681409       342.52139       9.4564390
0.250      0.83252205       337.44117       9.8640568
0.250      0.84823002       333.80154       10.320471
0.250      0.86393798       324.13021       10.588574
0.250      0.87964594       315.73765       10.887304
0.250      0.89535391       310.71633       11.298441
0.250      0.91106187       308.07330       11.802335
0.250      0.92676983       302.50508       12.198842
0.250      0.94247780       296.20867       12.562654
0.250      0.95818576       291.60502       12.996140
0.250      0.97389372       287.95327       13.474944
0.250      0.98960169       282.58254       13.873846
0.250       1.0053096       278.72949       14.346723
0.250       1.0367256       268.09249       15.133743
0.250       1.0681415       261.36009       16.136001
0.250       1.0995574       256.24563       17.257603
0.250       1.1309734       249.25394       18.267092
0.250       1.1623893       243.44231       19.369620
0.250       1.1938052       231.92505       19.990255
0.250       1.2252211       227.02659       21.153898
0.250       1.2566371       220.19563       22.136479
0.250       1.2880530       215.53558       23.334066
0.250       1.3194689       209.38576       24.367719
0.250       1.3508848       207.14518       25.870217
0.250       1.3823008       201.22272       26.924950
0.250       1.4137167       196.35532       28.106067
0.250       1.4451326       189.98162       29.047246
0.250       1.4765485       185.01438       30.173030
0.250       1.5079645       178.45130       31.000115
0.250       1.5393804       175.10000       32.358938
0.250       1.5707963       173.06462       33.981160
0.250       1.6022123       167.56637       34.915421
0.250       1.6336282       162.21975       35.828912
0.250       1.6650441       160.39139       37.508399
0.250       1.6964600       156.31128       38.662637
0.250       1.7278760       149.88127       39.170158
0.250       1.7592919       148.39565       40.935973
0.250       1.7907078       146.88992       42.730350
0.250       1.8221237       140.52004       43.066751
0.250       1.8535397       140.11799       45.203266
0.250       1.8849556       136.31050       46.249062
0.250       1.9163715       132.54810       47.258822
0.250       1.9477874       128.86773       48.243536
0.250       1.9792034       126.58732       49.720069
0.250       2.0106193       124.63670       51.322255
0.250       2.0734512       120.79389       54.550240
0.250       2.1362830       114.52814       56.566436
0.250       2.1991149       108.49198       58.453647
0.250       2.2619467       103.97463       60.959969
0.250       2.3247786       100.83627       64.184740
0.250       2.3876104       95.712919       65.998067
0.250       2.4504423       92.262396       68.774654
0.250       2.5132741       89.167195       71.712513
0.250       2.5761060       86.157544       74.619914
0.250       2.6389378       82.331121       76.651695
0.250       2.7017697       78.660682       78.591022
0.250       2.7646015       76.942212       82.363077
0.250       2.8274334       72.661421       83.205358
0.250       2.8902652       72.164525       88.268778
0.250       2.9530971       69.160901       90.232726
0.250       3.0159289       65.612402       91.184183
0.250       3.0787608       64.665030       95.602134
0.250       3.1415927       62.167220       97.652040
0.250       3.2044245       59.693232       99.505134
0.250       3.2672564       58.140426       102.73019
0.250       3.3300882       56.180381       105.10470
0.250       3.3929201       54.904030       108.64140
0.250       3.4557519       52.285608       109.31508
0.250       3.5185838       51.294957       113.20057
0.250       3.5814156       50.192844       116.80898
0.250       3.6442475       48.511900       118.94389
0.250       3.7070793       46.813777       120.82021
0.250       3.7699112       45.856566       124.47013
0.250       3.8327430       43.985351       125.46062
0.250       3.8955749       42.484753       127.23835
0.250       3.9584067       41.867121       131.55417
0.250       4.0212386       40.827521       134.49397
0.250       4.1469023       38.843049       140.33144
0.250       4.2725660       36.357159       143.65692
0.250       4.3982297       33.354720       143.76769
0.250       4.5238934       32.437867       152.14569
0.250       4.6495571       30.755433       156.61266
0.250       4.7752208       29.232834       161.25811
0.250       4.9008845       27.974952       166.82573
0.250       5.0265482       26.559362       170.88245
0.250       5.1522120       25.486330       176.58699
0.250       5.2778757       24.375624       181.55302
0.250       5.4035394       23.553599       188.26192
0.250       5.5292031       22.486416       192.56534
0.250       5.6548668       21.530859       197.24171
0.250       5.7805305       20.505058       200.64777
0.250       5.9061942       20.033119       209.09420
0.250       6.0318579       18.926708       210.42564
0.250       6.1575216       18.246506       215.80813
0.250       6.2831853       17.527069       220.25164
0.250       6.4088490       16.886363       225.18865
0.250       6.5345127       16.373168       231.44223
0.250       6.6601764       15.431672       230.96196
0.250       6.7858401       14.990224       237.29536
0.250       6.9115038       14.412952       241.06871
0.250       7.0371675       14.130568       249.47301
0.250       7.1628313       13.708903       255.22730
0.250       7.2884950       13.190325       258.72556
0.250       7.4141587       12.670545       261.60810
0.250       7.5398224       12.257358       266.16470
0.250       7.6654861       11.827440       269.88585
0.250       7.7911498       11.447041       274.26359
0.250       7.9168135       11.148624       280.24815
0.250       8.0424772       10.690465       281.73212
0.250       8.2938046       9.9755799       288.31671
0.250       8.5451320       9.3846014       296.64868
0.250       8.7964594       8.8562712       305.38301
0.250       9.0477868       8.5539760       320.97068
0.250       9.2991143       7.9612067       324.32013
0.250       9.5504417       7.7404592       341.59173
0.250       9.8017691       7.2487115       345.81552
0.250       10.053096       6.8459221       352.37230
0.250       10.304424       6.4667371       358.44837
0.250       10.555751       6.1761614       368.00723
0.250       10.807079       5.8708901       375.40422
0.250       11.058406       5.5344606       379.16057
0.250       11.309734       5.2654480       385.88928
0.250       11.561061       5.1052725       399.65225
0.250       11.812388       4.8914355       408.43198
0.250       12.063716       4.6591811       414.40324
0.250       12.315043       4.3909849       415.47034
0.250       12.566371       4.2888811       431.16535
0.250       12.817698       4.0753828       434.77922
0.250       13.069025       3.8938947       440.33588
0.250       13.320353       3.7745119       451.93736
0.250       13.571680       3.5937251       455.10958
0.250       13.823008       3.4724550       464.63780
0.250       14.074335       3.3216110       469.14025
0.250       14.325663       3.2145488       478.77826
0.250       14.576990       3.0719740       482.04919
0.250       14.828317       2.9891113       493.72823
0.250       15.079645       2.8974863       503.34410
0.250       15.330972       2.7768892       506.91821
0.250       15.582300       2.6781666       513.33692
0.250       15.833627       2.5757533       517.98329
0.250       16.084954       2.4866120       524.24921
0.250       16.587609       2.3111999       534.39102
0.250       17.090264       2.1518206       544.15503
0.250       17.592919       2.0622421       568.88384
0.250       18.095574       1.9474177       584.58336
0.250       18.598229       1.7903920       583.48961
0.250       19.100883       1.6894839       596.46461
0.250       19.603538       1.5754226       601.27162
0.250       20.106193       1.4647258       603.13723
0.250       20.608848       1.4312200       634.65513
0.250       21.111503       1.3194369       628.95030
0.250       21.614157       1.2524153       640.66878
0.250       22.116812       1.1875615       650.86954
0.250       22.619467       1.1437913       670.60093
0.250       23.122122       1.0833192       678.43736
0.250       23.624777       1.0318979       689.30292
0.250       24.127432      0.99512064       708.07501
0.250       24.630086      0.94558482       715.76186
0.250       25.132741      0.90722515       729.63376
0.250       25.635396      0.85692079       731.35971
0.250       26.138051      0.80480142       728.07914
0.250       26.640706      0.77862014       745.81836
0.250       27.143361      0.74594544       755.73261
0.250       27.646015      0.70508356       754.75931
0.250       28.148670      0.67760421       765.63187
0.250       28.651325      0.65640798       782.12874
0.250       29.153980      0.62428039       783.68855
0.250       29.656635      0.60035060       793.30613
0.250       30.159289      0.57015230       792.36349
0.250       30.661944      0.55409621       809.19745
0.250       31.164599      0.53019993       813.00751
0.250       31.667254      0.50993838       820.38776
0.250       32.169909      0.49407742       833.32566
0.250       33.175218      0.45908068       849.18174
0.250       34.180528      0.42190529       853.53539
0.250       35.185838      0.40046025       883.75800
0.250       36.191147      0.36087546       866.63188
0.250       37.196457      0.34132907       889.91446
0.250       38.201767      0.31981191       903.26511
0.250       39.207076      0.29954841       914.59884
0.250       40.212386      0.28151309       927.36005
0.250       41.217696      0.26484724       939.54337
0.250       42.223005      0.25353820       966.85441
0.250       43.228315      0.23330022       954.75143
0.250       44.233625      0.22194498       973.13515
0.250       45.238934      0.20791068       975.17857
0.250       46.244244      0.19630547       983.50303
0.250       47.249554      0.18576911       992.74313
0.250       48.254863      0.17491289       995.66981
0.250       49.260173      0.16813156       1018.1395
0.250       50.265482      0.15926546       1024.7110
0.250       51.270792      0.14963658       1021.6876
0.250       52.276102      0.14123019       1022.1329
0.250       53.281411      0.13638112       1045.0852
0.250       54.286721      0.12952307       1049.7798
0.250       55.292031      0.12279433       1051.5652
0.250       56.297340      0.11740082       1061.2191
0.250       57.302650      0.11141249       1062.0091
0.250       58.307960      0.10744777       1079.0739
0.250       59.313269      0.10379424       1097.2336
0.250       60.318579     0.099195136       1102.8436
0.250       61.323889     0.095445555       1115.1031
0.250       62.329198     0.092129421       1130.1686
0.250       63.334508     0.086638731       1115.0736
0.250       64.339818     0.083007769       1120.0270
0.250       66.350437     0.077175230       1142.0354
0.250       68.361056     0.070867942       1146.9550
0.250       70.371675     0.068539836       1210.0602
0.250       72.382295     0.062226397       1195.4790
0.250       74.392914     0.057413863       1197.5171
0.250       76.403533     0.054907276       1240.6249
0.250       78.414153     0.050710528       1238.6590
0.250       80.424772     0.048155153       1269.0611
0.250       82.435391     0.048364169       1372.5719
0.250       84.446011     0.042202154       1287.4853
0.250       86.456630     0.040830279       1336.7418
0.250       88.467249     0.038806496       1361.2010
0.250       90.477868     0.036269043       1360.9226
0.250       92.488488     0.034578922       1385.9410
0.250       94.499107     0.034073894       1456.7168
0.250       96.509726     0.032331911       1472.3630
0.250       98.520346     0.031599918       1530.8548
0.250       100.53096     0.028640507       1474.1800
0.250       102.54158     0.028694150       1567.3417
0.250       104.55220     0.027583553       1597.0556
0.250       106.56282     0.026820777       1644.2156
0.250       108.57344     0.025643228       1662.6995
0.250       110.58406     0.024811430       1699.8072
0.250       112.59468     0.025032543       1810.2095
0.250       114.60530     0.023107107       1762.0975
0.250       116.61592     0.023446699       1883.7597
0.250       118.62654     0.022515074       1904.0976
0.250       120.63716     0.022494742       2000.7580
0.250       122.64778     0.020855800       1949.2887
0.250       124.65840     0.020405130       2002.5079
0.250       126.66902     0.020481430       2108.8307
0.250       128.67964     0.019581480       2113.7092
0.250       132.70087     0.019088735       2259.7935
0.250       136.72211     0.017829274       2308.4485
0.250       140.74335     0.018794745       2654.5466
0.250       144.76459     0.017462756       2683.9231
0.250       148.78583     0.016020872       2673.2594
0.250       152.80707     0.016744778       3026.7738
0.250       156.82831     0.017208854       3362.7576
0.250       160.84954     0.016526041       3484.1639
0.250       164.87078     0.015741675       3573.9815
0.250       168.89202     0.015403495       3759.3861
0.250       172.91326     0.014314143       3749.0437
0.250       176.93450     0.013687414       3840.8666
0.250       180.95574     0.014656522       4399.6512
0.250       184.97698     0.014310372       4588.5365
0.250       188.99821     0.013522581       4624.9066
0.250       193.01945     0.013744975       5007.4596
0.250       197.04069     0.013060246       5061.6181
0.250       201.06193     0.013034291       5367.1931
0.250       205.08317     0.013648250       5963.9950
0.250       209.10441     0.013244971       6134.9472
0.250       213.12565     0.012848872       6301.4778
0.250       217.14688     0.012455940       6461.1166
0.250       221.16812     0.013019185       7135.4546
0.250       225.18936     0.011866680       6865.0403
0.250       229.21060     0.012720717       7760.4330
0.250       233.23184     0.012735683       8185.7035
0.250       237.25308     0.012604384       8527.6126
0.250       241.27432     0.012366523       8799.3615
0.250       245.29555     0.011249474       8411.4623
0.250       249.31679     0.012327067       9677.9777
0.250       253.33803     0.011749512       9678.1256
0.250       257.35927     0.011654295       10064.118
0.250       265.40175     0.010698581       10132.294
0.250       273.44422     0.011458805       11869.047
0.250       281.48670     0.010853880       12263.910
0.250       289.52918     0.011033134       13565.824
0.250       297.57166     0.010307603       13759.500
0.250       305.61413     0.010709292       15486.430
0.250       313.65661     0.010882097       17011.641
0.250       321.69909    0.0096085516       16206.069
0.250       329.74156    0.0096673990       17559.049
0.250       337.78404     0.010186535       19889.054
0.250       345.82652    0.0097456919       20420.098
0.250       353.86900    0.0099786424       22401.096
0.250       361.91147     0.010467889       25138.330
0.250       369.95395    0.0096154143       24665.008
0.250       377.99643    0.0088435483       24196.909
0.250       386.03891    0.0088735367       25861.888
0.250       394.08138    0.0089058707       27612.415
0.250       402.12386    0.0091867371       30262.937
0.250       410.16634    0.0086310510       30172.687
0.250       418.20881    0.0084389793       31270.853
0.250       426.25129    0.0080882654       31733.851
0.250       434.29377    0.0092025251       38188.101
0.250       442.33625    0.0082325783       36096.385
0.250       450.37872    0.0081366180       37657.179
0.250       458.42120    0.0085218514       41590.898
0.250       466.46368    0.0071948093       36995.001
0.250       474.50615    0.0076487909       41398.881
0.250       482.54863    0.0075372299       42904.741
0.250       490.59111    0.0070368246       42092.625
0.250       498.63359    0.0077889049       48920.540
0.250       506.67606    0.0066323495       43704.769
0.250       514.71854    0.0064312678       44429.998
0.125     0.015707963       8325.8874    0.0016347842
0.125     0.031415927       21090.399     0.033128721
0.125     0.047123890       10602.580     0.056208918
0.125     0.062831853       9297.0975      0.11683077
0.125     0.078539816       7250.5881      0.17795621
0.125     0.094247780       5566.3637      0.23607784
0.125      0.10995574       4485.6643      0.30210004
0.125      0.12566371       3852.1968      0.38726506
0.125      0.14137167       3136.2176      0.44891447
0.125      0.15707963       2845.8675      0.55878478
0.125      0.17278760       2527.2879      0.66048455
0.125      0.18849556       2171.4787      0.73676538
0.125      0.20420352       2055.4896      0.88669699
0.125      0.21991149       1855.3955      0.99965583
0.125      0.23561945       1669.4821       1.1063319
0.125      0.25132741       1577.3456       1.2685766
0.125      0.26703538       1416.4133       1.3663648
0.125      0.28274334       1347.0151       1.5424812
0.125      0.29845130       1252.8408       1.6872778
0.125      0.31415927       1178.1369       1.8506131
0.125      0.32986723       1110.8342       2.0199332
0.125      0.34557519       1038.6226       2.1714794
0.125      0.36128316       996.65242       2.3809876
0.125      0.37699112       955.96291       2.5948046
0.125      0.39269908       904.71762       2.7756389
0.125      0.40840704       862.78008       2.9774882
0.125      0.42411501       836.86908       3.2342881
0.125      0.43982297       806.44480       3.4759909
0.125      0.45553093       749.03162       3.5869394
0.125      0.47123890       745.54051       3.9524365
0.125      0.48694686       698.04272       4.0831654
0.125      0.50265482       690.58165       4.4431898
0.125      0.51836279       667.22929       4.7081123
0.125      0.53407075       643.08797       4.9629171
0.125      0.54977871       611.49617       5.1478723
0.125      0.56548668       596.51301       5.4645866
0.125      0.58119464       600.31396       5.9705385
0.125      0.59690260       573.87315       6.1829621
0.125      0.61261057       571.14814       6.6523099
0.125      0.62831853       554.72356       6.9708618
0.125      0.64402649       536.85338       7.2650256
0.125      0.65973446       531.89676       7.7375792
0.125      0.67544242       519.14146       8.1044019
0.125      0.69115038       506.60440       8.4733837
0.125      0.70685835       493.20223       8.8245479
0.125      0.72256631       477.23181       9.1207966
0.125      0.73827427       463.61993       9.4511696
0.125      0.75398224       460.52871       10.000238
0.125      0.76969020       446.22336       10.307906
0.125      0.78539816       441.50108       10.836067
0.125      0.80110613       433.33822       11.286711
0.125      0.81681409       426.02295       11.761776
0.125      0.83252205       419.94338       12.275756
0.125      0.84823002       413.00925       12.769413
0.125      0.86393798       401.70227       13.122671
0.125      0.87964594       391.40075       13.496328
0.125      0.89535391       387.55477       14.092484
0.125      0.91106187       383.56163       14.694304
0.125      0.92676983       375.54394       15.144212
0.125      0.94247780       367.21969       15.574338
0.125      0.95818576       361.01736       16.089683
0.125      0.97389372       358.22466       16.763335
0.125      0.98960169       351.10555       17.238093
0.125       1.0053096       343.44112       17.677551
0.125       1.0367256       334.05754       18.857450
0.125       1.0681415       323.49644       19.972210
0.125       1.0995574       319.40187       21.511043
0.125       1.1309734       304.39334       22.308097
0.125       1.1623893       299.20238       23.806201
0.125       1.1938052       287.93121       24.817579
0.125       1.2252211       282.67075       26.338714
0.125       1.2566371       272.80234       27.425083
0.125       1.2880530       263.73860       28.552566
0.125       1.3194689       257.89439       30.013016
0.125       1.3508848       253.82093       31.699520
0.125       1.3823008       246.67286       33.006486
0.125       1.4137167       243.33262       34.830343
0.125       1.4451326       234.85058       35.907486
0.125       1.4765485       228.72227       37.301123
0.125       1.5079645       221.86407       38.541673
0.125       1.5393804       214.60823       39.660163
0.125       1.5707963       213.09683       41.841465
0.125       1.6022123       206.10059       42.944706
0.125       1.6336282       199.97127       44.166960
0.125       1.6650441       198.19197       46.348270
0.125       1.6964600       193.61367       47.889155
0.125       1.7278760       186.36101       48.703818
0.125       1.7592919       183.89103       50.727621
0.125       1.7907078       181.23953       52.722667
0.125       1.8221237       176.57621       54.117290
0.125       1.8535397       172.02658       55.497250
0.125       1.8849556       168.00568       57.002986
0.125       1.9163715       163.99131       58.469614
0.125       1.9477874       158.05093       59.168695
0.125       1.9792034       155.31135       61.002089
0.125       2.0106193       153.77570       63.320964
0.125       2.0734512       148.90654       67.245846
0.125       2.1362830       141.28966       69.784184
0.125       2.1991149       133.68540       72.027440
0.125       2.2619467       127.00156       74.460584
0.125       2.3247786       122.08869       77.712425
0.125       2.3876104       117.56345       81.064925
0.125       2.4504423       114.19406       85.123058
0.125       2.5132741       110.10907       88.554971
0.125       2.5761060       105.18375       91.098260
0.125       2.6389378       100.83463       93.878781
0.125       2.7017697       96.712054       96.626409
0.125       2.7646015       92.604002       99.128297
0.125       2.8274334       89.216922       102.16324
0.125       2.8902652       87.658429       107.22031
0.125       2.9530971       83.572473       109.03519
0.125       3.0159289       80.971563       112.52942
0.125       3.0787608       78.112683       115.48343
0.125       3.1415927       75.716901       118.93583
0.125       3.2044245       72.905160       121.52865
0.125       3.2672564       71.240838       125.87773
0.125       3.3300882       69.023648       129.13245
0.125       3.3929201       66.391660       131.37256
0.125       3.4557519       63.900027       133.59770
0.125       3.5185838       62.931858       138.88153
0.125       3.5814156       61.196074       142.41574
0.125       3.6442475       59.044633       144.76857
0.125       3.7070793       57.107754       147.38761
0.125       3.7699112       55.549123       150.77899
0.125       3.8327430       53.547737       152.73568
0.125       3.8955749       52.450926       157.08622
0.125       3.9584067       51.042223       160.38402
0.125       4.0212386       49.632010       163.49770
0.125       4.1469023       46.878315       169.36110
0.125       4.2725660       44.183454       174.58072
0.125       4.3982297       41.919374       180.68362
0.125       4.5238934       38.863674       182.28512
0.125       4.6495571       38.262431       194.83976
0.125       4.7752208       35.916445       198.12714
0.125       4.9008845       34.341353       204.79110
0.125       5.0265482       32.625041       209.90892
0.125       5.1522120       30.962492       214.52965
0.125       5.2778757       29.799568       221.95130
0.125       5.4035394       28.499901       227.79730
0.125       5.5292031       27.196278       232.89885
0.125       5.6548668       26.026078       238.42189
0.125       5.7805305       25.132365       245.92728
0.125       5.9061942       24.254094       253.15032
0.125       6.0318579       23.221952       258.17981
0.125       6.1575216       22.538722       266.57374
0.125       6.2831853       21.551133       270.81953
0.125       6.4088490       20.994658       279.97496
0.125       6.5345127       20.016183       282.93791
0.125       6.6601764       19.367645       289.87067
0.125       6.7858401       18.523220       293.22272
0.125       6.9115038       17.748661       296.86125
0.125       7.0371675       17.384908       306.92787
0.125       7.1628313       16.745615       311.76368
0.125       7.2884950       16.041174       314.64438
0.125       7.4141587       15.314586       316.19948
0.125       7.5398224       15.196895       329.99583
0.125       7.6654861       14.605395       333.27493
0.125       7.7911498       14.140986       338.80875
0.125       7.9168135       13.760102       345.89410
0.125       8.0424772       13.330035       351.29426
0.125       8.2938046       12.343129       356.74421
0.125       8.5451320       11.814041       373.44363
0.125       8.7964594       11.008953       379.61207
0.125       9.0477868       10.521500       394.79806
0.125       9.2991143       9.9448114       405.12735
0.125       9.5504417       9.2782358       409.45486
0.125       9.8017691       8.8647124       422.91035
0.125       10.053096       8.4078086       432.76550
0.125       10.304424       7.9684002       441.68489
0.125       10.555751       7.7030427       458.98661
0.125       10.807079       7.2567567       464.02114
0.125       11.058406       6.7848775       464.82543
0.125       11.309734       6.6323600       486.06625
0.125       11.561061       6.2610551       490.12952
0.125       11.812388       6.0789584       507.58944
0.125       12.063716       5.6617317       503.57346
0.125       12.315043       5.5137350       521.70376
0.125       12.566371       5.3251865       535.34614
0.125       12.817698       5.1126713       545.44158
0.125       13.069025       4.8469395       548.10968
0.125       13.320353       4.6002398       550.80505
0.125       13.571680       4.4672506       565.73289
0.125       13.823008       4.2890736       573.90685
0.125       14.074335       4.0721232       575.14166
0.125       14.325663       4.0354935       601.05064
0.125       14.576990       3.8149263       598.63207
0.125       14.828317       3.7201316       614.47494
0.125       15.079645       3.5248246       612.32375
0.125       15.330972       3.4773108       634.77944
0.125       15.582300       3.3381433       639.83778
0.125       15.833627       3.2233904       648.22295
0.125       16.084954       3.0860460       650.62711
0.125       16.587609       2.8579070       660.79954
0.125       17.090264       2.7099050       685.28409
0.125       17.592919       2.5754501       710.45586
0.125       18.095574       2.3761564       713.28380
0.125       18.598229       2.2291147       726.46955
0.125       19.100883       2.1158164       746.97935
0.125       19.603538       1.9505231       744.43150
0.125       20.106193       1.9009224       782.75201
0.125       20.608848       1.7252598       765.04309
0.125       21.111503       1.6944999       807.73562
0.125       21.614157       1.6081293       822.63305
0.125       22.116812       1.5030030       823.75430
0.125       22.619467       1.4285533       837.55595
0.125       23.122122       1.3631603       853.69009
0.125       23.624777       1.3046935       871.52912
0.125       24.127432       1.2155408       864.91427
0.125       24.630086       1.1687121       884.65840
0.125       25.132741       1.0999278       884.61440
0.125       25.635396       1.0725744       915.41445
0.125       26.138051       1.0212500       923.89354
0.125       26.640706      0.96171233       921.19722
0.125       27.143361      0.91440588       926.40334
0.125       27.646015      0.89448342       957.50310
0.125       28.148670      0.85730784       968.68082
0.125       28.651325      0.82176420       979.15537
0.125       29.153980      0.79229482       994.60497
0.125       29.656635      0.75250776       994.36732
0.125       30.159289      0.72122283       1002.3123
0.125       30.661944      0.68607878       1001.9437
0.125       31.164599      0.67483283       1034.7873
0.125       31.667254      0.63874488       1027.6114
0.125       32.169909      0.61723657       1041.0495
0.125       33.175218      0.57421454       1062.1499
0.125       34.180528      0.53370728       1079.7164
0.125       35.185838      0.49814859       1099.3421
0.125       36.191147      0.46343663       1112.9295
0.125       37.196457      0.43082083       1123.2377
0.125       38.201767      0.39735274       1122.2686
0.125       39.207076      0.38322701       1170.0913
0.125       40.212386      0.35213709       1160.0095
0.125       41.217696      0.33266409       1180.1231
0.125       42.223005      0.32542563       1240.9933
0.125       43.228315      0.29516030       1207.9060
0.125       44.233625      0.28074272       1230.9385
0.125       45.238934      0.26177795       1227.8362
0.125       46.244244      0.24770969       1241.0415
0.125       47.249554      0.23594791       1260.8968
0.125       48.254863      0.22175817       1262.3307
0.125       49.260173      0.21264501       1287.6957
0.125       50.265482      0.20142759       1295.9815
0.125       51.270792      0.19280530       1316.4347
0.125       52.276102      0.18326959       1326.3870
0.125       53.281411      0.17330088       1328.0004
0.125       54.286721      0.16305545       1321.5586
0.125       55.292031      0.15725727       1346.6930
0.125       56.297340      0.15000176       1355.9081
0.125       57.302650      0.14428526       1375.3598
0.125       58.307960      0.13483449       1354.1126
0.125       59.313269      0.12840598       1357.4102
0.125       60.318579      0.12515340       1391.4456
0.125       61.323889      0.11794441       1377.9602
0.125       62.329198      0.11558532       1417.9064
0.125       63.334508      0.10822209       1392.8597
0.125       64.339818      0.10657886       1438.0726
0.125       66.350437     0.095313236       1410.4407
0.125       68.361056     0.086784290       1404.5515
0.125       70.371675     0.083834329       1480.0822
0.125       72.382295     0.078263385       1503.5779
0.125       74.392914     0.071020025       1481.3094
0.125       76.403533     0.067077946       1515.6201
0.125       78.414153     0.063503085       1551.1309
0.125       80.424772     0.058554845       1543.1303
0.125       82.435391     0.058854232       1670.2792
0.125       84.446011     0.052872945       1613.0253
0.125       86.456630     0.049187081       1610.3349
0.125       88.467249     0.048578685       1703.9764
0.125       90.477868     0.044089172       1654.3572
0.125       92.488488     0.043285393       1734.9008
0.125       94.499107     0.039945056       1707.7190
0.125       96.509726     0.037767154       1719.8785
0.125       98.520346     0.037540196       1818.6310
0.125       100.53096     0.035059865       1804.5963
0.125       102.54158     0.034320387       1874.6599
0.125       104.55220     0.034070013       1972.6141
0.125       106.56282     0.031033937       1902.4983
0.125       108.57344     0.030728989       1992.4588
0.125       110.58406     0.029029835       1988.8060
0.125       112.59468     0.027325073       1975.9922
0.125       114.60530     0.028042261       2138.4416
0.125       116.61592     0.026548933       2133.0000
0.125       118.62654     0.025984734       2197.5264
0.125       120.63716     0.025285713       2248.9964
0.125       122.64778     0.024916745       2328.8452
0.125       124.65840     0.023048550       2261.9264
0.125       126.66902     0.022735373       2340.9036
0.125       128.67964     0.022191982       2395.4980
0.125       132.70087     0.021826645       2583.9171
0.125       136.72211     0.019797948       2563.3430
0.125       140.74335     0.020143782       2845.0830
0.125       144.76459     0.019618633       3015.2689
0.125       148.78583     0.019103712       3187.6654
0.125       152.80707     0.017602895       3181.8864
0.125       156.82831     0.016887458       3299.9540
0.125       160.84954     0.017297977       3646.9103
0.125       164.87078     0.017070487       3875.6742
0.125       168.89202     0.016806844       4101.8883
0.125       172.91326     0.016537232       4331.2972
0.125       176.93450     0.015338169       4304.0899
0.125       180.95574     0.015176298       4555.6797
0.125       184.97698     0.015100947       4842.0300
0.125       188.99821     0.015116697       5170.1158
0.125       193.01945     0.015550202       5665.1255
0.125       197.04069     0.014571233       5647.2149
0.125       201.06193     0.014666461       6039.2794
0.125       205.08317     0.014085451       6155.0426
0.125       209.10441     0.013710779       6350.7051
0.125       213.12565     0.013594959       6667.3815
0.125       217.14688     0.012406722       6435.5865
0.125       221.16812     0.013669004       7491.6027
0.125       225.18936     0.013572410       7851.8290
0.125       229.21060     0.012985089       7921.7161
0.125       233.23184     0.012993301       8351.2845
0.125       237.25308     0.013028995       8814.8869
0.125       241.27432     0.012049456       8573.7533
0.125       245.29555     0.012659764       9465.9651
0.125       249.31679     0.012625919       9912.6060
0.125       253.33803     0.012129484       9991.1102
0.125       257.35927     0.011890170       10267.808
0.125       265.40175     0.010666458       10101.871
0.125       273.44422     0.011911187       12337.625
0.125       281.48670     0.011756497       13283.785
0.125       289.52918     0.011761492       14461.379
0.125       297.57166     0.011361257       15166.010
0.125       305.61413     0.011041023       15966.138
0.125       313.65661     0.010467426       16363.398
0.125       321.69909     0.010458313       17639.302
0.125       329.74156     0.010945845       19881.111
0.125       337.78404     0.010657538       20808.679
0.125       345.82652     0.010338805       21662.845
0.125       353.86900     0.010962136       24608.944
0.125       361.91147     0.010377293       24920.768
0.125       369.95395     0.010136461       26001.573
0.125       377.99643     0.010654207       29151.068
0.125       386.03891    0.0094684655       27595.806
0.125       394.08138    0.0092424731       28656.042
0.125       402.12386    0.0089952061       29631.996
0.125       410.16634    0.0090671412       31697.184
0.125       418.20881    0.0087535284       32436.423
0.125       426.25129    0.0081871149       32121.681
0.125       434.29377    0.0091105726       37806.522
0.125       442.33625    0.0089881506       39409.251
0.125       450.37872    0.0083315620       38559.401
0.125       458.42120    0.0085778512       41864.205
0.125       466.46368    0.0086126768       44285.536
0.125       474.50615    0.0082594173       44703.880
0.125       482.54863    0.0082455246       46936.620
0.125       490.59111    0.0081109159       48517.585
0.125       498.63359    0.0076400241       47985.450
0.125       506.67606    0.0081269465       53553.619
0.125       514.71854    0.0076670088       52967.035
0.000     0.015707963       9495.6947    0.0018644753
0.000     0.031415927       24060.719     0.037794489
0.000     0.047123890       12071.316     0.063995326
0.000     0.062831853       10613.186      0.13336923
0.000     0.078539816       8285.3303      0.20335260
0.000     0.094247780       6361.8248      0.26981454
0.000      0.10995574       5140.9671      0.34623330
0.000      0.12566371       4390.3752      0.44136866
0.000      0.14137167       3607.1026      0.51631640
0.000      0.15707963       3291.0807      0.64620218
0.000      0.17278760       2932.5164      0.76638748
0.000      0.18849556       2505.5917      0.85012724
0.000      0.20420352       2391.1742       1.0315046
0.000      0.21991149       2149.9834       1.1583748
0.000      0.23561945       1950.3467       1.2924552
0.000      0.25132741       1841.4116       1.4809511
0.000      0.26703538       1665.9592       1.6070930
0.000      0.28274334       1582.6673       1.8123290
0.000      0.29845130       1486.4674       2.0019171
0.000      0.31415927       1392.0312       2.1865975
0.000      0.32986723       1316.7360       2.3943437
0.000      0.34557519       1244.8410       2.6026263
0.000      0.36128316       1189.9601       2.8427967
0.000      0.37699112       1146.0499       3.1107647
0.000      0.39269908       1086.4654       3.3332340
0.000      0.40840704       1040.3048       3.5901328
0.000      0.42411501       1012.0419       3.9112871
0.000      0.43982297       979.15447       4.2204154
0.000      0.45553093       911.49038       4.3649168
0.000      0.47123890       908.55479       4.8166465
0.000      0.48694686       851.15278       4.9787749
0.000      0.50265482       843.27410       5.4256101
0.000      0.51836279       817.37099       5.7675442
0.000      0.53407075       790.04506       6.0970324
0.000      0.54977871       749.04540       6.3058287
0.000      0.56548668       730.33927       6.6905535
0.000      0.58119464       735.73775       7.3174220
0.000      0.59690260       701.68596       7.5600291
0.000      0.61261057       699.31467       8.1450986
0.000      0.62831853       683.45951       8.5886055
0.000      0.64402649       661.99067       8.9584593
0.000      0.65973446       659.00276       9.5866086
0.000      0.67544242       642.03713       10.022946
0.000      0.69115038       626.83168       10.484286
0.000      0.70685835       608.99631       10.896376
0.000      0.72256631       590.45485       11.284702
0.000      0.73827427       577.24896       11.767565
0.000      0.75398224       573.59756       12.455492
0.000      0.76969020       554.32072       12.804990
0.000      0.78539816       543.92720       13.349982
0.000      0.80110613       535.71645       13.953251
0.000      0.81681409       531.36698       14.670147
0.000      0.83252205       523.96020       15.316368
0.000      0.84823002       511.82304       15.824537
0.000      0.86393798       499.82652       16.328160
0.000      0.87964594       488.11330       16.831182
0.000      0.89535391       485.23008       17.644208
0.000      0.91106187       477.07727       18.276903
0.000      0.92676983       469.19178       18.920662
0.000      0.94247780       456.08181       19.343114
0.000      0.95818576       450.00771       20.055770
0.000      0.97389372       447.94219       20.961721
0.000      0.98960169       440.32548       21.618490
0.000       1.0053096       427.57077       22.007860
0.000       1.0367256       419.85665       23.700785
0.000       1.0681415       405.33149       25.024590
0.000       1.0995574       398.11270       26.812052
0.000       1.1309734       376.79972       27.614548
0.000       1.1623893       368.28239       29.302589
0.000       1.1938052       360.44212       31.067492
0.000       1.2252211       352.20493       32.817775
0.000       1.2566371       338.88789       34.068726
0.000       1.2880530       325.97362       35.290183
0.000       1.3194689       319.76019       37.212782
0.000       1.3508848       310.69014       38.801876
0.000       1.3823008       303.27367       40.580053
0.000       1.4137167       298.87754       42.780977
0.000       1.4451326       288.52139       44.113488
0.000       1.4765485       281.84260       45.964241
0.000       1.5079645       273.85682       47.573724
0.000       1.5393804       265.16501       49.003188
0.000       1.5707963       261.30390       51.306901
0.000       1.6022123       252.76705       52.668490
0.000       1.6336282       245.29342       54.177106
0.000       1.6650441       243.45967       56.934371
0.000       1.6964600       238.43407       58.975207
0.000       1.7278760       229.72359       60.036248
0.000       1.7592919       224.43294       61.911391
0.000       1.7907078       220.69889       64.201413
0.000       1.8221237       216.89752       66.475015
0.000       1.8535397       209.83323       67.694002
0.000       1.8849556       206.42763       70.039245
0.000       1.9163715       202.42923       72.174303
0.000       1.9477874       194.64246       72.867276
0.000       1.9792034       191.80349       75.335215
0.000       2.0106193       188.71065       77.706297
0.000       2.0734512       182.27193       82.313577
0.000       2.1362830       172.02397       84.964124
0.000       2.1991149       164.36479       88.556976
0.000       2.2619467       158.80682       93.107895
0.000       2.3247786       150.70517       95.927514
0.000       2.3876104       143.46926       98.928066
0.000       2.4504423       139.84163       104.24138
0.000       2.5132741       134.10043       107.84997
0.000       2.5761060       130.23176       112.79201
0.000       2.6389378       125.40894       116.75789
0.000       2.7017697       120.31830       120.21175
0.000       2.7646015       118.50348       126.85249
0.000       2.8274334       112.08408       128.34866
0.000       2.8902652       107.92122       132.00495
0.000       2.9530971       103.73528       135.34116
0.000       3.0159289       100.93485       140.27320
0.000       3.0787608       97.682261       144.41550
0.000       3.1415927       93.221720       146.43233
0.000       3.2044245       90.739607       151.25763
0.000       3.2672564       88.270121       155.96732
0.000       3.3300882       84.762520       158.57741
0.000       3.3929201       82.843193       163.92605
0.000       3.4557519       79.017567       165.20439
0.000       3.5185838       78.579052       173.41263
0.000       3.5814156       74.847118       174.18450
0.000       3.6442475       72.997702       178.97939
0.000       3.7070793       71.092050       183.47924
0.000       3.7699112       69.194555       187.81728
0.000       3.8327430       66.442850       189.51676
0.000       3.8955749       65.128396       195.05420
0.000       3.9584067       63.061322       198.15023
0.000       4.0212386       61.925112       203.99362
0.000       4.1469023       58.210481       210.30174
0.000       4.2725660       56.300535       222.45856
0.000       4.3982297       52.634652       226.86931
0.000       4.5238934       49.595700       232.62232
0.000       4.6495571       47.005309       239.36020
0.000       4.7752208       44.892082       247.63977
0.000       4.9008845       43.353529       258.53428
0.000       5.0265482       41.410247       266.43278
0.000       5.1522120       39.141513       271.19959
0.000       5.2778757       37.615639       280.16647
0.000       5.4035394       36.060816       288.23105
0.000       5.5292031       34.604149       296.33711
0.000       5.6548668       33.291226       304.97707
0.000       5.7805305       31.870750       311.86427
0.000       5.9061942       30.312589       316.38542
0.000       6.0318579       29.241417       325.10375
0.000       6.1575216       28.245361       334.06827
0.000       6.2831853       26.992333       339.19566
0.000       6.4088490       26.126189       348.40665
0.000       6.5345127       25.175224       355.86332
0.000       6.6601764       24.022797       359.54316
0.000       6.7858401       23.174359       366.85028
0.000       6.9115038       22.357371       373.94580
0.000       7.0371675       21.978440       388.02597
0.000       7.1628313       21.035131       391.62431
0.000       7.2884950       20.565176       403.38177
0.000       7.4141587       19.610553       404.89809
0.000       7.5398224       19.113005       415.03296
0.000       7.6654861       18.438021       420.73017
0.000       7.7911498       17.901921       428.91828
0.000       7.9168135       17.229338       433.10189
0.000       8.0424772       16.740879       441.18225
0.000       8.2938046       15.698025       453.70824
0.000       8.5451320       14.760666       466.58691
0.000       8.7964594       13.910333       479.65778
0.000       9.0477868       13.240467       496.82182
0.000       9.2991143       12.412606       505.65927
0.000       9.5504417       11.896883       525.01755
0.000       9.8017691       11.141555       531.53205
0.000       10.053096       10.837447       557.82348
0.000       10.304424       10.181711       564.36772
0.000       10.555751       9.6554528       575.32117
0.000       10.807079       9.1717675       586.47330
0.000       11.058406       8.7933753       602.42568
0.000       11.309734       8.4651742       620.38785
0.000       11.561061       7.9634916       623.40009
0.000       11.812388       7.7746048       649.17492
0.000       12.063716       7.2953796       648.87560
0.000       12.315043       7.0828506       670.17182
0.000       12.566371       6.7239710       675.96729
0.000       12.817698       6.4790392       691.21152
0.000       13.069025       6.1798014       698.83458
0.000       13.320353       6.0205859       720.86875
0.000       13.571680       5.6551250       716.16539
0.000       13.823008       5.4899814       734.59637
0.000       14.074335       5.2485861       741.30384
0.000       14.325663       5.1027965       760.01585
0.000       14.576990       4.8553825       761.89876
0.000       14.828317       4.7282657       780.99409
0.000       15.079645       4.5335355       787.55449
0.000       15.330972       4.3323705       790.86969
0.000       15.582300       4.2395059       812.60624
0.000       15.833627       4.0896800       822.43354
0.000       16.084954       3.9569860       834.24628
0.000       16.587609       3.7701444       871.72525
0.000       17.090264       3.3706612       852.37690
0.000       17.592919       3.2529760       897.35608
0.000       18.095574       3.0435437       913.62266
0.000       18.598229       2.8382026       924.97158
0.000       19.100883       2.7027446       954.19167
0.000       19.603538       2.5442460       971.03023
0.000       20.106193       2.4257172       998.84930
0.000       20.608848       2.2450129       995.52055
0.000       21.111503       2.1491640       1024.4653
0.000       21.614157       2.0037743       1025.0239
0.000       22.116812       1.9017685       1042.3066
0.000       22.619467       1.8371864       1077.1361
0.000       23.122122       1.7287494       1082.6432
0.000       23.624777       1.6820448       1123.5980
0.000       24.127432       1.5775161       1122.4767
0.000       24.630086       1.5043886       1138.7492
0.000       25.132741       1.4426732       1160.2666
0.000       25.635396       1.3588587       1159.7507
0.000       26.138051       1.2992291       1175.3727
0.000       26.640706       1.2621877       1209.0141
0.000       27.143361       1.1994046       1215.1414
0.000       27.646015       1.1564443       1237.9201
0.000       28.148670       1.0988006       1241.5459
0.000       28.651325       1.0420312       1241.6098
0.000       29.153980       1.0085836       1266.1225
0.000       29.656635      0.96923445       1280.7510
0.000       30.159289      0.93269583       1296.2048
0.000       30.661944      0.89152744       1301.9792
0.000       31.164599      0.85620326       1312.9004
0.000       31.667254      0.83002308       1335.3393
0.000       32.169909      0.79705074       1344.3295
0.000       33.175218      0.75385594       1394.4405
0.000       34.180528      0.69289143       1401.7538
0.000       35.185838      0.64643619       1426.5914
0.000       36.191147      0.60211275       1445.9562
0.000       37.196457      0.55372218       1443.6666
0.000       38.201767      0.52796448       1491.1636
0.000       39.207076      0.48885171       1492.5908
0.000       40.212386      0.45476139       1498.0744
0.000       41.217696      0.42653189       1513.1183
0.000       42.223005      0.39726618       1514.9534
0.000       43.228315      0.38408528       1571.8201
0.000       44.233625      0.36212770       1587.7773
0.000       45.238934      0.34063330       1597.6971
0.000       46.244244      0.32257345       1616.1137
0.000       47.249554      0.30666832       1638.8239
0.000       48.254863      0.28891596       1644.6180
0.000       49.260173      0.27627301       1673.0022
0.000       50.265482      0.25834121       1662.1626
0.000       51.270792      0.24571692       1677.7043
0.000       52.276102      0.23377652       1691.9235
0.000       53.281411      0.22466153       1721.5758
0.000       54.286721      0.21574993       1748.6454
0.000       55.292031      0.19945290       1708.0408
0.000       56.297340      0.19538065       1766.1006
0.000       57.302650      0.18317672       1746.0821
0.000       58.307960      0.17824119       1790.0364
0.000       59.313269      0.16845221       1780.7484
0.000       60.318579      0.15999340       1778.7939
0.000       61.323889      0.15467675       1807.1091
0.000       62.329198      0.14815245       1817.4133
0.000       63.334508      0.14169823       1823.7104
0.000       64.339818      0.13640270       1840.4868
0.000       66.350437      0.12366132       1829.9343
0.000       68.361056      0.11395301       1844.2608
0.000       70.371675      0.10650185       1880.2737
0.000       72.382295      0.10107668       1941.8615
0.000       74.392914     0.093798849       1956.4217
0.000       76.403533     0.084719028       1914.2187
0.000       78.414153     0.078766950       1923.9671
0.000       80.424772     0.075512599       1990.0280
0.000       82.435391     0.071299223       2023.4672
0.000       84.446011     0.066466812       2027.7412
0.000       86.456630     0.061909525       2026.8548
0.000       88.467249     0.058613572       2055.9664
0.000       90.477868     0.057522016       2158.3975
0.000       92.488488     0.051165019       2050.7203
0.000       94.499107     0.049505936       2116.4628
0.000       96.509726     0.047588974       2167.1544
0.000       98.520346     0.046065919       2231.6587
0.000       100.53096     0.044199762       2275.0437
0.000       102.54158     0.041714109       2278.5224
0.000       104.55220     0.039777999       2303.0998
0.000       106.56282     0.038253932       2345.1115
0.000       108.57344     0.036833441       2388.2697
0.000       110.58406     0.035822888       2454.1916
0.000       112.59468     0.033975480       2456.9113
0.000       114.60530     0.032920768       2510.4659
0.000       116.61592     0.032191457       2586.3329
0.000       118.62654     0.029279448       2476.1601
0.000       120.63716     0.029554238       2628.6533
0.000       122.64778     0.029403509       2748.2009
0.000       124.65840     0.028138307       2761.4223
0.000       126.66902     0.026552804       2733.9580
0.000       128.67964     0.025510293       2753.6907
0.000       132.70087     0.024432142       2892.3653
0.000       136.72211     0.023166838       2999.5306
0.000       140.74335     0.022602021       3192.2816
0.000       144.76459     0.020522143       3154.1329
0.000       148.78583     0.019112759       3189.1750
0.000       152.80707     0.020689673       3739.8502
0.000       156.82831     0.019709132       3851.3334
0.000       160.84954     0.018787855       3961.0194
0.000       164.87078     0.019448572       4415.5933
0.000       168.89202     0.018067382       4409.5358
0.000       172.91326     0.017476366       4577.2675
0.000       176.93450     0.016496361       4629.0936
0.000       180.95574     0.016407223       4925.1834
0.000       184.97698     0.015872948       5089.5673
0.000       188.99821     0.016060319       5492.8474
0.000       193.01945     0.015462642       5633.2262
0.000       197.04069     0.015516455       6013.5446
0.000       201.06193     0.015302869       6301.3363
0.000       205.08317     0.014902777       6512.1966
0.000       209.10441     0.014862966       6884.3876
0.000       213.12565     0.014187537       6957.9994
0.000       217.14688     0.014093874       7310.7418
0.000       221.16812     0.013839723       7585.1688
0.000       225.18936     0.014317855       8283.0796
0.000       229.21060     0.013581752       8285.7181
0.000       233.23184     0.013700798       8806.0191
0.000       237.25308     0.013743665       9298.4036
0.000       241.27432     0.014117558       10045.304
0.000       245.29555     0.012947039       9680.7669
0.000       249.31679     0.012755888       10014.645
0.000       253.33803     0.012537456       10327.159
0.000       257.35927     0.013045450       11265.456
0.000       265.40175     0.013577506       12858.834
0.000       273.44422     0.011758322       12179.288
0.000       281.48670     0.012199139       13783.931
0.000       289.52918     0.011270135       13857.229
0.000       297.57166     0.012032377       16061.880
0.000       305.61413     0.011729583       16961.846
0.000       313.65661     0.012144278       18984.768
0.000       321.69909     0.012198559       20574.451
0.000       329.74156     0.010881021       19763.370
0.000       337.78404     0.011404104       22266.338
0.000       345.82652     0.010614959       22241.468
0.000       353.86900     0.010690263       23998.617
0.000       361.91147    0.0099917781       23994.964
0.000       369.95395     0.010492100       26913.842
0.000       377.99643     0.010807603       29570.776
0.000       386.03891     0.010247893       29867.444
0.000       394.08138    0.0097149681       30121.000
0.000       402.12386    0.0098941981       32593.454
0.000       410.16634    0.0092740859       32420.627
0.000       418.20881    0.0092021081       34098.646
0.000       426.25129    0.0095882486       37618.950
0.000       434.29377    0.0094534179       39229.241
0.000       442.33625    0.0091707598       40209.915
0.000       450.37872    0.0091718077       42448.153
0.000       458.42120    0.0094381770       46063.025
0.000       466.46368    0.0089912592       46232.169
0.000       474.50615    0.0086946907       47059.786
0.000       482.54863    0.0081484379       46383.967
0.000       490.59111    0.0080753682       48304.947
0.000       498.63359    0.0083347542       52348.909
0.000       506.67606    0.0077357804       50975.977
0.000       514.71854    0.0074717867       51618.355