# z        k [h/Mpc]   P(k) [(Mpc/h)^3]    Delta^2(k)   
3.000     0.062831853       288.30101    0.0036228974
3.000      0.12566371       441.87540     0.044422160
3.000      0.18849556       166.65114     0.056543399
3.000      0.25132741       113.43171     0.091227191
3.000      0.31415927       71.328256      0.11204216
3.000      0.37699112       51.936072      0.14097195
3.000      0.43982297       37.742164      0.16267873
3.000      0.50265482       29.555904      0.19016215
3.000      0.56548668       22.288798      0.20418510
3.000      0.62831853       19.355655      0.24323033
3.000      0.69115038       16.470252      0.27547879
3.000      0.75398224       13.309751      0.28901710
3.000      0.81681409       11.843481      0.32697858
3.000      0.87964594       10.555421      0.36397329
3.000      0.94247780       9.1143558      0.38655351
3.000       1.0053096       8.2212346      0.42316219
3.000       1.0681415       7.1697033      0.44264729
3.000       1.1309734       6.5570292      0.48054548
3.000       1.1938052       6.0008231      0.51722736
3.000       1.2566371       5.4372133      0.54660830
3.000       1.3194689       5.0220074      0.58444695
3.000       1.3823008       4.5584154      0.60994659
3.000       1.4451326       4.1700923      0.63758639
3.000       1.5079645       3.9123177      0.67963807
3.000       1.5707963       3.6320906      0.71315933
3.000       1.6336282       3.3651251      0.74324351
3.000       1.6964600       3.1672771      0.78340659
3.000       1.7592919       3.0163295      0.83207552
3.000       1.8221237       2.7611264      0.84623338
3.000       1.8849556       2.6740552      0.90728556
3.000       1.9477874       2.5049143      0.93775160
3.000       2.0106193       2.3819360      0.98082130
3.000       2.0734512       2.2684225       1.0244143
3.000       2.1362830       2.1684436       1.0710130
3.000       2.1991149       2.0200104       1.0883476
3.000       2.2619467       1.9258155       1.1290991
3.000       2.3247786       1.9232614       1.2242028
3.000       2.3876104       1.8186166       1.2540123
3.000       2.4504423       1.7813975       1.3278974
3.000       2.5132741       1.6769860       1.3487122
3.000       2.5761060       1.6032697       1.3885707
3.000       2.6389378       1.5541147       1.4469077
3.000       2.7017697       1.5173032       1.5159595
3.000       2.7646015       1.4731547       1.5769439
3.000       2.8274334       1.4043248       1.6081071
3.000       2.8902652       1.3516740       1.6533139
3.000       2.9530971       1.2959475       1.6907946
3.000       3.0159289       1.2591107       1.7498366
3.000       3.0787608       1.2231793       1.8083739
3.000       3.1415927       1.1863772       1.8635569
3.000       3.2044245       1.1473946       1.9126399
3.000       3.2672564       1.1429832       2.0195738
3.000       3.3300882       1.0817753       2.0238323
3.000       3.3929201       1.0603184       2.0981060
3.000       3.4557519       1.0341419       2.1621115
3.000       3.5185838       1.0014315       2.2100150
3.000       3.5814156      0.96977966       2.2568750
3.000       3.6442475      0.95104902       2.3318293
3.000       3.7070793      0.93508581       2.4133336
3.000       3.7699112      0.89590563       2.4317889
3.000       3.8327430      0.89254294       2.5458247
3.000       3.8955749      0.85966690       2.5746318
3.000       3.9584067      0.84485530       2.6546902
3.000       4.0212386      0.82624654       2.7218202
3.000       4.1469023      0.80230461       2.8985511
3.000       4.2725660      0.74410738       2.9401685
3.000       4.3982297      0.72523703       3.1259639
3.000       4.5238934      0.71074690       3.3336679
3.000       4.6495571      0.66649432       3.3939190
3.000       4.7752208      0.64912086       3.5807682
3.000       4.9008845      0.61812153       3.6861037
3.000       5.0265482      0.59864075       3.8516437
3.000       5.1522120      0.57996156       4.0183766
3.000       5.2778757      0.55892996       4.1629876
3.000       5.4035394      0.53879716       4.3065601
3.000       5.5292031      0.52591081       4.5037054
3.000       5.6548668      0.49474895       4.5323378
3.000       5.7805305      0.48368272       4.7329718
3.000       5.9061942      0.46858456       4.8908169
3.000       6.0318579      0.46238800       5.1407930
3.000       6.1575216      0.44348993       5.2453184
3.000       6.2831853      0.42434955       5.3325337
3.000       6.4088490      0.41552686       5.5412722
3.000       6.5345127      0.40059600       5.6626079
3.000       6.6601764      0.39026482       5.8409954
3.000       6.7858401      0.37825601       5.9877956
3.000       6.9115038      0.36695217       6.1375831
3.000       7.0371675      0.35907040       6.3393325
3.000       7.1628313      0.35592500       6.6264804
3.000       7.2884950      0.33838387       6.6373312
3.000       7.4141587      0.33629016       6.9433658
3.000       7.5398224      0.32358901       7.0266345
3.000       7.6654861      0.31909424       7.2812899
3.000       7.7911498      0.30852238       7.3919937
3.000       7.9168135      0.29453885       7.4039603
3.000       8.0424772      0.29420374       7.7533245
3.000       8.2938046      0.27814438       8.0389986
3.000       8.5451320      0.26090131       8.2471302
3.000       8.7964594      0.25097886       8.6542834
3.000       9.0477868      0.24342375       9.1339848
3.000       9.2991143      0.23327012       9.5028555
3.000       9.5504417      0.22091071       9.7489400
3.000       9.8017691      0.21238245       10.132166
3.000       10.053096      0.19951952       10.269640
3.000       10.304424      0.19419966       10.764401
3.000       10.555751      0.18461305       11.000188
3.000       10.807079      0.17617818       11.265418
3.000       11.058406      0.17243043       11.813043
3.000       11.309734      0.16677897       12.222742
3.000       11.561061      0.15563287       12.183292
3.000       11.812388      0.15157642       12.656541
3.000       12.063716      0.14550155       12.941398
3.000       12.315043      0.13885450       13.138266
3.000       12.566371      0.13552900       13.624861
3.000       12.817698      0.13100384       13.976048
3.000       13.069025      0.12451716       14.080857
3.000       13.320353      0.12142699       14.538938
3.000       13.571680      0.11609464       14.702233
3.000       13.823008      0.11289748       15.106441
3.000       14.074335      0.10959484       15.479040
3.000       14.325663      0.10379339       15.459096
3.000       14.576990      0.10103356       15.854023
3.000       14.828317     0.098323430       16.240631
3.000       15.079645     0.094302586       16.382010
3.000       15.330972     0.091630650       16.727079
3.000       15.582300     0.087338124       16.740513
3.000       15.833627     0.086100904       17.314868
3.000       16.084954     0.081904193       17.267756
3.000       16.587609     0.075977298       17.567319
3.000       17.090264     0.072998944       18.460062
3.000       17.592919     0.068821850       18.984987
3.000       18.095574     0.063952236       19.197429
3.000       18.598229     0.061031754       19.890278
3.000       19.100883     0.059622372       21.049407
3.000       19.603538     0.055284200       21.099622
3.000       20.106193     0.052593693       21.656759
3.000       20.608848     0.049469833       21.936728
3.000       21.111503     0.047757691       22.765176
3.000       21.614157     0.044886600       22.961587
3.000       22.116812     0.043287129       23.724476
3.000       22.619467     0.040831989       23.939656
3.000       23.122122     0.038866395       24.340393
3.000       23.624777     0.037600972       25.117272
3.000       24.127432     0.036144081       25.718209
3.000       24.630086     0.034812324       26.351242
3.000       25.132741     0.032872365       26.437525
3.000       25.635396     0.031658578       27.019777
3.000       26.138051     0.029775262       26.936766
3.000       26.640706     0.029280501       28.046969
3.000       27.143361     0.027469052       27.829460
3.000       27.646015     0.026576471       28.448882
3.000       28.148670     0.025531688       28.848513
3.000       28.651325     0.024247863       28.892017
3.000       29.153980     0.023466528       29.458636
3.000       29.656635     0.022741875       30.051221
3.000       30.159289     0.021466906       29.833419
3.000       30.661944     0.020682316       30.204281
3.000       31.164599     0.019733958       30.260012
3.000       31.667254     0.018847906       30.322470
3.000       32.169909     0.018407502       31.046640
3.000       33.175218     0.016766399       31.013547
3.000       34.180528     0.016101530       32.574197
3.000       35.185838     0.014855262       32.783421
3.000       36.191147     0.013520496       32.469077
3.000       37.196457     0.012661732       33.011717
3.000       38.201767     0.011958224       33.774373
3.000       39.207076     0.011108383       33.916769
3.000       40.212386     0.010261560       33.803619
3.000       41.217696    0.0095573973       33.904787
3.000       42.223005    0.0093502842       35.656811
3.000       43.228315    0.0086866892       35.549170
3.000       44.233625    0.0080952558       35.494284
3.000       45.238934    0.0072798080       34.145013
3.000       46.244244    0.0071138839       35.641016
3.000       47.249554    0.0068892468       36.815875
3.000       48.254863    0.0064115107       36.496725
3.000       49.260173    0.0059903332       36.275135
3.000       50.265482    0.0057029903       36.692935
3.000       51.270792    0.0055094136       37.617135
3.000       52.276102    0.0052593221       38.063578
3.000       53.281411    0.0049199785       37.701673
3.000       54.286721    0.0045056472       36.518109
3.000       55.292031    0.0043217855       37.010170
3.000       56.297340    0.0042982715       38.853285
3.000       57.302650    0.0039214922       37.380554
3.000       58.307960    0.0036411379       36.567134
3.000       59.313269    0.0036058534       38.118334
3.000       60.318579    0.0035105698       39.030235
3.000       61.323889    0.0033074431       38.641297
3.000       62.329198    0.0030277907       37.142466
3.000       63.334508    0.0028940112       37.247031
3.000       64.339818    0.0027545092       37.166696
3.000       66.350437    0.0025284590       37.416016
3.000       68.361056    0.0022599877       36.576540
3.000       70.371675    0.0020835602       36.784934
3.000       72.382295    0.0017460389       33.544491
3.000       74.392914    0.0016951842       35.357525
3.000       76.403533    0.0016028215       36.215605
3.000       78.414153    0.0014832992       36.231171
3.000       80.424772    0.0012566947       33.118416
3.000       82.435391    0.0012219682       34.679376
3.000       84.446011    0.0010109034       30.840209
3.000       86.456630   0.00092084524       30.147535
3.000       88.467249   0.00090181043       31.632469
3.000       90.477868   0.00080201487       30.093989
3.000       92.488488   0.00071772829       28.766920
3.000       94.499107   0.00076578891       32.738776
3.000       96.509726   0.00065164119       29.675090
3.000       98.520346   0.00048503286       23.497367
3.000       100.53096   0.00061109683       31.454287
3.000       102.54158   0.00053794891       29.384030
3.000       104.55220   0.00053558203       31.009576
3.000       106.56282   0.00058311230       35.747001
3.000       108.57344   0.00048934933       31.729269
3.000       110.58406   0.00044876925       30.744750
3.000       112.59468   0.00041413392       29.947784
3.000       114.60530   0.00056522096       43.102516
3.000       116.61592   0.00041624475       33.442023
3.000       118.62654   0.00034690676       29.337871
3.000       120.63716   0.00024897818       22.144957
3.000       122.64778   0.00033155807       30.989096
3.000       124.65840   0.00024389405       23.935146
3.000       126.66902   0.00029306213       30.174574
3.000       128.67964   0.00029805759       32.173618
3.000       132.70087   0.00027988209       33.133455
3.000       136.72211   0.00012645920       16.373328
3.000       140.74335   0.00033295729       47.026477
3.000       144.76459   0.00013696571       21.050827
3.000       148.78583   0.00022062812       36.814239
3.000       152.80707   4.1353013e-05       7.4749404
3.000       156.82831   0.00014991195       29.294080
3.000       160.84954   6.1101828e-05       12.882020
3.000       164.87078   0.00016367181       37.159961
3.000       168.89202  -6.8543805e-05      -16.728841
3.000       172.91326   5.3877033e-06       1.4111034
3.000       176.93450  -1.3876773e-05      -3.8940030
3.000       180.95574  -3.1671079e-05      -9.5071465
3.000       184.97698   4.8493057e-05       15.549014
3.000       188.99821   0.00026335748       90.071836
3.000       193.01945   4.8609335e-05       17.708965
3.000       197.04069  -1.4062682e-05      -5.4501215
3.000       201.06193   0.00012945032       53.304386
3.000       205.08317   7.1936833e-05       31.434867
3.000       209.10441   0.00013239474       61.324008
3.000       213.12565   5.5853481e-05       27.392246
3.000       217.14688  -5.8145636e-06      -3.0161171
3.000       221.16812   3.9992315e-05       21.918680
3.000       225.18936   9.8018379e-06       5.6705004
3.000       229.21060  -3.5458913e-05      -21.632154
3.000       233.23184   6.4717048e-05       41.596086
3.000       237.25308   1.9212987e-05       12.998723
3.000       241.27432   4.6561208e-05       33.130484
3.000       245.29555  -2.5639680e-05      -19.171314
3.000       249.31679   1.7403905e-05       13.663802
3.000       253.33803   7.8162309e-05       64.382645
3.000       257.35927  -1.8088374e-05      -15.620295
3.000       265.40175   0.00019700377       186.57615
3.000       273.44422   0.00013983550       144.84181
3.000       281.48670  -0.00017304065      -195.52038
3.000       289.52918   9.1334661e-06       11.230081
3.000       297.57166   0.00014235620       190.02963
3.000       305.61413  -5.9384015e-05      -85.873689
3.000       313.65661  -1.6333878e-05      -25.534238
3.000       321.69909  -4.1966611e-05      -70.782134
3.000       329.74156   0.00010540494       191.44865
3.000       337.78404  -2.0556051e-05      -40.135375
3.000       345.82652   3.3664697e-05       70.537466
3.000       353.86900   5.4074973e-05       121.39313
3.000       361.91147  -1.9775660e-05      -47.490671
3.000       369.95395   0.00011733056       300.97083
3.000       377.99643   2.9445983e-05       80.567412
3.000       386.03891  -9.3718957e-05      -273.14354
3.000       394.08138  -5.7664825e-05      -178.78826
3.000       402.12386   1.5938527e-05       52.504674
3.000       410.16634   5.9284450e-05       207.24836
3.000       418.20881   7.1833232e-05       266.17987
3.000       426.25129  -7.1793346e-06      -28.167712
3.000       434.29377   1.3901396e-05       57.687203
3.000       442.33625   2.3299235e-05       102.15732
3.000       450.37872  -6.8127004e-05      -315.29940
3.000       458.42120   4.8567088e-05       237.03169
3.000       466.46368  -8.8554739e-06      -45.533974
3.000       474.50615   3.8007335e-05       205.71370
3.000       482.54863  -7.6001967e-05      -432.63172
3.000       490.59111  -5.2101854e-05      -311.66100
3.000       498.63359  -2.0514291e-05      -128.84612
3.000       506.67606  -4.2381311e-05      -279.27741
3.000       514.71854  -5.2605597e-05      -363.42236
2.750     0.062831853       326.45942    0.0041024100
2.750      0.12566371       501.12255     0.050378333
2.750      0.18849556       188.96145     0.064113108
2.750      0.25132741       129.55269      0.10419245
2.750      0.31415927       81.872488      0.12860500
2.750      0.37699112       59.737595      0.16214791
2.750      0.43982297       43.528193      0.18761805
2.750      0.50265482       34.123062      0.21954716
2.750      0.56548668       25.977741      0.23797908
2.750      0.62831853       22.664941      0.28481605
2.750      0.69115038       19.391730      0.32434295
2.750      0.75398224       15.599314      0.33873425
2.750      0.81681409       14.003848      0.38662265
2.750      0.87964594       12.449271      0.42927728
2.750      0.94247780       10.845321      0.45996633
2.750       1.0053096       9.7775913      0.50327075
2.750       1.0681415       8.5858620      0.53007892
2.750       1.1309734       7.8428013      0.57477596
2.750       1.1938052       7.2424147      0.62424353
2.750       1.2566371       6.5675327      0.66024040
2.750       1.3194689       6.0857173      0.70823849
2.750       1.3823008       5.5798759      0.74662486
2.750       1.4451326       5.0929727      0.77869022
2.750       1.5079645       4.7855516      0.83133410
2.750       1.5707963       4.4724842      0.87817022
2.750       1.6336282       4.1471538      0.91596747
2.750       1.6964600       3.9231047      0.97035590
2.750       1.7592919       3.7645192       1.0384689
2.750       1.8221237       3.4336191       1.0523397
2.750       1.8849556       3.3291611       1.1295578
2.750       1.9477874       3.1285872       1.1712328
2.750       2.0106193       2.9937540       1.2327526
2.750       2.0734512       2.8354359       1.2804762
2.750       2.1362830       2.7327685       1.3497379
2.750       2.1991149       2.5419334       1.3695509
2.750       2.2619467       2.4261410       1.4224382
2.750       2.3247786       2.4296388       1.5465243
2.750       2.3876104       2.2983653       1.5848192
2.750       2.4504423       2.2610712       1.6854580
2.750       2.5132741       2.1257509       1.7096303
2.750       2.5761060       2.0491097       1.7747069
2.750       2.6389378       1.9692248       1.8333823
2.750       2.7017697       1.9350104       1.9332968
2.750       2.7646015       1.8930684       2.0264421
2.750       2.8274334       1.8063615       2.0684836
2.750       2.8902652       1.7429856       2.1319507
2.750       2.9530971       1.6702318       2.1791151
2.750       3.0159289       1.6255986       2.2591596
2.750       3.0787608       1.5773312       2.3319594
2.750       3.1415927       1.5376502       2.4153353
2.750       3.2044245       1.4856174       2.4764375
2.750       3.2672564       1.4786174       2.6126168
2.750       3.3300882       1.4008465       2.6207646
2.750       3.3929201       1.3707018       2.7122776
2.750       3.4557519       1.3359950       2.7932048
2.750       3.5185838       1.3031849       2.8759410
2.750       3.5814156       1.2620012       2.9369341
2.750       3.6442475       1.2417990       3.0447045
2.750       3.7070793       1.2205633       3.1501135
2.750       3.7699112       1.1665231       3.1663358
2.750       3.8327430       1.1650802       3.3231901
2.750       3.8955749       1.1233039       3.3642032
2.750       3.9584067       1.1009081       3.4592549
2.750       4.0212386       1.0886020       3.5860713
2.750       4.1469023       1.0461445       3.7794912
2.750       4.2725660      0.97978912       3.8714104
2.750       4.3982297      0.95349860       4.1098317
2.750       4.5238934      0.93384271       4.3800703
2.750       4.6495571      0.87912670       4.4766846
2.750       4.7752208      0.85657708       4.7251662
2.750       4.9008845      0.81571321       4.8644212
2.750       5.0265482      0.79162914       5.0933274
2.750       5.1522120      0.75502729       5.2313536
2.750       5.2778757      0.73945070       5.5075310
2.750       5.4035394      0.70825825       5.6610483
2.750       5.5292031      0.69568030       5.9575485
2.750       5.6548668      0.66533115       6.0950216
2.750       5.7805305      0.65450803       6.4045456
2.750       5.9061942      0.62308628       6.5034172
2.750       6.0318579      0.61015390       6.7836425
2.750       6.1575216      0.58973850       6.9750540
2.750       6.2831853      0.56335753       7.0793596
2.750       6.4088490      0.55665313       7.4232663
2.750       6.5345127      0.53666852       7.5860553
2.750       6.6601764      0.52114854       7.7998991
2.750       6.7858401      0.50262929       7.9566256
2.750       6.9115038      0.48910986       8.1807729
2.750       7.0371675      0.47813011       8.4413134
2.750       7.1628313      0.46332224       8.6259626
2.750       7.2884950      0.45347333       8.8947877
2.750       7.4141587      0.44448076       9.1771715
2.750       7.5398224      0.42999225       9.3371477
2.750       7.6654861      0.42428304       9.6815531
2.750       7.7911498      0.41306081       9.8966660
2.750       7.9168135      0.40024493       10.061143
2.750       8.0424772      0.39125148       10.310881
2.750       8.2938046      0.37308301       10.782939
2.750       8.5451320      0.35114266       11.099673
2.750       8.7964594      0.32919984       11.351509
2.750       9.0477868      0.32189847       12.078590
2.750       9.2991143      0.30898492       12.587292
2.750       9.5504417      0.29476751       13.008291
2.750       9.8017691      0.27786518       13.256162
2.750       10.053096      0.26780236       13.784284
2.750       10.304424      0.25624947       14.203795
2.750       10.555751      0.24230098       14.437530
2.750       10.807079      0.23406273       14.966749
2.750       11.058406      0.22642155       15.511923
2.750       11.309734      0.21722624       15.919875
2.750       11.561061      0.20763065       16.253796
2.750       11.812388      0.19991199       16.692533
2.750       12.063716      0.19130503       17.015312
2.750       12.315043      0.18467623       17.473869
2.750       12.566371      0.17827053       17.921708
2.750       12.817698      0.17158434       18.305349
2.750       13.069025      0.16574430       18.742972
2.750       13.320353      0.15919278       19.060786
2.750       13.571680      0.15425949       19.535432
2.750       13.823008      0.14869367       19.896212
2.750       14.074335      0.14427670       20.377463
2.750       14.325663      0.13720185       20.434987
2.750       14.576990      0.13276477       20.833232
2.750       14.828317      0.12762132       21.079927
2.750       15.079645      0.12441206       21.612552
2.750       15.330972      0.11898309       21.720238
2.750       15.582300      0.11585134       22.205777
2.750       15.833627      0.11178750       22.480436
2.750       16.084954      0.10783781       22.735307
2.750       16.587609     0.099228233       22.943354
2.750       17.090264     0.098284981       24.854426
2.750       17.592919     0.090197392       24.881579
2.750       18.095574     0.082829382       24.864043
2.750       18.598229     0.078274433       25.509675
2.750       19.100883     0.074472349       26.292124
2.750       19.603538     0.071914462       27.446684
2.750       20.106193     0.068901879       28.372060
2.750       20.608848     0.063140528       27.998812
2.750       21.111503     0.060849172       29.005634
2.750       21.614157     0.057605009       29.467646
2.750       22.116812     0.055158637       30.230921
2.750       22.619467     0.051616078       30.262331
2.750       23.122122     0.049624233       31.077575
2.750       23.624777     0.048112146       32.138687
2.750       24.127432     0.044939876       31.976830
2.750       24.630086     0.042446500       32.129943
2.750       25.132741     0.041115115       33.066737
2.750       25.635396     0.039557942       33.761679
2.750       26.138051     0.038108979       34.476024
2.750       26.640706     0.036004379       34.487583
2.750       27.143361     0.034650564       35.105197
2.750       27.646015     0.033195179       35.533903
2.750       28.148670     0.031506656       35.599690
2.750       28.651325     0.030218243       36.005894
2.750       29.153980     0.028748292       36.089083
2.750       29.656635     0.027955899       36.941057
2.750       30.159289     0.026979930       37.495089
2.750       30.661944     0.025966385       37.921091
2.750       31.164599     0.024695353       37.867806
2.750       31.667254     0.024155699       38.861636
2.750       32.169909     0.022788261       38.435358
2.750       33.175218     0.021128029       39.081445
2.750       34.180528     0.020159023       40.782707
2.750       35.185838     0.018523592       40.878895
2.750       36.191147     0.016882747       40.543424
2.750       37.196457     0.015291098       39.867008
2.750       38.201767     0.014883822       42.037323
2.750       39.207076     0.013846656       42.277427
2.750       40.212386     0.013039610       42.955065
2.750       41.217696     0.011919074       42.282815
2.750       42.223005     0.011193443       42.685600
2.750       43.228315     0.010604285       43.396685
2.750       44.233625    0.0099085087       43.444633
2.750       45.238934    0.0094121611       44.146543
2.750       46.244244    0.0088110670       44.144013
2.750       47.249554    0.0083925968       44.849721
2.750       48.254863    0.0079599942       45.311274
2.750       49.260173    0.0075204007       45.540630
2.750       50.265482    0.0070866858       45.595607
2.750       51.270792    0.0066336632       45.293278
2.750       52.276102    0.0063678307       46.086248
2.750       53.281411    0.0058797515       45.056390
2.750       54.286721    0.0054608776       44.260216
2.750       55.292031    0.0053692422       45.980202
2.750       56.297340    0.0049405502       44.659022
2.750       57.302650    0.0047853638       45.615174
2.750       58.307960    0.0045540806       45.735613
2.750       59.313269    0.0041725820       44.109357
2.750       60.318579    0.0040145951       44.633949
2.750       61.323889    0.0038539790       45.026549
2.750       62.329198    0.0036754524       45.087451
2.750       63.334508    0.0033888754       43.616124
2.750       64.339818    0.0033772455       45.569301
2.750       66.350437    0.0028676009       42.434621
2.750       68.361056    0.0027095138       43.851850
2.750       70.371675    0.0024837150       43.849605
2.750       72.382295    0.0021486353       41.279081
2.750       74.392914    0.0021423015       44.683334
2.750       76.403533    0.0019690816       44.491218
2.750       78.414153    0.0018969613       46.335312
2.750       80.424772    0.0016547475       43.608537
2.750       82.435391    0.0014555969       41.309743
2.750       84.446011    0.0013781625       42.044394
2.750       86.456630    0.0012497229       40.914654
2.750       88.467249    0.0011642713       40.838711
2.750       90.477868    0.0011169190       41.910131
2.750       92.488488    0.0011295976       45.274853
2.750       94.499107    0.0010380964       44.380382
2.750       96.509726   0.00089177209       40.610411
2.750       98.520346   0.00082456189       39.945816
2.750       100.53096   0.00076459805       39.355279
2.750       102.54158   0.00067222926       36.718737
2.750       104.55220   0.00065317174       37.817883
2.750       106.56282   0.00072661123       44.544031
2.750       108.57344   0.00053614121       34.763242
2.750       110.58406   0.00058238329       39.898518
2.750       112.59468   0.00053318773       38.557070
2.750       114.60530   0.00040602457       30.962547
2.750       116.61592   0.00037276706       29.948930
2.750       118.62654   0.00041710730       35.274724
2.750       120.63716   0.00036859445       32.784030
2.750       122.64778   0.00036743108       34.341969
2.750       124.65840   0.00032897644       32.284916
2.750       126.66902   0.00042232506       43.483882
2.750       128.67964   0.00034768184       37.530273
2.750       132.70087   0.00042827428       50.700658
2.750       136.72211   0.00014985054       19.401926
2.750       140.74335   0.00030757621       43.441684
2.750       144.76459   0.00029422600       45.220809
2.750       148.78583   0.00011812527       19.710506
2.750       152.80707   0.00039806447       71.953843
2.750       156.82831   3.7561489e-05       7.3398368
2.750       160.84954   0.00033976271       71.631735
2.750       164.87078   0.00018508008       42.020482
2.750       168.89202   4.6960397e-05       11.461182
2.750       172.91326  -2.3400286e-05      -6.1288123
2.750       176.93450   1.7875158e-05       5.0160020
2.750       180.95574   9.2219934e-05       27.682935
2.750       184.97698   7.3314029e-06       2.3507712
2.750       188.99821  -7.5429791e-05      -25.798013
2.750       193.01945   3.5540227e-06       1.2947732
2.750       197.04069  -2.4119570e-05      -9.3477607
2.750       201.06193   2.6658020e-05       10.977102
2.750       205.08317   0.00010040314       43.874038
2.750       209.10441   3.1729875e-05       14.696983
2.750       213.12565   2.4554391e-05       12.042220
2.750       217.14688  -8.0009285e-05      -41.502232
2.750       221.16812   0.00010234838       56.094313
2.750       225.18936   1.8400965e-05       10.645216
2.750       229.21060  -1.2021454e-05      -7.3338386
2.750       233.23184  -6.2952702e-06      -4.0462074
2.750       237.25308  -5.6623971e-05      -38.309470
2.750       241.27432  -1.3425575e-05      -9.5529267
2.750       245.29555   0.00010381105       77.621650
2.750       249.31679   2.1103091e-05       16.568032
2.750       253.33803  -3.8070646e-05      -31.358962
2.750       257.35927   6.8624984e-05       59.261408
2.750       265.40175  -0.00010067862      -95.349590
2.750       273.44422  -1.1437758e-05      -11.847247
2.750       281.48670   2.2136956e-05       25.012771
2.750       289.52918  -6.2440457e-05      -76.773856
2.750       297.57166  -3.8290369e-05      -51.113368
2.750       305.61413  -4.1082439e-05      -59.408253
2.750       313.65661   0.00012436852       194.42140
2.750       321.69909   2.4805990e-05       41.838520
2.750       329.74156   0.00015790859       286.81186
2.750       337.78404   1.7708662e-05       34.575891
2.750       345.82652  -0.00012585405      -263.70133
2.750       353.86900  -6.0026472e-05      -134.75368
2.750       361.91147   2.3123001e-05       55.529212
2.750       369.95395  -1.9866488e-05      -50.960580
2.750       377.99643  -9.6878911e-05      -265.07123
2.750       386.03891  -1.4104598e-05      -41.107797
2.750       394.08138  -5.6404323e-05      -174.88010
2.750       402.12386  -6.2436305e-05      -205.67759
2.750       410.16634   7.5396155e-05       263.57214
2.750       418.20881  -4.2646823e-05      -158.02889
2.750       426.25129  -9.2106794e-05      -361.37579
2.750       434.29377   2.6263036e-05       108.98481
2.750       442.33625   2.4639798e-05       108.03513
2.750       450.37872   4.4862975e-05       207.63087
2.750       458.42120   8.1210965e-05       396.35014
2.750       466.46368  -3.4523281e-05      -177.51531
2.750       474.50615  -8.6517752e-06      -46.827507
2.750       482.54863  -6.4524560e-05      -367.29801
2.750       490.59111   2.7074454e-05       161.95300
2.750       498.63359   0.00013957069       876.61533
2.750       506.67606  -3.9432863e-05      -259.84821
2.750       514.71854   3.0908012e-05       213.52600
2.250     0.062831853       428.57977    0.0053856923
2.250      0.12566371       660.05348     0.066355813
2.250      0.18849556       249.06796     0.084506769
2.250      0.25132741       173.72306      0.13971637
2.250      0.31415927       111.22179      0.17470677
2.250      0.37699112       81.569214      0.22140626
2.250      0.43982297       59.896029      0.25816777
2.250      0.50265482       47.151935      0.30337469
2.250      0.56548668       36.645365      0.33570394
2.250      0.62831853       32.335275      0.40633704
2.250      0.69115038       28.025131      0.46874383
2.250      0.75398224       22.390062      0.48619323
2.250      0.81681409       20.474641      0.56527035
2.250      0.87964594       18.073615      0.62321658
2.250      0.94247780       16.077416      0.68186735
2.250       1.0053096       14.506402      0.74667143
2.250       1.0681415       12.946184      0.79927899
2.250       1.1309734       11.809820      0.86550717
2.250       1.1938052       11.132935      0.95957814
2.250       1.2566371       10.064629       1.0118069
2.250       1.3194689       9.4183149       1.0960767
2.250       1.3823008       8.7843835       1.1754095
2.250       1.4451326       8.0145647       1.2253871
2.250       1.5079645       7.5874887       1.3180796
2.250       1.5707963       7.1215636       1.3983157
2.250       1.6336282       6.6836977       1.4762051
2.250       1.6964600       6.3933521       1.5813565
2.250       1.7592919       6.1803243       1.7048855
2.250       1.8221237       5.6867434       1.7428800
2.250       1.8849556       5.4883003       1.8621364
2.250       1.9477874       5.1901778       1.9430196
2.250       2.0106193       5.0287580       2.0707160
2.250       2.0734512       4.7156465       2.1295749
2.250       2.1362830       4.5899517       2.2670167
2.250       2.1991149       4.3304861       2.3331929
2.250       2.2619467       4.1216277       2.4164962
2.250       2.3247786       4.1101811       2.6162304
2.250       2.3876104       3.8998262       2.6890935
2.250       2.4504423       3.8514897       2.8709949
2.250       2.5132741       3.6314788       2.9206086
2.250       2.5761060       3.5808283       3.1013083
2.250       2.6389378       3.3653025       3.1331548
2.250       2.7017697       3.3208730       3.3179321
2.250       2.7646015       3.2657335       3.4958166
2.250       2.8274334       3.1482026       3.6050400
2.250       2.8902652       3.0587058       3.7412874
2.250       2.9530971       2.9403828       3.8362537
2.250       3.0159289       2.8557283       3.9687200
2.250       3.0787608       2.7716576       4.0976766
2.250       3.1415927       2.7209681       4.2740867
2.250       3.2044245       2.6254419       4.3764584
2.250       3.2672564       2.6067445       4.6059408
2.250       3.3300882       2.5130629       4.7015475
2.250       3.3929201       2.4315203       4.8113732
2.250       3.4557519       2.3478196       4.9086567
2.250       3.5185838       2.3154594       5.1098850
2.250       3.5814156       2.2351598       5.2016726
2.250       3.6442475       2.2080512       5.4138096
2.250       3.7070793       2.1657286       5.5894611
2.250       3.7699112       2.0872713       5.6655558
2.250       3.8327430       2.0459212       5.8356371
2.250       3.8955749       1.9988993       5.9865394
2.250       3.9584067       1.9487247       6.1232501
2.250       4.0212386       1.9401903       6.3913723
2.250       4.1469023       1.8440419       6.6621201
2.250       4.2725660       1.7814879       7.0391379
2.250       4.3982297       1.6971541       7.3151841
2.250       4.5238934       1.6326736       7.6578475
2.250       4.6495571       1.5834929       8.0634544
2.250       4.7752208       1.5064275       8.3099588
2.250       4.9008845       1.4579456       8.6943076
2.250       5.0265482       1.4074669       9.0556165
2.250       5.1522120       1.3545861       9.3855136
2.250       5.2778757       1.2978598       9.6666390
2.250       5.4035394       1.2477351       9.9730407
2.250       5.5292031       1.2225529       10.469490
2.250       5.6548668       1.1880009       10.883139
2.250       5.7805305       1.1607096       11.357871
2.250       5.9061942       1.0989912       11.470640
2.250       6.0318579       1.0603615       11.789015
2.250       6.1575216       1.0242212       12.113841
2.250       6.2831853      0.98772957       12.412176
2.250       6.4088490      0.97577364       13.012462
2.250       6.5345127      0.93567448       13.226187
2.250       6.6601764      0.90225009       13.503750
2.250       6.7858401      0.87331520       13.824586
2.250       6.9115038      0.86220377       14.421082
2.250       7.0371675      0.84025560       14.834583
2.250       7.1628313      0.81335054       15.142660
2.250       7.2884950      0.79220871       15.539014
2.250       7.4141587      0.76799446       15.856743
2.250       7.5398224      0.74900417       16.264392
2.250       7.6654861      0.72324495       16.503451
2.250       7.7911498      0.71419757       17.111705
2.250       7.9168135      0.69218593       17.399800
2.250       8.0424772      0.67439251       17.772663
2.250       8.2938046      0.64221744       18.561529
2.250       8.5451320      0.60600347       19.155862
2.250       8.7964594      0.57820579       19.937762
2.250       9.0477868      0.55328523       20.760911
2.250       9.2991143      0.52337218       21.320906
2.250       9.5504417      0.49784170       21.970093
2.250       9.8017691      0.47847525       22.826701
2.250       10.053096      0.44908808       23.115396
2.250       10.304424      0.44507823       24.670489
2.250       10.555751      0.40962158       24.407345
2.250       10.807079      0.38954666       24.908908
2.250       11.058406      0.37677461       25.812466
2.250       11.309734      0.36052301       26.421676
2.250       11.561061      0.34538777       27.037734
2.250       11.812388      0.33273774       27.783405
2.250       12.063716      0.31748124       28.237849
2.250       12.315043      0.30499153       28.857975
2.250       12.566371      0.28902123       29.055583
2.250       12.817698      0.27889917       29.754153
2.250       13.069025      0.26938564       30.463115
2.250       13.320353      0.25638105       30.697525
2.250       13.571680      0.25082399       31.764366
2.250       13.823008      0.23978210       32.084455
2.250       14.074335      0.23025208       32.520521
2.250       14.325663      0.22085843       32.894885
2.250       14.576990      0.21333976       33.476929
2.250       14.828317      0.20397323       33.691399
2.250       15.079645      0.19857538       34.496021
2.250       15.330972      0.19127449       34.916958
2.250       15.582300      0.18399583       35.267354
2.250       15.833627      0.17772997       35.741449
2.250       16.084954      0.17241147       36.349288
2.250       16.587609      0.16127358       37.289355
2.250       17.090264      0.15108780       38.207266
2.250       17.592919      0.14016280       38.664885
2.250       18.095574      0.13517258       40.576626
2.250       18.598229      0.12550366       40.901703
2.250       19.100883      0.11959745       42.223335
2.250       19.603538      0.11303975       43.142452
2.250       20.106193      0.10724768       44.161894
2.250       20.608848      0.10033442       44.491939
2.250       21.111503     0.095905584       45.716354
2.250       21.614157     0.089269786       45.665654
2.250       22.116812     0.086287357       47.291710
2.250       22.619467     0.080492575       47.192522
2.250       23.122122     0.076916537       48.169601
2.250       23.624777     0.072294954       48.292688
2.250       24.127432     0.069278499       49.294902
2.250       24.630086     0.067312843       50.952559
2.250       25.132741     0.062914089       50.598513
2.250       25.635396     0.061045275       52.100562
2.250       26.138051     0.058858003       53.247029
2.250       26.640706     0.055397893       53.064085
2.250       27.143361     0.053433346       54.134418
2.250       27.646015     0.050988776       54.581125
2.250       28.148670     0.049230297       55.625812
2.250       28.651325     0.045928429       54.725027
2.250       29.153980     0.043895223       55.103738
2.250       29.656635     0.042447566       56.090414
2.250       30.159289     0.041294296       57.388337
2.250       30.661944     0.039844594       58.188710
2.250       31.164599     0.037612355       57.674710
2.250       31.667254     0.036807535       59.215882
2.250       32.169909     0.034527607       58.235289
2.250       33.175218     0.032877876       60.815654
2.250       34.180528     0.030455981       61.613965
2.250       35.185838     0.027803401       61.358095
2.250       36.191147     0.026071515       62.609982
2.250       37.196457     0.024326614       63.424442
2.250       38.201767     0.022103236       62.427574
2.250       39.207076     0.021010565       64.150696
2.250       40.212386     0.019491206       64.207905
2.250       41.217696     0.018672553       66.240726
2.250       42.223005     0.017080469       65.135457
2.250       43.228315     0.015984998       65.416571
2.250       44.233625     0.015392070       67.487739
2.250       45.238934     0.014963306       70.183483
2.250       46.244244     0.013153750       65.901133
2.250       47.249554     0.012881317       68.837274
2.250       48.254863     0.012202202       69.459516
2.250       49.260173     0.011503704       69.661971
2.250       50.265482     0.010717133       68.953840
2.250       51.270792    0.0099929751       68.229965
2.250       52.276102    0.0096503298       69.842857
2.250       53.281411    0.0090295138       69.192941
2.250       54.286721    0.0084029578       68.105671
2.250       55.292031    0.0081028144       69.389502
2.250       56.297340    0.0078099108       70.595979
2.250       57.302650    0.0072833997       69.427020
2.250       58.307960    0.0068697267       68.991129
2.250       59.313269    0.0068556676       72.472893
2.250       60.318579    0.0062485004       69.470330
2.250       61.323889    0.0061635362       72.009413
2.250       62.329198    0.0055028995       67.505081
2.250       63.334508    0.0055396556       71.297487
2.250       64.339818    0.0051429417       69.393906
2.250       66.350437    0.0047964151       70.977122
2.250       68.361056    0.0042999926       69.592791
2.250       70.371675    0.0039670854       70.038282
2.250       72.382295    0.0035338659       67.891807
2.250       74.392914    0.0033952206       70.816258
2.250       76.403533    0.0029982262       67.744647
2.250       78.414153    0.0026800967       65.464233
2.250       80.424772    0.0024576243       64.767221
2.250       82.435391    0.0023017364       65.323125
2.250       84.446011    0.0022189086       67.693519
2.250       86.456630    0.0019555563       64.022922
2.250       88.467249    0.0017313181       60.728799
2.250       90.477868    0.0017072415       64.060792
2.250       92.488488    0.0015076598       60.427781
2.250       94.499107    0.0014789394       63.227169
2.250       96.509726    0.0013701593       62.395687
2.250       98.520346    0.0012674194       61.400001
2.250       100.53096    0.0011462047       58.997279
2.250       102.54158    0.0010724320       58.578749
2.250       104.55220    0.0010288495       59.569191
2.250       106.56282   0.00089469384       54.848134
2.250       108.57344   0.00088381649       57.306407
2.250       110.58406   0.00083816866       57.422128
2.250       112.59468   0.00085219393       61.625764
2.250       114.60530   0.00078461190       59.832791
2.250       116.61592   0.00071211277       57.212715
2.250       118.62654   0.00074127197       62.689299
2.250       120.63716   0.00061880199       55.038330
2.250       122.64778   0.00058319018       54.507907
2.250       124.65840   0.00053398152       52.403597
2.250       126.66902   0.00043759512       45.056133
2.250       128.67964   0.00046488000       50.181147
2.250       132.70087   0.00044215092       52.343425
2.250       136.72211   0.00034405301       44.546326
2.250       140.74335   0.00041438807       58.527661
2.250       144.76459   0.00041740467       64.152649
2.250       148.78583   0.00032711376       54.582543
2.250       152.80707   0.00026563514       48.016013
2.250       156.82831   0.00030003873       58.630139
2.250       160.84954   0.00016293874       34.352166
2.250       164.87078   0.00015458488       35.096869
2.250       168.89202   0.00010751326       26.239749
2.250       172.91326   4.4729158e-05       11.715097
2.250       176.93450   0.00021027886       59.006985
2.250       180.95574   0.00018503562       55.544706
2.250       184.97698   0.00016765448       53.757423
2.250       188.99821   7.6580550e-05       26.191589
2.250       193.01945   5.6354282e-05       20.530542
2.250       197.04069   2.1230523e-05       8.2280840
2.250       201.06193   6.7638291e-05       27.851746
2.250       205.08317   0.00013508648       59.029921
2.250       209.10441   3.0634118e-05       14.189438
2.250       213.12565   0.00012301619       60.330880
2.250       217.14688   7.3653765e-06       3.8205511
2.250       221.16812   6.2603748e-05       34.311380
2.250       225.18936   7.7338217e-05       44.741240
2.250       229.21060   6.6403648e-05       40.510377
2.250       233.23184   9.5631155e-05       61.465748
2.250       237.25308   0.00010147813       68.655968
2.250       241.27432   0.00011021219       78.421146
2.250       245.29555   2.6574607e-06       1.9870379
2.250       249.31679   4.9391392e-05       38.777171
2.250       253.33803   3.2893825e-05       27.094792
2.250       257.35927  -5.1927427e-06      -4.4842159
2.250       265.40175  -9.3874528e-05      -88.905650
2.250       273.44422  -6.7589800e-06      -7.0009614
2.250       281.48670   0.00013538687       152.97500
2.250       289.52918  -9.0679459e-05      -111.49521
2.250       297.57166   2.4450450e-05       32.638621
2.250       305.61413   1.3060568e-05       18.886549
2.250       313.65661  -1.5319599e-05      -23.948648
2.250       321.69909   0.00019844731       334.70713
2.250       329.74156   9.3340030e-05       169.53496
2.250       337.78404  -3.9550700e-05      -77.222137
2.250       345.82652   1.8129951e-05       37.987592
2.250       353.86900  -1.8408893e-05      -41.326199
2.250       361.91147  -4.9901762e-05      -119.83763
2.250       369.95395   8.5557382e-05       219.46777
2.250       377.99643  -4.3067325e-05      -117.83688
2.250       386.03891  -5.1321306e-06      -14.957575
2.250       394.08138   1.2200827e-05       37.828340
2.250       402.12386   7.0610587e-05       232.60530
2.250       410.16634  -4.6713390e-07      -1.6330207
2.250       418.20881   7.4467436e-05       275.94098
2.250       426.25129   4.4049484e-06       17.282565
2.250       434.29377  -1.6835309e-05      -69.862182
2.250       442.33625  -8.4062826e-05      -368.58005
2.250       450.37872   2.8978180e-06       13.411426
2.250       458.42120  -9.4860721e-06      -46.296777
2.250       466.46368  -4.2252849e-05      -217.25999
2.250       474.50615  -2.5739809e-05      -139.31604
2.250       482.54863  -8.7565146e-05      -498.45367
2.250       490.59111   1.4153224e-05       84.661244
2.250       498.63359  -6.0620930e-05      -380.74783
2.250       506.67606  -4.4134875e-05      -290.83276
2.250       514.71854  -7.2831532e-05      -503.15193
2.000     0.062831853       497.73888    0.0062547712
2.000      0.12566371       767.89807     0.077197534
2.000      0.18849556       290.11455     0.098433547
2.000      0.25132741       204.42791      0.16441068
2.000      0.31415927       131.98980      0.20732910
2.000      0.37699112       97.104314      0.26357374
2.000      0.43982297       71.687936      0.30899401
2.000      0.50265482       56.643026      0.36444019
2.000      0.56548668       44.504650      0.40770194
2.000      0.62831853       39.526724      0.49670746
2.000      0.69115038       34.520659      0.57738699
2.000      0.75398224       27.559994      0.59845667
2.000      0.81681409       25.409874      0.70152383
2.000      0.87964594       22.339181      0.77030234
2.000      0.94247780       20.096103      0.85230588
2.000       1.0053096       18.162501      0.93485760
2.000       1.0681415       16.342251       1.0089474
2.000       1.1309734       14.927520       1.0939943
2.000       1.1938052       14.235926       1.2270334
2.000       1.2566371       12.832573       1.2900709
2.000       1.3194689       12.101664       1.4083573
2.000       1.3823008       11.316884       1.5142750
2.000       1.4451326       10.346666       1.5819538
2.000       1.5079645       9.8776137       1.7159144
2.000       1.5707963       9.2311288       1.8125279
2.000       1.6336282       8.7551995       1.9337305
2.000       1.6964600       8.4412580       2.0878935
2.000       1.7592919       8.1242333       2.2411264
2.000       1.8221237       7.5823297       2.3238416
2.000       1.8849556       7.2953320       2.4752478
2.000       1.9477874       6.9216849       2.5912348
2.000       2.0106193       6.7310219       2.7716654
2.000       2.0734512       6.2872408       2.8393032
2.000       2.1362830       6.1253847       3.0253804
2.000       2.1991149       5.8630930       3.1589356
2.000       2.2619467       5.5683026       3.2646768
2.000       2.3247786       5.5217730       3.5147431
2.000       2.3876104       5.2427276       3.6150803
2.000       2.4504423       5.1900054       3.8687574
2.000       2.5132741       4.8986503       3.9397283
2.000       2.5761060       4.8632410       4.2119890
2.000       2.6389378       4.5847087       4.2684430
2.000       2.7017697       4.5096979       4.5057042
2.000       2.7646015       4.4123866       4.7232556
2.000       2.8274334       4.2511998       4.8680936
2.000       2.8902652       4.1578585       5.0857272
2.000       2.9530971       3.9969739       5.2147651
2.000       3.0159289       3.9144243       5.4400323
2.000       3.0787608       3.7707297       5.5747258
2.000       3.1415927       3.6856838       5.7894586
2.000       3.2044245       3.5848371       5.9757143
2.000       3.2672564       3.5313611       6.2396758
2.000       3.3300882       3.4504535       6.4552587
2.000       3.3929201       3.3392696       6.6075831
2.000       3.4557519       3.2413619       6.7768123
2.000       3.5185838       3.1781157       7.0136428
2.000       3.5814156       3.0744145       7.1547893
2.000       3.6442475       2.9911649       7.3338867
2.000       3.7070793       2.9365491       7.5788475
2.000       3.7699112       2.8503707       7.7368640
2.000       3.8327430       2.7898386       7.9575329
2.000       3.8955749       2.7287236       8.1723033
2.000       3.9584067       2.6396224       8.2941772
2.000       4.0212386       2.6247375       8.6464069
2.000       4.1469023       2.5043649       9.0477225
2.000       4.2725660       2.4090235       9.5186998
2.000       4.3982297       2.3078110       9.9472773
2.000       4.5238934       2.2215596       10.419943
2.000       4.6495571       2.1594108       10.996141
2.000       4.7752208       2.0486117       11.300829
2.000       4.9008845       1.9840003       11.831380
2.000       5.0265482       1.9177492       12.338763
2.000       5.1522120       1.8497514       12.816362
2.000       5.2778757       1.7547514       13.069631
2.000       5.4035394       1.6899729       13.507811
2.000       5.5292031       1.6632698       14.243626
2.000       5.6548668       1.6270957       14.905635
2.000       5.7805305       1.5640003       15.304184
2.000       5.9061942       1.4747738       15.392843
2.000       6.0318579       1.4498207       16.118991
2.000       6.1575216       1.3997941       16.555879
2.000       6.2831853       1.3599664       17.089842
2.000       6.4088490       1.3251074       17.671013
2.000       6.5345127       1.2772615       18.054676
2.000       6.6601764       1.2169641       18.213996
2.000       6.7858401       1.1777228       18.643361
2.000       6.9115038       1.1500033       19.234771
2.000       7.0371675       1.1240635       19.845169
2.000       7.1628313       1.0906370       20.305077
2.000       7.2884950       1.0687316       20.962954
2.000       7.4141587       1.0085296       20.823059
2.000       7.5398224       1.0007315       21.730574
2.000       7.6654861      0.96383556       21.993396
2.000       7.7911498      0.94229258       22.576712
2.000       7.9168135      0.91746307       23.062697
2.000       8.0424772      0.89703488       23.640089
2.000       8.2938046      0.84364741       24.383309
2.000       8.5451320      0.80185240       25.346676
2.000       8.7964594      0.76832306       26.493409
2.000       9.0477868      0.71658606       26.888445
2.000       9.2991143      0.68069587       27.729889
2.000       9.5504417      0.64762704       28.580222
2.000       9.8017691      0.61117310       29.157339
2.000       10.053096      0.58675397       30.201315
2.000       10.304424      0.55806228       30.933145
2.000       10.555751      0.52268585       31.144291
2.000       10.807079      0.50824931       32.499150
2.000       11.058406      0.47835749       32.771811
2.000       11.309734      0.46811561       34.306823
2.000       11.561061      0.45133913       35.331846
2.000       11.812388      0.42658249       35.619387
2.000       12.063716      0.40920991       36.396506
2.000       12.315043      0.39180942       37.072592
2.000       12.566371      0.36692073       36.886895
2.000       12.817698      0.35695323       38.081293
2.000       13.069025      0.34240927       38.720895
2.000       13.320353      0.32785834       39.255787
2.000       13.571680      0.31706948       40.153699
2.000       13.823008      0.30507237       40.820732
2.000       14.074335      0.29588141       41.789926
2.000       14.325663      0.28672801       42.705570
2.000       14.576990      0.27364818       42.940429
2.000       14.828317      0.26215475       43.301565
2.000       15.079645      0.25676751       44.605013
2.000       15.330972      0.24503284       44.730488
2.000       15.582300      0.23488337       45.021212
2.000       15.833627      0.22609830       45.468307
2.000       16.084954      0.22170358       46.741481
2.000       16.587609      0.20574752       47.572530
2.000       17.090264      0.19121693       48.355169
2.000       17.592919      0.18438948       50.865123
2.000       18.095574      0.17169847       51.541107
2.000       18.598229      0.15910335       51.851856
2.000       19.100883      0.15078105       53.232564
2.000       19.603538      0.14522919       55.427792
2.000       20.106193      0.13454398       55.401825
2.000       20.608848      0.12887745       57.148959
2.000       21.111503      0.12122800       57.787063
2.000       21.614157      0.11277759       57.690989
2.000       22.116812      0.10730033       58.808338
2.000       22.619467      0.10227257       59.962056
2.000       23.122122     0.097998752       61.372507
2.000       23.624777     0.092827611       62.008407
2.000       24.127432     0.087607042       62.336520
2.000       24.630086     0.083962327       63.555411
2.000       25.132741     0.079770875       64.155544
2.000       25.635396     0.076351527       65.164052
2.000       26.138051     0.073113005       66.143091
2.000       26.640706     0.069819673       66.878303
2.000       27.143361     0.066215695       67.084478
2.000       27.646015     0.064493331       69.037126
2.000       28.148670     0.061187073       69.135894
2.000       28.651325     0.058037963       69.153881
2.000       29.153980     0.055777003       70.019496
2.000       29.656635     0.053703783       70.964433
2.000       30.159289     0.051198879       71.153134
2.000       30.661944     0.049837748       72.782629
2.000       31.164599     0.047252299       72.456580
2.000       31.667254     0.045607276       73.372887
2.000       32.169909     0.043260104       72.963777
2.000       33.175218     0.039635363       73.315277
2.000       34.180528     0.037801106       76.473517
2.000       35.185838     0.034260538       75.608066
2.000       36.191147     0.032095666       77.076806
2.000       37.196457     0.029648142       77.298749
2.000       38.201767     0.028427717       80.290207
2.000       39.207076     0.026700904       81.524774
2.000       40.212386     0.024242182       79.858563
2.000       41.217696     0.023235936       82.429290
2.000       42.223005     0.021765532       83.001699
2.000       43.228315     0.020638910       84.462114
2.000       44.233625     0.018785699       82.367372
2.000       45.238934     0.017894030       83.929671
2.000       46.244244     0.017054272       85.443000
2.000       47.249554     0.015991540       85.458189
2.000       48.254863     0.014887200       84.743527
2.000       49.260173     0.014311571       86.665322
2.000       50.265482     0.013391147       86.158394
2.000       51.270792     0.012598199       86.017894
2.000       52.276102     0.011970288       86.633215
2.000       53.281411     0.011235649       86.098500
2.000       54.286721     0.010768191       87.275802
2.000       55.292031    0.0099581390       85.277815
2.000       56.297340    0.0096868857       87.562483
2.000       57.302650    0.0092710169       88.373438
2.000       58.307960    0.0084885350       85.248459
2.000       59.313269    0.0082297627       86.998780
2.000       60.318579    0.0080105137       89.060254
2.000       61.323889    0.0073236395       85.563053
2.000       62.329198    0.0069757202       85.572444
2.000       63.334508    0.0068717536       88.442099
2.000       64.339818    0.0063677602       85.920428
2.000       66.350437    0.0060647297       89.745581
2.000       68.361056    0.0051327532       83.070520
2.000       70.371675    0.0048846953       86.238543
2.000       72.382295    0.0045689010       87.776659
2.000       74.392914    0.0041099160       85.723110
2.000       76.403533    0.0038760839       87.579762
2.000       78.414153    0.0033439045       81.678450
2.000       80.424772    0.0031618798       83.326882
2.000       82.435391    0.0028898521       82.013809
2.000       84.446011    0.0027405145       83.606448
2.000       86.456630    0.0025565602       83.699177
2.000       88.467249    0.0021992098       77.140863
2.000       90.477868    0.0021791570       81.768467
2.000       92.488488    0.0019289829       77.314629
2.000       94.499107    0.0018976520       81.127846
2.000       96.509726    0.0016694737       76.026165
2.000       98.520346    0.0015533505       75.251907
2.000       100.53096    0.0014340005       73.810665
2.000       102.54158    0.0014615910       79.835524
2.000       104.55220    0.0012530106       72.547857
2.000       106.56282    0.0011868016       72.755447
2.000       108.57344    0.0011650975       75.544586
2.000       110.58406    0.0010346474       70.882694
2.000       112.59468   0.00099543799       71.984351
2.000       114.60530   0.00084121496       64.149216
2.000       116.61592   0.00087756447       70.505470
2.000       118.62654   0.00077257497       65.336591
2.000       120.63716   0.00075165994       66.855163
2.000       122.64778   0.00081045329       75.749068
2.000       124.65840   0.00069829729       68.529131
2.000       126.66902   0.00061631185       63.457355
2.000       128.67964   0.00063673823       68.732264
2.000       132.70087   0.00060957424       72.163604
2.000       136.72211   0.00044444168       57.544169
2.000       140.74335   0.00035070313       49.532878
2.000       144.76459   0.00048120652       73.958619
2.000       148.78583   0.00040612057       67.765703
2.000       152.80707   0.00043871541       79.301876
2.000       156.82831   0.00027676589       54.082426
2.000       160.84954   0.00038636538       81.456917
2.000       164.87078   0.00031909741       72.447705
2.000       168.89202   0.00026313018       64.219708
2.000       172.91326   0.00027076942       70.917720
2.000       176.93450   0.00023104363       64.833850
2.000       180.95574   0.00021630253       64.930527
2.000       184.97698   0.00031948008       102.43941
2.000       188.99821   2.6853895e-05       9.1843968
2.000       193.01945   0.00011486074       41.845149
2.000       197.04069  -1.8873501e-05      -7.3145986
2.000       201.06193   0.00017940680       73.875205
2.000       205.08317   2.5229286e-05       11.024662
2.000       209.10441   6.9705852e-05       32.287101
2.000       213.12565   8.3159911e-05       40.784150
2.000       217.14688   0.00017182567       89.129017
2.000       221.16812   8.7700357e-05       48.066136
2.000       225.18936   7.6400168e-05       44.198566
2.000       229.21060   5.3369450e-05       32.558702
2.000       233.23184   8.1128786e-05       52.144528
2.000       237.25308  -2.9803244e-05      -20.163660
2.000       241.27432   2.1483403e-05       15.286449
2.000       245.29555   0.00012330395       92.196894
2.000       249.31679  -6.8611619e-06      -5.3866967
2.000       253.33803   3.3211053e-05       27.356093
2.000       257.35927   6.0274554e-05       52.050357
2.000       265.40175   0.00012618531       119.50619
2.000       273.44422  -2.1583860e-05      -22.356594
2.000       281.48670  -1.3898722e-05      -15.704307
2.000       289.52918  -1.7873312e-05      -21.976185
2.000       297.57166   6.1679993e-05       82.335905
2.000       305.61413   0.00013218455       191.14866
2.000       313.65661  -1.5796991e-05      -24.694940
2.000       321.69909   0.00013530283       228.20577
2.000       329.74156   2.0666755e-06       3.7537352
2.000       337.78404  -1.9164543e-05      -37.418478
2.000       345.82652  -9.2560603e-06      -19.394175
2.000       353.86900   2.6833742e-05       60.239179
2.000       361.91147   5.7558522e-05       138.22511
2.000       369.95395  -1.2880839e-05      -33.041323
2.000       377.99643  -4.5354719e-05      -124.09544
2.000       386.03891  -4.6070813e-05      -134.27321
2.000       394.08138  -2.7460262e-05      -85.139813
2.000       402.12386   2.4305988e-05       80.068751
2.000       410.16634  -4.9901718e-05      -174.44792
2.000       418.20881   4.1360557e-05       153.26260
2.000       426.25129   4.3519812e-05       170.74752
2.000       434.29377  -2.9670242e-05      -123.12384
2.000       442.33625  -2.8300086e-05      -124.08394
2.000       450.37872  -5.9647028e-05      -276.05312
2.000       458.42120   8.0906106e-05       394.86227
2.000       466.46368  -4.8905918e-05      -251.46941
2.000       474.50615   4.7074117e-06       25.478743
2.000       482.54863  -2.8350916e-05      -161.38405
2.000       490.59111   1.2744636e-05       76.235406
2.000       498.63359   2.6652392e-05       167.39829
2.000       506.67606   1.8854540e-05       124.24456
2.000       514.71854   2.2057363e-05       152.38187
1.750     0.062831853       584.06206    0.0073395403
1.750      0.12566371       902.64166     0.090743437
1.750      0.18849556       341.74009      0.11594968
1.750      0.25132741       243.58351      0.19590148
1.750      0.31415927       158.86990      0.24955225
1.750      0.37699112       117.28503      0.31835099
1.750      0.43982297       87.180195      0.37576975
1.750      0.50265482       69.246657      0.44553172
1.750      0.56548668       55.004726      0.50389192
1.750      0.62831853       49.183558      0.61805881
1.750      0.69115038       43.327090      0.72468195
1.750      0.75398224       34.693999      0.75336938
1.750      0.81681409       32.181247      0.88847004
1.750      0.87964594       28.196563      0.97227731
1.750      0.94247780       25.632137       1.0870974
1.750       1.0053096       23.221056       1.1952308
1.750       1.0681415       21.033614       1.2985854
1.750       1.1309734       19.269496       1.4122050
1.750       1.1938052       18.598136       1.6030242
1.750       1.2566371       16.753427       1.6842382
1.750       1.3194689       15.952692       1.8565290
1.750       1.3823008       14.876758       1.9906100
1.750       1.4451326       13.627673       2.0836035
1.750       1.5079645       13.154917       2.2852393
1.750       1.5707963       12.203914       2.3962329
1.750       1.6336282       11.686696       2.5812001
1.750       1.6964600       11.369025       2.8120587
1.750       1.7592919       10.848940       2.9927557
1.750       1.8221237       10.319932       3.1628654
1.750       1.8849556       9.9017156       3.3595729
1.750       1.9477874       9.4417483       3.5346577
1.750       2.0106193       9.1885618       3.7836185
1.750       2.0734512       8.5490057       3.8607110
1.750       2.1362830       8.3197244       4.1091837
1.750       2.1991149       8.0795811       4.3531421
1.750       2.2619467       7.6733743       4.4988732
1.750       2.3247786       7.5795757       4.8245846
1.750       2.3876104       7.2194989       4.9781469
1.750       2.4504423       7.1594184       5.3368061
1.750       2.5132741       6.7514591       5.4298456
1.750       2.5761060       6.6806331       5.7860083
1.750       2.6389378       6.3880067       5.9473446
1.750       2.7017697       6.2669404       6.2613905
1.750       2.7646015       6.1240044       6.5554633
1.750       2.8274334       5.8690477       6.7207082
1.750       2.8902652       5.7765671       7.0656672
1.750       2.9530971       5.5226459       7.2052762
1.750       3.0159289       5.4586065       7.5860442
1.750       3.0787608       5.2777647       7.8027578
1.750       3.1415927       5.0993518       8.0100431
1.750       3.2044245       4.9954784       8.3271709
1.750       3.2672564       4.8614737       8.5898946
1.750       3.3300882       4.7898677       8.9610932
1.750       3.3929201       4.6489910       9.1991955
1.750       3.4557519       4.5535713       9.5202878
1.750       3.5185838       4.4800406       9.8868032
1.750       3.5814156       4.3529514       10.130205
1.750       3.6442475       4.2097286       10.321622
1.750       3.7070793       4.1033564       10.590224
1.750       3.7699112       3.9693447       10.774136
1.750       3.8327430       3.9027419       11.131898
1.750       3.8955749       3.8185178       11.436148
1.750       3.9584067       3.6869671       11.585126
1.750       4.0212386       3.6352140       11.975117
1.750       4.1469023       3.4726219       12.545824
1.750       4.2725660       3.3032769       13.052136
1.750       4.3982297       3.1692947       13.660500
1.750       4.5238934       3.0638141       14.370430
1.750       4.6495571       2.8936978       14.735273
1.750       4.7752208       2.7900132       15.390648
1.750       4.9008845       2.6765579       15.961376
1.750       5.0265482       2.6362092       16.961322
1.750       5.1522120       2.5186396       17.450885
1.750       5.2778757       2.4072171       17.929286
1.750       5.4035394       2.2809185       18.231189
1.750       5.5292031       2.2602060       19.355567
1.750       5.6548668       2.1890691       20.053809
1.750       5.7805305       2.1040098       20.588329
1.750       5.9061942       2.0023338       20.899211
1.750       6.0318579       1.9566759       21.754167
1.750       6.1575216       1.8682059       22.095958
1.750       6.2831853       1.8301345       22.998149
1.750       6.4088490       1.7650054       23.537287
1.750       6.5345127       1.6991435       24.018172
1.750       6.6601764       1.6486869       24.675482
1.750       6.7858401       1.5811196       25.029136
1.750       6.9115038       1.5270354       25.540949
1.750       7.0371675       1.4905678       26.315745
1.750       7.1628313       1.4737117       27.437020
1.750       7.2884950       1.4233109       27.917956
1.750       7.4141587       1.3669444       28.223231
1.750       7.5398224       1.3353331       28.996343
1.750       7.6654861       1.2838070       29.294702
1.750       7.7911498       1.2472168       29.882495
1.750       7.9168135       1.2352928       31.052132
1.750       8.0424772       1.1923436       31.422534
1.750       8.2938046       1.1109229       32.108172
1.750       8.5451320       1.0588767       33.471254
1.750       8.7964594      0.99736301       34.391192
1.750       9.0477868      0.95182695       35.715385
1.750       9.2991143      0.88271423       35.959624
1.750       9.5504417      0.85781985       37.856174
1.750       9.8017691      0.80925242       38.607143
1.750       10.053096      0.77560896       39.922031
1.750       10.304424      0.73390786       40.680188
1.750       10.555751      0.70770227       42.168514
1.750       10.807079      0.65925564       42.154997
1.750       11.058406      0.62779314       43.009504
1.750       11.309734      0.59846285       43.859591
1.750       11.561061      0.58157783       45.527224
1.750       11.812388      0.56391435       47.086516
1.750       12.063716      0.53163191       47.285130
1.750       12.315043      0.51483819       48.713443
1.750       12.566371      0.49231018       49.492418
1.750       12.817698      0.46460865       49.566432
1.750       13.069025      0.44629945       50.469177
1.750       13.320353      0.42682500       51.105459
1.750       13.571680      0.41005384       51.929244
1.750       13.823008      0.39676834       53.090267
1.750       14.074335      0.38307756       54.105402
1.750       14.325663      0.37138269       55.314127
1.750       14.576990      0.35443580       55.617492
1.750       14.828317      0.34284883       56.630258
1.750       15.079645      0.32983076       57.297377
1.750       15.330972      0.31604315       57.693346
1.750       15.582300      0.30596190       58.645172
1.750       15.833627      0.29382782       59.088694
1.750       16.084954      0.28639566       60.380430
1.750       16.587609      0.26944276       62.300017
1.750       17.090264      0.25118922       63.521037
1.750       17.592919      0.23089465       63.693897
1.750       18.095574      0.22235042       66.746007
1.750       18.598229      0.20333854       66.268127
1.750       19.100883      0.19145161       67.591118
1.750       19.603538      0.18427981       70.331748
1.750       20.106193      0.17148482       70.613131
1.750       20.608848      0.16466926       73.020353
1.750       21.111503      0.15542875       74.089905
1.750       21.614157      0.14382521       73.573297
1.750       22.116812      0.13749675       75.358158
1.750       22.619467      0.13020060       76.336170
1.750       23.122122      0.12398047       77.643765
1.750       23.624777      0.11946886       79.804632
1.750       24.127432      0.11377210       80.954183
1.750       24.630086      0.10850003       82.129260
1.750       25.132741      0.10201493       82.045273
1.750       25.635396     0.097544501       83.251707
1.750       26.138051     0.092848278       83.996987
1.750       26.640706     0.088971228       85.223040
1.750       27.143361     0.085421437       86.542209
1.750       27.646015     0.082116047       87.901427
1.750       28.148670     0.077605135       87.686829
1.750       28.651325     0.074119939       88.316012
1.750       29.153980     0.071578246       89.855539
1.750       29.656635     0.069027640       91.213451
1.750       30.159289     0.065941152       91.641061
1.750       30.661944     0.063557559       92.818927
1.750       31.164599     0.060000049       92.003956
1.750       31.667254     0.059065619       95.024640
1.750       32.169909     0.056826859       95.845869
1.750       33.175218     0.052679058       97.442773
1.750       34.180528     0.048439195       97.994902
1.750       35.185838     0.046216494       101.99313
1.750       36.191147     0.041531814       99.737440
1.750       37.196457     0.037944498       98.929041
1.750       38.201767     0.036393587       102.78872
1.750       39.207076     0.034481830       105.28195
1.750       40.212386     0.031322777       103.18345
1.750       41.217696     0.028679169       101.73911
1.750       42.223005     0.027540388       105.02380
1.750       43.228315     0.026003250       106.41499
1.750       44.233625     0.024193465       106.07814
1.750       45.238934     0.022856801       107.20691
1.750       46.244244     0.021292606       106.67733
1.750       47.249554     0.019992780       106.84066
1.750       48.254863     0.019225736       109.44011
1.750       49.260173     0.017909245       108.45144
1.750       50.265482     0.017058408       109.75348
1.750       51.270792     0.015845312       108.18851
1.750       52.276102     0.015096502       109.25874
1.750       53.281411     0.014474098       110.91465
1.750       54.286721     0.013738783       111.35235
1.750       55.292031     0.012935419       110.77414
1.750       56.297340     0.012178769       110.08732
1.750       57.302650     0.011881045       113.25281
1.750       58.307960     0.011264008       113.12191
1.750       59.313269     0.010702987       113.14382
1.750       60.318579     0.010225889       113.69062
1.750       61.323889    0.0095748818       111.86462
1.750       62.329198    0.0092434701       113.39135
1.750       63.334508    0.0086067561       110.77224
1.750       64.339818    0.0084760721       114.36796
1.750       66.350437    0.0076627908       113.39361
1.750       68.361056    0.0069851613       113.05063
1.750       70.371675    0.0065517255       115.66970
1.750       72.382295    0.0058735290       112.84087
1.750       74.392914    0.0050641589       105.62636
1.750       76.403533    0.0047425862       107.15830
1.750       78.414153    0.0044609357       108.96313
1.750       80.424772    0.0044052663       116.09458
1.750       82.435391    0.0036629946       103.95554
1.750       84.446011    0.0034547657       105.39652
1.750       86.456630    0.0032242218       105.55774
1.750       88.467249    0.0030192988       105.90682
1.750       90.477868    0.0026706177       100.20954
1.750       92.488488    0.0027068392       108.49151
1.750       94.499107    0.0022710849       97.092738
1.750       96.509726    0.0021854861       99.524857
1.750       98.520346    0.0020168979       97.708413
1.750       100.53096    0.0019464765       100.18875
1.750       102.54158    0.0017060996       93.191155
1.750       104.55220    0.0016561997       95.892033
1.750       106.56282    0.0015256214       93.526389
1.750       108.57344    0.0014060490       91.167811
1.750       110.58406    0.0013657400       93.565535
1.750       112.59468    0.0014157412       102.37826
1.750       114.60530    0.0011733862       89.479868
1.750       116.61592    0.0010376745       83.369064
1.750       118.62654   0.00098211588       83.057445
1.750       120.63716   0.00097284707       86.528291
1.750       122.64778   0.00088997278       83.181362
1.750       124.65840   0.00082211805       80.680587
1.750       126.66902   0.00087359968       89.948498
1.750       128.67964   0.00081484290       87.957648
1.750       132.70087   0.00053893400       63.800957
1.750       136.72211   0.00069738643       90.294237
1.750       140.74335   0.00051246882       72.380464
1.750       144.76459   0.00060682024       93.264710
1.750       148.78583   0.00056616353       94.470638
1.750       152.80707   0.00033931114       61.333633
1.750       156.82831   0.00035663339       69.689222
1.750       160.84954   0.00037162746       78.349739
1.750       164.87078   0.00037477735       85.089248
1.750       168.89202   0.00038926637       95.004580
1.750       172.91326   0.00014595201       38.226562
1.750       176.93450   0.00013434411       37.698705
1.750       180.95574   0.00025499411       76.545115
1.750       184.97698   0.00017637269       56.552865
1.750       188.99821   0.00011763249       40.231911
1.750       193.01945   0.00020528872       74.789149
1.750       197.04069   0.00031644083       122.63955
1.750       201.06193   8.4101279e-05       34.630790
1.750       205.08317   0.00012052383       52.666351
1.750       209.10441   0.00021257820       98.464241
1.750       213.12565   0.00015442847       75.736420
1.750       217.14688   0.00013173270       68.332084
1.750       221.16812   7.9338894e-05       43.483450
1.750       225.18936   1.3121743e-05       7.5911116
1.750       229.21060   0.00011582474       70.660332
1.750       233.23184   5.5708621e-05       35.806030
1.750       237.25308   0.00015600724       105.54814
1.750       241.27432   7.4284625e-05       52.856996
1.750       245.29555   3.2326376e-05       24.171094
1.750       249.31679   0.00012268521       96.320130
1.750       253.33803   8.9265122e-05       73.528082
1.750       257.35927   5.4517939e-05       47.079207
1.750       265.40175   0.00013470003       127.57022
1.750       273.44422   6.2759137e-05       65.006006
1.750       281.48670   0.00014664578       165.69655
1.750       289.52918   7.8148494e-05       96.087720
1.750       297.57166   0.00015985925       213.39425
1.750       305.61413  -4.3647178e-05      -63.117055
1.750       313.65661  -5.4227666e-05      -84.772406
1.750       321.69909   4.0485660e-05       68.284317
1.750       329.74156  -2.5172834e-05      -45.721815
1.750       337.78404   9.0393550e-05       176.49203
1.750       345.82652  -7.1935848e-05      -150.72681
1.750       353.86900   6.2674694e-05       140.69868
1.750       361.91147   2.0269897e-05       48.677566
1.750       369.95395   0.00010850338       278.32776
1.750       377.99643   3.6561916e-06       10.003738
1.750       386.03891   1.7023469e-05       49.614835
1.750       394.08138   0.00011326453       351.17367
1.750       402.12386   1.1031313e-05       36.339338
1.750       410.16634  -2.5530459e-06      -8.9250144
1.750       418.20881  -0.00017893153      -663.03535
1.750       426.25129   8.0974888e-06       31.770038
1.750       434.29377   8.2759766e-05       343.43164
1.750       442.33625   4.8529319e-05       212.78061
1.750       450.37872  -1.6883236e-05      -78.137504
1.750       458.42120   1.5564476e-05       75.962431
1.750       466.46368  -5.6080924e-05      -288.36259
1.750       474.50615   3.8228786e-05       206.91230
1.750       482.54863  -1.1512569e-05      -65.533865
1.750       490.59111   7.2996779e-05       436.64951
1.750       498.63359  -2.2939269e-05      -144.07692
1.750       506.67606   2.3877503e-05       157.34405
1.750       514.71854   2.8242672e-05       195.11267
1.500     0.062831853       693.10118    0.0087097663
1.500      0.12566371       1072.9211      0.10786179
1.500      0.18849556       407.56527      0.13828364
1.500      0.25132741       294.26092      0.23665867
1.500      0.31415927       194.24315      0.30511642
1.500      0.37699112       143.93873      0.39069809
1.500      0.43982297       107.92924      0.46520363
1.500      0.50265482       86.346292      0.55555047
1.500      0.56548668       69.324053      0.63506962
1.500      0.62831853       62.375622      0.78383519
1.500      0.69115038       55.488949      0.92809924
1.500      0.75398224       44.817774      0.97320400
1.500      0.81681409       41.657769       1.1501009
1.500      0.87964594       36.488112       1.2581875
1.500      0.94247780       33.446608       1.4185209
1.500       1.0053096       30.381938       1.5638147
1.500       1.0681415       27.623377       1.7054280
1.500       1.1309734       25.376190       1.8597467
1.500       1.1938052       24.748408       2.1331330
1.500       1.2566371       22.393733       2.2512636
1.500       1.3194689       21.567920       2.5100133
1.500       1.3823008       19.966554       2.6716590
1.500       1.4451326       18.317972       2.8007269
1.500       1.5079645       17.900138       3.1095674
1.500       1.5707963       16.481479       3.2361308
1.500       1.6336282       15.873793       3.5059897
1.500       1.6964600       15.474794       3.8275956
1.500       1.7592919       14.715131       4.0592715
1.500       1.8221237       14.214636       4.3565190
1.500       1.8849556       13.632848       4.6255163
1.500       1.9477874       13.091058       4.9008304
1.500       2.0106193       12.706387       5.2321704
1.500       2.0734512       11.765754       5.3133871
1.500       2.1362830       11.400841       5.6309740
1.500       2.1991149       11.110056       5.9859106
1.500       2.2619467       10.587040       6.2071457
1.500       2.3247786       10.396542       6.6176521
1.500       2.3876104       9.9840197       6.8843998
1.500       2.4504423       9.9043912       7.3829762
1.500       2.5132741       9.3625568       7.5298149
1.500       2.5761060       9.2254837       7.9900699
1.500       2.6389378       8.8477571       8.2374146
1.500       2.7017697       8.6627482       8.6550767
1.500       2.7646015       8.4799243       9.0773665
1.500       2.8274334       8.1450254       9.3269543
1.500       2.8902652       8.0562752       9.8541156
1.500       2.9530971       7.7329977       10.089074
1.500       3.0159289       7.5007615       10.424109
1.500       3.0787608       7.3446475       10.858481
1.500       3.1415927       7.0801731       11.121510
1.500       3.2044245       6.8973204       11.497430
1.500       3.2672564       6.6929421       11.825975
1.500       3.3300882       6.5842284       12.318061
1.500       3.3929201       6.3867358       12.637760
1.500       3.4557519       6.2444191       13.055394
1.500       3.5185838       6.1462659       13.563922
1.500       3.5814156       6.0663165       14.117555
1.500       3.6442475       5.8549400       14.355433
1.500       3.7070793       5.6441771       14.566880
1.500       3.7699112       5.5228851       14.990966
1.500       3.8327430       5.3996055       15.401443
1.500       3.8955749       5.2949752       15.858016
1.500       3.9584067       5.1410553       16.154138
1.500       4.0212386       5.0457847       16.621817
1.500       4.1469023       4.7421357       17.132299
1.500       4.2725660       4.6050708       18.195874
1.500       4.3982297       4.4329821       19.107328
1.500       4.5238934       4.2014876       19.706543
1.500       4.6495571       4.0056657       20.397631
1.500       4.7752208       3.8127754       21.032547
1.500       4.9008845       3.7057486       22.098848
1.500       5.0265482       3.6272025       23.337355
1.500       5.1522120       3.4531946       23.926131
1.500       5.2778757       3.3213378       24.737783
1.500       5.4035394       3.1978134       25.559852
1.500       5.5292031       3.1608982       27.068762
1.500       5.6548668       2.9552187       27.072416
1.500       5.7805305       2.9059389       28.435431
1.500       5.9061942       2.7766232       28.980800
1.500       6.0318579       2.6361636       29.308657
1.500       6.1575216       2.5225670       29.835327
1.500       6.2831853       2.4933781       31.332713
1.500       6.4088490       2.3854499       31.811247
1.500       6.5345127       2.3269744       32.892848
1.500       6.6601764       2.2507976       33.687122
1.500       6.7858401       2.1409000       33.890464
1.500       6.9115038       2.0741494       34.691890
1.500       7.0371675       2.0164462       35.600046
1.500       7.1628313       1.9735379       36.742600
1.500       7.2884950       1.9021450       37.310190
1.500       7.4141587       1.8352826       37.892986
1.500       7.5398224       1.7735426       38.511925
1.500       7.6654861       1.7065294       38.940645
1.500       7.7911498       1.6711278       40.039124
1.500       7.9168135       1.6154387       40.608035
1.500       8.0424772       1.5693934       41.359149
1.500       8.2938046       1.4644810       42.326798
1.500       8.5451320       1.3932954       44.042281
1.500       8.7964594       1.3241787       45.660491
1.500       9.0477868       1.2333253       46.278043
1.500       9.2991143       1.1890460       48.438832
1.500       9.5504417       1.1154495       49.225544
1.500       9.8017691       1.0543381       50.299489
1.500       10.053096      0.99220810       51.070790
1.500       10.304424      0.94786145       52.539540
1.500       10.555751      0.90840970       54.127687
1.500       10.807079      0.86318744       55.195073
1.500       11.058406      0.81666109       55.948665
1.500       11.309734      0.79892874       58.551149
1.500       11.561061      0.74973227       58.690734
1.500       11.812388      0.72565985       60.592170
1.500       12.063716      0.67670249       60.188196
1.500       12.315043      0.66381561       62.809529
1.500       12.566371      0.61754352       62.082246
1.500       12.817698      0.58945938       62.886040
1.500       13.069025      0.56908810       64.354568
1.500       13.320353      0.55991756       67.041163
1.500       13.571680      0.52517929       66.508739
1.500       13.823008      0.51569746       69.003782
1.500       14.074335      0.49823003       70.369395
1.500       14.325663      0.47283755       70.424920
1.500       14.576990      0.45667997       71.661482
1.500       14.828317      0.44188719       72.988979
1.500       15.079645      0.42081188       73.102391
1.500       15.330972      0.40541261       74.007647
1.500       15.582300      0.39483872       75.680613
1.500       15.833627      0.38303874       77.028987
1.500       16.084954      0.36552884       77.063975
1.500       16.587609      0.34290322       79.285398
1.500       17.090264      0.31533302       79.741798
1.500       17.592919      0.30521326       84.195205
1.500       18.095574      0.28436084       85.360531
1.500       18.598229      0.25977771       84.661679
1.500       19.100883      0.24592081       86.821221
1.500       19.603538      0.23262373       88.782561
1.500       20.106193      0.22302915       91.837792
1.500       20.608848      0.20589235       91.300175
1.500       21.111503      0.19645623       93.646921
1.500       21.614157      0.18979822       97.090629
1.500       22.116812      0.17365062       95.173092
1.500       22.619467      0.16776234       98.358485
1.500       23.122122      0.15720959       98.453771
1.500       23.624777      0.15154766       101.23312
1.500       24.127432      0.14355638       102.14710
1.500       24.630086      0.13778808       104.29889
1.500       25.132741      0.13008287       104.61885
1.500       25.635396      0.12425548       106.04883
1.500       26.138051      0.11912626       107.76987
1.500       26.640706      0.11493588       110.09385
1.500       27.143361      0.10995537       111.39804
1.500       27.646015      0.10524827       112.66340
1.500       28.148670     0.098169448       110.92265
1.500       28.651325     0.094255501       112.30810
1.500       29.153980     0.090913727       114.12828
1.500       29.656635     0.086787082       114.68086
1.500       30.159289     0.082348577       114.44312
1.500       30.661944     0.080440041       117.47396
1.500       31.164599     0.076723478       117.64763
1.500       31.667254     0.073607881       118.42020
1.500       32.169909     0.071478582       120.55790
1.500       33.175218     0.065773943       121.66496
1.500       34.180528     0.060971698       123.34878
1.500       35.185838     0.056364182       124.38762
1.500       36.191147     0.053396341       128.22976
1.500       37.196457     0.049033300       127.83981
1.500       38.201767     0.045106862       127.39818
1.500       39.207076     0.042814222       130.72291
1.500       40.212386     0.041027768       135.15362
1.500       41.217696     0.038703780       137.30134
1.500       42.223005     0.035174040       134.13433
1.500       43.228315     0.032669470       133.69565
1.500       44.233625     0.031510394       138.15980
1.500       45.238934     0.028922549       135.65753
1.500       46.244244     0.027686353       138.71041
1.500       47.249554     0.025794947       137.84722
1.500       48.254863     0.024370302       138.72491
1.500       49.260173     0.023168537       140.29967
1.500       50.265482     0.021816605       140.36764
1.500       51.270792     0.020783576       141.90595
1.500       52.276102     0.019670269       142.36071
1.500       53.281411     0.018611042       142.61595
1.500       54.286721     0.017623298       142.83620
1.500       55.292031     0.016442530       140.80774
1.500       56.297340     0.015822881       143.02747
1.500       57.302650     0.014949164       142.49882
1.500       58.307960     0.014428047       144.89765
1.500       59.313269     0.013529563       143.02423
1.500       60.318579     0.012807603       142.39391
1.500       61.323889     0.012225041       142.82678
1.500       62.329198     0.011829526       145.11498
1.500       63.334508     0.011325480       145.76326
1.500       64.339818     0.010597908       142.99797
1.500       66.350437    0.0093716400       138.68108
1.500       68.361056    0.0086137066       139.40766
1.500       70.371675    0.0080739164       142.54375
1.500       72.382295    0.0074447674       143.02713
1.500       74.392914    0.0071131648       148.36376
1.500       76.403533    0.0061654297       139.30732
1.500       78.414153    0.0055900657       136.54334
1.500       80.424772    0.0051258863       135.08550
1.500       82.435391    0.0048160089       136.67801
1.500       84.446011    0.0044672912       136.28622
1.500       86.456630    0.0040884520       133.85175
1.500       88.467249    0.0038424195       134.77912
1.500       90.477868    0.0035420773       132.90930
1.500       92.488488    0.0031670567       126.93726
1.500       94.499107    0.0031147375       133.16032
1.500       96.509726    0.0028768015       131.00667
1.500       98.520346    0.0025668175       124.34921
1.500       100.53096    0.0025264288       130.03998
1.500       102.54158    0.0022454706       122.65286
1.500       104.55220    0.0021962900       127.16263
1.500       106.56282    0.0018774812       115.09674
1.500       108.57344    0.0018901114       122.55428
1.500       110.58406    0.0018312616       125.45797
1.500       112.59468    0.0015983526       115.58367
1.500       114.60530    0.0015067843       114.90408
1.500       116.61592    0.0014152700       113.70592
1.500       118.62654    0.0013858313       117.19961
1.500       120.63716    0.0012640577       112.42955
1.500       122.64778    0.0012897001       120.54190
1.500       124.65840    0.0010902939       106.99869
1.500       126.66902    0.0011735061       120.82778
1.500       128.67964    0.0010065009       108.64603
1.500       132.70087   0.00083022219       98.284706
1.500       136.72211   0.00088747038       114.90539
1.500       140.74335   0.00080810039       114.13510
1.500       144.76459   0.00066833717       102.71950
1.500       148.78583   0.00053589317       89.419694
1.500       152.80707   0.00030828197       55.724824
1.500       156.82831   0.00037942807       74.143497
1.500       160.84954   0.00042442093       89.480120
1.500       164.87078   0.00041336608       93.850413
1.500       168.89202   0.00044794292       109.32521
1.500       172.91326   0.00034566636       90.534116
1.500       176.93450   0.00024313501       68.226848
1.500       180.95574   0.00027687893       83.114583
1.500       184.97698   0.00027591334       88.469992
1.500       188.99821   0.00033575408       114.83246
1.500       193.01945   0.00024583156       89.559390
1.500       197.04069   0.00019203925       74.426574
1.500       201.06193   0.00015398498       63.407138
1.500       205.08317   0.00018846828       82.356633
1.500       209.10441   0.00026380433       122.19171
1.500       213.12565   0.00011617463       56.975573
1.500       217.14688   0.00013883766       72.017553
1.500       221.16812   0.00014415114       79.005248
1.500       225.18936   0.00016154347       93.455159
1.500       229.21060   0.00014188636       86.559552
1.500       233.23184   0.00016580765       106.57083
1.500       237.25308   0.00013438161       90.917120
1.500       241.27432   8.7414456e-05       62.199486
1.500       245.29555   3.9815238e-05       29.770670
1.500       249.31679   0.00013529104       106.21696
1.500       253.33803   0.00011180838       92.097061
1.500       257.35927   0.00013323674       115.05718
1.500       265.40175  -0.00015804575      -149.68022
1.500       273.44422   0.00013271353       137.46487
1.500       281.48670   0.00015018960       169.70076
1.500       289.52918  -1.0439251e-05      -12.835613
1.500       297.57166   2.6856080e-05       35.849869
1.500       305.61413   9.4071857e-05       136.03488
1.500       313.65661   0.00017896097       279.76405
1.500       321.69909   5.1324366e-05       86.565200
1.500       329.74156  -1.8715104e-05      -33.992537
1.500       337.78404   2.5311463e-05       49.420246
1.500       345.82652   2.9801547e-05       62.443027
1.500       353.86900   6.9479643e-05       155.97514
1.500       361.91147   4.0466116e-06       9.7178196
1.500       369.95395  -0.00011987119      -307.48793
1.500       377.99643   6.0856630e-05       166.51036
1.500       386.03891  -2.8024521e-05      -81.677359
1.500       394.08138   8.2685503e-06       25.636420
1.500       402.12386   3.8800306e-05       127.81591
1.500       410.16634   1.0960052e-06       3.8314477
1.500       418.20881   1.2886084e-05       47.749711
1.500       426.25129   0.00014594868       572.62139
1.500       434.29377   1.4096759e-05       58.497907
1.500       442.33625   4.9532360e-05       217.17852
1.500       450.37872  -4.2421431e-05      -196.33113
1.500       458.42120  -4.6870382e-05      -228.75091
1.500       466.46368   8.8616615e-05       455.65790
1.500       474.50615   4.2795230e-05       231.62806
1.500       482.54863   3.7651914e-05       214.32882
1.500       490.59111  -9.6740983e-06      -57.868173
1.500       498.63359   1.2985615e-05       81.560025
1.500       506.67606  -2.3783713e-05      -156.72601
1.500       514.71854   4.4169464e-06       30.514188
1.250     0.062831853       832.51992     0.010461754
1.250      0.12566371       1290.5561      0.12974086
1.250      0.18849556       492.72566      0.16717788
1.250      0.25132741       360.89804      0.29025143
1.250      0.31415927       241.61087      0.37952146
1.250      0.37699112       179.77883      0.48798015
1.250      0.43982297       136.32892      0.58761380
1.250      0.50265482       110.17219      0.70884586
1.250      0.56548668       89.348541      0.81851164
1.250      0.62831853       80.759427       1.0148529
1.250      0.69115038       72.654925       1.2152146
1.250      0.75398224       59.592653       1.2940359
1.250      0.81681409       55.273142       1.5259984
1.250      0.87964594       48.676412       1.6784659
1.250      0.94247780       44.894552       1.9040453
1.250       1.0053096       40.908160       2.1056188
1.250       1.0681415       37.269845       2.3009872
1.250       1.1309734       34.233869       2.5089001
1.250       1.1938052       33.631979       2.8988323
1.250       1.2566371       30.713409       3.0876487
1.250       1.3194689       29.912489       3.4811304
1.250       1.3823008       27.424238       3.6695472
1.250       1.4451326       25.286336       3.8661552
1.250       1.5079645       24.976446       4.3388460
1.250       1.5707963       22.895743       4.4955686
1.250       1.6336282       22.103412       4.8819038
1.250       1.6964600       21.410820       5.2958353
1.250       1.7592919       20.471030       5.6470761
1.250       1.8221237       19.861767       6.0872584
1.250       1.8849556       19.182268       6.5083900
1.250       1.9477874       18.555399       6.9464874
1.250       2.0106193       17.947775       7.3904420
1.250       2.0734512       16.660830       7.5239920
1.250       2.1362830       16.209771       8.0061458
1.250       2.1991149       15.623079       8.4174518
1.250       2.2619467       14.920067       8.7475844
1.250       2.3247786       14.449447       9.1974250
1.250       2.3876104       13.958402       9.6249031
1.250       2.4504423       13.740911       10.242813
1.250       2.5132741       13.030057       10.479394
1.250       2.5761060       12.876247       11.151948
1.250       2.6389378       12.319209       11.469396
1.250       2.7017697       12.044284       12.033618
1.250       2.7646015       11.798928       12.630206
1.250       2.8274334       11.307225       12.948022
1.250       2.8902652       11.232116       13.738677
1.250       2.9530971       11.104074       14.487245
1.250       3.0159289       10.526243       14.628741
1.250       3.0787608       10.360665       15.317424
1.250       3.1415927       9.9600432       15.645199
1.250       3.2044245       9.6302465       16.053059
1.250       3.2672564       9.2947830       16.423252
1.250       3.3300882       9.0892637       17.004591
1.250       3.3929201       8.7860586       17.385422
1.250       3.4557519       8.5663833       17.909994
1.250       3.5185838       8.3864717       18.507733
1.250       3.5814156       8.3235543       19.370608
1.250       3.6442475       8.0615132       19.765619
1.250       3.7070793       7.7094730       19.897137
1.250       3.7699112       7.5682778       20.542849
1.250       3.8327430       7.4378956       21.215313
1.250       3.8955749       7.1849717       21.518401
1.250       3.9584067       6.9846026       21.946901
1.250       4.0212386       6.8654122       22.616032
1.250       4.1469023       6.4926144       23.456396
1.250       4.2725660       6.2378004       24.647228
1.250       4.3982297       6.0062477       25.888520
1.250       4.5238934       5.8115006       27.258104
1.250       4.6495571       5.4294677       27.647908
1.250       4.7752208       5.1798608       28.573848
1.250       4.9008845       4.9638541       29.601429
1.250       5.0265482       4.7696779       30.688021
1.250       5.1522120       4.5839176       31.760565
1.250       5.2778757       4.3765922       32.597463
1.250       5.4035394       4.1396600       33.087952
1.250       5.5292031       4.1062330       35.164259
1.250       5.6548668       3.8584255       35.346589
1.250       5.7805305       3.7372402       36.569949
1.250       5.9061942       3.6118007       37.697904
1.250       6.0318579       3.5345296       39.296619
1.250       6.1575216       3.3625284       39.769859
1.250       6.2831853       3.2109427       40.349896
1.250       6.4088490       3.1317516       41.763577
1.250       6.5345127       3.0193031       42.679231
1.250       6.6601764       2.8952573       43.332588
1.250       6.7858401       2.8028506       44.369147
1.250       6.9115038       2.7109318       45.342610
1.250       7.0371675       2.5854710       45.646091
1.250       7.1628313       2.5363170       47.220214
1.250       7.2884950       2.4571161       48.195835
1.250       7.4141587       2.4188089       49.941024
1.250       7.5398224       2.2851073       49.620393
1.250       7.6654861       2.2052248       50.320184
1.250       7.7911498       2.1371540       51.204808
1.250       7.9168135       2.0873344       52.470299
1.250       8.0424772       2.0010123       52.733856
1.250       8.2938046       1.8846565       54.470813
1.250       8.5451320       1.8127051       57.299885
1.250       8.7964594       1.6559170       57.099531
1.250       9.0477868       1.6101038       60.415895
1.250       9.2991143       1.4861820       60.543426
1.250       9.5504417       1.4164536       62.509063
1.250       9.8017691       1.3330478       63.595939
1.250       10.053096       1.2723051       65.487905
1.250       10.304424       1.2036091       66.715519
1.250       10.555751       1.1665497       69.508988
1.250       10.807079       1.0868535       69.497028
1.250       11.058406       1.0424036       71.414068
1.250       11.309734       1.0129867       74.238833
1.250       11.561061      0.95854128       75.036774
1.250       11.812388      0.90958315       75.949657
1.250       12.063716      0.87795177       78.087983
1.250       12.315043      0.83874340       79.361011
1.250       12.566371      0.80157898       80.583508
1.250       12.817698      0.76109757       81.197135
1.250       13.069025      0.73450972       83.061050
1.250       13.320353      0.71632678       85.768662
1.250       13.571680      0.68786725       87.111551
1.250       13.823008      0.65402715       87.513224
1.250       14.074335      0.62738503       88.611088
1.250       14.325663      0.59727738       88.959119
1.250       14.576990      0.58266051       91.430144
1.250       14.828317      0.55676830       91.964534
1.250       15.079645      0.54227335       94.202375
1.250       15.330972      0.52127109       95.157490
1.250       15.582300      0.49585011       95.041946
1.250       15.833627      0.48817180       98.171217
1.250       16.084954      0.47330048       99.785332
1.250       16.587609      0.43956753       101.63593
1.250       17.090264      0.40603852       102.67952
1.250       17.592919      0.38936121       107.40800
1.250       18.095574      0.36397812       109.26036
1.250       18.598229      0.33892840       110.45693
1.250       19.100883      0.31162392       110.01741
1.250       19.603538      0.30194015       115.23768
1.250       20.106193      0.28669015       118.05179
1.250       20.608848      0.27151171       120.39819
1.250       21.111503      0.25600367       122.03204
1.250       21.614157      0.24304710       124.32991
1.250       22.116812      0.22636697       124.06547
1.250       22.619467      0.21788120       127.74300
1.250       23.122122      0.20431581       127.95442
1.250       23.624777      0.19605515       130.96392
1.250       24.127432      0.18356060       130.61198
1.250       24.630086      0.17570994       133.00390
1.250       25.132741      0.16615769       133.63195
1.250       25.635396      0.16169744       138.00458
1.250       26.138051      0.15310051       138.50533
1.250       26.640706      0.14594032       139.79213
1.250       27.143361      0.13880406       140.62524
1.250       27.646015      0.13221236       141.52721
1.250       28.148670      0.12730416       143.84226
1.250       28.651325      0.12166322       144.96518
1.250       29.153980      0.11790681       148.01397
1.250       29.656635      0.11320114       149.58452
1.250       30.159289      0.10742382       149.29118
1.250       30.661944      0.10377612       151.55378
1.250       31.164599     0.098504935       151.04727
1.250       31.667254     0.096873789       155.85034
1.250       32.169909     0.091953417       155.09137
1.250       33.175218     0.085736544       158.59066
1.250       34.180528     0.078539278       158.88887
1.250       35.185838     0.073262293       161.67931
1.250       36.191147     0.068988371       165.67356
1.250       37.196457     0.062387951       162.65810
1.250       38.201767     0.059759056       168.78130
1.250       39.207076     0.054139119       165.30075
1.250       40.212386     0.051891491       170.94088
1.250       41.217696     0.048419317       171.76712
1.250       42.223005     0.045888835       174.99463
1.250       43.228315     0.041716439       170.71922
1.250       44.233625     0.040124774       175.93022
1.250       45.238934     0.037829351       177.43375
1.250       46.244244     0.036063038       180.67814
1.250       47.249554     0.033457028       178.79310
1.250       48.254863     0.031567780       179.69565
1.250       49.260173     0.029804377       180.48375
1.250       50.265482     0.028204244       181.46559
1.250       51.270792     0.027408244       187.13782
1.250       52.276102     0.025507650       184.60790
1.250       53.281411     0.024065769       184.41539
1.250       54.286721     0.022704532       184.01941
1.250       55.292031     0.021529365       184.36951
1.250       56.297340     0.020433123       184.70075
1.250       57.302650     0.019916497       189.84857
1.250       58.307960     0.018560208       186.39602
1.250       59.313269     0.017794344       188.10824
1.250       60.318579     0.017030784       189.34690
1.250       61.323889     0.016093178       188.01874
1.250       62.329198     0.015313973       187.85932
1.250       63.334508     0.014343653       184.60830
1.250       64.339818     0.014136765       190.74790
1.250       66.350437     0.012515395       185.20222
1.250       68.361056     0.011361506       183.87913
1.250       70.371675     0.010651099       188.04352
1.250       72.382295     0.010010481       192.31903
1.250       74.392914    0.0089071422       185.78188
1.250       76.403533    0.0081606263       184.38860
1.250       78.414153    0.0076813379       187.62491
1.250       80.424772    0.0068493566       180.50513
1.250       82.435391    0.0064164464       182.09832
1.250       84.446011    0.0061783149       188.48540
1.250       86.456630    0.0054685190       179.03374
1.250       88.467249    0.0051253217       179.77900
1.250       90.477868    0.0045987249       172.55787
1.250       92.488488    0.0043693152       175.12440
1.250       94.499107    0.0041124745       175.81527
1.250       96.509726    0.0038835542       176.85318
1.250       98.520346    0.0037146006       179.95345
1.250       100.53096    0.0033798640       173.96787
1.250       102.54158    0.0031451610       171.79606
1.250       104.55220    0.0029471200       170.63481
1.250       106.56282    0.0026850580       164.60426
1.250       108.57344    0.0024448311       158.52214
1.250       110.58406    0.0023037365       157.82677
1.250       112.59468    0.0022247360       160.88011
1.250       114.60530    0.0020548644       156.69948
1.250       116.61592    0.0019880806       159.72679
1.250       118.62654    0.0019347181       163.61892
1.250       120.63716    0.0016706523       148.59344
1.250       122.64778    0.0016921879       158.16045
1.250       124.65840    0.0015583036       152.92798
1.250       126.66902    0.0013705806       141.11917
1.250       128.67964    0.0013686521       147.73820
1.250       132.70087    0.0011701699       138.52895
1.250       136.72211   0.00089904195       116.40362
1.250       140.74335    0.0010316282       145.70589
1.250       144.76459   0.00075054617       115.35454
1.250       148.78583   0.00096104466       160.36092
1.250       152.80707   0.00065582079       118.54569
1.250       156.82831   0.00069525111       135.85802
1.250       160.84954   0.00067130064       141.52945
1.250       164.87078   0.00054126973       122.88959
1.250       168.89202   0.00053390080       130.30414
1.250       172.91326   0.00045861126       120.11572
1.250       176.93450   0.00040757838       114.37180
1.250       180.95574   0.00040228291       120.75883
1.250       184.97698   0.00039761792       127.49385
1.250       188.99821   0.00033021884       112.93933
1.250       193.01945   0.00026431943       96.294744
1.250       197.04069   0.00039672665       153.75505
1.250       201.06193   0.00024521930       100.97514
1.250       205.08317   0.00024598870       107.49183
1.250       209.10441   0.00026658631       123.48030
1.250       213.12565   0.00030392268       149.05292
1.250       217.14688   0.00019108970       99.121608
1.250       221.16812   0.00023546367       129.05111
1.250       225.18936   0.00015054102       87.090088
1.250       229.21060   0.00025778499       157.26496
1.250       233.23184   5.8937679e-05       37.881467
1.250       237.25308   5.7273125e-05       38.748661
1.250       241.27432   0.00010662140       75.866125
1.250       245.29555   0.00020297977       151.77214
1.250       249.31679   8.5214451e-05       66.901846
1.250       253.33803   0.00011156541       91.896931
1.250       257.35927   0.00010472636       90.436912
1.250       265.40175   6.2888479e-05       59.559725
1.250       273.44422   5.3566067e-05       55.483811
1.250       281.48670   8.8543035e-05       100.04567
1.250       289.52918  -1.1544000e-05      -14.193961
1.250       297.57166   3.5573387e-05       47.486500
1.250       305.61413   8.0562488e-05       116.49933
1.250       313.65661  -2.8453567e-05      -44.480566
1.250       321.69909   0.00014120867       238.16674
1.250       329.74156   0.00012699691       230.66649
1.250       337.78404   0.00017368828       339.12370
1.250       345.82652   0.00014030053       293.97097
1.250       353.86900   7.9134813e-05       177.65007
1.250       361.91147  -2.8792525e-05      -69.144409
1.250       369.95395   1.2823595e-05       32.894482
1.250       377.99643  -3.5927016e-05      -98.300220
1.250       386.03891   5.2901491e-05       154.18119
1.250       394.08138   8.3549581e-05       259.04325
1.250       402.12386   1.9963250e-05       65.762912
1.250       410.16634  -1.8196758e-05      -63.612773
1.250       418.20881   5.3022729e-05       196.47707
1.250       426.25129   0.00011573771       454.09033
1.250       434.29377   2.2219299e-05       92.204347
1.250       442.33625   8.8262076e-05       386.99199
1.250       450.37872  -5.2167401e-05      -241.43657
1.250       458.42120   2.7908342e-05       136.20667
1.250       466.46368  -4.1689280e-05      -214.36217
1.250       474.50615  -1.2325992e-06      -6.6714106
1.250       482.54863   1.6029805e-05       91.247666
1.250       490.59111  -8.5646846e-05      -512.31923
1.250       498.63359  -5.1956565e-06      -32.632870
1.250       506.67606   3.7159710e-05       244.86896
1.250       514.71854  -1.7639179e-05      -121.85912
1.000     0.062831853       1012.6142     0.012724885
1.000      0.12566371       1571.2288      0.15795714
1.000      0.18849556       604.34218      0.20504847
1.000      0.25132741       449.75624      0.36171543
1.000      0.31415927       306.04128      0.48072851
1.000      0.37699112       228.70003      0.62076874
1.000      0.43982297       175.83082      0.75787745
1.000      0.50265482       144.15845      0.92751286
1.000      0.56548668       118.01262       1.0811000
1.000      0.62831853       106.92455       1.3436536
1.000      0.69115038       97.275265       1.6270104
1.000      0.75398224       81.585694       1.7716079
1.000      0.81681409       75.330672       2.0797530
1.000      0.87964594       67.103024       2.3138546
1.000      0.94247780       62.248263       2.6400422
1.000       1.0053096       56.896602       2.9285736
1.000       1.0681415       52.043594       3.2130976
1.000       1.1309734       47.696347       3.4955257
1.000       1.1938052       47.032458       4.0538563
1.000       1.2566371       43.333078       4.3563161
1.000       1.3194689       42.517624       4.9480802
1.000       1.3823008       38.723391       5.1814497
1.000       1.4451326       36.219966       5.5378528
1.000       1.5079645       35.575677       6.1801179
1.000       1.5707963       32.903827       6.4606513
1.000       1.6336282       31.782238       7.0196326
1.000       1.6964600       30.357065       7.5086339
1.000       1.7592919       29.264761       8.0728882
1.000       1.8221237       28.102447       8.6128720
1.000       1.8849556       27.283046       9.2569194
1.000       1.9477874       26.568934       9.9464723
1.000       2.0106193       25.659370       10.565883
1.000       2.0734512       23.954394       10.817748
1.000       2.1362830       23.695289       11.703308
1.000       2.1991149       22.758304       12.261790
1.000       2.2619467       21.787522       12.773950
1.000       2.3247786       21.092993       13.426204
1.000       2.3876104       20.126730       13.878224
1.000       2.4504423       19.776493       14.741883
1.000       2.5132741       18.716867       15.052998
1.000       2.5761060       18.353041       15.895327
1.000       2.6389378       17.460467       16.255996
1.000       2.7017697       16.942438       16.927434
1.000       2.7646015       16.632468       17.804288
1.000       2.8274334       15.877554       18.181554
1.000       2.8902652       15.590880       19.070144
1.000       2.9530971       15.528726       20.259992
1.000       3.0159289       14.856686       20.646932
1.000       3.0787608       14.615094       21.607261
1.000       3.1415927       14.206669       22.315783
1.000       3.2044245       13.672356       22.791020
1.000       3.2672564       13.263512       23.435728
1.000       3.3300882       12.783149       23.915271
1.000       3.3929201       12.412748       24.561738
1.000       3.4557519       12.024409       25.139792
1.000       3.5185838       11.702193       25.825053
1.000       3.5814156       11.546533       26.871137
1.000       3.6442475       11.246305       27.574248
1.000       3.7070793       10.919559       28.181947
1.000       3.7699112       10.590559       28.746337
1.000       3.8327430       10.296081       29.367795
1.000       3.8955749       10.102777       30.256988
1.000       3.9584067       9.7665753       30.688370
1.000       4.0212386       9.6320431       31.729863
1.000       4.1469023       9.0936954       32.853532
1.000       4.2725660       8.7783693       34.685699
1.000       4.3982297       8.4252654       36.315128
1.000       4.5238934       8.0955696       37.971239
1.000       4.6495571       7.6097958       38.750564
1.000       4.7752208       7.2655310       40.079103
1.000       4.9008845       6.9343655       41.352370
1.000       5.0265482       6.6116277       42.539092
1.000       5.1522120       6.3734221       44.159495
1.000       5.2778757       6.0457406       45.029511
1.000       5.4035394       5.7659587       46.086820
1.000       5.5292031       5.6724244       48.576542
1.000       5.6548668       5.4008236       49.476319
1.000       5.7805305       5.1335181       50.232923
1.000       5.9061942       4.9402294       51.563280
1.000       6.0318579       4.7545411       52.860609
1.000       6.1575216       4.5679772       54.027146
1.000       6.2831853       4.3790247       55.028447
1.000       6.4088490       4.2239161       56.328172
1.000       6.5345127       4.0987553       57.937783
1.000       6.6601764       3.8760331       58.011612
1.000       6.7858401       3.7706490       59.689404
1.000       6.9115038       3.7166004       62.163261
1.000       7.0371675       3.5396122       62.491308
1.000       7.1628313       3.3811405       62.948827
1.000       7.2884950       3.3159494       65.041676
1.000       7.4141587       3.1665638       65.379882
1.000       7.5398224       3.1141186       67.622115
1.000       7.6654861       3.0045638       68.559996
1.000       7.7911498       2.8946758       69.354534
1.000       7.9168135       2.8273638       71.072762
1.000       8.0424772       2.7217262       71.727255
1.000       8.2938046       2.5683325       74.230590
1.000       8.5451320       2.3555840       74.460368
1.000       8.7964594       2.2564948       77.808727
1.000       9.0477868       2.1099272       79.170758
1.000       9.2991143       1.9947234       81.260163
1.000       9.5504417       1.9236632       84.892567
1.000       9.8017691       1.8115545       86.424139
1.000       10.053096       1.7059696       87.809417
1.000       10.304424       1.6324377       90.485298
1.000       10.555751       1.5292704       91.121738
1.000       10.807079       1.4860416       95.022438
1.000       11.058406       1.4029696       96.116096
1.000       11.309734       1.3221609       96.897301
1.000       11.561061       1.2767759       99.948894
1.000       11.812388       1.2271727       102.46820
1.000       12.063716       1.1703442       104.09435
1.000       12.315043       1.1275892       106.69130
1.000       12.566371       1.0604870       106.61178
1.000       12.817698       1.0235092       109.19232
1.000       13.069025      0.98556181       111.45094
1.000       13.320353      0.96011132       114.95796
1.000       13.571680      0.91434159       115.79228
1.000       13.823008      0.87404897       116.95362
1.000       14.074335      0.83764742       118.30829
1.000       14.325663      0.81377345       121.20427
1.000       14.576990      0.78279461       122.83486
1.000       14.828317      0.75193033       124.20054
1.000       15.079645      0.72502251       125.94910
1.000       15.330972      0.70093189       127.95438
1.000       15.582300      0.67140588       128.69155
1.000       15.833627      0.64827491       130.36791
1.000       16.084954      0.63411839       133.69036
1.000       16.587609      0.60233333       139.27031
1.000       17.090264      0.55426140       140.16230
1.000       17.592919      0.51950778       143.30984
1.000       18.095574      0.48371280       145.20277
1.000       18.598229      0.44714107       145.72349
1.000       19.100883      0.42486774       149.99762
1.000       19.603538      0.40438469       154.33639
1.000       20.106193      0.38041037       156.64342
1.000       20.608848      0.35612593       157.91922
1.000       21.111503      0.33230153       158.40177
1.000       21.614157      0.31895348       163.15956
1.000       22.116812      0.30463132       166.95999
1.000       22.619467      0.28743703       168.52335
1.000       23.122122      0.27094318       169.68035
1.000       23.624777      0.25673341       171.49671
1.000       24.127432      0.24378847       173.46693
1.000       24.630086      0.23639963       178.94306
1.000       25.132741      0.22225656       178.74933
1.000       25.635396      0.21133162       180.36607
1.000       26.138051      0.20308540       183.72513
1.000       26.640706      0.19298824       184.85801
1.000       27.143361      0.18551313       187.94715
1.000       27.646015      0.17876515       191.35982
1.000       28.148670      0.16939585       191.40209
1.000       28.651325      0.16231082       193.39794
1.000       29.153980      0.15374396       193.00202
1.000       29.656635      0.14961947       197.70788
1.000       30.159289      0.14324696       199.07604
1.000       30.661944      0.13884690       202.77085
1.000       31.164599      0.13284565       203.70525
1.000       31.667254      0.12622257       203.06660
1.000       32.169909      0.12165612       205.18883
1.000       33.175218      0.11372769       210.36712
1.000       34.180528      0.10227006       206.89742
1.000       35.185838     0.096792297       213.60664
1.000       36.191147     0.091591402       219.95408
1.000       37.196457     0.083818004       218.53062
1.000       38.201767     0.078925831       222.91524
1.000       39.207076     0.073152778       223.35437
1.000       40.212386     0.068924711       227.05169
1.000       41.217696     0.063801028       226.33361
1.000       42.223005     0.060551269       230.90904
1.000       43.228315     0.056910151       232.89755
1.000       44.233625     0.053759417       235.71238
1.000       45.238934     0.050805668       238.29752
1.000       46.244244     0.047475756       237.85659
1.000       47.249554     0.044776432       239.28356
1.000       48.254863     0.042509048       241.97745
1.000       49.260173     0.040143256       243.09199
1.000       50.265482     0.038087763       245.05597
1.000       51.270792     0.035158380       240.05414
1.000       52.276102     0.033630352       243.39478
1.000       53.281411     0.031525223       241.57700
1.000       54.286721     0.030239625       245.09107
1.000       55.292031     0.029302931       250.93945
1.000       56.297340     0.027296888       246.74425
1.000       57.302650     0.025503990       243.10982
1.000       58.307960     0.024621879       247.27203
1.000       59.313269     0.024021869       253.94090
1.000       60.318579     0.022345212       248.43229
1.000       61.323889     0.021668884       253.16045
1.000       62.329198     0.020350863       249.64778
1.000       63.334508     0.019586855       252.09032
1.000       64.339818     0.018954084       255.74818
1.000       66.350437     0.016921429       250.40250
1.000       68.361056     0.016102965       260.61680
1.000       70.371675     0.014581955       257.44216
1.000       72.382295     0.013463480       258.65724
1.000       74.392914     0.011816918       246.47290
1.000       76.403533     0.011288964       255.07310
1.000       78.414153     0.010181256       248.68808
1.000       80.424772    0.0096640488       254.68237
1.000       82.435391    0.0086888468       246.58889
1.000       84.446011    0.0083371622       254.34659
1.000       86.456630    0.0074700654       244.56233
1.000       88.467249    0.0069533368       243.89960
1.000       90.477868    0.0066430001       249.26517
1.000       92.488488    0.0060565346       242.74903
1.000       94.499107    0.0055912304       239.03459
1.000       96.509726    0.0052359116       238.43819
1.000       98.520346    0.0047671448       230.94384
1.000       100.53096    0.0045372726       233.54184
1.000       102.54158    0.0044124731       241.01962
1.000       104.55220    0.0041767940       241.83151
1.000       106.56282    0.0038505786       236.05511
1.000       108.57344    0.0036205604       234.75610
1.000       110.58406    0.0032201081       220.60651
1.000       112.59468    0.0031013764       224.27370
1.000       114.60530    0.0029143438       222.24150
1.000       116.61592    0.0027847570       223.73353
1.000       118.62654    0.0025008635       211.49779
1.000       120.63716    0.0024487791       217.80265
1.000       122.64778    0.0022201095       207.50268
1.000       124.65840    0.0021185779       207.91188
1.000       126.66902    0.0020420573       210.25647
1.000       128.67964    0.0018930887       204.34814
1.000       132.70087    0.0017146450       202.98587
1.000       136.72211    0.0015002219       194.24151
1.000       140.74335    0.0013758005       194.31637
1.000       144.76459    0.0013379635       205.63714
1.000       148.78583    0.0010140654       169.20801
1.000       152.80707   0.00099864511       180.51436
1.000       156.82831   0.00091570935       178.93746
1.000       160.84954   0.00088712016       187.03040
1.000       164.87078   0.00077261087       175.41316
1.000       168.89202   0.00075043494       183.15159
1.000       172.91326   0.00048282852       126.45851
1.000       176.93450   0.00071848678       201.61674
1.000       180.95574   0.00064904769       194.83364
1.000       184.97698   0.00052390947       167.98849
1.000       188.99821   0.00050319510       172.09956
1.000       193.01945   0.00042441886       154.62089
1.000       197.04069   0.00038240103       148.20303
1.000       201.06193   0.00038775725       159.66868
1.000       205.08317   0.00032431744       141.71983
1.000       209.10441   0.00036726687       170.11459
1.000       213.12565   0.00032240626       158.11784
1.000       217.14688   0.00027202957       141.10655
1.000       221.16812   0.00029818930       163.42929
1.000       225.18936   0.00024221726       140.12608
1.000       229.21060   0.00027087221       165.24899
1.000       233.23184   0.00031103398       199.91326
1.000       237.25308   0.00028903524       195.54946
1.000       241.27432   0.00014678545       104.44473
1.000       245.29555   0.00016811578       125.70361
1.000       249.31679   4.3635195e-05       34.257982
1.000       253.33803   0.00012194529       100.44688
1.000       257.35927   0.00013835605       119.47798
1.000       265.40175   0.00020378157       192.99520
1.000       273.44422   0.00027223065       281.97691
1.000       281.48670   0.00011061506       124.98508
1.000       289.52918   0.00010948990       134.62364
1.000       297.57166   9.1016450e-05       121.49680
1.000       305.61413   0.00013337682       192.87277
1.000       313.65661   0.00017160158       268.25936
1.000       321.69909  -8.9650600e-05      -151.20737
1.000       329.74156   3.2901069e-05       59.758728
1.000       337.78404   4.1177272e-05       80.397995
1.000       345.82652   0.00011279084       236.33006
1.000       353.86900   0.00018232996       409.31328
1.000       361.91147   0.00011611871       278.85569
1.000       369.95395   0.00012826574       329.02124
1.000       377.99643   7.5468700e-06       20.649057
1.000       386.03891  -2.4336818e-05      -70.929561
1.000       394.08138  -1.8853400e-05      -58.454464
1.000       402.12386   4.7073026e-05       155.06790
1.000       410.16634   2.9516010e-05       103.18295
1.000       418.20881   2.4072120e-06       8.9199855
1.000       426.25129   0.00013134707       515.33277
1.000       434.29377   1.2073491e-06       5.0101869
1.000       442.33625   5.8673961e-05       257.26058
1.000       450.37872   9.4789298e-05       438.69548
1.000       458.42120   5.5571835e-05       271.21835
1.000       466.46368   3.7061807e-05       190.56816
1.000       474.50615   0.00010606815       574.09108
1.000       482.54863  -6.3114470e-05      -359.27125
1.000       490.59111  -1.7112405e-05      -102.36237
1.000       498.63359   8.3497234e-05       524.42928
1.000       506.67606   4.0608064e-05       267.59236
1.000       514.71854   3.6745391e-05       253.85316
0.750     0.062831853       1246.5990     0.015665225
0.750      0.12566371       1934.5263      0.19447980
0.750      0.18849556       752.05606      0.25516661
0.750      0.25132741       569.52916      0.45804253
0.750      0.31415927       394.45569      0.61960955
0.750      0.37699112       295.93088      0.80325584
0.750      0.43982297       231.38134      0.99731491
0.750      0.50265482       193.39253       1.2442840
0.750      0.56548668       159.54167       1.4615427
0.750      0.62831853       144.75291       1.8190187
0.750      0.69115038       132.30667       2.2129402
0.750      0.75398224       114.23961       2.4806775
0.750      0.81681409       105.13218       2.9025226
0.750      0.87964594       95.120975       3.2799730
0.750      0.94247780       88.583436       3.7569564
0.750       1.0053096       81.159181       4.1774135
0.750       1.0681415       74.684061       4.6108878
0.750       1.1309734       68.202409       4.9983549
0.750       1.1938052       67.499932       5.8180038
0.750       1.2566371       62.233944       6.2564385
0.750       1.3194689       61.025553       7.1019804
0.750       1.3823008       56.067804       7.5022487
0.750       1.4451326       53.296096       8.1487083
0.750       1.5079645       50.913537       8.8445727
0.750       1.5707963       47.978811       9.4206176
0.750       1.6336282       46.487708       10.267579
0.750       1.6964600       44.087395       10.904747
0.750       1.7592919       43.090411       11.886790
0.750       1.8221237       41.065505       12.585806
0.750       1.8849556       39.708278       13.472701
0.750       1.9477874       38.774162       14.515680
0.750       2.0106193       37.262414       15.343724
0.750       2.0734512       34.749525       15.692804
0.750       2.1362830       34.356009       16.968729
0.750       2.1991149       33.925473       18.278473
0.750       2.2619467       31.911457       18.709578
0.750       2.3247786       31.619387       20.126511
0.750       2.3876104       29.753826       20.516509
0.750       2.4504423       29.168281       21.742752
0.750       2.5132741       28.254497       22.723615
0.750       2.5761060       27.401525       23.732100
0.750       2.6389378       26.311759       24.496702
0.750       2.7017697       24.723289       24.701395
0.750       2.7646015       23.991265       25.681538
0.750       2.8274334       23.599152       27.023638
0.750       2.8902652       22.701019       27.766985
0.750       2.9530971       21.973265       28.668042
0.750       3.0159289       21.199793       29.462202
0.750       3.0787608       20.670594       30.559839
0.750       3.1415927       19.972849       31.373278
0.750       3.2044245       19.355795       32.264981
0.750       3.2672564       19.123243       33.789475
0.750       3.3300882       18.395714       34.415504
0.750       3.3929201       17.906293       35.432094
0.750       3.4557519       17.412398       36.404622
0.750       3.5185838       16.792292       37.058165
0.750       3.5814156       16.431166       38.238674
0.750       3.6442475       15.778545       38.686620
0.750       3.7070793       15.418204       39.792359
0.750       3.7699112       15.250659       41.395413
0.750       3.8327430       14.676877       41.863257
0.750       3.8955749       14.430077       43.216897
0.750       3.9584067       14.088194       44.267688
0.750       4.0212386       13.737702       45.254719
0.750       4.1469023       12.853191       46.435768
0.750       4.2725660       12.421573       49.080976
0.750       4.3982297       11.579652       49.911370
0.750       4.5238934       11.313865       53.066242
0.750       4.6495571       10.795576       54.973180
0.750       4.7752208       10.114025       55.792353
0.750       4.9008845       9.5364226       56.869468
0.750       5.0265482       9.1096198       58.611127
0.750       5.1522120       8.8182466       61.098938
0.750       5.2778757       8.3919051       62.504068
0.750       5.4035394       8.0321185       64.200044
0.750       5.5292031       7.7123448       66.045665
0.750       5.6548668       7.4284857       68.051497
0.750       5.7805305       7.0137656       68.631674
0.750       5.9061942       6.7585360       70.541722
0.750       6.0318579       6.5015518       72.283736
0.750       6.1575216       6.3266477       74.827587
0.750       6.2831853       6.1201083       76.907549
0.750       6.4088490       5.8029525       77.385465
0.750       6.5345127       5.6423136       79.756687
0.750       6.6601764       5.4594910       81.710829
0.750       6.7858401       5.1882936       82.130728
0.750       6.9115038       4.9714942       83.152413
0.750       7.0371675       4.7673471       84.166779
0.750       7.1628313       4.7275224       88.015267
0.750       7.2884950       4.5832374       89.899275
0.750       7.4141587       4.4021327       90.890610
0.750       7.5398224       4.2717242       92.759160
0.750       7.6654861       4.1286654       94.210442
0.750       7.7911498       4.0011137       95.864058
0.750       7.9168135       3.8129216       95.847187
0.750       8.0424772       3.6942902       97.357806
0.750       8.2938046       3.5022120       101.22181
0.750       8.5451320       3.3508580       105.92113
0.750       8.7964594       3.1124092       107.32247
0.750       9.0477868       2.8761518       107.92179
0.750       9.2991143       2.7500685       112.03108
0.750       9.5504417       2.5450003       112.31260
0.750       9.8017691       2.4740363       118.02927
0.750       10.053096       2.3789505       122.44899
0.750       10.304424       2.1906138       121.42475
0.750       10.555751       2.1542357       128.36036
0.750       10.807079       2.0426345       130.61284
0.750       11.058406       1.9017996       130.29046
0.750       11.309734       1.8548375       135.93561
0.750       11.561061       1.7654961       138.20702
0.750       11.812388       1.6944281       141.48375
0.750       12.063716       1.6362075       145.52980
0.750       12.315043       1.5278626       144.56474
0.750       12.566371       1.4875599       149.54584
0.750       12.817698       1.4076869       150.17805
0.750       13.069025       1.3669199       154.57631
0.750       13.320353       1.3064389       156.42514
0.750       13.571680       1.2501736       158.32206
0.750       13.823008       1.2040649       161.11197
0.750       14.074335       1.1518567       162.68682
0.750       14.325663       1.1286615       168.10403
0.750       14.576990       1.0642512       167.00057
0.750       14.828317       1.0196102       168.41471
0.750       15.079645      0.98765493       171.57295
0.750       15.330972      0.96560641       176.27044
0.750       15.582300      0.92956721       178.17456
0.750       15.833627      0.90582734       182.16163
0.750       16.084954      0.85653689       180.58257
0.750       16.587609      0.80089600       185.18157
0.750       17.090264      0.74938424       189.50520
0.750       17.592919      0.70034348       193.19463
0.750       18.095574      0.65600325       196.92158
0.750       18.598229      0.61428709       200.19646
0.750       19.100883      0.58186936       205.42633
0.750       19.603538      0.55811705       213.00948
0.750       20.106193      0.50786877       209.12758
0.750       20.608848      0.48221051       213.82972
0.750       21.111503      0.46549581       221.89293
0.750       21.614157      0.43882294       224.47838
0.750       22.116812      0.41422294       227.02412
0.750       22.619467      0.39413137       231.07788
0.750       23.122122      0.37592877       235.42841
0.750       23.624777      0.35385981       236.37668
0.750       24.127432      0.34001502       241.93664
0.750       24.630086      0.32382571       245.12037
0.750       25.132741      0.31093016       250.06487
0.750       25.635396      0.29115805       248.49586
0.750       26.138051      0.27984130       253.16384
0.750       26.640706      0.26933958       257.99282
0.750       27.143361      0.25457178       257.91189
0.750       27.646015      0.24450023       261.72618
0.750       28.148670      0.23489596       265.41132
0.750       28.651325      0.22666108       270.07311
0.750       29.153980      0.21382387       268.42316
0.750       29.656635      0.20543263       271.45965
0.750       30.159289      0.19790168       275.03190
0.750       30.661944      0.19272650       281.45616
0.750       31.164599      0.18252659       279.88591
0.750       31.667254      0.17531227       282.04200
0.750       32.169909      0.16899370       285.02980
0.750       33.175218      0.15876464       293.67394
0.750       34.180528      0.14490569       293.15143
0.750       35.185838      0.13230099       291.96919
0.750       36.191147      0.12430332       298.51080
0.750       37.196457      0.11654511       303.85687
0.750       38.201767      0.10893665       307.67671
0.750       39.207076      0.10215209       311.89679
0.750       40.212386     0.096108806       316.60150
0.750       41.217696     0.089371422       317.04437
0.750       42.223005     0.083774024       319.46778
0.750       43.228315     0.080277307       328.52466
0.750       44.233625     0.075882538       332.71294
0.750       45.238934     0.069367533       325.35958
0.750       46.244244     0.065893486       330.13061
0.750       47.249554     0.061351485       327.86002
0.750       48.254863     0.058721538       334.26503
0.750       49.260173     0.055459148       335.83909
0.750       50.265482     0.053697991       345.49190
0.750       51.270792     0.050738642       346.43294
0.750       52.276102     0.047729806       345.43753
0.750       53.281411     0.044331151       339.70851
0.750       54.286721     0.042994217       348.46659
0.750       55.292031     0.041173030       352.59059
0.750       56.297340     0.038978106       352.33405
0.750       57.302650     0.036361407       346.60519
0.750       58.307960     0.035072992       352.23022
0.750       59.313269     0.033431430       353.41160
0.750       60.318579     0.031749932       352.99322
0.750       61.323889     0.030542991       356.83783
0.750       62.329198     0.028602842       350.87633
0.750       63.334508     0.027549921       354.57803
0.750       64.339818     0.026655075       359.65793
0.750       66.350437     0.024412070       361.24865
0.750       68.361056     0.022263720       360.32490
0.750       70.371675     0.020535997       362.55986
0.750       72.382295     0.018933890       363.75347
0.750       74.392914     0.016719610       348.73144
0.750       76.403533     0.015827969       357.63152
0.750       78.414153     0.014530229       354.91640
0.750       80.424772     0.013572722       357.68994
0.750       82.435391     0.012558775       356.41720
0.750       84.446011     0.011462322       349.68763
0.750       86.456630     0.010941444       358.21173
0.750       88.467249     0.010266008       360.09695
0.750       90.477868    0.0095206025       357.24139
0.750       92.488488    0.0088380137       354.23214
0.750       94.499107    0.0080021565       342.10578
0.750       96.509726    0.0076033326       346.24818
0.750       98.520346    0.0069330407       335.87044
0.750       100.53096    0.0067181264       345.79442
0.750       102.54158    0.0062296278       340.27687
0.750       104.55220    0.0059120363       342.30002
0.750       106.56282    0.0056465659       346.15596
0.750       108.57344    0.0052895683       342.97408
0.750       110.58406    0.0047445109       325.04188
0.750       112.59468    0.0046749060       338.06232
0.750       114.60530    0.0041530369       316.70153
0.750       116.61592    0.0040709827       327.07175
0.750       118.62654    0.0037762146       319.35411
0.750       120.63716    0.0034773715       309.28911
0.750       122.64778    0.0032606225       304.75429
0.750       124.65840    0.0031791048       311.98931
0.750       126.66902    0.0030069101       309.60067
0.750       128.67964    0.0027503198       296.88135
0.750       132.70087    0.0025846410       305.97914
0.750       136.72211    0.0022949753       297.14234
0.750       140.74335    0.0019630220       277.25481
0.750       144.76459    0.0020148142       309.66512
0.750       148.78583    0.0017513673       292.23498
0.750       152.80707    0.0014617601       264.22669
0.750       156.82831    0.0013827043       270.19228
0.750       160.84954    0.0013397197       282.45137
0.750       164.87078    0.0011301996       256.59991
0.750       168.89202    0.0010759564       262.59856
0.750       172.91326   0.00087897095       230.21291
0.750       176.93450   0.00080640860       226.28875
0.750       180.95574   0.00074839493       224.65607
0.750       184.97698   0.00069061375       221.44124
0.750       188.99821   0.00060187459       205.84929
0.750       193.01945   0.00067752084       246.82899
0.750       197.04069   0.00061852170       239.71376
0.750       201.06193   0.00060795783       250.34173
0.750       205.08317   0.00050947892       222.63146
0.750       209.10441   0.00039088772       181.05555
0.750       213.12565   0.00046756773       229.30944
0.750       217.14688   0.00036608516       189.89485
0.750       221.16812   0.00044677167       244.86318
0.750       225.18936   0.00035843923       207.36211
0.750       229.21060   0.00034769224       212.11401
0.750       233.23184   0.00033796990       217.22599
0.750       237.25308   0.00028718862       194.30011
0.750       241.27432   0.00026742157       190.28299
0.750       245.29555   0.00029263355       218.80811
0.750       249.31679   0.00022744221       178.56483
0.750       253.33803   0.00017560777       144.64891
0.750       257.35927   0.00020411276       176.26248
0.750       265.40175   0.00023431859       221.91586
0.750       273.44422   0.00018084226       187.31668
0.750       281.48670   0.00010880230       122.93683
0.750       289.52918   0.00017211586       211.62558
0.750       297.57166   8.4652094e-05       113.00109
0.750       305.61413   0.00015854644       229.26991
0.750       313.65661   0.00018001587       281.41315
0.750       321.69909   6.7045988e-05       113.08176
0.750       329.74156   0.00013546514       246.04746
0.750       337.78404   3.1019635e-05       60.565364
0.750       345.82652   0.00012731591       266.76438
0.750       353.86900   0.00010614981       238.29615
0.750       361.91147   0.00018847117       452.60802
0.750       369.95395   5.0419872e-05       129.33469
0.750       377.99643   5.1536256e-05       141.00880
0.750       386.03891   0.00016765857       488.64024
0.750       394.08138  -3.1646596e-05      -98.119428
0.750       402.12386   9.0251974e-05       297.30793
0.750       410.16634   0.00011311145       395.41841
0.750       418.20881  -2.3710824e-05      -87.861064
0.750       426.25129   6.4020757e-05       251.18181
0.750       434.29377  -6.1037305e-06      -25.328904
0.750       442.33625   1.2348699e-07      0.54143840
0.750       450.37872   3.1385091e-05       145.25371
0.750       458.42120   7.0696841e-06       34.503595
0.750       466.46368   7.6130779e-05       391.45697
0.750       474.50615  -3.3969358e-05      -183.85826
0.750       482.54863   3.1217829e-05       177.70360
0.750       490.59111  -9.1095249e-06      -54.491029
0.750       498.63359  -2.1874354e-05      -137.38840
0.750       506.67606  -7.8670674e-05      -518.41110
0.750       514.71854  -5.7246129e-06      -39.548118
0.500     0.062831853       1549.8965     0.019476574
0.500      0.12566371       2402.4473      0.24152034
0.500      0.18849556       948.10087      0.32168305
0.500      0.25132741       731.81298      0.58855892
0.500      0.31415927       515.65148      0.80998346
0.500      0.37699112       388.03333       1.0532529
0.500      0.43982297       310.02033       1.3362698
0.500      0.50265482       265.31964       1.7070617
0.500      0.56548668       220.23334       2.0175321
0.500      0.62831853       201.01573       2.5260381
0.500      0.69115038       182.54440       3.0532084
0.500      0.75398224       162.42551       3.5270193
0.500      0.81681409       150.69861       4.1605349
0.500      0.87964594       138.80377       4.7862483
0.500      0.94247780       128.79433       5.4623610
0.500       1.0053096       118.38893       6.0936979
0.500       1.0681415       109.78982       6.7782673
0.500       1.1309734       98.835143       7.2433384
0.500       1.1938052       99.284940       8.5576406
0.500       1.2566371       90.367805       9.0847626
0.500       1.3194689       88.761053       10.329759
0.500       1.3823008       83.813666       11.214831
0.500       1.4451326       80.120262       12.249990
0.500       1.5079645       73.937222       12.844190
0.500       1.5707963       70.798243       13.901203
0.500       1.6336282       67.405853       14.887697
0.500       1.6964600       62.912363       15.560988
0.500       1.7592919       62.018543       17.108247
0.500       1.8221237       58.820108       18.027258
0.500       1.8849556       57.261383       19.428329
0.500       1.9477874       55.626607       20.824641
0.500       2.0106193       53.597090       22.069933
0.500       2.0734512       49.909433       22.538983
0.500       2.1362830       47.686049       23.552551
0.500       2.1991149       47.329862       25.500532
0.500       2.2619467       44.615380       26.157845
0.500       2.3247786       43.521351       27.702400
0.500       2.3876104       41.439660       28.574382
0.500       2.4504423       40.148574       29.927732
0.500       2.5132741       39.794434       32.004583
0.500       2.5761060       38.089986       32.989235
0.500       2.6389378       37.688824       35.088946
0.500       2.7017697       35.614539       35.583000
0.500       2.7646015       34.480120       36.909373
0.500       2.8274334       32.965175       37.748769
0.500       2.8902652       32.015430       39.160001
0.500       2.9530971       31.250606       40.771987
0.500       3.0159289       29.831788       41.458431
0.500       3.0787608       29.047871       42.944981
0.500       3.1415927       28.386379       44.589219
0.500       3.2044245       27.171968       45.294085
0.500       3.2672564       26.242921       46.369463
0.500       3.3300882       25.818311       48.302020
0.500       3.3929201       24.914278       49.299152
0.500       3.4557519       24.230674       50.659796
0.500       3.5185838       23.363826       51.560593
0.500       3.5814156       22.765467       52.979883
0.500       3.6442475       21.929144       53.766966
0.500       3.7070793       21.272812       54.902333
0.500       3.7699112       20.711198       56.217151
0.500       3.8327430       20.166679       57.521971
0.500       3.8955749       19.761921       59.185334
0.500       3.9584067       19.306329       60.664025
0.500       4.0212386       18.716423       61.655614
0.500       4.1469023       17.593759       63.562402
0.500       4.2725660       16.504197       65.212524
0.500       4.3982297       16.059374       69.220159
0.500       4.5238934       15.382725       72.150713
0.500       4.6495571       14.606451       74.378895
0.500       4.7752208       13.918395       76.778532
0.500       4.9008845       13.337406       79.536241
0.500       5.0265482       12.803599       82.378121
0.500       5.1522120       12.052481       83.507962
0.500       5.2778757       11.577645       86.231900
0.500       5.4035394       11.312617       90.420789
0.500       5.5292031       10.807237       92.549176
0.500       5.6548668       10.245130       93.854450
0.500       5.7805305       9.9889956       97.745139
0.500       5.9061942       9.3916044       98.024179
0.500       6.0318579       9.0732943       100.87616
0.500       6.1575216       8.7303094       103.25658
0.500       6.2831853       8.6069123       108.15765
0.500       6.4088490       8.0890196       107.87139
0.500       6.5345127       7.7957623       110.19667
0.500       6.6601764       7.6164323       113.99323
0.500       6.7858401       7.2989324       115.54216
0.500       6.9115038       7.0977945       118.71657
0.500       7.0371675       6.7442025       119.06786
0.500       7.1628313       6.6538112       123.87820
0.500       7.2884950       6.4098599       125.72811
0.500       7.4141587       6.1435723       126.84603
0.500       7.5398224       5.9193632       128.53713
0.500       7.6654861       5.7152819       130.41484
0.500       7.7911498       5.5005794       131.79027
0.500       7.9168135       5.3913227       135.52419
0.500       8.0424772       5.1920974       136.83040
0.500       8.2938046       4.8636481       140.57037
0.500       8.5451320       4.6638440       147.42482
0.500       8.7964594       4.4430300       153.20510
0.500       9.0477868       4.1430969       155.46135
0.500       9.2991143       3.9015662       158.94029
0.500       9.5504417       3.6147925       159.52325
0.500       9.8017691       3.4474821       164.46961
0.500       10.053096       3.2651953       168.06566
0.500       10.304424       3.0804419       170.74753
0.500       10.555751       2.9541713       176.02461
0.500       10.807079       2.8289600       180.89310
0.500       11.058406       2.7004151       185.00284
0.500       11.309734       2.5869400       189.58926
0.500       11.561061       2.4952096       195.33064
0.500       11.812388       2.3738914       198.21853
0.500       12.063716       2.2416226       199.37745
0.500       12.315043       2.1192267       200.51899
0.500       12.566371       2.0882163       209.93040
0.500       12.817698       1.9837765       211.63774
0.500       13.069025       1.9012303       214.99809
0.500       13.320353       1.8159070       217.42579
0.500       13.571680       1.7442589       220.89305
0.500       13.823008       1.6800192       224.79785
0.500       14.074335       1.6174649       228.44875
0.500       14.325663       1.5537861       231.42253
0.500       14.576990       1.4972238       234.94194
0.500       14.828317       1.4501070       239.52228
0.500       15.079645       1.3722000       238.37516
0.500       15.330972       1.3334051       243.41170
0.500       15.582300       1.2957140       248.35566
0.500       15.833627       1.2512945       251.63498
0.500       16.084954       1.1951522       251.97239
0.500       16.587609       1.1094000       256.51326
0.500       17.090264       1.0516782       265.94967
0.500       17.592919      0.99255405       273.80295
0.500       18.095574      0.93277852       280.00505
0.500       18.598229      0.87221540       284.25542
0.500       19.100883      0.81305873       287.04668
0.500       19.603538      0.76778432       293.03054
0.500       20.106193      0.72673891       299.25279
0.500       20.608848      0.69240832       307.03909
0.500       21.111503      0.65130950       310.46676
0.500       21.614157      0.61731983       315.78785
0.500       22.116812      0.58265606       319.33765
0.500       22.619467      0.55485638       325.31040
0.500       23.122122      0.53492578       335.00158
0.500       23.624777      0.50310528       336.07196
0.500       24.127432      0.48147662       342.59320
0.500       24.630086      0.45738675       346.21960
0.500       25.132741      0.43537082       350.14599
0.500       25.635396      0.40965607       349.63085
0.500       26.138051      0.39175858       354.41197
0.500       26.640706      0.38421385       368.02765
0.500       27.143361      0.36123001       365.96953
0.500       27.646015      0.34740734       371.88348
0.500       28.148670      0.33312249       376.39848
0.500       28.651325      0.31821297       379.15979
0.500       29.153980      0.30165707       378.68431
0.500       29.656635      0.29047994       383.84157
0.500       30.159289      0.27946330       388.38135
0.500       30.661944      0.26734850       390.43351
0.500       31.164599      0.25627071       392.96500
0.500       31.667254      0.24719577       397.68803
0.500       32.169909      0.24014994       405.04402
0.500       33.175218      0.22081462       408.45052
0.500       34.180528      0.20486312       414.44829
0.500       35.185838      0.19287534       425.64804
0.500       36.191147      0.17999512       432.25302
0.500       37.196457      0.16651719       434.14424
0.500       38.201767      0.15456246       436.54059
0.500       39.207076      0.14458361       441.45121
0.500       40.212386      0.13418784       442.04140
0.500       41.217696      0.12617836       447.61666
0.500       42.223005      0.11865227       452.47411
0.500       43.228315      0.11521306       471.49476
0.500       44.233625      0.10557866       462.91791
0.500       45.238934      0.10179134       477.43933
0.500       46.244244     0.094110072       471.49752
0.500       47.249554     0.088726571       474.15145
0.500       48.254863     0.084607737       481.61899
0.500       49.260173     0.080396284       486.84872
0.500       50.265482     0.075414840       485.21771
0.500       51.270792     0.070359959       480.40323
0.500       52.276102     0.068881767       498.52176
0.500       53.281411     0.065136076       499.13613
0.500       54.286721     0.061479952       498.29280
0.500       55.292031     0.058242384       498.76621
0.500       56.297340     0.055039361       497.51626
0.500       57.302650     0.053263129       507.71624
0.500       58.307960     0.050540509       507.56703
0.500       59.313269     0.048208947       509.62825
0.500       60.318579     0.046776484       520.05723
0.500       61.323889     0.043617502       509.58908
0.500       62.329198     0.041281260       506.40482
0.500       63.334508     0.039773332       511.89801
0.500       64.339818     0.038224442       515.76383
0.500       66.350437     0.035085794       519.19791
0.500       68.361056     0.032677623       528.86766
0.500       70.371675     0.029433168       519.63805
0.500       72.382295     0.026849511       515.82653
0.500       74.392914     0.024784581       516.94763
0.500       76.403533     0.023753739       536.71357
0.500       78.414153     0.021372754       522.05241
0.500       80.424772     0.019852275       523.17871
0.500       82.435391     0.018466996       524.09212
0.500       84.446011     0.017409997       531.13677
0.500       86.456630     0.015822325       518.00681
0.500       88.467249     0.014962978       524.85082
0.500       90.477868     0.013850531       519.71322
0.500       92.488488     0.012762749       511.53754
0.500       94.499107     0.011899324       508.71630
0.500       96.509726     0.011202008       510.12825
0.500       98.520346     0.010384140       503.05860
0.500       100.53096     0.010089163       519.30792
0.500       102.54158    0.0091302242       498.71424
0.500       104.55220    0.0086826174       502.71343
0.500       106.56282    0.0081356156       498.74416
0.500       108.57344    0.0077817314       504.56523
0.500       110.58406    0.0070869976       485.52338
0.500       112.59468    0.0067974183       491.55020
0.500       114.60530    0.0063970297       487.82352
0.500       116.61592    0.0061682758       495.57292
0.500       118.62654    0.0057240557       484.08284
0.500       120.63716    0.0053631819       477.01944
0.500       122.64778    0.0049519669       462.83590
0.500       124.65840    0.0048703825       477.96702
0.500       126.66902    0.0045072378       464.07901
0.500       128.67964    0.0043549214       470.08895
0.500       132.70087    0.0038725083       458.44154
0.500       136.72211    0.0034390197       445.26771
0.500       140.74335    0.0030437613       429.89710
0.500       144.76459    0.0026639001       409.42582
0.500       148.78583    0.0024421355       407.49728
0.500       152.80707    0.0023044738       416.55499
0.500       156.82831    0.0020781298       406.08437
0.500       160.84954    0.0019956095       420.73179
0.500       164.87078    0.0017911519       406.66216
0.500       168.89202    0.0017014621       415.25985
0.500       172.91326    0.0014092948       369.11102
0.500       176.93450    0.0014134357       396.62845
0.500       180.95574    0.0011291898       338.96454
0.500       184.97698    0.0011935612       382.70837
0.500       188.99821    0.0012161648       415.94487
0.500       193.01945    0.0010609239       386.50732
0.500       197.04069   0.00095961013       371.90571
0.500       201.06193   0.00090468650       372.52713
0.500       205.08317   0.00067618044       295.47648
0.500       209.10441   0.00087602483       405.76654
0.500       213.12565   0.00058888087       288.80509
0.500       217.14688   0.00066273648       343.77314
0.500       221.16812   0.00056458488       309.43334
0.500       225.18936   0.00057058939       330.09394
0.500       229.21060   0.00052655272       321.23008
0.500       233.23184   0.00044776535       287.79566
0.500       237.25308   0.00049908059       337.65758
0.500       241.27432   0.00042093250       299.51322
0.500       245.29555   0.00040649161       303.94211
0.500       249.31679   0.00033230552       260.89299
0.500       253.33803   0.00029147263       240.08731
0.500       257.35927   0.00040437630       349.20094
0.500       265.40175   0.00033850063       320.58344
0.500       273.44422   0.00015780749       163.45723
0.500       281.48670   0.00032742550       369.96139
0.500       289.52918   0.00038830938       477.44699
0.500       297.57166   9.9050858e-05       132.22184
0.500       305.61413   0.00022586170       326.61277
0.500       313.65661   0.00015492193       242.18458
0.500       321.69909   0.00020600341       347.45147
0.500       329.74156   0.00014305030       259.82450
0.500       337.78404   0.00014297433       279.15520
0.500       345.82652   3.7807346e-06       7.9217536
0.500       353.86900   0.00013300595       298.58560
0.500       361.91147   9.6713597e-05       232.25488
0.500       369.95395   1.6620742e-05       42.634745
0.500       377.99643   5.0773428e-05       138.92162
0.500       386.03891   0.00021336858       621.86190
0.500       394.08138  -5.9077860e-06      -18.316934
0.500       402.12386   0.00015544321       512.06081
0.500       410.16634   4.2054728e-05       147.01618
0.500       418.20881  -5.0298786e-05      -186.38343
0.500       426.25129   5.3232915e-05       208.85632
0.500       434.29377   5.1321485e-05       212.97090
0.500       442.33625   2.9649142e-05       129.99899
0.500       450.37872   1.9946104e-05       92.312804
0.500       458.42120   3.6927160e-05       180.22301
0.500       466.46368   5.1134488e-05       262.92850
0.500       474.50615  -4.2705568e-06      -23.114277
0.500       482.54863   1.2800917e-05       72.867623
0.500       490.59111  -3.1411223e-06      -18.789452
0.500       498.63359   3.6980099e-05       232.26454
0.500       506.67606   6.3513060e-06       41.852794
0.500       514.71854   4.8930453e-05       338.03287
0.375     0.062831853       1732.1114     0.021766354
0.375      0.12566371       2681.7863      0.26960256
0.375      0.18849556       1068.2554      0.36245051
0.375      0.25132741       833.16418      0.67007039
0.375      0.31415927       591.67487      0.92940071
0.375      0.37699112       445.80240       1.2100575
0.375      0.43982297       360.42916       1.5535453
0.375      0.50265482       312.67740       2.0117607
0.375      0.56548668       260.48383       2.3862622
0.375      0.62831853       239.25466       3.0065628
0.375      0.69115038       216.14659       3.6152331
0.375      0.75398224       194.49125       4.2233169
0.375      0.81681409       182.57383       5.0405561
0.375      0.87964594       169.77421       5.8541747
0.375      0.94247780       157.46603       6.6783705
0.375       1.0053096       145.19045       7.4732216
0.375       1.0681415       135.48534       8.3646721
0.375       1.1309734       120.90009       8.8604137
0.375       1.1938052       122.30865       10.542117
0.375       1.2566371       110.32180       11.090757
0.375       1.3194689       108.89123       12.672452
0.375       1.3823008       104.62898       14.000061
0.375       1.4451326       99.938437       15.280090
0.375       1.5079645       91.640723       15.919598
0.375       1.5707963       88.676072       17.411506
0.375       1.6336282       84.456317       18.653574
0.375       1.6964600       78.448494       19.403754
0.375       1.7592919       77.045818       21.253626
0.375       1.8221237       72.741990       22.294053
0.375       1.8849556       71.344137       24.206495
0.375       1.9477874       68.839818       25.771201
0.375       2.0106193       66.128457       27.230034
0.375       2.0734512       62.973934       28.438881
0.375       2.1362830       59.587347       29.430705
0.375       2.1991149       57.850638       31.168948
0.375       2.2619467       55.399714       32.480663
0.375       2.3247786       53.288510       33.919435
0.375       2.3876104       50.945993       35.129396
0.375       2.4504423       49.066118       36.575089
0.375       2.5132741       47.890308       38.515671
0.375       2.5761060       45.484461       39.393492
0.375       2.6389378       44.720534       41.635589
0.375       2.7017697       42.852979       42.815029
0.375       2.7646015       42.147048       45.116465
0.375       2.8274334       40.105278       45.924976
0.375       2.8902652       38.476835       47.063335
0.375       2.9530971       37.854279       49.387656
0.375       3.0159289       36.656667       50.943238
0.375       3.0787608       34.941804       51.658695
0.375       3.1415927       34.320194       53.910035
0.375       3.2044245       32.744277       54.582799
0.375       3.2672564       31.809682       56.205552
0.375       3.3300882       31.174064       58.321797
0.375       3.3929201       30.037076       59.435894
0.375       3.4557519       29.779459       62.260806
0.375       3.5185838       28.697331       63.330871
0.375       3.5814156       27.821896       64.747225
0.375       3.6442475       26.718487       65.509714
0.375       3.7070793       26.098407       67.356560
0.375       3.7699112       25.268990       68.588530
0.375       3.8327430       24.441678       69.715667
0.375       3.8955749       24.151424       72.331534
0.375       3.9584067       23.612362       74.194370
0.375       4.0212386       22.951456       75.606656
0.375       4.1469023       21.597050       78.025420
0.375       4.2725660       20.237902       79.965396
0.375       4.3982297       19.413848       83.678832
0.375       4.5238934       18.419885       86.396127
0.375       4.6495571       17.536220       89.297853
0.375       4.7752208       16.658318       91.892863
0.375       4.9008845       16.087605       95.936766
0.375       5.0265482       15.311098       98.511323
0.375       5.1522120       14.582053       101.03459
0.375       5.2778757       13.842442       103.10042
0.375       5.4035394       13.320795       106.47199
0.375       5.5292031       12.936471       110.78315
0.375       5.6548668       12.394155       113.54142
0.375       5.7805305       11.929616       116.73466
0.375       5.9061942       11.430040       119.30020
0.375       6.0318579       10.980152       122.07646
0.375       6.1575216       10.496351       124.14420
0.375       6.2831853       10.230305       128.55781
0.375       6.4088490       9.8235786       131.00266
0.375       6.5345127       9.4735283       133.91266
0.375       6.6601764       8.9837569       134.45763
0.375       6.7858401       8.6672114       137.20203
0.375       6.9115038       8.4658687       141.59876
0.375       7.0371675       8.1973873       144.72361
0.375       7.1628313       7.8054822       145.31959
0.375       7.2884950       7.6164547       149.39522
0.375       7.4141587       7.4314364       153.43649
0.375       7.5398224       7.0933139       154.02910
0.375       7.6654861       6.8540511       156.39998
0.375       7.7911498       6.6025943       158.19383
0.375       7.9168135       6.4658887       162.53606
0.375       8.0424772       6.2447958       164.57278
0.375       8.2938046       5.7738066       166.87600
0.375       8.5451320       5.5664749       175.95712
0.375       8.7964594       5.1331810       177.00297
0.375       9.0477868       4.9075629       184.14639
0.375       9.2991143       4.5860561       186.82473
0.375       9.5504417       4.3199406       190.64192
0.375       9.8017691       4.1620899       198.56153
0.375       10.053096       3.9678243       204.23127
0.375       10.304424       3.7895010       210.05036
0.375       10.555751       3.4994520       208.51522
0.375       10.807079       3.3966207       217.19122
0.375       11.058406       3.2037381       219.48502
0.375       11.309734       3.1064758       227.66452
0.375       11.561061       3.0049876       235.23720
0.375       11.812388       2.8247063       235.86132
0.375       12.063716       2.7195605       241.88685
0.375       12.315043       2.6289479       248.74826
0.375       12.566371       2.4807714       249.39434
0.375       12.817698       2.3838621       254.32058
0.375       13.069025       2.2933942       259.34542
0.375       13.320353       2.1783569       260.82336
0.375       13.571680       2.1164479       268.02710
0.375       13.823008       1.9955412       267.01682
0.375       14.074335       1.9671693       277.84057
0.375       14.325663       1.8863211       280.95064
0.375       14.576990       1.7898185       280.85542
0.375       14.828317       1.7261276       285.11416
0.375       15.079645       1.6607954       288.50923
0.375       15.330972       1.6048719       292.96769
0.375       15.582300       1.5467928       296.48113
0.375       15.833627       1.5228737       306.24949
0.375       16.084954       1.4469760       305.06409
0.375       16.587609       1.3443558       310.83926
0.375       17.090264       1.2573932       317.97111
0.375       17.592919       1.1714036       323.13984
0.375       18.095574       1.0980443       329.61516
0.375       18.598229       1.0375490       338.13773
0.375       19.100883      0.97207121       343.18531
0.375       19.603538      0.91640988       349.75458
0.375       20.106193      0.86350160       355.56823
0.375       20.608848      0.82019119       363.70268
0.375       21.111503      0.77230732       368.14410
0.375       21.614157      0.72696454       371.87623
0.375       22.116812      0.69738559       382.21772
0.375       22.619467      0.66871524       392.06546
0.375       23.122122      0.62858729       393.65785
0.375       23.624777      0.60997521       407.46057
0.375       24.127432      0.56684300       403.33539
0.375       24.630086      0.54941619       415.88142
0.375       25.132741      0.51686378       415.68652
0.375       25.635396      0.50070668       427.34019
0.375       26.138051      0.47377653       428.61108
0.375       26.640706      0.44843315       429.54152
0.375       27.143361      0.42794959       433.56451
0.375       27.646015      0.41925240       448.79029
0.375       28.148670      0.39795144       449.64937
0.375       28.651325      0.37848003       450.96969
0.375       29.153980      0.35750917       448.79808
0.375       29.656635      0.34756168       459.26966
0.375       30.159289      0.33555495       466.33415
0.375       30.661944      0.32295123       471.63527
0.375       31.164599      0.31237611       478.99691
0.375       31.667254      0.29760358       478.78400
0.375       32.169909      0.28787485       485.53828
0.375       33.175218      0.26299255       486.46890
0.375       34.180528      0.24315837       491.92149
0.375       35.185838      0.23076574       509.26669
0.375       36.191147      0.21154485       508.01879
0.375       37.196457      0.20280977       528.76642
0.375       38.201767      0.19124736       540.15208
0.375       39.207076      0.17324995       528.97695
0.375       40.212386      0.16464212       542.36386
0.375       41.217696      0.15462409       548.52768
0.375       42.223005      0.14605987       556.99153
0.375       43.228315      0.13556167       554.76886
0.375       44.233625      0.12935815       567.18096
0.375       45.238934      0.12092218       567.17010
0.375       46.244244      0.11355406       568.91314
0.375       47.249554      0.10992897       587.45626
0.375       48.254863      0.10284173       585.41372
0.375       49.260173     0.098251815       594.97488
0.375       50.265482     0.093239615       599.90198
0.375       51.270792     0.088175530       602.04426
0.375       52.276102     0.081719707       591.43449
0.375       53.281411     0.078191626       599.18050
0.375       54.286721     0.075857234       614.82015
0.375       55.292031     0.071573885       612.93225
0.375       56.297340     0.068308260       617.45756
0.375       57.302650     0.065444634       623.83312
0.375       58.307960     0.061200717       614.62512
0.375       59.313269     0.059288654       626.75447
0.375       60.318579     0.056732843       630.75124
0.375       61.323889     0.053972312       630.56569
0.375       62.329198     0.050850287       623.78983
0.375       63.334508     0.049106020       632.01327
0.375       64.339818     0.047316421       638.44225
0.375       66.350437     0.044230641       654.52291
0.375       68.361056     0.039152494       633.65955
0.375       70.371675     0.037018780       653.56085
0.375       72.382295     0.033504081       643.67258
0.375       74.392914     0.030828171       643.00260
0.375       76.403533     0.028779233       650.26415
0.375       78.414153     0.026510612       647.55010
0.375       80.424772     0.025377072       668.77694
0.375       82.435391     0.023075094       654.86962
0.375       84.446011     0.021382606       652.33143
0.375       86.456630     0.019920451       652.17527
0.375       88.467249     0.018835148       660.67348
0.375       90.477868     0.016976695       637.01621
0.375       92.488488     0.016215499       649.92554
0.375       94.499107     0.015232395       651.21077
0.375       96.509726     0.013949835       635.26154
0.375       98.520346     0.013691499       663.28328
0.375       100.53096     0.012485883       642.67156
0.375       102.54158     0.011743472       641.45595
0.375       104.55220     0.011081636       641.61382
0.375       106.56282     0.010335664       633.61548
0.375       108.57344    0.0096659967       626.74045
0.375       110.58406    0.0092571591       634.19906
0.375       112.59468    0.0088142660       637.39703
0.375       114.60530    0.0080989258       617.60640
0.375       116.61592    0.0077384721       621.72596
0.375       118.62654    0.0074033723       626.10248
0.375       120.63716    0.0068925230       613.04418
0.375       122.64778    0.0064708777       604.80099
0.375       124.65840    0.0061450236       603.05709
0.375       126.66902    0.0058705929       604.45422
0.375       128.67964    0.0056050126       605.02917
0.375       132.70087    0.0047804814       565.93068
0.375       136.72211    0.0043953993       569.09513
0.375       140.74335    0.0040909308       577.79802
0.375       144.76459    0.0036105977       554.92768
0.375       148.78583    0.0031367815       523.40664
0.375       152.80707    0.0031434948       568.21582
0.375       156.82831    0.0028814517       563.06036
0.375       160.84954    0.0023845008       502.72124
0.375       164.87078    0.0021139551       479.95124
0.375       168.89202    0.0021386091       521.95019
0.375       172.91326    0.0019047546       498.87780
0.375       176.93450    0.0017414937       488.68580
0.375       180.95574    0.0017374801       521.56346
0.375       184.97698    0.0014119065       452.71952
0.375       188.99821    0.0014145311       483.78884
0.375       193.01945    0.0011772901       428.90092
0.375       197.04069    0.0010520939       407.74863
0.375       201.06193    0.0011149640       459.11410
0.375       205.08317    0.0010534941       460.35454
0.375       209.10441   0.00082356091       381.46574
0.375       213.12565   0.00086544525       424.44067
0.375       217.14688   0.00083872501       435.06150
0.375       221.16812   0.00083910192       459.88852
0.375       225.18936   0.00070497864       407.84001
0.375       229.21060   0.00065104036       397.17533
0.375       233.23184   0.00059270326       380.95272
0.375       237.25308   0.00056687664       383.52562
0.375       241.27432   0.00048308370       343.73672
0.375       245.29555   0.00054519998       407.65721
0.375       249.31679   0.00053438231       419.54343
0.375       253.33803   0.00047403732       390.46667
0.375       257.35927   0.00045680266       394.47395
0.375       265.40175   0.00040083085       379.61445
0.375       273.44422   0.00011043601       114.38978
0.375       281.48670   0.00018453323       208.50596
0.375       289.52918   0.00024550791       301.86500
0.375       297.57166   0.00024337360       324.87659
0.375       305.61413   0.00019258541       278.49279
0.375       313.65661   0.00029382466       459.32685
0.375       321.69909   0.00020535694       346.36112
0.375       329.74156   0.00027364530       497.02627
0.375       337.78404   0.00013756046       268.58471
0.375       345.82652   0.00020239639       424.08010
0.375       353.86900   9.3546812e-05       210.00363
0.375       361.91147   0.00016365968       393.02394
0.375       369.95395   6.5260250e-05       167.40252
0.375       377.99643   0.00010341067       282.94284
0.375       386.03891   0.00021390901       623.43700
0.375       394.08138   4.8479972e-05       150.31087
0.375       402.12386   6.4093454e-05       211.13657
0.375       410.16634   0.00016692267       583.53327
0.375       418.20881   8.4307281e-05       312.40278
0.375       426.25129   5.4530419e-05       213.94701
0.375       434.29377   0.00011809537       490.06525
0.375       442.33625   9.9659971e-06       43.696696
0.375       450.37872   9.0100735e-05       416.99629
0.375       458.42120   3.6641950e-06       17.883105
0.375       466.46368   4.8811232e-05       250.98255
0.375       474.50615   3.4177858e-05       184.98676
0.375       482.54863  -5.2547722e-06      -29.912135
0.375       490.59111   6.4828229e-05       387.78717
0.375       498.63359   1.7686529e-05       111.08552
0.375       506.67606   6.0586329e-05       399.24185
0.375       514.71854   3.9757376e-05       274.66126
0.250     0.062831853       1936.2215     0.024331278
0.250      0.12566371       2992.9938      0.30088856
0.250      0.18849556       1204.7727      0.40876976
0.250      0.25132741       950.11737      0.76412973
0.250      0.31415927       679.47472       1.0673164
0.250      0.37699112       512.38889       1.3907956
0.250      0.43982297       419.23678       1.8070217
0.250      0.50265482       368.69981       2.3722079
0.250      0.56548668       308.46648       2.8258257
0.250      0.62831853       285.69402       3.5901369
0.250      0.69115038       256.67270       4.2930663
0.250      0.75398224       232.22389       5.0426694
0.250      0.81681409       221.29960       6.1097094
0.250      0.87964594       207.38403       7.1510413
0.250      0.94247780       192.91468       8.1818012
0.250       1.0053096       178.67981       9.1969812
0.250       1.0681415       167.78493       10.358803
0.250       1.1309734       148.84364       10.908315
0.250       1.1938052       150.76662       12.994988
0.250       1.2566371       134.82138       13.553723
0.250       1.3194689       134.19288       15.616986
0.250       1.3823008       130.67874       17.485692
0.250       1.4451326       124.36384       19.014613
0.250       1.5079645       114.50027       19.890701
0.250       1.5707963       111.05509       21.805616
0.250       1.6336282       106.27745       23.473133
0.250       1.6964600       98.866777       24.454092
0.250       1.7592919       96.104524       26.511103
0.250       1.8221237       91.208815       27.953788
0.250       1.8849556       89.534954       30.378494
0.250       1.9477874       86.063061       32.218976
0.250       2.0106193       82.278305       33.880135
0.250       2.0734512       79.777113       36.027157
0.250       2.1362830       75.739750       37.408516
0.250       2.1991149       72.706336       39.172948
0.250       2.2619467       70.978547       41.614480
0.250       2.3247786       67.631813       43.049297
0.250       2.3876104       65.582113       45.221614
0.250       2.4504423       62.621235       46.679405
0.250       2.5132741       60.755241       48.862264
0.250       2.5761060       57.224624       49.561493
0.250       2.6389378       55.767867       51.920847
0.250       2.7017697       52.905014       52.858162
0.250       2.7646015       52.726841       56.441643
0.250       2.8274334       50.731779       58.093494
0.250       2.8902652       48.358253       59.149893
0.250       2.9530971       47.903176       62.498234
0.250       3.0159289       46.179812       64.177935
0.250       3.0787608       43.994224       65.041982
0.250       3.1415927       43.023266       67.580788
0.250       3.2044245       41.192883       68.666132
0.250       3.2672564       39.724220       70.190005
0.250       3.3300882       38.960060       72.888178
0.250       3.3929201       37.434721       74.073991
0.250       3.4557519       36.947932       77.248146
0.250       3.5185838       35.494344       78.330898
0.250       3.5814156       34.468806       80.215939
0.250       3.6442475       33.289960       81.621979
0.250       3.7070793       32.838048       84.750687
0.250       3.7699112       31.573430       85.700900
0.250       3.8327430       30.582163       87.230341
0.250       3.8955749       30.029985       89.937342
0.250       3.9584067       29.325988       92.147630
0.250       4.0212386       28.536695       94.005541
0.250       4.1469023       26.615069       96.154425
0.250       4.2725660       25.808614       101.97678
0.250       4.3982297       24.633120       106.17528
0.250       4.5238934       23.077285       108.24107
0.250       4.6495571       22.005546       112.05653
0.250       4.7752208       21.158474       116.71724
0.250       4.9008845       20.262812       120.83518
0.250       5.0265482       19.412026       124.89662
0.250       5.1522120       18.070833       125.20729
0.250       5.2778757       17.428631       129.81085
0.250       5.4035394       16.695171       133.44309
0.250       5.5292031       16.092938       137.81396
0.250       5.6548668       15.290390       140.07349
0.250       5.7805305       14.594984       142.81604
0.250       5.9061942       14.101607       147.18448
0.250       6.0318579       13.644207       151.69521
0.250       6.1575216       12.988788       153.62317
0.250       6.2831853       12.453577       156.49627
0.250       6.4088490       11.833532       157.80646
0.250       6.5345127       11.551377       163.28401
0.250       6.6601764       11.139637       166.72414
0.250       6.7858401       10.762760       170.37457
0.250       6.9115038       10.368791       173.42673
0.250       7.0371675       10.152155       179.23474
0.250       7.1628313       9.6410003       179.49259
0.250       7.2884950       9.3052589       182.52077
0.250       7.4141587       9.0955890       187.79616
0.250       7.5398224       8.7016529       188.95368
0.250       7.6654861       8.4866021       193.65254
0.250       7.7911498       8.1827646       196.05367
0.250       7.9168135       7.8902676       198.34134
0.250       8.0424772       7.7283068       203.66862
0.250       8.2938046       7.1028961       205.28968
0.250       8.5451320       6.8553415       216.69839
0.250       8.7964594       6.5029076       224.23405
0.250       9.0477868       6.1441967       230.54858
0.250       9.2991143       5.7178692       232.93204
0.250       9.5504417       5.4699186       241.39123
0.250       9.8017691       5.1966155       247.91582
0.250       10.053096       4.8618716       250.24954
0.250       10.304424       4.5953673       254.71917
0.250       10.555751       4.4749059       266.63774
0.250       10.807079       4.1549851       265.68356
0.250       11.058406       4.0024824       274.20622
0.250       11.309734       3.8284183       280.57358
0.250       11.561061       3.6914567       288.97556
0.250       11.812388       3.5062534       292.77009
0.250       12.063716       3.3587614       298.73953
0.250       12.315043       3.1779747       300.69659
0.250       12.566371       3.0596011       307.58466
0.250       12.817698       2.9479096       314.49556
0.250       13.069025       2.8043120       317.12187
0.250       13.320353       2.6896820       322.04635
0.250       13.571680       2.5651497       324.85073
0.250       13.823008       2.5066770       335.41022
0.250       14.074335       2.3916557       337.79450
0.250       14.325663       2.2980198       342.26947
0.250       14.576990       2.2418675       351.79022
0.250       14.828317       2.1591184       356.63367
0.250       15.079645       2.0627494       358.33568
0.250       15.330972       1.9882856       362.95945
0.250       15.582300       1.9109774       366.28612
0.250       15.833627       1.8528633       372.61032
0.250       16.084954       1.8014488       379.79714
0.250       16.587609       1.6567025       383.05943
0.250       17.090264       1.5275082       386.27813
0.250       17.592919       1.4481575       399.48434
0.250       18.095574       1.3837298       415.37333
0.250       18.598229       1.2980263       423.02740
0.250       19.100883       1.1942618       421.62871
0.250       19.603538       1.1377758       434.24051
0.250       20.106193       1.0672924       439.48417
0.250       20.608848       1.0092108       447.52088
0.250       21.111503      0.95139124       453.50998
0.250       21.614157      0.91326542       467.17781
0.250       22.116812      0.86588598       474.56812
0.250       22.619467      0.81775826       479.44888
0.250       23.122122      0.77522677       485.49200
0.250       23.624777      0.74216342       495.76166
0.250       24.127432      0.69102786       491.69874
0.250       24.630086      0.66258689       501.54615
0.250       25.132741      0.64360082       517.61449
0.250       25.635396      0.61424846       524.24516
0.250       26.138051      0.58213480       526.63948
0.250       26.640706      0.55476692       531.39565
0.250       27.143361      0.54139739       548.50080
0.250       27.646015      0.50587515       541.51594
0.250       28.148670      0.48843599       551.88878
0.250       28.651325      0.47053577       560.65673
0.250       29.153980      0.44994298       564.83459
0.250       29.656635      0.43439642       574.01349
0.250       30.159289      0.42030437       584.11382
0.250       30.661944      0.40026452       584.54294
0.250       31.164599      0.38189425       585.59588
0.250       31.667254      0.36484167       586.95648
0.250       32.169909      0.35433948       597.63950
0.250       33.175218      0.33281009       615.61347
0.250       34.180528      0.30627650       619.61259
0.250       35.185838      0.28218929       622.75105
0.250       36.191147      0.26561193       637.85929
0.250       37.196457      0.25137249       655.37932
0.250       38.201767      0.23106002       652.59751
0.250       39.207076      0.21701498       662.60291
0.250       40.212386      0.20512864       675.73449
0.250       41.217696      0.19586029       694.81275
0.250       42.223005      0.18392813       701.40014
0.250       43.228315      0.17154341       702.01959
0.250       44.233625      0.16371491       717.82088
0.250       45.238934      0.15169112       711.48787
0.250       46.244244      0.14686212       735.78869
0.250       47.249554      0.13719709       733.17609
0.250       48.254863      0.12855438       731.77975
0.250       49.260173      0.12283926       743.86693
0.250       50.265482      0.11579492       745.02238
0.250       51.270792      0.11197747       764.55899
0.250       52.276102      0.10400942       752.75307
0.250       53.281411     0.099810953       764.84886
0.250       54.286721     0.094270413       764.05831
0.250       55.292031     0.090225249       772.65562
0.250       56.297340     0.085348589       771.48989
0.250       57.302650     0.082597620       787.33927
0.250       58.307960     0.077368512       776.99466
0.250       59.313269     0.074628534       788.91599
0.250       60.318579     0.071820425       798.49377
0.250       61.323889     0.068429294       799.46854
0.250       62.329198     0.065331919       801.43867
0.250       63.334508     0.062141256       799.78175
0.250       64.339818     0.060325514       813.97443
0.250       66.350437     0.055660089       823.65533
0.250       68.361056     0.051031372       825.91204
0.250       70.371675     0.046687157       824.25457
0.250       72.382295     0.043097614       827.98131
0.250       74.392914     0.038924410       811.87096
0.250       76.403533     0.036431520       823.16687
0.250       78.414153     0.034169098       834.61681
0.250       80.424772     0.031351298       826.21924
0.250       82.435391     0.028918229       820.69740
0.250       84.446011     0.027669592       844.13212
0.250       86.456630     0.025359944       830.25875
0.250       88.467249     0.023691789       831.02805
0.250       90.477868     0.022145389       830.96104
0.250       92.488488     0.021435434       859.14323
0.250       94.499107     0.019592505       837.61285
0.250       96.509726     0.018231136       830.22775
0.250       98.520346     0.017113640       829.06851
0.250       100.53096     0.016312886       839.65448
0.250       102.54158     0.015052610       822.20881
0.250       104.55220     0.014582647       844.31829
0.250       106.56282     0.013356559       818.80782
0.250       108.57344     0.012587029       816.13937
0.250       110.58406     0.011834838       810.79338
0.250       112.59468     0.011108923       803.33344
0.250       114.60530     0.010704668       816.31460
0.250       116.61592     0.010131784       814.00993
0.250       118.62654    0.0094331657       797.76191
0.250       120.63716    0.0090070066       801.11347
0.250       122.64778    0.0085073703       795.14190
0.250       124.65840    0.0081116439       796.05623
0.250       126.66902    0.0076732971       790.06617
0.250       128.67964    0.0073878792       797.47946
0.250       132.70087    0.0064687276       765.79137
0.250       136.72211    0.0059586284       771.49451
0.250       140.74335    0.0052303624       738.72994
0.250       144.76459    0.0050909651       782.45146
0.250       148.78583    0.0044311974       739.39423
0.250       152.80707    0.0041041554       741.86413
0.250       156.82831    0.0036938163       721.80335
0.250       160.84954    0.0033112367       698.10378
0.250       164.87078    0.0030655942       696.01086
0.250       168.89202    0.0027032549       659.75798
0.250       172.91326    0.0024803299       649.62781
0.250       176.93450    0.0022660986       635.89677
0.250       180.95574    0.0020812712       624.76400
0.250       184.97698    0.0019195602       615.49570
0.250       188.99821    0.0017969976       614.59759
0.250       193.01945    0.0016990223       618.97425
0.250       197.04069    0.0016959981       657.29964
0.250       201.06193    0.0013504756       556.09187
0.250       205.08317    0.0012005431       524.61180
0.250       209.10441    0.0012032807       557.34841
0.250       213.12565    0.0011158365       547.24016
0.250       217.14688    0.0011328509       587.62980
0.250       221.16812   0.00091152391       499.58101
0.250       225.18936   0.00092535870       535.33295
0.250       229.21060   0.00079866031       487.23273
0.250       233.23184   0.00081957750       526.77335
0.250       237.25308   0.00086336918       584.12038
0.250       241.27432   0.00074779084       532.08827
0.250       245.29555   0.00062833473       469.81876
0.250       249.31679   0.00072415966       568.53759
0.250       253.33803   0.00050374785       414.93937
0.250       257.35927   0.00053987950       466.21532
0.250       265.40175   0.00044315597       419.69926
0.250       273.44422   0.00038831934       402.22174
0.250       281.48670   0.00054741087       618.52509
0.250       289.52918   0.00035459679       435.99557
0.250       297.57166   0.00027448185       366.40263
0.250       305.61413   0.00035380097       511.62243
0.250       313.65661   0.00032347114       505.67226
0.250       321.69909   0.00018349242       309.48377
0.250       329.74156   0.00030765072       558.79085
0.250       337.78404   0.00017139999       334.65587
0.250       345.82652   0.00015670411       328.34130
0.250       353.86900   6.8625740e-05       154.05821
0.250       361.91147   0.00027338186       656.51856
0.250       369.95395   0.00015997598       410.36286
0.250       377.99643   0.00023926797       654.66317
0.250       386.03891   0.00015304658       446.05367
0.250       394.08138   0.00011466531       355.51675
0.250       402.12386   0.00014979232       493.44566
0.250       410.16634   0.00010861147       379.68723
0.250       418.20881   0.00019711412       730.41139
0.250       426.25129   8.5163945e-05       334.13591
0.250       434.29377   9.6198420e-05       399.19858
0.250       442.33625   5.4147191e-05       237.41260
0.250       450.37872   3.6805252e-05       170.33883
0.250       458.42120   5.4248880e-05       264.76167
0.250       466.46368   0.00012173042       625.92584
0.250       474.50615   4.0972948e-05       221.76501
0.250       482.54863   0.00019108060       1087.7025
0.250       490.59111   7.6511670e-05       457.67476
0.250       498.63359   0.00011929522       749.26918
0.250       506.67606  -1.8637982e-05      -122.81752
0.250       514.71854   3.5351305e-05       244.22221
0.125     0.062831853       2162.1229     0.027170038
0.125      0.12566371       3335.2668      0.33529758
0.125      0.18849556       1358.2291      0.46083628
0.125      0.25132741       1083.8778      0.87170628
0.125      0.31415927       779.63878       1.2246537
0.125      0.37699112       588.15630       1.5964538
0.125      0.43982297       486.51608       2.0970133
0.125      0.50265482       433.18602       2.7871110
0.125      0.56548668       364.01678       3.3347156
0.125      0.62831853       340.54187       4.2793754
0.125      0.69115038       304.70037       5.0963694
0.125      0.75398224       275.25198       5.9770110
0.125      0.81681409       266.08189       7.3460730
0.125      0.87964594       250.31305       8.6313248
0.125      0.94247780       233.52051       9.9039553
0.125       1.0053096       218.22377       11.232382
0.125       1.0681415       205.81977       12.707020
0.125       1.1309734       182.68203       13.388232
0.125       1.1938052       182.99317       15.772682
0.125       1.2566371       163.17174       16.403812
0.125       1.3194689       162.99862       18.969317
0.125       1.3823008       159.38942       21.327374
0.125       1.4451326       150.44577       23.002410
0.125       1.5079645       140.09141       24.336330
0.125       1.5707963       135.98210       26.700022
0.125       1.6336282       130.03018       28.719314
0.125       1.6964600       121.62982       30.084390
0.125       1.7592919       116.86788       32.238820
0.125       1.8221237       112.11087       34.359877
0.125       1.8849556       109.44699       37.134488
0.125       1.9477874       104.57396       39.148805
0.125       2.0106193       100.62764       41.435931
0.125       2.0734512       96.549208       43.601397
0.125       2.1362830       92.310049       45.592730
0.125       2.1991149       87.661995       47.230805
0.125       2.2619467       87.179628       51.113119
0.125       2.3247786       82.988369       52.824119
0.125       2.3876104       81.923560       56.489726
0.125       2.4504423       77.078182       57.455968
0.125       2.5132741       75.222905       60.497850
0.125       2.5761060       70.285167       60.873057
0.125       2.6389378       68.692359       63.953773
0.125       2.7017697       64.688542       64.631256
0.125       2.7646015       64.039473       68.551292
0.125       2.8274334       62.071516       71.078746
0.125       2.8902652       59.071845       72.254332
0.125       2.9530971       59.283071       77.345336
0.125       3.0159289       56.388623       78.365528
0.125       3.0787608       54.304105       80.284325
0.125       3.1415927       53.105034       83.417192
0.125       3.2044245       51.044724       85.088576
0.125       3.2672564       48.962533       86.513478
0.125       3.3300882       47.777965       89.385099
0.125       3.3929201       45.620421       90.271454
0.125       3.4557519       45.054231       94.196228
0.125       3.5185838       43.174274       95.279394
0.125       3.5814156       42.197624       98.202474
0.125       3.6442475       40.704878       99.802242
0.125       3.7070793       40.107027       103.51097
0.125       3.7699112       38.656341       104.92630
0.125       3.8327430       37.622586       107.31193
0.125       3.8955749       36.395000       109.00004
0.125       3.9584067       35.512569       111.58700
0.125       4.0212386       34.330897       113.09279
0.125       4.1469023       31.946262       115.41486
0.125       4.2725660       31.991148       126.40563
0.125       4.3982297       30.228612       130.29333
0.125       4.5238934       28.507261       133.70968
0.125       4.6495571       27.345049       139.24632
0.125       4.7752208       26.437178       145.83633
0.125       4.9008845       24.931664       148.67739
0.125       5.0265482       23.984058       154.31299
0.125       5.1522120       22.797081       157.95401
0.125       5.2778757       21.689091       161.54334
0.125       5.4035394       20.493221       163.80058
0.125       5.5292031       20.029919       171.52881
0.125       5.6548668       19.153345       175.46158
0.125       5.7805305       18.314922       179.21668
0.125       5.9061942       17.642357       184.14080
0.125       6.0318579       16.983862       188.82522
0.125       6.1575216       16.025783       189.54282
0.125       6.2831853       15.592608       195.94249
0.125       6.4088490       14.942616       199.26774
0.125       6.5345127       14.493239       204.86857
0.125       6.6601764       14.084825       210.80403
0.125       6.7858401       13.571059       214.82997
0.125       6.9115038       12.961618       216.79394
0.125       7.0371675       12.529014       221.19781
0.125       7.1628313       12.036388       224.08902
0.125       7.2884950       11.620463       227.93303
0.125       7.4141587       11.328532       233.89962
0.125       7.5398224       10.976214       238.34506
0.125       7.6654861       10.666463       243.39397
0.125       7.7911498       10.369262       248.44072
0.125       7.9168135       9.9920313       251.17435
0.125       8.0424772       9.6709509       254.86427
0.125       8.2938046       8.8581050       256.01917
0.125       8.5451320       8.6317531       272.85103
0.125       8.7964594       7.9445840       273.94611
0.125       9.0477868       7.8118951       293.12560
0.125       9.2991143       7.3317886       298.67918
0.125       9.5504417       6.8106867       300.56024
0.125       9.8017691       6.4408265       307.27361
0.125       10.053096       6.2239871       320.36016
0.125       10.304424       5.8569760       324.64959
0.125       10.555751       5.6049618       333.97224
0.125       10.807079       5.3106343       339.57961
0.125       11.058406       5.0511328       346.04825
0.125       11.309734       4.9334285       361.55654
0.125       11.561061       4.6669659       365.34062
0.125       11.812388       4.4171917       368.83291
0.125       12.063716       4.2340024       376.58642
0.125       12.315043       4.0359324       381.87564
0.125       12.566371       3.9179933       393.87964
0.125       12.817698       3.7348466       398.44936
0.125       13.069025       3.5618245       402.78416
0.125       13.320353       3.4589902       414.15869
0.125       13.571680       3.3423920       423.28074
0.125       13.823008       3.1960196       427.64888
0.125       14.074335       3.0581670       431.93174
0.125       14.325663       2.9508435       439.50172
0.125       14.576990       2.7951945       438.61740
0.125       14.828317       2.6911067       444.50514
0.125       15.079645       2.6142644       454.14349
0.125       15.330972       2.5428767       464.19948
0.125       15.582300       2.4500759       469.61768
0.125       15.833627       2.3373332       470.03708
0.125       16.084954       2.2761349       479.87459
0.125       16.587609       2.1150607       489.04011
0.125       17.090264       1.9922698       503.80762
0.125       17.592919       1.8590688       512.83709
0.125       18.095574       1.7417694       522.85105
0.125       18.598229       1.6534115       538.84759
0.125       19.100883       1.5331523       541.27242
0.125       19.603538       1.4341306       547.34652
0.125       20.106193       1.3580808       559.22347
0.125       20.608848       1.2954702       574.45872
0.125       21.111503       1.2305527       586.58089
0.125       21.614157       1.1448870       585.66303
0.125       22.116812       1.1005885       603.20207
0.125       22.619467       1.0480208       614.45100
0.125       23.122122       1.0075624       630.99408
0.125       23.624777      0.96870090       647.08764
0.125       24.127432      0.89497583       636.81729
0.125       24.630086      0.86994009       658.50247
0.125       25.132741      0.81587349       656.16439
0.125       25.635396      0.78373157       668.89461
0.125       26.138051      0.74378354       672.87814
0.125       26.640706      0.71470148       684.59246
0.125       27.143361      0.68044688       689.37469
0.125       27.646015      0.66297686       709.68604
0.125       28.148670      0.63595957       718.57717
0.125       28.651325      0.60706828       723.33908
0.125       29.153980      0.57985820       727.92328
0.125       29.656635      0.56483972       746.38188
0.125       30.159289      0.53699407       746.28217
0.125       30.661944      0.51297963       749.15114
0.125       31.164599      0.49648247       761.30523
0.125       31.667254      0.47545817       764.91607
0.125       32.169909      0.46394084       782.49641
0.125       33.175218      0.42607366       788.12721
0.125       34.180528      0.38706872       783.05929
0.125       35.185838      0.37014984       816.86729
0.125       36.191147      0.34348416       824.86719
0.125       37.196457      0.32557688       848.84530
0.125       38.201767      0.30018815       847.84047
0.125       39.207076      0.28327658       864.91675
0.125       40.212386      0.27004028       889.56634
0.125       41.217696      0.24791467       879.47523
0.125       42.223005      0.23263328       887.13462
0.125       43.228315      0.21914193       896.81046
0.125       44.233625      0.20541355       900.65180
0.125       45.238934      0.19561903       917.52617
0.125       46.244244      0.18857706       944.78322
0.125       47.249554      0.17779939       950.15325
0.125       48.254863      0.16632676       946.79433
0.125       49.260173      0.15719215       951.89470
0.125       50.265482      0.15075833       969.97635
0.125       51.270792      0.14178513       968.07949
0.125       52.276102      0.13436159       972.42247
0.125       53.281411      0.12820001       982.39349
0.125       54.286721      0.12159931       985.55800
0.125       55.292031      0.11688763       1000.9824
0.125       56.297340      0.11191942       1011.6711
0.125       57.302650      0.10624525       1012.7539
0.125       58.307960      0.10155849       1019.9292
0.125       59.313269     0.096232272       1017.2942
0.125       60.318579     0.092625281       1029.8005
0.125       61.323889     0.087172839       1018.4519
0.125       62.329198     0.083276382       1021.5667
0.125       63.334508     0.081165702       1044.6336
0.125       64.339818     0.077117220       1040.5456
0.125       66.350437     0.069786466       1032.6968
0.125       68.361056     0.064321898       1041.0112
0.125       70.371675     0.059162550       1044.5057
0.125       72.382295     0.055595693       1068.0915
0.125       74.392914     0.050892135       1061.4894
0.125       76.403533     0.048431775       1094.3115
0.125       78.414153     0.045310422       1106.7556
0.125       80.424772     0.042605389       1122.8049
0.125       82.435391     0.038438442       1090.8804
0.125       84.446011     0.036326307       1108.2275
0.125       86.456630     0.033549188       1098.3663
0.125       88.467249     0.031542816       1106.4156
0.125       90.477868     0.028735156       1078.2287
0.125       92.488488     0.027208701       1090.5388
0.125       94.499107     0.025170704       1076.0904
0.125       96.509726     0.023609158       1075.1375
0.125       98.520346     0.022523736       1091.1601
0.125       100.53096     0.021173424       1089.8354
0.125       102.54158     0.020075515       1096.5717
0.125       104.55220     0.018869929       1092.5469
0.125       106.56282     0.017588789       1078.2596
0.125       108.57344     0.016874157       1094.1155
0.125       110.58406     0.016016953       1097.3060
0.125       112.59468     0.014609500       1056.4750
0.125       114.60530     0.014107846       1075.8335
0.125       116.61592     0.013204382       1060.8692
0.125       118.62654     0.012445893       1052.5480
0.125       120.63716     0.011902255       1058.6266
0.125       122.64778     0.011178461       1044.7956
0.125       124.65840     0.010608426       1041.0841
0.125       126.66902     0.010265836       1057.0019
0.125       128.67964    0.0097673399       1054.3287
0.125       132.70087    0.0084136797       996.04184
0.125       136.72211    0.0076876090       995.35459
0.125       140.74335    0.0072393966       1022.4835
0.125       144.76459    0.0063795629       980.50139
0.125       148.78583    0.0059528183       993.29348
0.125       152.80707    0.0055950618       1011.3593
0.125       156.82831    0.0049964822       976.35545
0.125       160.84954    0.0044182835       931.50103
0.125       164.87078    0.0040292493       914.79860
0.125       168.89202    0.0035845519       874.84786
0.125       172.91326    0.0033383656       874.35751
0.125       176.93450    0.0030191666       847.21744
0.125       180.95574    0.0027445751       823.87712
0.125       184.97698    0.0027028978       866.66828
0.125       188.99821    0.0025438418       870.02847
0.125       193.01945    0.0022449725       817.87046
0.125       197.04069    0.0020649670       800.29692
0.125       201.06193    0.0019054404       784.61241
0.125       205.08317    0.0018688923       816.66621
0.125       209.10441    0.0017073142       790.81205
0.125       213.12565    0.0014990945       735.20153
0.125       217.14688    0.0014326371       743.13420
0.125       221.16812    0.0013158720       721.19301
0.125       225.18936    0.0011727643       678.46054
0.125       229.21060    0.0012237079       746.53831
0.125       233.23184    0.0010268273       659.98061
0.125       237.25308    0.0010262553       694.32252
0.125       241.27432    0.0010352706       736.64358
0.125       245.29555   0.00097958692       732.45723
0.125       249.31679   0.00087226514       684.81517
0.125       253.33803   0.00075119974       618.76660
0.125       257.35927   0.00071455237       617.05486
0.125       265.40175   0.00061294774       580.50377
0.125       273.44422   0.00041351847       428.32304
0.125       281.48670   0.00050672811       572.55723
0.125       289.52918   0.00064650415       794.91115
0.125       297.57166   0.00053279903       711.22722
0.125       305.61413   0.00033525634       484.80553
0.125       313.65661   0.00027828732       435.03782
0.125       321.69909   0.00038759391       653.72741
0.125       329.74156   0.00035710865       648.62205
0.125       337.78404   0.00040745459       795.54886
0.125       345.82652   0.00027154346       568.96360
0.125       353.86900   0.00017631169       395.80285
0.125       361.91147   0.00010937850       262.66927
0.125       369.95395   0.00024363722       624.96675
0.125       377.99643   0.00020316560       555.88318
0.125       386.03891   0.00015776794       459.81406
0.125       394.08138   0.00013283007       411.83610
0.125       402.12386   0.00012984788       427.74472
0.125       410.16634   0.00010098269       353.01833
0.125       418.20881   0.00018695002       692.74806
0.125       426.25129   6.7780046e-05       265.93117
0.125       434.29377   0.00019093673       792.33808
0.125       442.33625   0.00014876301       652.26307
0.125       450.37872   2.2941481e-05       106.17574
0.125       458.42120   4.1121562e-05       200.69379
0.125       466.46368   0.00019032823       978.64899
0.125       474.50615   8.9895014e-05       486.55441
0.125       482.54863   0.00011284406       642.35074
0.125       490.59111   0.00011614794       694.76959
0.125       498.63359   0.00010202271       640.78403
0.125       506.67606   0.00016219465       1068.8037
0.125       514.71854   0.00014217444       982.20290
0.000     0.062831853       2408.1460     0.030261655
0.000      0.12566371       3705.6837      0.37253596
0.000      0.18849556       1528.5283      0.51861743
0.000      0.25132741       1235.5535      0.99369111
0.000      0.31415927       892.64509       1.4021636
0.000      0.37699112       674.44289       1.8306646
0.000      0.43982297       563.53108       2.4289684
0.000      0.50265482       506.98692       3.2619446
0.000      0.56548668       427.96754       3.9205610
0.000      0.62831853       405.04268       5.0899165
0.000      0.69115038       362.58787       6.0645864
0.000      0.75398224       325.78132       7.0742398
0.000      0.81681409       318.36168       8.7894300
0.000      0.87964594       299.86020       10.339816
0.000      0.94247780       280.14485       11.881364
0.000       1.0053096       265.19570       13.650114
0.000       1.0681415       251.63089       15.535334
0.000       1.1309734       224.33647       16.440963
0.000       1.1938052       222.19848       19.151895
0.000       1.2566371       199.26392       20.032194
0.000       1.3194689       198.68875       23.122833
0.000       1.3823008       193.24512       25.857494
0.000       1.4451326       181.24021       27.710727
0.000       1.5079645       170.27782       29.580238
0.000       1.5707963       165.22942       32.442721
0.000       1.6336282       157.95770       34.887569
0.000       1.6964600       148.71440       36.783596
0.000       1.7592919       141.27186       38.970828
0.000       1.8221237       137.05634       42.005193
0.000       1.8849556       133.27219       45.218189
0.000       1.9477874       126.52495       47.366483
0.000       2.0106193       123.94215       51.036259
0.000       2.0734512       117.42697       53.029747
0.000       2.1362830       112.59310       55.610706
0.000       2.1991149       105.45933       56.819709
0.000       2.2619467       103.82569       60.872646
0.000       2.3247786       99.696565       63.459293
0.000       2.3876104       99.128630       68.353343
0.000       2.4504423       93.438042       69.651010
0.000       2.5132741       91.317029       73.441513
0.000       2.5761060       85.875993       74.376067
0.000       2.6389378       84.088184       78.287551
0.000       2.7017697       80.427172       80.355948
0.000       2.7646015       78.168936       83.676228
0.000       2.8274334       75.823711       86.826530
0.000       2.8902652       72.810783       89.059255
0.000       2.9530971       71.831489       93.716984
0.000       3.0159289       68.866554       95.706608
0.000       3.0787608       66.949365       98.979343
0.000       3.1415927       64.464525       101.26064
0.000       3.2044245       63.450913       105.76897
0.000       3.2672564       60.349286       106.63310
0.000       3.3300882       58.727791       109.87051
0.000       3.3929201       57.161649       113.10867
0.000       3.4557519       55.527349       116.09269
0.000       3.5185838       53.278907       117.57886
0.000       3.5814156       52.405243       121.95768
0.000       3.6442475       50.326918       123.39404
0.000       3.7070793       49.501311       127.75638
0.000       3.7699112       48.488221       131.61333
0.000       3.8327430       47.488420       135.45252
0.000       3.8955749       45.928028       137.55068
0.000       3.9584067       44.727004       140.54044
0.000       4.0212386       43.292236       142.61322
0.000       4.1469023       40.712555       147.08556
0.000       4.2725660       39.823902       157.35495
0.000       4.3982297       37.336535       160.93036
0.000       4.5238934       34.774027       163.10314
0.000       4.6495571       33.399052       170.07449
0.000       4.7752208       31.953401       176.26567
0.000       4.9008845       30.641856       182.72953
0.000       5.0265482       29.666045       190.87079
0.000       5.1522120       28.248331       195.72406
0.000       5.2778757       26.141424       194.70494
0.000       5.4035394       25.417796       203.16229
0.000       5.5292031       24.669389       211.25951
0.000       5.6548668       23.847852       218.46741
0.000       5.7805305       22.799656       223.10106
0.000       5.9061942       21.663547       226.11167
0.000       6.0318579       20.805009       231.30844
0.000       6.1575216       20.057084       237.22251
0.000       6.2831853       19.213990       241.45011
0.000       6.4088490       18.430764       245.78407
0.000       6.5345127       17.715607       250.41822
0.000       6.6601764       17.351387       259.69384
0.000       6.7858401       16.661130       263.74582
0.000       6.9115038       15.993057       267.49731
0.000       7.0371675       15.317425       270.42679
0.000       7.1628313       14.950674       278.34613
0.000       7.2884950       14.413088       282.70980
0.000       7.4141587       14.007641       289.21505
0.000       7.5398224       13.476893       292.64652
0.000       7.6654861       12.950027       295.50173
0.000       7.7911498       12.563873       301.02215
0.000       7.9168135       12.266619       308.35173
0.000       8.0424772       11.930076       314.40032
0.000       8.2938046       11.100528       320.83024
0.000       8.5451320       10.428975       329.66149
0.000       8.7964594       10.052191       346.62086
0.000       9.0477868       9.5672373       358.99127
0.000       9.2991143       8.9089041       362.92701
0.000       9.5504417       8.4433699       372.61166
0.000       9.8017691       8.0046077       381.87718
0.000       10.053096       7.5228994       387.21758
0.000       10.304424       7.2238485       400.41472
0.000       10.555751       6.8467946       407.96698
0.000       10.807079       6.5071970       416.09180
0.000       11.058406       6.0953553       417.58693
0.000       11.309734       5.9744119       437.84716
0.000       11.561061       5.6777466       444.46681
0.000       11.812388       5.5136281       460.38470
0.000       12.063716       5.2394352       466.01299
0.000       12.315043       5.0513534       477.95370
0.000       12.566371       4.7832731       480.86706
0.000       12.817698       4.6266691       493.59279
0.000       13.069025       4.4076596       498.43429
0.000       13.320353       4.2460657       508.39838
0.000       13.571680       4.1254918       522.45254
0.000       13.823008       3.9202908       524.56123
0.000       14.074335       3.8300971       540.95820
0.000       14.325663       3.6233200       539.66107
0.000       14.576990       3.5405519       555.57766
0.000       14.828317       3.3875843       559.54624
0.000       15.079645       3.2880125       571.18534
0.000       15.330972       3.1510046       575.21259
0.000       15.582300       3.0305714       580.88401
0.000       15.833627       2.9100024       585.20069
0.000       16.084954       2.8224082       595.04469
0.000       16.587609       2.6905666       622.10744
0.000       17.090264       2.5290826       639.55749
0.000       17.592919       2.2814941       629.36606
0.000       18.095574       2.1631243       649.33499
0.000       18.598229       2.0535687       669.25901
0.000       19.100883       1.9274053       680.46167
0.000       19.603538       1.8361442       700.77797
0.000       20.106193       1.6900695       695.92807
0.000       20.608848       1.6385545       726.59481
0.000       21.111503       1.5220194       725.51748
0.000       21.614157       1.4656980       749.77279
0.000       22.116812       1.3639500       747.54323
0.000       22.619467       1.3190511       773.35516
0.000       23.122122       1.2680231       794.10964
0.000       23.624777       1.2019130       802.87222
0.000       24.127432       1.1311186       804.84392
0.000       24.630086       1.0797584       817.32479
0.000       25.132741       1.0193645       819.82154
0.000       25.635396      0.98024767       836.61601
0.000       26.138051      0.95037658       859.77652
0.000       26.640706      0.90318051       865.13123
0.000       27.143361      0.86008451       871.36925
0.000       27.646015      0.82934621       887.77673
0.000       28.148670      0.79110393       893.87635
0.000       28.651325      0.75877403       904.10079
0.000       29.153980      0.72459402       909.61697
0.000       29.656635      0.70210030       927.75867
0.000       30.159289      0.67242804       934.50018
0.000       30.661944      0.64906762       947.89292
0.000       31.164599      0.61920712       949.49097
0.000       31.667254      0.60440908       972.37203
0.000       32.169909      0.57503880       969.87752
0.000       33.175218      0.53521773       990.01580
0.000       34.180528      0.49245927       996.26960
0.000       35.185838      0.45821888       1011.2230
0.000       36.191147      0.42621096       1023.5332
0.000       37.196457      0.41046613       1070.1689
0.000       38.201767      0.38747647       1094.3744
0.000       39.207076      0.35596106       1086.8413
0.000       40.212386      0.34116906       1123.8787
0.000       41.217696      0.31256695       1108.8286
0.000       42.223005      0.29112962       1110.2073
0.000       43.228315      0.28051786       1147.9836
0.000       44.233625      0.26160485       1147.0270
0.000       45.238934      0.24891548       1167.5064
0.000       46.244244      0.23358772       1170.2895
0.000       47.249554      0.22396987       1196.8865
0.000       48.254863      0.20821919       1185.2618
0.000       49.260173      0.20163137       1221.0014
0.000       50.265482      0.19103881       1229.1402
0.000       51.270792      0.18274103       1247.7179
0.000       52.276102      0.17248326       1248.3225
0.000       53.281411      0.16302191       1249.2328
0.000       54.286721      0.15443180       1251.6642
0.000       55.292031      0.14848153       1271.5409
0.000       56.297340      0.14316172       1294.0790
0.000       57.302650      0.13700500       1305.9627
0.000       58.307960      0.13007015       1306.2654
0.000       59.313269      0.12339316       1304.4184
0.000       60.318579      0.12121533       1347.6624
0.000       61.323889      0.11534700       1347.6143
0.000       62.329198      0.10853013       1331.3591
0.000       63.334508      0.10415034       1340.4547
0.000       64.339818      0.10013721       1351.1552
0.000       66.350437     0.093168986       1378.7102
0.000       68.361056     0.084016586       1359.7579
0.000       70.371675     0.078758348       1390.4665
0.000       72.382295     0.073909434       1419.9308
0.000       74.392914     0.067727640       1412.6381
0.000       76.403533     0.062262506       1406.8156
0.000       78.414153     0.058711929       1434.1018
0.000       80.424772     0.054902755       1446.8846
0.000       82.435391     0.051822035       1470.7059
0.000       84.446011     0.047770559       1457.3639
0.000       86.456630     0.044054429       1442.2971
0.000       88.467249     0.042808993       1501.5951
0.000       90.477868     0.039311953       1475.1017
0.000       92.488488     0.036770729       1473.7898
0.000       94.499107     0.034733058       1484.8972
0.000       96.509726     0.032320398       1471.8387
0.000       98.520346     0.030255713       1465.7349
0.000       100.53096     0.028531975       1468.5936
0.000       102.54158     0.026986509       1474.0663
0.000       104.55220     0.025787549       1493.0691
0.000       106.56282     0.024089489       1476.7773
0.000       108.57344     0.022821740       1479.7550
0.000       110.58406     0.021585722       1478.8171
0.000       112.59468     0.020571927       1487.6435
0.000       114.60530     0.019460072       1483.9826
0.000       116.61592     0.018155638       1458.6641
0.000       118.62654     0.017273353       1460.8058
0.000       120.63716     0.016310653       1450.7243
0.000       122.64778     0.015401630       1439.5143
0.000       124.65840     0.014611875       1433.9725
0.000       126.66902     0.013786477       1419.4979
0.000       128.67964     0.013066135       1410.4149
0.000       132.70087     0.011960552       1415.9334
0.000       136.72211     0.010885967       1409.4626
0.000       140.74335     0.010083686       1424.2074
0.000       144.76459    0.0089582640       1376.8326
0.000       148.78583    0.0083752987       1397.5111
0.000       152.80707    0.0074337984       1343.7280
0.000       156.82831    0.0066699128       1303.3581
0.000       160.84954    0.0062549749       1318.7283
0.000       164.87078    0.0055162127       1252.3980
0.000       168.89202    0.0049228283       1201.4684
0.000       172.91326    0.0048372123       1266.9232
0.000       176.93450    0.0044550178       1250.1360
0.000       180.95574    0.0042149092       1265.2477
0.000       184.97698    0.0037576089       1204.8552
0.000       188.99821    0.0033905304       1159.6075
0.000       193.01945    0.0032915364       1199.1463
0.000       197.04069    0.0029963790       1161.2742
0.000       201.06193    0.0025996241       1070.4598
0.000       205.08317    0.0024863415       1086.4784
0.000       209.10441    0.0023523059       1089.5662
0.000       213.12565    0.0022973320       1126.6815
0.000       217.14688    0.0020641933       1070.7336
0.000       221.16812    0.0019417428       1064.2155
0.000       225.18936    0.0017444811       1009.2067
0.000       229.21060    0.0017970559       1096.3165
0.000       233.23184    0.0014513840       932.85922
0.000       237.25308    0.0014845255       1004.3694
0.000       241.27432    0.0013787620       981.05382
0.000       245.29555    0.0014059912       1051.2885
0.000       249.31679    0.0012676038       995.19548
0.000       253.33803    0.0011901257       980.31185
0.000       257.35927    0.0010924561       943.39526
0.000       265.40175   0.00094124239       891.42143
0.000       273.44422   0.00076809314       795.59201
0.000       281.48670   0.00094029664       1062.4507
0.000       289.52918   0.00057463508       706.54432
0.000       297.57166   0.00059449522       793.58475
0.000       305.61413   0.00049153429       710.79503
0.000       313.65661   0.00048923847       764.81112
0.000       321.69909   0.00046584581       785.70939
0.000       329.74156   0.00046567657       845.81568
0.000       337.78404   0.00049786118       972.06634
0.000       345.82652   0.00031623687       662.60947
0.000       353.86900   0.00017136994       384.70909
0.000       361.91147   0.00046733158       1122.2832
0.000       369.95395   0.00018620616       477.64728
0.000       377.99643   0.00030026683       821.56267
0.000       386.03891   0.00018034926       525.62722
0.000       394.08138   0.00031737038       983.99844
0.000       402.12386   0.00022053173       726.47532
0.000       410.16634   0.00022880249       799.85459
0.000       418.20881   0.00022003085       815.32991
0.000       426.25129   0.00020829772       817.24431
0.000       434.29377   0.00015779570       654.81137
0.000       442.33625   0.00016405025       719.29120
0.000       450.37872   0.00014684895       679.63336
0.000       458.42120   0.00014478778       706.63681
0.000       466.46368   3.6840926e-05       189.43241
0.000       474.50615   0.00014367859       777.65662
0.000       482.54863   0.00014947578       850.87221
0.000       490.59111   7.1327970e-05       426.66708
0.000       498.63359   9.4584957e-05       594.06903
0.000       506.67606   7.2048731e-05       474.77490
0.000       514.71854   9.8874851e-05       683.07051