# z        k [h/Mpc]   P(k) [(Mpc/h)^3]    Delta^2(k)   
3.000     0.015707963       956.35246   0.00018777937
3.000     0.031415927       2400.2737    0.0037703411
3.000     0.047123890       1235.4447    0.0065496330
3.000     0.062831853       1047.4446     0.013162577
3.000     0.078539816       814.78900     0.019997931
3.000     0.094247780       623.68054     0.026451228
3.000      0.10995574       500.25559     0.033691160
3.000      0.12566371       454.99972     0.045741560
3.000      0.14137167       335.44381     0.048015030
3.000      0.15707963       290.29164     0.056998629
3.000      0.17278760       248.82630     0.065028574
3.000      0.18849556       228.62528     0.077570731
3.000      0.20420352       205.59941     0.088691461
3.000      0.21991149       182.04162     0.098080953
3.000      0.23561945       156.87275      0.10395638
3.000      0.25132741       145.35211      0.11689911
3.000      0.26703538       127.20295      0.12270827
3.000      0.28274334       114.31021      0.13089782
3.000      0.29845130       101.92563      0.13726951
3.000      0.31415927       92.293215      0.14497384
3.000      0.32986723       85.379236      0.15525301
3.000      0.34557519       77.183598      0.16137006
3.000      0.36128316       72.720337      0.17372778
3.000      0.37699112       65.879478      0.17881904
3.000      0.39269908       61.824363      0.18967477
3.000      0.40840704       58.768470      0.20281231
3.000      0.42411501       54.363980      0.21010308
3.000      0.43982297       51.287318      0.22106194
3.000      0.45553093       47.526630      0.22759405
3.000      0.47123890       45.080684      0.23899243
3.000      0.48694686       41.477981      0.24262334
3.000      0.50265482       39.828581      0.25625636
3.000      0.51836279       37.420826      0.26404933
3.000      0.53407075       35.654001      0.27515342
3.000      0.54977871       33.971444      0.28598815
3.000      0.56548668       32.677497      0.29935477
3.000      0.58119464       30.592256      0.30426119
3.000      0.59690260       29.063057      0.31312805
3.000      0.61261057       27.769420      0.32343761
3.000      0.62831853       26.417679      0.33197434
3.000      0.64402649       25.218897      0.34127741
3.000      0.65973446       23.857782      0.34706261
3.000      0.67544242       23.351816      0.36454901
3.000      0.69115038       22.398434      0.37463261
3.000      0.70685835       21.816782      0.39035354
3.000      0.72256631       20.348914      0.38890598
3.000      0.73827427       20.005591      0.40782593
3.000      0.75398224       19.185806      0.41661379
3.000      0.76969020       18.698148      0.43193333
3.000      0.78539816       17.871314      0.43862804
3.000      0.80110613       17.264764      0.44967741
3.000      0.81681409       16.684122      0.46062053
3.000      0.83252205       16.045019      0.46902687
3.000      0.84823002       15.597530      0.48224420
3.000      0.86393798       15.038082      0.49125889
3.000      0.87964594       14.519217      0.50065339
3.000      0.89535391       14.129118      0.51377089
3.000      0.91106187       13.830194      0.52983682
3.000      0.92676983       13.233520      0.53365588
3.000      0.94247780       12.801304      0.54292252
3.000      0.95818576       12.474508      0.55595907
3.000      0.97389372       12.273560      0.57434852
3.000      0.98960169       11.909450      0.58471365
3.000       1.0053096       11.525578      0.59324285
3.000       1.0367256       11.157104      0.62981528
3.000       1.0681415       10.257582      0.63328853
3.000       1.0995574       9.9588209      0.67070560
3.000       1.1309734       9.2446105      0.67751045
3.000       1.1623893       8.8727188      0.70596272
3.000       1.1938052       8.6327096      0.74407686
3.000       1.2252211       8.2805720      0.77156769
3.000       1.2566371       7.9322852      0.79744028
3.000       1.2880530       7.5583607      0.81827458
3.000       1.3194689       7.2150664      0.83966892
3.000       1.3508848       7.0609188      0.88183323
3.000       1.3823008       6.7540895      0.90374253
3.000       1.4137167       6.6000947      0.94472974
3.000       1.4451326       6.2241751      0.95164545
3.000       1.4765485       5.9915741      0.97713458
3.000       1.5079645       5.9410122       1.0320578
3.000       1.5393804       5.6693861       1.0477174
3.000       1.5707963       5.5313288       1.0860739
3.000       1.6022123       5.2631430       1.0966690
3.000       1.6336282       5.0856263       1.1232446
3.000       1.6650441       4.9442875       1.1562485
3.000       1.6964600       4.8738961       1.2055283
3.000       1.7278760       4.7647363       1.2452221
3.000       1.7592919       4.5581989       1.2574109
3.000       1.7907078       4.4973322       1.3082761
3.000       1.8221237       4.3425139       1.3308989
3.000       1.8535397       4.2397639       1.3677842
3.000       1.8849556       4.1147385       1.3960979
3.000       1.9163715       4.0025292       1.4270654
3.000       1.9477874       3.9315668       1.4718400
3.000       1.9792034       3.7982530       1.4918509
3.000       2.0106193       3.7181972       1.5310600
3.000       2.0734512       3.4861168       1.5743222
3.000       2.1362830       3.4488530       1.7034183
3.000       2.1991149       3.2553582       1.7539321
3.000       2.2619467       3.1052992       1.8206263
3.000       2.3247786       3.0426355       1.9367116
3.000       2.3876104       2.8606722       1.9725533
3.000       2.4504423       2.7528536       2.0520446
3.000       2.5132741       2.6761297       2.1522712
3.000       2.5761060       2.5782543       2.2329921
3.000       2.6389378       2.4655052       2.2954279
3.000       2.7017697       2.3749051       2.3728020
3.000       2.7646015       2.3562596       2.5222668
3.000       2.8274334       2.2417218       2.5670192
3.000       2.8902652       2.1975933       2.6880088
3.000       2.9530971       2.0971344       2.7360857
3.000       3.0159289       2.0761683       2.8853343
3.000       3.0787608       1.9772776       2.9232485
3.000       3.1415927       1.9440759       3.0537472
3.000       3.2044245       1.8959245       3.1603955
3.000       3.2672564       1.8440252       3.2582675
3.000       3.3300882       1.7707707       3.3128349
3.000       3.3929201       1.7164560       3.3964390
3.000       3.4557519       1.6805058       3.5134837
3.000       3.5185838       1.6730420       3.6921623
3.000       3.5814156       1.5924056       3.7058526
3.000       3.6442475       1.5712100       3.8523707
3.000       3.7070793       1.5282813       3.9442934
3.000       3.7699112       1.5147886       4.1116454
3.000       3.8327430       1.4679743       4.1871432
3.000       3.8955749       1.4267925       4.2731265
3.000       3.9584067       1.4039372       4.4114281
3.000       4.0212386       1.3668123       4.5025511
3.000       4.1469023       1.3103559       4.7340291
3.000       4.2725660       1.2709472       5.0218544
3.000       4.3982297       1.2078159       5.2060066
3.000       4.5238934       1.1663314       5.4705290
3.000       4.6495571       1.1167172       5.6865419
3.000       4.7752208       1.0667458       5.8845275
3.000       4.9008845       1.0572445       6.3047677
3.000       5.0265482       1.0025783       6.4505702
3.000       5.1522120      0.96041248       6.6544048
3.000       5.2778757      0.93191156       6.9410060
3.000       5.4035394      0.89825085       7.1796431
3.000       5.5292031      0.86513799       7.4087214
3.000       5.6548668      0.84902739       7.7778416
3.000       5.7805305      0.82414611       8.0645021
3.000       5.9061942      0.79698400       8.3184618
3.000       6.0318579      0.77953368       8.6667935
3.000       6.1575216      0.75539691       8.9343569
3.000       6.2831853      0.73117228       9.1881819
3.000       6.4088490      0.70102933       9.3485998
3.000       6.5345127      0.68351212       9.6617568
3.000       6.6601764      0.65719791       9.8361158
3.000       6.7858401      0.65354712       10.345656
3.000       6.9115038      0.63864649       10.681899
3.000       7.0371675      0.62034527       10.952100
3.000       7.1628313      0.60273783       11.221550
3.000       7.2884950      0.59261122       11.623949
3.000       7.4141587      0.56463096       11.657907
3.000       7.5398224      0.55904985       12.139593
3.000       7.6654861      0.53784978       12.272989
3.000       7.7911498      0.53391809       12.792327
3.000       7.9168135      0.52696665       13.246606
3.000       8.0424772      0.50995498       13.439144
3.000       8.2938046      0.49399645       14.277609
3.000       8.5451320      0.46226084       14.612136
3.000       8.7964594      0.44293647       15.273389
3.000       9.0477868      0.44078626       16.539615
3.000       9.2991143      0.42178084       17.182322
3.000       9.5504417      0.40793666       18.002522
3.000       9.8017691      0.39277386       18.738129
3.000       10.053096      0.37573402       19.339727
3.000       10.304424      0.36299037       20.120395
3.000       10.555751      0.34954690       20.827789
3.000       10.807079      0.34666555       22.166948
3.000       11.058406      0.34003602       23.295541
3.000       11.309734      0.32340484       23.701394
3.000       11.561061      0.31711764       24.824684
3.000       11.812388      0.31418891       26.234589
3.000       12.063716      0.29914595       26.607047
3.000       12.315043      0.28985318       27.425601
3.000       12.566371      0.28056479       28.205449
3.000       12.817698      0.26902027       28.700229
3.000       13.069025      0.26418941       29.875507
3.000       13.320353      0.26049301       31.189866
3.000       13.571680      0.25728656       32.582787
3.000       13.823008      0.24781374       33.159143
3.000       14.074335      0.23802464       33.618307
3.000       14.325663      0.23430026       34.896926
3.000       14.576990      0.22994048       36.081888
3.000       14.828317      0.22012535       36.359335
3.000       15.079645      0.21801870       37.873666
3.000       15.330972      0.21277894       38.842572
3.000       15.582300      0.20758846       39.789466
3.000       15.833627      0.19830459       39.879000
3.000       16.084954      0.19770187       41.681230
3.000       16.587609      0.18442366       42.642070
3.000       17.090264      0.17877180       45.208030
3.000       17.592919      0.17180419       47.393383
3.000       18.095574      0.16790255       50.401634
3.000       18.598229      0.15861013       51.691119
3.000       19.100883      0.14776370       52.167301
3.000       19.603538      0.14668722       55.984259
3.000       20.106193      0.14267675       58.750694
3.000       20.608848      0.13399299       59.417376
3.000       21.111503      0.13265942       63.236203
3.000       21.614157      0.12597419       64.441666
3.000       22.116812      0.12067130       66.136599
3.000       22.619467      0.11633302       68.205655
3.000       23.122122      0.11521047       72.151486
3.000       23.624777      0.10958886       73.204840
3.000       24.127432      0.10590933       75.359460
3.000       24.630086      0.10315233       78.081311
3.000       25.132741      0.10231240       82.284517
3.000       25.635396     0.097784370       83.456428
3.000       26.138051     0.093915098       84.962106
3.000       26.640706     0.090618389       86.800808
3.000       27.143361     0.088624982       89.787786
3.000       27.646015     0.084883417       90.863769
3.000       28.148670     0.084639886       95.635465
3.000       28.651325     0.081058522       96.583529
3.000       29.153980     0.079228194       99.458879
3.000       29.656635     0.077123553       101.91143
3.000       30.159289     0.074581349       103.64869
3.000       30.661944     0.073311581       107.06362
3.000       31.164599     0.071636628       109.84746
3.000       31.667254     0.069265011       111.43340
3.000       32.169909     0.067907794       114.53530
3.000       33.175218     0.065868866       121.84054
3.000       34.180528     0.059278192       119.92273
3.000       35.185838     0.059454943       131.20848
3.000       36.191147     0.056598813       135.92040
3.000       37.196457     0.053598637       139.74257
3.000       38.201767     0.051215737       144.65186
3.000       39.207076     0.050707431       154.82291
3.000       40.212386     0.047863255       157.67107
3.000       41.217696     0.045838153       162.61047
3.000       42.223005     0.043725844       166.74617
3.000       43.228315     0.043608625       178.46275
3.000       44.233625     0.042015516       184.22032
3.000       45.238934     0.039016918       183.00389
3.000       46.244244     0.038090124       190.83397
3.000       47.249554     0.038188682       204.07888
3.000       48.254863     0.035083539       199.70867
3.000       49.260173     0.035600445       215.58249
3.000       50.265482     0.034701953       223.27173
3.000       51.270792     0.033737450       230.35232
3.000       52.276102     0.031982719       231.47028
3.000       53.281411     0.031167206       238.83352
3.000       54.286721     0.030947878       250.83144
3.000       55.292031     0.029082609       249.05269
3.000       56.297340     0.028918174       261.39950
3.000       57.302650     0.027628102       263.35734
3.000       58.307960     0.026859822       269.74719
3.000       59.313269     0.026980343       285.21562
3.000       60.318579     0.026481877       294.42340
3.000       61.323889     0.026098305       304.90996
3.000       62.329198     0.024885317       305.27276
3.000       63.334508     0.024668796       317.49684
3.000       64.339818     0.024533280       331.02847
3.000       66.350437     0.022727686       336.32320
3.000       68.361056     0.023467420       379.80607
3.000       70.371675     0.022163485       391.29290
3.000       72.382295     0.021568896       414.37660
3.000       74.392914     0.019994338       417.03451
3.000       76.403533     0.020232493       457.15134
3.000       78.414153     0.018943597       462.71764
3.000       80.424772     0.019155034       504.80390
3.000       82.435391     0.017957362       509.62873
3.000       84.446011     0.018366062       560.30399
3.000       86.456630     0.017826744       583.62943
3.000       88.467249     0.017428331       611.32709
3.000       90.477868     0.015767196       591.63219
3.000       92.488488     0.016536217       662.78008
3.000       94.499107     0.016391324       700.75692
3.000       96.509726     0.017034675       775.74209
3.000       98.520346     0.015807586       765.79690
3.000       100.53096     0.014547913       748.80803
3.000       102.54158     0.014881080       812.83944
3.000       104.55220     0.014588152       844.63699
3.000       106.56282     0.014280526       875.45052
3.000       108.57344     0.013510907       876.04335
3.000       110.58406     0.013470787       922.87064
3.000       112.59468     0.013996734       1012.1633
3.000       114.60530     0.013119241       1000.4447
3.000       116.61592     0.013814589       1109.8946
3.000       118.62654     0.013568133       1147.4557
3.000       120.63716     0.012790167       1137.6005
3.000       122.64778     0.012772655       1193.7970
3.000       124.65840     0.012142025       1191.5877
3.000       126.66902     0.012553606       1292.5577
3.000       128.67964     0.012588397       1358.8457
3.000       132.70087     0.013288435       1573.1330
3.000       136.72211     0.011660123       1509.6966
3.000       140.74335     0.011564235       1633.3183
3.000       144.76459     0.010910791       1676.9246
3.000       148.78583     0.011528282       1923.6212
3.000       152.80707     0.010233521       1849.8037
3.000       156.82831    0.0099385091       1942.0699
3.000       160.84954    0.0097539110       2056.4045
3.000       164.87078     0.010500477       2384.0227
3.000       168.89202    0.0091456081       2232.0825
3.000       172.91326    0.0093456467       2447.7356
3.000       176.93450    0.0098714766       2770.0648
3.000       180.95574     0.010146161       3045.7137
3.000       184.97698    0.0091396562       2930.5770
3.000       188.99821    0.0083914094       2869.9760
3.000       193.01945    0.0082519746       3006.2935
3.000       197.04069    0.0084629772       3279.9045
3.000       201.06193    0.0082493076       3396.8573
3.000       205.08317    0.0081098241       3543.8208
3.000       209.10441    0.0076811511       3557.8377
3.000       213.12565    0.0077866155       3818.7930
3.000       217.14688    0.0070033375       3632.7551
3.000       221.16812    0.0069387150       3802.9175
3.000       225.18936    0.0075176562       4349.0693
3.000       229.21060    0.0070542328       4303.5231
3.000       233.23184    0.0068391456       4395.7766
3.000       237.25308    0.0064272217       4348.3962
3.000       241.27432    0.0060725816       4320.9267
3.000       245.29555    0.0067555030       5051.2281
3.000       249.31679    0.0067217988       5277.2828
3.000       253.33803    0.0062173292       5121.2420
3.000       257.35927    0.0058113816       5018.4442
3.000       265.40175    0.0058192110       5511.1940
3.000       273.44422    0.0057026119       5906.7738
3.000       281.48670    0.0050095499       5660.3412
3.000       289.52918    0.0043369094       5332.4602
3.000       297.57166    0.0049429365       6598.2684
3.000       305.61413    0.0048078156       6952.4578
3.000       313.65661    0.0045323642       7085.3025
3.000       321.69909    0.0043761637       7380.9677
3.000       329.74156    0.0043754044       7947.1158
3.000       337.78404    0.0041319669       8067.6022
3.000       345.82652    0.0038458248       8058.1369
3.000       353.86900    0.0036748025       8249.5793
3.000       361.91147    0.0041070174       9862.8826
3.000       369.95395    0.0039255090       10069.531
3.000       377.99643    0.0035604565       9741.7961
3.000       386.03891    0.0037901381       11046.343
3.000       394.08138    0.0030363421       9414.0981
3.000       402.12386    0.0037931609       12495.425
3.000       410.16634    0.0033979930       11878.806
3.000       418.20881    0.0026311443       9749.7722
3.000       426.25129    0.0027995830       10984.005
3.000       434.29377    0.0027823410       11545.996
3.000       442.33625    0.0028323146       12418.505
3.000       450.37872    0.0034016925       15743.414
3.000       458.42120    0.0025974476       12676.844
3.000       466.46368    0.0029436109       15135.757
3.000       474.50615    0.0027084731       14659.539
3.000       482.54863    0.0030387421       17297.660
3.000       490.59111    0.0029278997       17514.005
3.000       498.63359    0.0026583451       16696.529
3.000       506.67606    0.0029335722       19331.173
3.000       514.71854    0.0028697101       19825.207
2.750     0.015707963       1084.9322   0.00021302595
2.750     0.031415927       2724.4580    0.0042795686
2.750     0.047123890       1401.1091    0.0074278927
2.750     0.062831853       1189.4740     0.014947371
2.750     0.078539816       925.17099     0.022707112
2.750     0.094247780       708.37046     0.030043055
2.750      0.10995574       567.73348     0.038235653
2.750      0.12566371       515.52041     0.051825764
2.750      0.14137167       381.32522     0.054582440
2.750      0.15707963       330.41441     0.064876718
2.750      0.17278760       283.36598     0.074055215
2.750      0.18849556       259.97948     0.088208961
2.750      0.20420352       233.87330      0.10088825
2.750      0.21991149       207.53939      0.11181872
2.750      0.23561945       178.88411      0.11854287
2.750      0.25132741       165.97465      0.13348473
2.750      0.26703538       145.30214      0.14016794
2.750      0.28274334       131.05372      0.15007099
2.750      0.29845130       116.70254      0.15717049
2.750      0.31415927       105.82728      0.16623311
2.750      0.32986723       97.875214      0.17797561
2.750      0.34557519       88.473743      0.18497470
2.750      0.36128316       83.596935      0.19971181
2.750      0.37699112       75.856955      0.20590127
2.750      0.39269908       71.122758      0.21820189
2.750      0.40840704       67.695239      0.23361895
2.750      0.42411501       62.619855      0.24200996
2.750      0.43982297       59.062250      0.25457396
2.750      0.45553093       54.992940      0.26334848
2.750      0.47123890       52.127852      0.27635255
2.750      0.48694686       47.982130      0.28066903
2.750      0.50265482       46.119271      0.29673055
2.750      0.51836279       43.383267      0.30612159
2.750      0.53407075       41.397320      0.31947647
2.750      0.54977871       39.514111      0.33264902
2.750      0.56548668       37.971464      0.34785219
2.750      0.58119464       35.664751      0.35471067
2.750      0.59690260       33.848687      0.36468887
2.750      0.61261057       32.382914      0.37717217
2.750      0.62831853       30.889632      0.38817056
2.750      0.64402649       29.495713      0.39915388
2.750      0.65973446       27.904034      0.40592402
2.750      0.67544242       27.363072      0.42716938
2.750      0.69115038       26.232810      0.43876577
2.750      0.70685835       25.602378      0.45808677
2.750      0.72256631       23.908798      0.45694205
2.750      0.73827427       23.509772      0.47926078
2.750      0.75398224       22.566629      0.49002732
2.750      0.76969020       22.023805      0.50875711
2.750      0.78539816       21.069338      0.51711936
2.750      0.80110613       20.356279      0.53019888
2.750      0.81681409       19.706538      0.54406434
2.750      0.83252205       18.994088      0.55523386
2.750      0.84823002       18.416783      0.56940982
2.750      0.86393798       17.852122      0.58318696
2.750      0.87964594       17.221956      0.59384957
2.750      0.89535391       16.750233      0.60908135
2.750      0.91106187       16.427643      0.62934548
2.750      0.92676983       15.758025      0.63545925
2.750      0.94247780       15.248038      0.64669218
2.750      0.95818576       14.843912      0.66155776
2.750      0.97389372       14.627028      0.68448044
2.750      0.98960169       14.190883      0.69672430
2.750       1.0053096       13.777343      0.70914537
2.750       1.0367256       13.341824      0.75314207
2.750       1.0681415       12.292702      0.75893395
2.750       1.0995574       11.938543      0.80403572
2.750       1.1309734       11.107883      0.81406421
2.750       1.1623893       10.689815      0.85054094
2.750       1.1938052       10.386622      0.89525137
2.750       1.2252211       9.9866647      0.93053812
2.750       1.2566371       9.5892191      0.96401345
2.750       1.2880530       9.1275824      0.98815986
2.750       1.3194689       8.7423030       1.0174044
2.750       1.3508848       8.5917892       1.0730226
2.750       1.3823008       8.2136537       1.0990420
2.750       1.4137167       8.0574496       1.1533338
2.750       1.4451326       7.5898022       1.1604430
2.750       1.4765485       7.3260077       1.1947604
2.750       1.5079645       7.2286121       1.2557365
2.750       1.5393804       6.9299158       1.2806666
2.750       1.5707963       6.7785494       1.3309651
2.750       1.6022123       6.4787224       1.3499565
2.750       1.6336282       6.2582108       1.3822293
2.750       1.6650441       6.0905108       1.4242991
2.750       1.6964600       5.9976238       1.4834755
2.750       1.7278760       5.8773094       1.5359833
2.750       1.7592919       5.6070854       1.5467536
2.750       1.7907078       5.5738671       1.6214406
2.750       1.8221237       5.3826114       1.6496693
2.750       1.8535397       5.2599264       1.6968974
2.750       1.8849556       5.1067664       1.7326850
2.750       1.9163715       4.9825586       1.7764860
2.750       1.9477874       4.8809059       1.8272391
2.750       1.9792034       4.7297230       1.8577071
2.750       2.0106193       4.6423956       1.9116217
2.750       2.0734512       4.3661374       1.9717374
2.750       2.1362830       4.2990519       2.1233388
2.750       2.1991149       4.0771792       2.1967154
2.750       2.2619467       3.8886686       2.2799131
2.750       2.3247786       3.8240028       2.4340710
2.750       2.3876104       3.5786674       2.4676411
2.750       2.4504423       3.4429902       2.5664894
2.750       2.5132741       3.3687527       2.7093116
2.750       2.5761060       3.2533048       2.8176445
2.750       2.6389378       3.1154465       2.9005345
2.750       2.7017697       3.0200814       3.0174069
2.750       2.7646015       2.9677287       3.1768162
2.750       2.8274334       2.8554935       3.2698557
2.750       2.8902652       2.7882747       3.4105068
2.750       2.9530971       2.6664313       3.4788350
2.750       3.0159289       2.6410245       3.6703376
2.750       3.0787608       2.5244637       3.7322200
2.750       3.1415927       2.4985596       3.9247282
2.750       3.2044245       2.4250147       4.0423580
2.750       3.2672564       2.3512314       4.1544666
2.750       3.3300882       2.2703252       4.2474233
2.750       3.3929201       2.2050023       4.3631505
2.750       3.4557519       2.1419100       4.4781553
2.750       3.5185838       2.1202466       4.6790784
2.750       3.5814156       2.0610256       4.7964267
2.750       3.6442475       2.0201444       4.9530903
2.750       3.7070793       1.9596316       5.0575516
2.750       3.7699112       1.9431256       5.2742959
2.750       3.8327430       1.8800237       5.3624430
2.750       3.8955749       1.8313037       5.4846044
2.750       3.9584067       1.7889273       5.6211373
2.750       4.0212386       1.7555937       5.7832743
2.750       4.1469023       1.6869007       6.0944032
2.750       4.2725660       1.6396073       6.4785296
2.750       4.3982297       1.5452467       6.6604230
2.750       4.5238934       1.5162625       7.1118362
2.750       4.6495571       1.4343926       7.3042070
2.750       4.7752208       1.3978756       7.7111501
2.750       4.9008845       1.3595449       8.1075049
2.750       5.0265482       1.2913219       8.3083415
2.750       5.1522120       1.2549936       8.6954677
2.750       5.2778757       1.1952288       8.9022289
2.750       5.4035394       1.1643848       9.3068294
2.750       5.5292031       1.1316208       9.6907811
2.750       5.6548668       1.0979795       10.058463
2.750       5.7805305       1.0710769       10.480789
2.750       5.9061942       1.0242653       10.690694
2.750       6.0318579       1.0043150       11.165894
2.750       6.1575216      0.97174229       11.493153
2.750       6.2831853      0.93185348       11.710016
2.750       6.4088490      0.90672134       12.091612
2.750       6.5345127      0.88626743       12.527796
2.750       6.6601764      0.85534446       12.801725
2.750       6.7858401      0.84460946       13.370174
2.750       6.9115038      0.81994349       13.714243
2.750       7.0371675      0.81122965       14.322134
2.750       7.1628313      0.78204234       14.559776
2.750       7.2884950      0.76091123       14.925120
2.750       7.4141587      0.72894712       15.050534
2.750       7.5398224      0.71888309       15.610322
2.750       7.6654861      0.70025909       15.978945
2.750       7.7911498      0.68853065       16.496743
2.750       7.9168135      0.68432152       17.202109
2.750       8.0424772      0.65293215       17.207106
2.750       8.2938046      0.63750809       18.425418
2.750       8.5451320      0.59673163       18.862778
2.750       8.7964594      0.57496085       19.825870
2.750       9.0477868      0.55301621       20.750817
2.750       9.2991143      0.52976747       21.581434
2.750       9.5504417      0.51203462       22.596436
2.750       9.8017691      0.49567577       23.647289
2.750       10.053096      0.47742957       24.574185
2.750       10.304424      0.46794771       25.938135
2.750       10.555751      0.44204058       26.339034
2.750       10.807079      0.42736220       27.326960
2.750       11.058406      0.41544018       28.461407
2.750       11.309734      0.40581905       29.741291
2.750       11.561061      0.38844775       30.408566
2.750       11.812388      0.37731541       31.505614
2.750       12.063716      0.36695225       32.637967
2.750       12.315043      0.35785753       33.860100
2.750       12.566371      0.34503934       34.687138
2.750       12.817698      0.33799938       36.059215
2.750       13.069025      0.32057803       36.252138
2.750       13.320353      0.32298658       38.672471
2.750       13.571680      0.30774023       38.972242
2.750       13.823008      0.29993354       40.133121
2.750       14.074335      0.28723747       40.569067
2.750       14.325663      0.28303986       42.156253
2.750       14.576990      0.27619738       43.340445
2.750       14.828317      0.26839915       44.332988
2.750       15.079645      0.26185791       45.489304
2.750       15.330972      0.26001491       47.465449
2.750       15.582300      0.24749728       47.438980
2.750       15.833627      0.24088155       48.441214
2.750       16.084954      0.23852948       50.288864
2.750       16.587609      0.22675205       52.429156
2.750       17.090264      0.21856515       55.271021
2.750       17.592919      0.20865348       57.558517
2.750       18.095574      0.19790031       59.406476
2.750       18.598229      0.18920908       61.663331
2.750       19.100883      0.17829922       62.947726
2.750       19.603538      0.17256619       65.861155
2.750       20.106193      0.16822938       69.272627
2.750       20.608848      0.15879891       70.417224
2.750       21.111503      0.15919105       75.883326
2.750       21.614157      0.14948375       76.467901
2.750       22.116812      0.14413114       78.994287
2.750       22.619467      0.13790547       80.853504
2.750       23.122122      0.13304644       83.321404
2.750       23.624777      0.12825743       85.675361
2.750       24.127432      0.12665115       90.118232
2.750       24.630086      0.12153637       91.997144
2.750       25.132741      0.11789520       94.816946
2.750       25.635396      0.11493362       98.092867
2.750       26.138051      0.11198139       101.30613
2.750       26.640706      0.10684298       102.34189
2.750       27.143361      0.10269262       104.03999
2.750       27.646015      0.10145964       108.60785
2.750       28.148670     0.097551540       110.22447
2.750       28.651325     0.095665841       113.98856
2.750       29.153980     0.091778304       115.21362
2.750       29.656635     0.090113486       119.07639
2.750       30.159289     0.086977328       120.87588
2.750       30.661944     0.083290845       121.63725
2.750       31.164599     0.082445860       126.42232
2.750       31.667254     0.081850757       131.68132
2.750       32.169909     0.078897441       133.07077
2.750       33.175218     0.075831096       140.26812
2.750       34.180528     0.068732026       139.04831
2.750       35.185838     0.069300756       152.93677
2.750       36.191147     0.063711323       153.00088
2.750       37.196457     0.062647387       163.33451
2.750       38.201767     0.058370688       164.86004
2.750       39.207076     0.059193304       180.73248
2.750       40.212386     0.056456505       185.97894
2.750       41.217696     0.051695440       183.38914
2.750       42.223005     0.050278382       191.73393
2.750       43.228315     0.048574272       198.78403
2.750       44.233625     0.047577844       208.60879
2.750       45.238934     0.044988496       211.01281
2.750       46.244244     0.043375361       217.31335
2.750       47.249554     0.043010973       229.84902
2.750       48.254863     0.041038053       233.60400
2.750       49.260173     0.039845780       241.29059
2.750       50.265482     0.037847261       243.50859
2.750       51.270792     0.037351731       255.02988
2.750       52.276102     0.036656318       265.29476
2.750       53.281411     0.034632916       265.39118
2.750       54.286721     0.034189930       277.10815
2.750       55.292031     0.032650543       279.60716
2.750       56.297340     0.031949097       288.79687
2.750       57.302650     0.030569322       291.39371
2.750       58.307960     0.030418687       305.48807
2.750       59.313269     0.029163859       308.29810
2.750       60.318579     0.029425090       327.14581
2.750       61.323889     0.028104895       328.35322
2.750       62.329198     0.027262999       334.44022
2.750       63.334508     0.027691611       356.40163
2.750       64.339818     0.026067752       351.73316
2.750       66.350437     0.024782726       366.73359
2.750       68.361056     0.024891086       402.84724
2.750       70.371675     0.023620902       417.02338
2.750       72.382295     0.023572571       452.87073
2.750       74.392914     0.022107841       461.11718
2.750       76.403533     0.021514205       486.11149
2.750       78.414153     0.020090854       490.74063
2.750       80.424772     0.020437793       538.60920
2.750       82.435391     0.018880337       535.82270
2.750       84.446011     0.018334769       559.34933
2.750       86.456630     0.019364057       633.95952
2.750       88.467249     0.017992724       631.12408
2.750       90.477868     0.018079608       678.40080
2.750       92.488488     0.017069701       684.16239
2.750       94.499107     0.017486112       747.56098
2.750       96.509726     0.017757378       808.65328
2.750       98.520346     0.016417436       795.34101
2.750       100.53096     0.016158286       831.69693
2.750       102.54158     0.015275937       834.40750
2.750       104.55220     0.015391352       891.14134
2.750       106.56282     0.014207890       870.99767
2.750       108.57344     0.015410048       999.18311
2.750       110.58406     0.014743637       1010.0724
2.750       112.59468     0.015039202       1087.5486
2.750       114.60530     0.013980390       1066.1140
2.750       116.61592     0.013096565       1052.2070
2.750       118.62654     0.013261610       1121.5331
2.750       120.63716     0.013074672       1162.9053
2.750       122.64778     0.013731062       1283.3746
2.750       124.65840     0.012616217       1238.1237
2.750       126.66902     0.013113368       1350.1925
2.750       128.67964     0.012128367       1309.1881
2.750       132.70087     0.012315345       1457.9351
2.750       136.72211     0.010672606       1381.8376
2.750       140.74335     0.010967614       1549.0522
2.750       144.76459     0.010133684       1557.4878
2.750       148.78583     0.010511314       1753.9288
2.750       152.80707    0.0097216727       1757.2825
2.750       156.82831    0.0095152543       1859.3622
2.750       160.84954     0.010424356       2197.7535
2.750       164.87078    0.0095224993       2161.9831
2.750       168.89202    0.0099875864       2437.5762
2.750       172.91326    0.0097244707       2546.9541
2.750       176.93450    0.0091615357       2570.8462
2.750       180.95574    0.0087028232       2612.4470
2.750       184.97698    0.0088235092       2829.2064
2.750       188.99821    0.0086234301       2949.3303
2.750       193.01945    0.0077547104       2825.1342
2.750       197.04069    0.0080246629       3110.0318
2.750       201.06193    0.0074238159       3056.9406
2.750       205.08317    0.0078593008       3434.3474
2.750       209.10441    0.0078817041       3650.7319
2.750       213.12565    0.0072090025       3535.5141
2.750       217.14688    0.0072783497       3775.4088
2.750       221.16812    0.0070697874       3874.7547
2.750       225.18936    0.0071830914       4155.5189
2.750       229.21060    0.0068644003       4187.7134
2.750       233.23184    0.0066186983       4254.0868
2.750       237.25308    0.0066817757       4520.6170
2.750       241.27432    0.0054279086       3862.2116
2.750       245.29555    0.0057325406       4286.3382
2.750       249.31679    0.0052188371       4097.3078
2.750       253.33803    0.0058542800       4822.1967
2.750       257.35927    0.0051514423       4448.5508
2.750       265.40175    0.0060431092       5723.2410
2.750       273.44422    0.0045148202       4676.4574
2.750       281.48670    0.0043014672       4860.2714
2.750       289.52918    0.0046019905       5658.3915
2.750       297.57166    0.0050371765       6724.0682
2.750       305.61413    0.0036798479       5321.3329
2.750       313.65661    0.0040333783       6305.2535
2.750       321.69909    0.0036923981       6227.7083
2.750       329.74156    0.0036671294       6660.6647
2.750       337.78404    0.0032345713       6315.4511
2.750       345.82652    0.0039846261       8348.9664
2.750       353.86900    0.0026523779       5954.3342
2.750       361.91147    0.0023526135       5649.7327
2.750       369.95395    0.0026654710       6837.3408
2.750       377.99643    0.0020103843       5500.6300
2.750       386.03891    0.0024041490       7006.8830
2.750       394.08138    0.0019174915       5945.1315
2.750       402.12386    0.0022651629       7461.8967
2.750       410.16634    0.0025010470       8743.2350
2.750       418.20881    0.0020779773       7699.9977
2.750       426.25129    0.0020157712       7908.7641
2.750       434.29377    0.0025770505       10694.093
2.750       442.33625    0.0020611016       9037.0616
2.750       450.37872    0.0024591452       11381.199
2.750       458.42120    0.0019637120       9583.8969
2.750       466.46368    0.0021687300       11151.396
2.750       474.50615    0.0017191796       9305.0147
2.750       482.54863    0.0017914369       10197.531
2.750       490.59111    0.0019411990       11611.794
2.750       498.63359    0.0019069035       11976.876
2.750       506.67606    0.0020503226       13510.879
2.750       514.71854    0.0015444865       10669.985
2.500     0.015707963       1240.8196   0.00024363435
2.500     0.031415927       3117.7447    0.0048973420
2.500     0.047123890       1601.8122    0.0084919076
2.500     0.062831853       1361.8977     0.017114112
2.500     0.078539816       1059.1650     0.025995820
2.500     0.094247780       811.20245     0.034404314
2.500      0.10995574       649.62018     0.043750550
2.500      0.12566371       588.74651     0.059187254
2.500      0.14137167       437.14576     0.062572526
2.500      0.15707963       379.34057     0.074483347
2.500      0.17278760       325.55356     0.085080572
2.500      0.18849556       298.14595      0.10115854
2.500      0.20420352       268.34524      0.11575875
2.500      0.21991149       238.70170      0.12860845
2.500      0.23561945       205.82224      0.13639422
2.500      0.25132741       191.26296      0.15382280
2.500      0.26703538       167.50869      0.16158982
2.500      0.28274334       151.70750      0.17372186
2.500      0.29845130       134.93076      0.18171956
2.500      0.31415927       122.57722      0.19254385
2.500      0.32986723       113.34722      0.20610980
2.500      0.34557519       102.42811      0.21414951
2.500      0.36128316       97.098708      0.23196734
2.500      0.37699112       88.291546      0.23965293
2.500      0.39269908       82.676968      0.25364976
2.500      0.40840704       78.810512      0.27197819
2.500      0.42411501       72.895192      0.28172155
2.500      0.43982297       68.731549      0.29625120
2.500      0.45553093       64.330913      0.30806588
2.500      0.47123890       60.963956      0.32319661
2.500      0.48694686       56.134001      0.32835298
2.500      0.50265482       54.006994      0.34748001
2.500      0.51836279       50.884183      0.35904965
2.500      0.53407075       48.624794      0.37525321
2.500      0.54977871       46.502020      0.39147663
2.500      0.56548668       44.633426      0.40888165
2.500      0.58119464       42.105743      0.41877081
2.500      0.59690260       39.889397      0.42977204
2.500      0.61261057       38.228615      0.44525856
2.500      0.62831853       36.568528      0.45953368
2.500      0.64402649       34.930401      0.47269937
2.500      0.65973446       33.058456      0.48090614
2.500      0.67544242       32.475075      0.50697369
2.500      0.69115038       31.119380      0.52049775
2.500      0.70685835       30.408025      0.54407109
2.500      0.72256631       28.470318      0.54412127
2.500      0.73827427       27.988162      0.57055543
2.500      0.75398224       26.891470      0.58393989
2.500      0.76969020       26.284222      0.60717412
2.500      0.78539816       25.169633      0.61775574
2.500      0.80110613       24.324727      0.63356093
2.500      0.81681409       23.589464      0.65126537
2.500      0.83252205       22.780389      0.66591476
2.500      0.84823002       22.036374      0.68132025
2.500      0.86393798       21.483213      0.70180620
2.500      0.87964594       20.709191      0.71409681
2.500      0.89535391       20.134568      0.73214443
2.500      0.91106187       19.788015      0.75808186
2.500      0.92676983       19.026512      0.76726448
2.500      0.94247780       18.423076      0.78135029
2.500      0.95818576       17.916981      0.79851711
2.500      0.97389372       17.680161      0.82735362
2.500      0.98960169       17.146919      0.84185564
2.500       1.0053096       16.709987      0.86009403
2.500       1.0367256       16.187857      0.91379980
2.500       1.0681415       14.954766      0.92328603
2.500       1.0995574       14.518819      0.97781186
2.500       1.1309734       13.553109      0.99326767
2.500       1.1623893       13.079502       1.0406777
2.500       1.1938052       12.684881       1.0933446
2.500       1.2252211       12.207383       1.1374603
2.500       1.2566371       11.776955       1.1839487
2.500       1.2880530       11.200176       1.2125406
2.500       1.3194689       10.776169       1.2541000
2.500       1.3508848       10.603786       1.3242994
2.500       1.3823008       10.135861       1.3562463
2.500       1.4137167       9.9845602       1.4291781
2.500       1.4451326       9.3966852       1.4367065
2.500       1.4765485       9.1167560       1.4868042
2.500       1.5079645       8.9248503       1.5504028
2.500       1.5393804       8.5969496       1.5887388
2.500       1.5707963       8.4291201       1.6550539
2.500       1.6022123       8.1200950       1.6919656
2.500       1.6336282       7.8473500       1.7332170
2.500       1.6650441       7.6262754       1.7834460
2.500       1.6964600       7.4895144       1.8524855
2.500       1.7278760       7.3561065       1.9224540
2.500       1.7592919       7.0191268       1.9362750
2.500       1.7907078       6.9995533       2.0361734
2.500       1.8221237       6.7765483       2.0768847
2.500       1.8535397       6.6365714       2.1410149
2.500       1.8849556       6.4352990       2.1834455
2.500       1.9163715       6.3051184       2.2480327
2.500       1.9477874       6.1453696       2.3006097
2.500       1.9792034       5.9783482       2.3481332
2.500       2.0106193       5.8901550       2.4254176
2.500       2.0734512       5.5555851       2.5088892
2.500       2.1362830       5.4276005       2.6807387
2.500       2.1991149       5.1871160       2.7947307
2.500       2.2619467       4.9566897       2.9060903
2.500       2.3247786       4.8600602       3.0935467
2.500       2.3876104       4.5570263       3.1422605
2.500       2.4504423       4.3526181       3.2445483
2.500       2.5132741       4.2968270       3.4557133
2.500       2.5761060       4.1822404       3.6221833
2.500       2.6389378       3.9882984       3.7131747
2.500       2.7017697       3.8965489       3.8930982
2.500       2.7646015       3.7758036       4.0418230
2.500       2.8274334       3.6841835       4.2187973
2.500       2.8902652       3.5836321       4.3833563
2.500       2.9530971       3.4445773       4.4940653
2.500       3.0159289       3.3929411       4.7153061
2.500       3.0787608       3.2446903       4.7970181
2.500       3.1415927       3.2261932       5.0676924
2.500       3.2044245       3.1304680       5.2183074
2.500       3.2672564       3.0326334       5.3584576
2.500       3.3300882       2.9528210       5.5242662
2.500       3.3929201       2.8647383       5.6686037
2.500       3.4557519       2.7820017       5.8164141
2.500       3.5185838       2.7140466       5.9895094
2.500       3.5814156       2.6889126       6.2576479
2.500       3.6442475       2.6412225       6.4758806
2.500       3.7070793       2.5459753       6.5708278
2.500       3.7699112       2.5004799       6.7871428
2.500       3.8327430       2.4217147       6.9075232
2.500       3.8955749       2.3677491       7.0912144
2.500       3.9584067       2.3167071       7.2795183
2.500       4.0212386       2.2806387       7.5128769
2.500       4.1469023       2.1901289       7.9124566
2.500       4.2725660       2.1391937       8.4525300
2.500       4.3982297       1.9896745       8.5760245
2.500       4.5238934       1.9746253       9.2617284
2.500       4.6495571       1.8628493       9.4859917
2.500       4.7752208       1.8022122       9.9416066
2.500       4.9008845       1.7436701       10.398196
2.500       5.0265482       1.6682297       10.733360
2.500       5.1522120       1.6233907       11.247978
2.500       5.2778757       1.5489487       11.536784
2.500       5.4035394       1.5252274       12.191013
2.500       5.5292031       1.4661737       12.555769
2.500       5.6548668       1.4252361       13.056423
2.500       5.7805305       1.3958229       13.658521
2.500       5.9061942       1.3292064       13.873494
2.500       6.0318579       1.2865605       14.303878
2.500       6.1575216       1.2391801       14.656238
2.500       6.2831853       1.1976334       15.049905
2.500       6.4088490       1.1816542       15.757989
2.500       6.5345127       1.1344048       16.035331
2.500       6.6601764       1.1117268       16.638935
2.500       6.7858401       1.0843138       17.164697
2.500       6.9115038       1.0549113       17.644277
2.500       7.0371675       1.0240436       18.079333
2.500       7.1628313       1.0087467       18.780474
2.500       7.2884950      0.96471445       18.922679
2.500       7.4141587      0.94947252       19.603711
2.500       7.5398224      0.92135445       20.006925
2.500       7.6654861      0.89355023       20.389582
2.500       7.7911498      0.88082928       21.104091
2.500       7.9168135      0.85139712       21.401966
2.500       8.0424772      0.83944799       22.122468
2.500       8.2938046      0.80283056       23.203610
2.500       8.5451320      0.77273274       24.426200
2.500       8.7964594      0.70429718       24.285660
2.500       9.0477868      0.68805161       25.817748
2.500       9.2991143      0.66837959       27.228153
2.500       9.5504417      0.64324753       28.386951
2.500       9.8017691      0.62366391       29.753241
2.500       10.053096      0.60075563       30.922006
2.500       10.304424      0.57520404       31.883305
2.500       10.555751      0.55765539       33.227955
2.500       10.807079      0.53261519       34.057185
2.500       11.058406      0.50401891       34.529851
2.500       11.309734      0.50776861       37.212875
2.500       11.561061      0.48570340       38.021958
2.500       11.812388      0.47243054       39.447671
2.500       12.063716      0.44860519       39.900455
2.500       12.315043      0.43555228       41.211495
2.500       12.566371      0.42845642       43.073137
2.500       12.817698      0.41231721       43.987758
2.500       13.069025      0.39752019       44.953040
2.500       13.320353      0.39066089       46.775386
2.500       13.571680      0.37522664       47.518725
2.500       13.823008      0.36224663       48.471031
2.500       14.074335      0.35080211       49.546858
2.500       14.325663      0.34672870       51.642136
2.500       14.576990      0.33723413       52.918233
2.500       14.828317      0.32592007       53.834041
2.500       15.079645      0.31591931       54.880714
2.500       15.330972      0.30935491       56.472415
2.500       15.582300      0.30047144       57.592789
2.500       15.833627      0.29453754       59.231419
2.500       16.084954      0.28931103       60.995071
2.500       16.587609      0.27115428       62.695751
2.500       17.090264      0.25215458       63.765158
2.500       17.592919      0.24909334       68.714133
2.500       18.095574      0.23845182       71.579385
2.500       18.598229      0.22775283       74.224756
2.500       19.100883      0.21618669       76.323725
2.500       19.603538      0.20868633       79.646675
2.500       20.106193      0.19896521       81.928867
2.500       20.608848      0.19339104       85.756638
2.500       21.111503      0.18812829       89.677153
2.500       21.614157      0.17958474       91.865960
2.500       22.116812      0.17086187       93.644657
2.500       22.619467      0.16405655       96.185792
2.500       23.122122      0.15759737       98.696622
2.500       23.624777      0.15455564       103.24244
2.500       24.127432      0.14751917       104.96681
2.500       24.630086      0.14379251       108.84396
2.500       25.132741      0.14133790       113.67068
2.500       25.635396      0.13731704       117.19654
2.500       26.138051      0.13187127       119.29989
2.500       26.640706      0.12471254       119.45864
2.500       27.143361      0.12176111       123.35867
2.500       27.646015      0.11973326       128.16892
2.500       28.148670      0.11640767       131.53021
2.500       28.651325      0.11363378       135.39788
2.500       29.153980      0.11023163       138.37895
2.500       29.656635      0.10706593       141.47742
2.500       30.159289      0.10587125       147.13352
2.500       30.661944      0.10128441       147.91490
2.500       31.164599     0.097770795       149.92154
2.500       31.667254     0.094679598       152.32033
2.500       32.169909     0.092622153       156.21927
2.500       33.175218     0.091737752       169.69136
2.500       34.180528     0.085592677       173.15824
2.500       35.185838     0.079582164       175.62635
2.500       36.191147     0.075040064       180.20652
2.500       37.196457     0.072869808       189.98644
2.500       38.201767     0.068766883       194.22268
2.500       39.207076     0.066137180       201.93394
2.500       40.212386     0.065726024       216.51458
2.500       41.217696     0.059428148       210.82086
2.500       42.223005     0.060338622       230.09812
2.500       43.228315     0.055517036       227.19640
2.500       44.233625     0.055487058       243.28736
2.500       45.238934     0.052531168       246.39076
2.500       46.244244     0.051348552       257.25955
2.500       47.249554     0.048046543       256.75892
2.500       48.254863     0.047163133       268.47026
2.500       49.260173     0.046859973       283.76582
2.500       50.265482     0.044320693       285.15853
2.500       51.270792     0.043173214       294.77776
2.500       52.276102     0.042447336       307.20641
2.500       53.281411     0.042316595       324.27102
2.500       54.286721     0.040284340       326.50313
2.500       55.292031     0.038678505       331.22840
2.500       56.297340     0.036944525       333.95194
2.500       57.302650     0.036840466       351.17169
2.500       58.307960     0.035187396       353.37915
2.500       59.313269     0.034925162       369.20219
2.500       60.318579     0.033872826       376.59539
2.500       61.323889     0.033454187       390.84971
2.500       62.329198     0.031995738       392.49761
2.500       63.334508     0.032310827       415.85271
2.500       64.339818     0.030432623       410.62853
2.500       66.350437     0.029338653       434.15198
2.500       68.361056     0.027266301       441.28867
2.500       70.371675     0.025794472       455.39743
2.500       72.382295     0.025059767       481.44240
2.500       74.392914     0.025007447       521.59610
2.500       76.403533     0.023893823       539.87875
2.500       78.414153     0.024133958       589.49779
2.500       80.424772     0.024067279       634.25917
2.500       82.435391     0.021567827       612.09350
2.500       84.446011     0.020785236       634.10714
2.500       86.456630     0.021272576       696.44248
2.500       88.467249     0.020636145       723.84638
2.500       90.477868     0.019175582       719.52502
2.500       92.488488     0.018269396       732.24681
2.500       94.499107     0.019319762       825.95265
2.500       96.509726     0.017885100       814.46961
2.500       98.520346     0.017872607       865.83662
2.500       100.53096     0.017339657       892.50429
2.500       102.54158     0.017621299       962.51663
2.500       104.55220     0.016661556       964.68470
2.500       106.56282     0.015762806       966.31995
2.500       108.57344     0.016366114       1061.1742
2.500       110.58406     0.015784146       1081.3566
2.500       112.59468     0.015024985       1086.5205
2.500       114.60530     0.015374949       1172.4601
2.500       116.61592     0.015072305       1210.9423
2.500       118.62654     0.014073494       1190.1940
2.500       120.63716     0.014841982       1320.0958
2.500       122.64778     0.014073664       1315.3958
2.500       124.65840     0.013197874       1295.2059
2.500       126.66902     0.013963254       1437.6994
2.500       128.67964     0.012759800       1377.3477
2.500       132.70087     0.012521029       1482.2847
2.500       136.72211     0.011611256       1503.3695
2.500       140.74335     0.011975411       1691.3923
2.500       144.76459     0.011485006       1765.1780
2.500       148.78583     0.011493852       1917.8762
2.500       152.80707     0.012171796       2200.1649
2.500       156.82831     0.010999130       2149.3242
2.500       160.84954    0.0094962594       2002.0842
2.500       164.87078     0.011004571       2498.4719
2.500       168.89202     0.010286158       2510.4459
2.500       172.91326    0.0096040330       2515.4101
2.500       176.93450     0.010186251       2858.3946
2.500       180.95574    0.0089991477       2701.3988
2.500       184.97698    0.0097236479       3117.8305
2.500       188.99821    0.0090522878       3096.0054
2.500       193.01945    0.0084359585       3073.3211
2.500       197.04069    0.0086615224       3356.8525
2.500       201.06193    0.0086893147       3578.0411
2.500       205.08317    0.0083541481       3650.5852
2.500       209.10441    0.0076542262       3545.3663
2.500       213.12565    0.0074633688       3660.2630
2.500       217.14688    0.0075837278       3933.8138
2.500       221.16812    0.0078183838       4285.0396
2.500       225.18936    0.0067703263       3916.7285
2.500       229.21060    0.0074353735       4536.0428
2.500       233.23184    0.0070970857       4561.5645
2.500       237.25308    0.0065399666       4424.6747
2.500       241.27432    0.0072626787       5167.7366
2.500       245.29555    0.0065904391       4927.8065
2.500       249.31679    0.0064795268       5087.0751
2.500       253.33803    0.0065835212       5422.8760
2.500       257.35927    0.0060493928       5223.9799
2.500       265.40175    0.0061670655       5840.6362
2.500       273.44422    0.0066754095       6914.3990
2.500       281.48670    0.0052725600       5957.5190
2.500       289.52918    0.0047330234       5819.5034
2.500       297.57166    0.0053128173       7092.0179
2.500       305.61413    0.0047144932       6817.5067
2.500       313.65661    0.0045734750       7149.5697
2.500       321.69909    0.0038964125       6571.8051
2.500       329.74156    0.0039948030       7255.8235
2.500       337.78404    0.0047672617       9308.0057
2.500       345.82652    0.0041027398       8596.4495
2.500       353.86900    0.0034180763       7673.2538
2.500       361.91147    0.0036407312       8743.1098
2.500       369.95395    0.0034158602       8762.2040
2.500       377.99643    0.0033979382       9297.1282
2.500       386.03891    0.0025409899       7405.7052
2.500       394.08138    0.0033216800       10298.781
2.500       402.12386    0.0030567918       10069.679
2.500       410.16634    0.0022339815       7809.6196
2.500       418.20881    0.0023745829       8799.0776
2.500       426.25129    0.0022981410       9016.6258
2.500       434.29377    0.0021717979       9012.4002
2.500       442.33625    0.0023699499       10391.231
2.500       450.37872    0.0024177754       11189.735
2.500       458.42120    0.0021520975       10503.312
2.500       466.46368    0.0023577279       12123.205
2.500       474.50615    0.0018243734       9874.3734
2.500       482.54863    0.0022066910       12561.313
2.500       490.59111    0.0019999220       11963.062
2.500       498.63359    0.0021087957       13244.920
2.500       506.67606    0.0023167711       15266.678
2.500       514.71854    0.0018649337       12883.774
2.250     0.015707963       1432.1085   0.00028119385
2.250     0.031415927       3600.6506    0.0056558888
2.250     0.047123890       1847.8739    0.0097963884
2.250     0.062831853       1573.7791     0.019776691
2.250     0.078539816       1223.8117     0.030036858
2.250     0.094247780       937.58658     0.039764454
2.250      0.10995574       750.21832     0.050525623
2.250      0.12566371       678.39390     0.068199593
2.250      0.14137167       505.91605     0.072416224
2.250      0.15707963       439.78043     0.086350686
2.250      0.17278760       377.77420     0.098727977
2.250      0.18849556       345.19530      0.11712201
2.250      0.20420352       310.92804      0.13412812
2.250      0.21991149       277.29197      0.14940024
2.250      0.23561945       239.24112      0.15854023
2.250      0.25132741       222.70202      0.17910759
2.250      0.26703538       195.13205      0.18823712
2.250      0.28274334       177.54866      0.20331284
2.250      0.29845130       157.75591      0.21245958
2.250      0.31415927       143.63152      0.22561586
2.250      0.32986723       132.81247      0.24150528
2.250      0.34557519       119.94273      0.25076784
2.250      0.36128316       114.12512      0.27264319
2.250      0.37699112       104.04931      0.28242478
2.250      0.39269908       97.265213      0.29840594
2.250      0.40840704       92.879158      0.32052964
2.250      0.42411501       85.896985      0.33197020
2.250      0.43982297       80.953308      0.34893022
2.250      0.45553093       76.194018      0.36487555
2.250      0.47123890       72.231851      0.38293265
2.250      0.48694686       66.529084      0.38915850
2.250      0.50265482       64.069505      0.41222203
2.250      0.51836279       60.486922      0.42680863
2.250      0.53407075       57.875113      0.44664090
2.250      0.54977871       55.467231      0.46695014
2.250      0.56548668       53.161246      0.48700402
2.250      0.58119464       50.435602      0.50161703
2.250      0.59690260       47.649802      0.51338336
2.250      0.61261057       45.776277      0.53316813
2.250      0.62831853       43.909920      0.55178833
2.250      0.64402649       41.961867      0.56785344
2.250      0.65973446       39.752663      0.57828775
2.250      0.67544242       39.104550      0.61046750
2.250      0.69115038       37.470975      0.62673351
2.250      0.70685835       36.612133      0.65507717
2.250      0.72256631       34.426438      0.65795392
2.250      0.73827427       33.818094      0.68940208
2.250      0.75398224       32.527575      0.70632616
2.250      0.76969020       31.840247      0.73552013
2.250      0.78539816       30.526043      0.74922181
2.250      0.80110613       29.520939      0.76890127
2.250      0.81681409       28.671811      0.79158044
2.250      0.83252205       27.725421      0.81046759
2.250      0.84823002       26.775819      0.82785434
2.250      0.86393798       26.244693      0.85735257
2.250      0.87964594       25.285785      0.87190748
2.250      0.89535391       24.588575      0.89410356
2.250      0.91106187       24.215977      0.92771776
2.250      0.92676983       23.331863      0.94088238
2.250      0.94247780       22.620711      0.95937831
2.250      0.95818576       21.980272      0.97960831
2.250      0.97389372       21.715434       1.0161866
2.250      0.98960169       21.048162       1.0333935
2.250       1.0053096       20.598759       1.0602563
2.250       1.0367256       19.966659       1.1271120
2.250       1.0681415       18.518230       1.1432892
2.250       1.0995574       17.951414       1.2089899
2.250       1.1309734       16.824483       1.2330171
2.250       1.1623893       16.284924       1.2957189
2.250       1.1938052       15.764363       1.3587736
2.250       1.2252211       15.158629       1.4124517
2.250       1.2566371       14.733068       1.4811295
2.250       1.2880530       14.003242       1.5160029
2.250       1.3194689       13.548909       1.5767836
2.250       1.3508848       13.285375       1.6592012
2.250       1.3823008       12.723695       1.7025158
2.250       1.4137167       12.570257       1.7992917
2.250       1.4451326       11.835516       1.8095916
2.250       1.4765485       11.571879       1.8871974
2.250       1.5079645       11.223628       1.9497406
2.250       1.5393804       10.857733       2.0065374
2.250       1.5707963       10.648876       2.0909019
2.250       1.6022123       10.362440       2.1591979
2.250       1.6336282       10.036919       2.2168195
2.250       1.6650441       9.7061622       2.2698389
2.250       1.6964600       9.5048550       2.3509677
2.250       1.7278760       9.3511493       2.4438410
2.250       1.7592919       8.9547453       2.4702289
2.250       1.7907078       8.9174173       2.5940810
2.250       1.8221237       8.6742869       2.6585060
2.250       1.8535397       8.5187858       2.7482334
2.250       1.8849556       8.2371521       2.7947999
2.250       1.9163715       8.1010567       2.8883582
2.250       1.9477874       7.8663286       2.9448761
2.250       1.9792034       7.6936550       3.0218593
2.250       2.0106193       7.5890116       3.1249640
2.250       2.0734512       7.1727540       3.2391989
2.250       2.1362830       6.9527952       3.4340456
2.250       2.1991149       6.7162725       3.6186144
2.250       2.2619467       6.4480750       3.7804844
2.250       2.3247786       6.2449191       3.9750432
2.250       2.3876104       5.9167022       4.0798140
2.250       2.4504423       5.6008467       4.1750085
2.250       2.5132741       5.5538130       4.4666414
2.250       2.5761060       5.4763431       4.7429887
2.250       2.6389378       5.1803616       4.8230061
2.250       2.7017697       5.0663386       5.0618520
2.250       2.7646015       4.9140987       5.2603152
2.250       2.8274334       4.8166294       5.5155730
2.250       2.8902652       4.6957436       5.7436469
2.250       2.9530971       4.5230200       5.9010861
2.250       3.0159289       4.4104481       6.1293764
2.250       3.0787608       4.2410915       6.2701185
2.250       3.1415927       4.1950384       6.5895510
2.250       3.2044245       4.0799252       6.8009972
2.250       3.2672564       3.9756489       7.0247023
2.250       3.3300882       3.8872905       7.2725124
2.250       3.3929201       3.7475690       7.4155058
2.250       3.4557519       3.6733924       7.6800713
2.250       3.5185838       3.5517140       7.8381205
2.250       3.5814156       3.5225176       8.1976166
2.250       3.6442475       3.4622445       8.4889030
2.250       3.7070793       3.3511733       8.6489379
2.250       3.7699112       3.2705426       8.8773516
2.250       3.8327430       3.1862482       9.0882230
2.250       3.8955749       3.1062455       9.3029505
2.250       3.9584067       3.0685466       9.6419359
2.250       4.0212386       2.9718856       9.7899816
2.250       4.1469023       2.8971450       10.466751
2.250       4.2725660       2.7648807       10.924787
2.250       4.3982297       2.6286162       11.330033
2.250       4.5238934       2.5655354       12.033317
2.250       4.6495571       2.4367605       12.408459
2.250       4.7752208       2.3230890       12.814938
2.250       4.9008845       2.2431509       13.376798
2.250       5.0265482       2.2081258       14.207041
2.250       5.1522120       2.0763148       14.386151
2.250       5.2778757       2.0217393       15.058194
2.250       5.4035394       2.0059813       16.033639
2.250       5.5292031       1.9023742       16.291228
2.250       5.6548668       1.8539958       16.984241
2.250       5.7805305       1.7583887       17.206329
2.250       5.9061942       1.6921576       17.661771
2.250       6.0318579       1.6539233       18.388188
2.250       6.1575216       1.5834568       18.728125
2.250       6.2831853       1.5687778       19.713843
2.250       6.4088490       1.5223665       20.301569
2.250       6.5345127       1.4451461       20.427803
2.250       6.6601764       1.4174941       21.215278
2.250       6.7858401       1.3863593       21.946078
2.250       6.9115038       1.3495911       22.573043
2.250       7.0371675       1.2892565       22.761625
2.250       7.1628313       1.2650261       23.551789
2.250       7.2884950       1.2276852       24.080797
2.250       7.4141587       1.2017394       24.812252
2.250       7.5398224       1.1696553       25.398701
2.250       7.6654861       1.1180640       25.512677
2.250       7.7911498       1.1055650       26.488612
2.250       7.9168135       1.0761640       27.052037
2.250       8.0424772       1.0656797       28.084484
2.250       8.2938046       1.0251948       29.630437
2.250       8.5451320      0.95211543       30.096514
2.250       8.7964594      0.90816665       31.315512
2.250       9.0477868      0.88572021       33.234863
2.250       9.2991143      0.83647936       34.076128
2.250       9.5504417      0.80175815       35.382133
2.250       9.8017691      0.75952746       36.234906
2.250       10.053096      0.72753863       37.447762
2.250       10.304424      0.71380275       39.565770
2.250       10.555751      0.68282161       40.685997
2.250       10.807079      0.65575808       41.931351
2.250       11.058406      0.64808613       44.399757
2.250       11.309734      0.62717774       45.964021
2.250       11.561061      0.58086373       45.471323
2.250       11.812388      0.58126334       48.535146
2.250       12.063716      0.56324978       50.097330
2.250       12.315043      0.54405260       51.477681
2.250       12.566371      0.50447194       50.715051
2.250       12.817698      0.50588278       53.969732
2.250       13.069025      0.48769095       55.149879
2.250       13.320353      0.47414538       56.771317
2.250       13.571680      0.45569890       57.709737
2.250       13.823008      0.44020710       58.902665
2.250       14.074335      0.43450125       61.368421
2.250       14.325663      0.42201893       62.855942
2.250       14.576990      0.40672825       63.823138
2.250       14.828317      0.39803340       65.745403
2.250       15.079645      0.38816932       67.431807
2.250       15.330972      0.37773087       68.954374
2.250       15.582300      0.36320353       69.616947
2.250       15.833627      0.36019802       72.435725
2.250       16.084954      0.34806551       73.382203
2.250       16.587609      0.32948518       76.182905
2.250       17.090264      0.32120447       81.226578
2.250       17.592919      0.30194002       83.292258
2.250       18.095574      0.28853650       86.613998
2.250       18.598229      0.28086717       91.534745
2.250       19.100883      0.26522649       93.637004
2.250       19.603538      0.25109610       95.832677
2.250       20.106193      0.23781837       97.927620
2.250       20.608848      0.22723493       100.76425
2.250       21.111503      0.22504124       107.27285
2.250       21.614157      0.21207231       108.48486
2.250       22.116812      0.20357980       111.57645
2.250       22.619467      0.19651237       115.21453
2.250       23.122122      0.18943066       118.63247
2.250       23.624777      0.18440109       123.17906
2.250       24.127432      0.18083216       128.67057
2.250       24.630086      0.17289344       130.87195
2.250       25.132741      0.16833750       135.38505
2.250       25.635396      0.16276387       138.91475
2.250       26.138051      0.15240991       137.88056
2.250       26.640706      0.15147323       145.09195
2.250       27.143361      0.14803519       149.97749
2.250       27.646015      0.14296437       153.03674
2.250       28.148670      0.13703465       154.83683
2.250       28.651325      0.13468925       160.48607
2.250       29.153980      0.13045597       163.76752
2.250       29.656635      0.12819622       169.39909
2.250       30.159289      0.12130308       168.57975
2.250       30.661944      0.12027217       175.64446
2.250       31.164599      0.11775377       180.56339
2.250       31.667254      0.11481723       184.71771
2.250       32.169909      0.11043996       186.27133
2.250       33.175218      0.10594753       195.97580
2.250       34.180528      0.10290416       208.18023
2.250       35.185838     0.096629634       213.24766
2.250       36.191147     0.091527396       219.80037
2.250       37.196457     0.086658416       225.93615
2.250       38.201767     0.083016524       234.46885
2.250       39.207076     0.079245827       241.95803
2.250       40.212386     0.076387625       251.63601
2.250       41.217696     0.070044456       248.48212
2.250       42.223005     0.071317762       271.96649
2.250       43.228315     0.068252487       279.31462
2.250       44.233625     0.064956226       284.80567
2.250       45.238934     0.063437990       297.54782
2.250       46.244244     0.059183784       296.51457
2.250       47.249554     0.058254635       311.31057
2.250       48.254863     0.055750224       317.35120
2.250       49.260173     0.053450905       323.67795
2.250       50.265482     0.052923616       340.50958
2.250       51.270792     0.052575076       358.97173
2.250       52.276102     0.051288473       371.19286
2.250       53.281411     0.048869321       374.48440
2.250       54.286721     0.047569573       385.54968
2.250       55.292031     0.046092734       394.72111
2.250       56.297340     0.043593789       394.05651
2.250       57.302650     0.042286704       403.08646
2.250       58.307960     0.040627896       408.01688
2.250       59.313269     0.040172960       424.67791
2.250       60.318579     0.039794634       442.43358
2.250       61.323889     0.038994657       455.57977
2.250       62.329198     0.038056642       466.84783
2.250       63.334508     0.036539068       470.27179
2.250       64.339818     0.034864457       470.42743
2.250       66.350437     0.034322323       507.90009
2.250       68.361056     0.032824937       531.25184
2.250       70.371675     0.030754357       542.96343
2.250       72.382295     0.029222663       561.41899
2.250       74.392914     0.028627771       597.10747
2.250       76.403533     0.027654521       624.85137
2.250       78.414153     0.026352424       643.68618
2.250       80.424772     0.025810997       680.21242
2.250       82.435391     0.024641842       699.33384
2.250       84.446011     0.024853820       758.22975
2.250       86.456630     0.022715365       743.67790
2.250       88.467249     0.021475984       753.30510
2.250       90.477868     0.022594081       847.79730
2.250       92.488488     0.021799683       873.74252
2.250       94.499107     0.020457884       874.60931
2.250       96.509726     0.019734930       898.70901
2.250       98.520346     0.019304277       935.19373
2.250       100.53096     0.019184495       987.46150
2.250       102.54158     0.018346477       1002.1276
2.250       104.55220     0.018126617       1049.5100
2.250       106.56282     0.017143694       1050.9736
2.250       108.57344     0.017457265       1131.9241
2.250       110.58406     0.016453172       1127.1910
2.250       112.59468     0.016414283       1186.9865
2.250       114.60530     0.015711272       1198.1073
2.250       116.61592     0.015489433       1244.4553
2.250       118.62654     0.015524437       1312.9001
2.250       120.63716     0.015516350       1380.0764
2.250       122.64778     0.014310933       1337.5723
2.250       124.65840     0.015057133       1477.6690
2.250       126.66902     0.015309147       1576.2767
2.250       128.67964     0.014542019       1569.7281
2.250       132.70087     0.013620754       1612.4741
2.250       136.72211     0.013386380       1733.2040
2.250       140.74335     0.013052144       1843.4688
2.250       144.76459     0.012671443       1947.5265
2.250       148.78583     0.011543311       1926.1289
2.250       152.80707     0.011733163       2120.8779
2.250       156.82831     0.011419522       2231.4724
2.250       160.84954     0.011539465       2432.8505
2.250       164.87078     0.010421149       2366.0122
2.250       168.89202    0.0096374075       2352.1114
2.250       172.91326     0.010672765       2795.3235
2.250       176.93450     0.010336037       2900.4267
2.250       180.95574     0.010155206       3048.4290
2.250       184.97698    0.0091147989       2922.6067
2.250       188.99821    0.0093308837       3191.2890
2.250       193.01945    0.0091329985       3327.2611
2.250       197.04069    0.0091300792       3538.4460
2.250       201.06193    0.0091064132       3749.7918
2.250       205.08317    0.0089906837       3928.7377
2.250       209.10441    0.0081463887       3773.3314
2.250       213.12565    0.0078408103       3845.3719
2.250       217.14688    0.0079523110       4125.0045
2.250       221.16812    0.0074677704       4092.8781
2.250       225.18936    0.0078185776       4523.1565
2.250       229.21060    0.0078413264       4783.6994
2.250       233.23184    0.0077457235       4978.4684
2.250       237.25308    0.0077105255       5216.6272
2.250       241.27432    0.0069199030       4923.8356
2.250       245.29555    0.0071543188       5349.4309
2.250       249.31679    0.0065503735       5142.6968
2.250       253.33803    0.0067842673       5588.2315
2.250       257.35927    0.0070247205       6066.2284
2.250       265.40175    0.0061346601       5809.9461
2.250       273.44422    0.0077215157       7997.9573
2.250       281.48670    0.0062080167       7014.5010
2.250       289.52918    0.0065020312       7994.5923
2.250       297.57166    0.0059308675       7917.0460
2.250       305.61413    0.0040007870       5785.4346
2.250       313.65661    0.0047903648       7488.6267
2.250       321.69909    0.0049581320       8362.5327
2.250       329.74156    0.0043285057       7861.9330
2.250       337.78404    0.0050054781       9773.1195
2.250       345.82652    0.0038328717       8030.9961
2.250       353.86900    0.0048064438       10790.006
2.250       361.91147    0.0036700489       8813.5154
2.250       369.95395    0.0039606893       10159.774
2.250       377.99643    0.0034478557       9433.7080
2.250       386.03891    0.0036282308       10574.465
2.250       394.08138    0.0038452182       11921.997
2.250       402.12386    0.0032434343       10684.517
2.250       410.16634    0.0030189453       10553.719
2.250       418.20881    0.0030713001       11380.781
2.250       426.25129    0.0027223784       10681.097
2.250       434.29377    0.0029369144       12187.436
2.250       442.33625    0.0040144100       17601.496
2.250       450.37872    0.0030514885       14122.630
2.250       458.42120    0.0031917644       15577.407
2.250       466.46368    0.0027616573       14200.170
2.250       474.50615    0.0021297214       11527.061
2.250       482.54863    0.0025484188       14506.556
2.250       490.59111    0.0028106951       16812.915
2.250       498.63359    0.0027061473       16996.765
2.250       506.67606    0.0019881788       13101.374
2.250       514.71854    0.0029716258       20529.284
2.000     0.015707963       1669.8784   0.00032787986
2.000     0.031415927       4201.3527    0.0065994694
2.000     0.047123890       2153.4240     0.011416243
2.000     0.062831853       1837.5589     0.023091447
2.000     0.078539816       1428.7842     0.035067640
2.000     0.094247780       1094.9603     0.046438909
2.000      0.10995574       875.44725     0.058959527
2.000      0.12566371       789.53701     0.079372918
2.000      0.14137167       591.79630     0.084709021
2.000      0.15707963       515.49954      0.10121810
2.000      0.17278760       443.36537      0.11586966
2.000      0.18849556       403.99261      0.13707146
2.000      0.20420352       364.28928      0.15714709
2.000      0.21991149       325.76608      0.17551727
2.000      0.23561945       281.31929      0.18642459
2.000      0.25132741       262.37508      0.21101456
2.000      0.26703538       230.01136      0.22188398
2.000      0.28274334       210.37900      0.24090721
2.000      0.29845130       186.81040      0.25158905
2.000      0.31415927       170.55106      0.26790098
2.000      0.32986723       157.73803      0.28682975
2.000      0.34557519       142.30653      0.29752453
2.000      0.36128316       135.97603      0.32484467
2.000      0.37699112       124.39082      0.33763848
2.000      0.39269908       116.01923      0.35594254
2.000      0.40840704       111.01462      0.38311583
2.000      0.42411501       102.66076      0.39675798
2.000      0.43982297       96.687463      0.41674860
2.000      0.45553093       91.524519      0.43828978
2.000      0.47123890       86.869499      0.46053323
2.000      0.48694686       80.046679      0.46822898
2.000      0.50265482       77.159774      0.49644458
2.000      0.51836279       73.022221      0.51526038
2.000      0.53407075       69.939089      0.53974250
2.000      0.54977871       67.197225      0.56569894
2.000      0.56548668       64.286828      0.58892418
2.000      0.58119464       61.425038      0.61091459
2.000      0.59690260       57.824435      0.62300579
2.000      0.61261057       55.730037      0.64910214
2.000      0.62831853       53.592693      0.67346564
2.000      0.64402649       51.243433      0.69345723
2.000      0.65973446       48.634705      0.70749609
2.000      0.67544242       47.871445      0.74732893
2.000      0.69115038       45.910327      0.76788875
2.000      0.70685835       44.778524      0.80119311
2.000      0.72256631       42.369581      0.80976230
2.000      0.73827427       41.563533      0.84729750
2.000      0.75398224       40.029957      0.86923804
2.000      0.76969020       39.229588      0.90621631
2.000      0.78539816       37.669928      0.92455914
2.000      0.80110613       36.479126      0.95013396
2.000      0.81681409       35.466967      0.97918323
2.000      0.83252205       34.311789       1.0029998
2.000      0.84823002       33.122700       1.0240871
2.000      0.86393798       32.592162       1.0647095
2.000      0.87964594       31.406465       1.0829615
2.000      0.89535391       30.579723       1.1119570
2.000      0.91106187       30.162929       1.1555464
2.000      0.92676983       29.106488       1.1737504
2.000      0.94247780       28.282848       1.1995180
2.000      0.95818576       27.468824       1.2242200
2.000      0.97389372       27.150936       1.2705442
2.000      0.98960169       26.300470       1.2912640
2.000       1.0053096       25.854044       1.3307556
2.000       1.0367256       25.082277       1.4158872
2.000       1.0681415       23.410191       1.4453119
2.000       1.0995574       22.623211       1.5236256
2.000       1.1309734       21.297513       1.5608324
2.000       1.1623893       20.665948       1.6442975
2.000       1.1938052       20.006294       1.7243972
2.000       1.2252211       19.176348       1.7868151
2.000       1.2566371       18.803381       1.8903220
2.000       1.2880530       17.874649       1.9351248
2.000       1.3194689       17.393025       2.0241508
2.000       1.3508848       16.912076       2.1121373
2.000       1.3823008       16.291121       2.1798614
2.000       1.4137167       16.073080       2.3006817
2.000       1.4451326       15.201483       2.3242313
2.000       1.4765485       14.995964       2.4456136
2.000       1.5079645       14.426315       2.5061034
2.000       1.5393804       14.018642       2.5906817
2.000       1.5707963       13.697945       2.6895852
2.000       1.6022123       13.458874       2.8043948
2.000       1.6336282       13.060183       2.8845574
2.000       1.6650441       12.545756       2.9338933
2.000       1.6964600       12.277774       3.0368322
2.000       1.7278760       12.094727       3.1608510
2.000       1.7592919       11.624377       3.2066654
2.000       1.7907078       11.546655       3.3589275
2.000       1.8221237       11.284108       3.4583671
2.000       1.8535397       11.119576       3.5872705
2.000       1.8849556       10.719911       3.6371802
2.000       1.9163715       10.522906       3.7518466
2.000       1.9477874       10.259012       3.8406123
2.000       1.9792034       10.098166       3.9662861
2.000       2.0106193       9.9033070       4.0779326
2.000       2.0734512       9.4003084       4.2451573
2.000       2.1362830       9.0945794       4.4918912
2.000       2.1991149       8.8592900       4.7732361
2.000       2.2619467       8.5313808       5.0019195
2.000       2.3247786       8.1495588       5.1873928
2.000       2.3876104       7.7893075       5.3710538
2.000       2.4504423       7.4263700       5.5357984
2.000       2.5132741       7.2562663       5.8358356
2.000       2.5761060       7.2268491       6.2590789
2.000       2.6389378       6.8231803       6.3524987
2.000       2.7017697       6.6179598       6.6120992
2.000       2.7646015       6.5156527       6.9747046
2.000       2.8274334       6.3109481       7.2267330
2.000       2.8902652       6.1840515       7.5640860
2.000       2.9530971       5.9903435       7.8154712
2.000       3.0159289       5.7942892       8.0525558
2.000       3.0787608       5.6724276       8.3862357
2.000       3.1415927       5.5022190       8.6428654
2.000       3.2044245       5.3723787       8.9554417
2.000       3.2672564       5.2739014       9.3186264
2.000       3.3300882       5.1118283       9.5634311
2.000       3.3929201       4.9313541       9.7579218
2.000       3.4557519       4.8473908       10.134585
2.000       3.5185838       4.6829247       10.334539
2.000       3.5814156       4.5927697       10.688312
2.000       3.6442475       4.4838769       10.993792
2.000       3.7070793       4.4063485       11.372207
2.000       3.7699112       4.3306671       11.754886
2.000       3.8327430       4.2047872       11.993429
2.000       3.8955749       4.0834871       12.229709
2.000       3.9584067       4.0542232       12.739112
2.000       4.0212386       3.9237255       12.925531
2.000       4.1469023       3.7854121       13.675866
2.000       4.2725660       3.5609539       14.070287
2.000       4.3982297       3.4981329       15.077880
2.000       4.5238934       3.3022736       15.488894
2.000       4.6495571       3.2079974       16.335748
2.000       4.7752208       3.0555925       16.855672
2.000       4.9008845       2.9630130       17.669621
2.000       5.0265482       2.8208473       18.149280
2.000       5.1522120       2.7107163       18.781725
2.000       5.2778757       2.6148588       19.475830
2.000       5.4035394       2.5488585       20.372811
2.000       5.5292031       2.4360139       20.861121
2.000       5.6548668       2.3605689       21.624899
2.000       5.7805305       2.2779881       22.290756
2.000       5.9061942       2.1955819       22.916224
2.000       6.0318579       2.1406213       23.799257
2.000       6.1575216       2.0493516       24.238435
2.000       6.2831853       1.9894261       24.999866
2.000       6.4088490       1.9578436       26.108888
2.000       6.5345127       1.8357212       25.948760
2.000       6.6601764       1.8219213       27.268238
2.000       6.7858401       1.7859697       28.271915
2.000       6.9115038       1.6966457       28.377824
2.000       7.0371675       1.6736111       29.547347
2.000       7.1628313       1.6161503       30.088890
2.000       7.2884950       1.5682341       30.760595
2.000       7.4141587       1.5268247       31.524272
2.000       7.5398224       1.4802159       32.142427
2.000       7.6654861       1.4476222       33.032740
2.000       7.7911498       1.4081480       33.738303
2.000       7.9168135       1.3597997       34.181918
2.000       8.0424772       1.3262118       34.950441
2.000       8.2938046       1.2681852       36.653407
2.000       8.5451320       1.1901958       37.622269
2.000       8.7964594       1.1396817       39.298644
2.000       9.0477868       1.1085277       41.595264
2.000       9.2991143       1.0537325       42.926493
2.000       9.5504417       1.0127983       44.695479
2.000       9.8017691      0.95553956       45.586089
2.000       10.053096      0.91972334       47.339866
2.000       10.304424      0.88691958       49.161559
2.000       10.555751      0.84285073       50.221349
2.000       10.807079      0.81074859       51.841960
2.000       11.058406      0.78785391       53.975113
2.000       11.309734      0.75744263       55.510753
2.000       11.561061      0.72654474       56.875561
2.000       11.812388      0.69832800       58.309977
2.000       12.063716      0.67231621       59.798065
2.000       12.315043      0.65209740       61.700765
2.000       12.566371      0.63189914       63.525431
2.000       12.817698      0.61455542       65.563393
2.000       13.069025      0.59014700       66.735985
2.000       13.320353      0.57251280       68.549240
2.000       13.571680      0.55327153       70.066341
2.000       13.823008      0.53937016       72.171349
2.000       14.074335      0.51530683       72.781302
2.000       14.325663      0.50550586       75.290573
2.000       14.576990      0.49208920       77.217840
2.000       14.828317      0.47644698       78.697412
2.000       15.079645      0.46026345       79.955819
2.000       15.330972      0.45204478       82.520302
2.000       15.582300      0.43881062       84.108915
2.000       15.833627      0.42901858       86.275520
2.000       16.084954      0.41456173       87.401516
2.000       16.587609      0.40145309       92.823182
2.000       17.090264      0.38252275       96.732820
2.000       17.592919      0.36266959       100.04493
2.000       18.095574      0.33507209       100.58323
2.000       18.598229      0.33084987       107.82413
2.000       19.100883      0.30307741       107.00010
2.000       19.603538      0.29902814       114.12629
2.000       20.106193      0.28751048       118.38958
2.000       20.608848      0.27724754       122.94167
2.000       21.111503      0.26454842       126.10516
2.000       21.614157      0.25893006       132.45479
2.000       22.116812      0.25051281       137.29913
2.000       22.619467      0.23418348       137.30098
2.000       23.122122      0.22985975       143.95152
2.000       23.624777      0.22441212       149.90624
2.000       24.127432      0.21042600       149.72797
2.000       24.630086      0.20159500       152.59764
2.000       25.132741      0.19838235       159.54856
2.000       25.635396      0.19494003       166.37627
2.000       26.138051      0.18923410       171.19428
2.000       26.640706      0.18136465       173.72411
2.000       27.143361      0.17146690       173.71663
2.000       27.646015      0.16823994       180.09307
2.000       28.148670      0.16726242       188.99150
2.000       28.651325      0.15876137       189.16867
2.000       29.153980      0.15892031       199.50015
2.000       29.656635      0.15109392       199.65622
2.000       30.159289      0.14866650       206.60780
2.000       30.661944      0.14238666       207.94029
2.000       31.164599      0.13979750       214.36521
2.000       31.667254      0.13613976       219.02135
2.000       32.169909      0.13417620       226.30556
2.000       33.175218      0.13000684       240.47937
2.000       34.180528      0.11617836       235.03461
2.000       35.185838      0.11476273       253.26479
2.000       36.191147      0.10916665       262.16053
2.000       37.196457      0.10602775       276.43596
2.000       38.201767     0.099537706       281.13067
2.000       39.207076     0.094555417       288.70217
2.000       40.212386     0.094410606       311.00729
2.000       41.217696     0.085604447       303.68106
2.000       42.223005     0.084793804       323.35666
2.000       43.228315     0.081466446       333.39106
2.000       44.233625     0.079731938       349.59093
2.000       45.238934     0.074922429       351.41411
2.000       46.244244     0.071466314       358.05084
2.000       47.249554     0.070394668       376.18645
2.000       48.254863     0.067031478       381.56833
2.000       49.260173     0.065033399       393.81704
2.000       50.265482     0.063595112       409.16979
2.000       51.270792     0.059963268       409.41678
2.000       52.276102     0.058575125       423.92894
2.000       53.281411     0.056652185       434.12429
2.000       54.286721     0.054306143       440.14934
2.000       55.292031     0.053408221       457.36823
2.000       56.297340     0.052692804       476.30507
2.000       57.302650     0.051047701       486.59828
2.000       58.307960     0.048364693       485.71580
2.000       59.313269     0.048089263       508.36304
2.000       60.318579     0.047889213       532.42847
2.000       61.323889     0.044863116       524.14175
2.000       62.329198     0.044298778       543.42126
2.000       63.334508     0.043573782       560.81125
2.000       64.339818     0.042222264       569.70660
2.000       66.350437     0.040142857       594.03207
2.000       68.361056     0.038988655       631.00792
2.000       70.371675     0.037539804       662.75945
2.000       72.382295     0.033430002       642.24939
2.000       74.392914     0.032128171       670.11752
2.000       76.403533     0.031113375       703.00387
2.000       78.414153     0.030182103       737.23021
2.000       80.424772     0.029803297       785.42386
2.000       82.435391     0.028275208       802.44852
2.000       84.446011     0.027442955       837.21796
2.000       86.456630     0.026726055       874.98382
2.000       88.467249     0.026244308       920.56181
2.000       90.477868     0.025025528       939.03244
2.000       92.488488     0.024292160       973.64230
2.000       94.499107     0.024017760       1026.8001
2.000       96.509726     0.022758760       1036.4112
2.000       98.520346     0.021523735       1042.7151
2.000       100.53096     0.022950801       1181.3203
2.000       102.54158     0.020438678       1116.4085
2.000       104.55220     0.020853553       1207.3965
2.000       106.56282     0.019784158       1212.8441
2.000       108.57344     0.019933463       1292.4800
2.000       110.58406     0.019381935       1327.8378
2.000       112.59468     0.018632591       1347.4018
2.000       114.60530     0.017565831       1339.5319
2.000       116.61592     0.017714580       1423.2285
2.000       118.62654     0.017573420       1486.1824
2.000       120.63716     0.016648491       1480.7728
2.000       122.64778     0.015629196       1460.7838
2.000       124.65840     0.016148525       1584.7754
2.000       126.66902     0.015695247       1616.0306
2.000       128.67964     0.015880845       1714.2467
2.000       132.70087     0.016895158       2000.1099
2.000       136.72211     0.014133727       1829.9669
2.000       140.74335     0.013807091       1950.0965
2.000       144.76459     0.012888347       1980.8633
2.000       148.78583     0.011843197       1976.1682
2.000       152.80707     0.012932346       2337.6414
2.000       156.82831     0.011814008       2308.5585
2.000       160.84954     0.012596131       2655.6261
2.000       164.87078     0.011705487       2657.6075
2.000       168.89202     0.010626495       2593.5085
2.000       172.91326     0.010075932       2639.0059
2.000       176.93450     0.010870838       3050.4986
2.000       180.95574     0.010840400       3254.1131
2.000       184.97698    0.0090257092       2894.0406
2.000       188.99821     0.010453436       3575.2170
2.000       193.01945    0.0082624711       3010.1175
2.000       197.04069     0.010068978       3902.3248
2.000       201.06193    0.0092309531       3801.0742
2.000       205.08317    0.0092803206       4055.3029
2.000       209.10441    0.0092302928       4275.3856
2.000       213.12565    0.0085080085       4172.5861
2.000       217.14688    0.0082014261       4254.2249
2.000       221.16812    0.0074215425       4067.5419
2.000       225.18936    0.0081841788       4734.6620
2.000       229.21060    0.0082868050       5055.4692
2.000       233.23184    0.0079303304       5097.1222
2.000       237.25308    0.0081623800       5522.3335
2.000       241.27432    0.0075391844       5364.4833
2.000       245.29555    0.0075472553       5643.2375
2.000       249.31679    0.0071014658       5575.3592
2.000       253.33803    0.0067873782       5590.7939
2.000       257.35927    0.0069486382       6000.5272
2.000       265.40175    0.0068944691       6529.5375
2.000       273.44422    0.0063043328       6530.0372
2.000       281.48670    0.0066651853       7531.0604
2.000       289.52918    0.0052189633       6416.9923
2.000       297.57166    0.0054830956       7319.3205
2.000       305.61413    0.0053171745       7689.0287
2.000       313.65661    0.0050127062       7836.2061
2.000       321.69909    0.0052032317       8775.9252
2.000       329.74156    0.0051530841       9359.6276
2.000       337.78404    0.0047800072       9332.8911
2.000       345.82652    0.0047827603       10021.293
2.000       353.86900    0.0043432744       9750.2346
2.000       361.91147    0.0043664275       10485.848
2.000       369.95395    0.0038433321       9858.7347
2.000       377.99643    0.0038949495       10657.005
2.000       386.03891    0.0040374027       11766.995
2.000       394.08138    0.0035309075       10947.485
2.000       402.12386    0.0039124994       12888.550
2.000       410.16634    0.0030006860       10489.888
2.000       418.20881    0.0034392418       12744.198
2.000       426.25129    0.0036886104       14472.054
2.000       434.29377    0.0030828119       12792.873
2.000       442.33625    0.0034365334       15067.750
2.000       450.37872    0.0031557078       14604.969
2.000       458.42120    0.0026594974       12979.678
2.000       466.46368    0.0031377096       16133.794
2.000       474.50615    0.0032917538       17816.531
2.000       482.54863    0.0030396931       17303.074
2.000       490.59111    0.0030522810       18258.025
2.000       498.63359    0.0025857951       16240.857
2.000       506.67606    0.0027315090       17999.650
2.000       514.71854    0.0026081728       18018.393
1.750     0.015707963       1969.9132   0.00038679154
1.750     0.031415927       4959.9708    0.0077911039
1.750     0.047123890       2538.5337     0.013457878
1.750     0.062831853       2170.9805     0.027281345
1.750     0.078539816       1687.8821     0.041426860
1.750     0.094247780       1293.9269     0.054877381
1.750      0.10995574       1033.7786     0.069622813
1.750      0.12566371       929.37345     0.093430809
1.750      0.14137167       700.76187      0.10030622
1.750      0.15707963       611.94291      0.12015471
1.750      0.17278760       527.18027      0.13777394
1.750      0.18849556       478.66842      0.16240837
1.750      0.20420352       432.30646      0.18648834
1.750      0.21991149       387.69177      0.20888179
1.750      0.23561945       335.24381      0.22215926
1.750      0.25132741       313.33469      0.25199871
1.750      0.26703538       274.84537      0.26513379
1.750      0.28274334       252.84964      0.28954079
1.750      0.29845130       224.52891      0.30238689
1.750      0.31415927       205.67481      0.32307323
1.750      0.32986723       190.33813      0.34610955
1.750      0.34557519       171.46340      0.35848366
1.750      0.36128316       164.60914      0.39324875
1.750      0.37699112       151.23229      0.41049526
1.750      0.39269908       140.66213      0.43154603
1.750      0.40840704       134.91607      0.46560071
1.750      0.42411501       124.78271      0.48225375
1.750      0.43982297       117.41178      0.50607592
1.750      0.45553093       111.74691      0.53513014
1.750      0.47123890       106.30471      0.56356778
1.750      0.48694686       98.047885      0.57352612
1.750      0.50265482       94.608385      0.60870862
1.750      0.51836279       89.776031      0.63347884
1.750      0.53407075       86.044466      0.66403288
1.750      0.54977871       82.921397      0.69807267
1.750      0.56548668       79.152850      0.72511009
1.750      0.58119464       76.265720      0.75851546
1.750      0.59690260       71.519749      0.77056036
1.750      0.61261057       69.212617      0.80613724
1.750      0.62831853       66.685295      0.83799213
1.750      0.64402649       63.802925      0.86341989
1.750      0.65973446       60.730152      0.88345031
1.750      0.67544242       59.757969      0.93289140
1.750      0.69115038       57.427262      0.96051916
1.750      0.70685835       55.806309      0.99850612
1.750      0.72256631       53.243507       1.0175835
1.750      0.73827427       52.106929       1.0622309
1.750      0.75398224       50.286396       1.0919534
1.750      0.76969020       49.304088       1.1389406
1.750      0.78539816       47.452428       1.1646578
1.750      0.80110613       46.054896       1.1995441
1.750      0.81681409       44.801217       1.2368862
1.750      0.83252205       43.327290       1.2665403
1.750      0.84823002       41.884305       1.2949783
1.750      0.86393798       41.243988       1.3473444
1.750      0.87964594       39.796047       1.3722521
1.750      0.89535391       38.869367       1.4133897
1.750      0.91106187       38.349137       1.4691613
1.750      0.92676983       37.044032       1.4938403
1.750      0.94247780       36.117205       1.5317849
1.750      0.95818576       35.087662       1.5637734
1.750      0.97389372       34.660470       1.6219572
1.750      0.98960169       33.557920       1.6475802
1.750       1.0053096       33.123241       1.7049146
1.750       1.0367256       32.178205       1.8164502
1.750       1.0681415       30.305165       1.8709978
1.750       1.0995574       29.151689       1.9633048
1.750       1.1309734       27.599789       2.0227078
1.750       1.1623893       26.807550       2.1329574
1.750       1.1938052       26.045926       2.2449696
1.750       1.2252211       24.812314       2.3119635
1.750       1.2566371       24.486636       2.4616651
1.750       1.2880530       23.321163       2.5247690
1.750       1.3194689       22.778369       2.6508819
1.750       1.3508848       21.973302       2.7442304
1.750       1.3823008       21.356806       2.8576841
1.750       1.4137167       20.919542       2.9943984
1.750       1.4451326       19.962544       3.0521738
1.750       1.4765485       19.859322       3.2387534
1.750       1.5079645       18.997133       3.3001346
1.750       1.5393804       18.593318       3.4360939
1.750       1.5707963       18.037858       3.5417250
1.750       1.6022123       17.832357       3.7156872
1.750       1.6336282       17.283065       3.8172505
1.750       1.6650441       16.544607       3.8690463
1.750       1.6964600       16.263370       4.0226449
1.750       1.7278760       16.012210       4.1846507
1.750       1.7592919       15.430242       4.2565397
1.750       1.7907078       15.297610       4.4500822
1.750       1.8221237       14.958850       4.5846064
1.750       1.8535397       14.807277       4.7769546
1.750       1.8849556       14.320427       4.8588063
1.750       1.9163715       13.923491       4.9642944
1.750       1.9477874       13.678575       5.1207764
1.750       1.9792034       13.570358       5.3300691
1.750       2.0106193       13.168150       5.4223126
1.750       2.0734512       12.659475       5.7169895
1.750       2.1362830       12.171661       6.0116882
1.750       2.1991149       11.893169       6.4078392
1.750       2.2619467       11.489068       6.7360012
1.750       2.3247786       10.937045       6.9616957
1.750       2.3876104       10.472050       7.2209170
1.750       2.4504423       10.138701       7.5576365
1.750       2.5132741       9.7407153       7.8339481
1.750       2.5761060       9.7031848       8.4038005
1.750       2.6389378       9.1856169       8.5519680
1.750       2.7017697       8.9515417       8.9436144
1.750       2.7646015       8.8438302       9.4669109
1.750       2.8274334       8.4696468       9.6986817
1.750       2.8902652       8.2939165       10.144789
1.750       2.9530971       8.0286970       10.474867
1.750       3.0159289       7.8433433       10.900208
1.750       3.0787608       7.6124583       11.254418
1.750       3.1415927       7.3343528       11.520774
1.750       3.2044245       7.1753229       11.960844
1.750       3.2672564       7.0381561       12.435945
1.750       3.3300882       6.7935050       12.709585
1.750       3.3929201       6.5821476       13.024431
1.750       3.4557519       6.4726951       13.532657
1.750       3.5185838       6.2202285       13.727147
1.750       3.5814156       6.1085996       14.215957
1.750       3.6442475       6.0083439       14.731556
1.750       3.7070793       5.7941253       14.953876
1.750       3.7699112       5.6993294       15.469895
1.750       3.8327430       5.5785539       15.911862
1.750       3.8955749       5.4016475       16.177491
1.750       3.9584067       5.3596658       16.841052
1.750       4.0212386       5.2255837       17.214111
1.750       4.1469023       4.9049785       17.720615
1.750       4.2725660       4.6633034       18.425966
1.750       4.3982297       4.6502194       20.043678
1.750       4.5238934       4.3205515       20.264997
1.750       4.6495571       4.1611468       21.189371
1.750       4.7752208       4.0006980       22.069191
1.750       4.9008845       3.8421821       22.912455
1.750       5.0265482       3.7336798       24.022428
1.750       5.1522120       3.5861266       24.847176
1.750       5.2778757       3.3904303       25.252393
1.750       5.4035394       3.3166574       26.509762
1.750       5.5292031       3.1507933       26.982227
1.750       5.6548668       3.0260282       27.721094
1.750       5.7805305       2.9458665       28.826134
1.750       5.9061942       2.8533566       29.781699
1.750       6.0318579       2.7668239       30.761328
1.750       6.1575216       2.6096779       30.865620
1.750       6.2831853       2.5482792       32.022621
1.750       6.4088490       2.4908397       33.216675
1.750       6.5345127       2.4059221       34.008811
1.750       6.6601764       2.3086806       34.553441
1.750       6.7858401       2.2574067       35.734766
1.750       6.9115038       2.1757538       36.391308
1.750       7.0371675       2.1325825       37.650415
1.750       7.1628313       2.0058999       37.345105
1.750       7.2884950       1.9665683       38.573840
1.750       7.4141587       1.9426152       40.109077
1.750       7.5398224       1.8692301       40.589748
1.750       7.6654861       1.8225787       41.588730
1.750       7.7911498       1.7485670       41.894518
1.750       7.9168135       1.7189386       43.209761
1.750       8.0424772       1.6777463       44.214638
1.750       8.2938046       1.5650050       45.232167
1.750       8.5451320       1.5149988       47.889343
1.750       8.7964594       1.4209752       48.998238
1.750       9.0477868       1.3463599       50.519438
1.750       9.2991143       1.2806908       52.172219
1.750       9.5504417       1.2210898       53.887525
1.750       9.8017691       1.2199948       58.202498
1.750       10.053096       1.1452551       58.948404
1.750       10.304424       1.0896694       60.399890
1.750       10.555751       1.0356420       61.708835
1.750       10.807079      0.98970963       63.285323
1.750       11.058406      0.97718541       66.946032
1.750       11.309734      0.93815088       68.754332
1.750       11.561061      0.88325120       69.142897
1.750       11.812388      0.87928249       73.419570
1.750       12.063716      0.83494571       74.262880
1.750       12.315043      0.81207197       76.837389
1.750       12.566371      0.78621025       79.038476
1.750       12.817698      0.75496204       80.542570
1.750       13.069025      0.72012143       81.433970
1.750       13.320353      0.69532970       83.254598
1.750       13.571680      0.67644859       85.665492
1.750       13.823008      0.65253120       87.313056
1.750       14.074335      0.64004788       90.399573
1.750       14.325663      0.62247493       92.712069
1.750       14.576990      0.60711381       95.267315
1.750       14.828317      0.58079747       95.933566
1.750       15.079645      0.56868115       98.789871
1.750       15.330972      0.55742187       101.75678
1.750       15.582300      0.53625137       102.78585
1.750       15.833627      0.51950597       104.47251
1.750       16.084954      0.50878135       107.26572
1.750       16.587609      0.47622362       110.11147
1.750       17.090264      0.45939752       116.17300
1.750       17.592919      0.43926947       121.17554
1.750       18.095574      0.41753403       125.33697
1.750       18.598229      0.39676775       129.30680
1.750       19.100883      0.37458732       132.24635
1.750       19.603538      0.36420523       139.00161
1.750       20.106193      0.35011360       144.16797
1.750       20.608848      0.33295537       147.64455
1.750       21.111503      0.31375415       149.56059
1.750       21.614157      0.30458953       155.81174
1.750       22.116812      0.29603902       162.25079
1.750       22.619467      0.29129696       170.78641
1.750       23.122122      0.27533255       172.42923
1.750       23.624777      0.26423628       176.50859
1.750       24.127432      0.25846520       183.91011
1.750       24.630086      0.24923967       188.66235
1.750       25.132741      0.24197689       194.60936
1.750       25.635396      0.23165840       197.71445
1.750       26.138051      0.22585865       204.32739
1.750       26.640706      0.21879594       209.57848
1.750       27.143361      0.21521498       218.03871
1.750       27.646015      0.20607172       220.59024
1.750       28.148670      0.19890594       224.74584
1.750       28.651325      0.19497744       232.32116
1.750       29.153980      0.18568429       233.09822
1.750       29.656635      0.18629335       246.16892
1.750       30.159289      0.17818222       247.62697
1.750       30.661944      0.17207026       251.28996
1.750       31.164599      0.16670131       255.61945
1.750       31.667254      0.16393348       263.73583
1.750       32.169909      0.15810678       266.66760
1.750       33.175218      0.14415550       266.65077
1.750       34.180528      0.14548838       294.33023
1.750       35.185838      0.13644997       301.12541
1.750       36.191147      0.12953011       311.06277
1.750       37.196457      0.12878826       335.77724
1.750       38.201767      0.11939646       337.21900
1.750       39.207076      0.11531379       352.08285
1.750       40.212386      0.10864992       357.91442
1.750       41.217696      0.10355079       367.34556
1.750       42.223005      0.10254479       391.04908
1.750       43.228315     0.097086035       397.31224
1.750       44.233625     0.091714869       402.13104
1.750       45.238934     0.091912894       431.10573
1.750       46.244244     0.086814423       434.94585
1.750       47.249554     0.085023835       454.36417
1.750       48.254863     0.078471771       446.69077
1.750       49.260173     0.078403885       474.78352
1.750       50.265482     0.076450919       491.88382
1.750       51.270792     0.074354248       507.67541
1.750       52.276102     0.071965375       520.83892
1.750       53.281411     0.069001475       528.75659
1.750       54.286721     0.066736486       540.89682
1.750       55.292031     0.065082672       557.34391
1.750       56.297340     0.062128763       561.59935
1.750       57.302650     0.061603407       587.21767
1.750       58.307960     0.057972521       582.20507
1.750       59.313269     0.058063538       613.80347
1.750       60.318579     0.056445496       627.55653
1.750       61.323889     0.053992094       630.79681
1.750       62.329198     0.053527870       656.63623
1.750       63.334508     0.051503479       662.86949
1.750       64.339818     0.050574526       682.40399
1.750       66.350437     0.050152447       742.15351
1.750       68.361056     0.044232576       715.87762
1.750       70.371675     0.043525501       768.43602
1.750       72.382295     0.040262183       773.50766
1.750       74.392914     0.040323325       841.04902
1.750       76.403533     0.036864525       832.95058
1.750       78.414153     0.035942812       877.94169
1.750       80.424772     0.034058411       897.56138
1.750       82.435391     0.034354396       974.97545
1.750       84.446011     0.032235965       983.44109
1.750       86.456630     0.032325386       1058.3002
1.750       88.467249     0.030724219       1077.7020
1.750       90.477868     0.028643297       1074.7819
1.750       92.488488     0.027888075       1117.7684
1.750       94.499107     0.027123351       1159.5693
1.750       96.509726     0.026371464       1200.9302
1.750       98.520346     0.024275576       1176.0278
1.750       100.53096     0.024226226       1246.9688
1.750       102.54158     0.024221676       1323.0447
1.750       104.55220     0.023366762       1352.9083
1.750       106.56282     0.021985723       1347.8084
1.750       108.57344     0.021839237       1416.0498
1.750       110.58406     0.021498555       1472.8453
1.750       112.59468     0.020665762       1494.4291
1.750       114.60530     0.019850149       1513.7290
1.750       116.61592     0.020275454       1628.9748
1.750       118.62654     0.019701816       1666.1806
1.750       120.63716     0.019293209       1716.0029
1.750       122.64778     0.018048768       1686.9292
1.750       124.65840     0.018501796       1815.7195
1.750       126.66902     0.017702155       1822.6681
1.750       128.67964     0.017625788       1902.6034
1.750       132.70087     0.016133967       1909.9974
1.750       136.72211     0.015530052       2010.7563
1.750       140.74335     0.016560906       2339.0419
1.750       144.76459     0.013916627       2138.9039
1.750       148.78583     0.014269974       2381.1027
1.750       152.80707     0.013560890       2451.2566
1.750       156.82831     0.013212809       2581.8961
1.750       160.84954     0.013356725       2815.9813
1.750       164.87078     0.012697908       2882.9263
1.750       168.89202     0.013122097       3202.5868
1.750       172.91326     0.011767292       3081.9931
1.750       176.93450     0.011165020       3133.0501
1.750       180.95574     0.011316956       3397.1675
1.750       184.97698     0.011167311       3580.7326
1.750       188.99821     0.011130941       3806.9332
1.750       193.01945     0.011057446       4028.3606
1.750       197.04069    0.0099945710       3873.4877
1.750       201.06193    0.0099965637       4116.3333
1.750       205.08317    0.0098728480       4314.2247
1.750       209.10441    0.0093856337       4347.3381
1.750       213.12565    0.0094588255       4638.8957
1.750       217.14688    0.0089765015       4656.2702
1.750       221.16812    0.0091349136       5006.5931
1.750       225.18936    0.0082082686       4748.5982
1.750       229.21060    0.0079367324       4841.9030
1.750       233.23184    0.0076938184       4945.1071
1.750       237.25308    0.0083759829       5666.8485
1.750       241.27432    0.0076283774       5427.9484
1.750       245.29555    0.0081253363       6075.4805
1.750       249.31679    0.0077312569       6069.8081
1.750       253.33803    0.0071449213       5885.3038
1.750       257.35927    0.0079357528       6852.9544
1.750       265.40175    0.0073296828       6941.7149
1.750       273.44422    0.0066612751       6899.7585
1.750       281.48670    0.0066265993       7487.4617
1.750       289.52918    0.0064715112       7957.0664
1.750       297.57166    0.0065967046       8805.8642
1.750       305.61413    0.0059367685       8585.0075
1.750       313.65661    0.0052504204       8207.8171
1.750       321.69909    0.0051631262       8708.2821
1.750       329.74156    0.0046924304       8522.9351
1.750       337.78404    0.0063283860       12356.077
1.750       345.82652    0.0051428431       10775.773
1.750       353.86900    0.0046835852       10514.200
1.750       361.91147    0.0041859380       10052.408
1.750       369.95395    0.0045060662       11558.749
1.750       377.99643    0.0043249422       11833.512
1.750       386.03891    0.0038539832       11232.419
1.750       394.08138    0.0040443573       12539.422
1.750       402.12386    0.0035817720       11799.068
1.750       410.16634    0.0044030009       15392.142
1.750       418.20881    0.0034567609       12809.116
1.750       426.25129    0.0037197653       14594.288
1.750       434.29377    0.0030706470       12742.392
1.750       442.33625    0.0031293294       13720.790
1.750       450.37872    0.0034983088       16190.565
1.750       458.42120    0.0025378855       12386.151
1.750       466.46368    0.0023492330       12079.525
1.750       474.50615    0.0033617808       18195.551
1.750       482.54863    0.0032217729       18339.541
1.750       490.59111    0.0027420309       16402.182
1.750       498.63359    0.0029724104       18669.110
1.750       506.67606    0.0026372043       17378.216
1.750       514.71854    0.0023570824       16283.751
1.500     0.015707963       2354.5273   0.00046231035
1.500     0.031415927       5933.2338    0.0093199019
1.500     0.047123890       3031.4317     0.016070946
1.500     0.062831853       2599.1469     0.032661843
1.500     0.078539816       2020.6763     0.049594858
1.500     0.094247780       1549.4813     0.065715828
1.500      0.10995574       1237.2447     0.083325822
1.500      0.12566371       1108.0213      0.11139045
1.500      0.14137167       841.35571      0.12043066
1.500      0.15707963       736.93791      0.14469742
1.500      0.17278760       636.26463      0.16628219
1.500      0.18849556       575.14005      0.19514042
1.500      0.20420352       520.59810      0.22457558
1.500      0.21991149       468.22367      0.25227102
1.500      0.23561945       405.65915      0.26882208
1.500      0.25132741       380.03238      0.30564017
1.500      0.26703538       333.57826      0.32179137
1.500      0.28274334       308.84233      0.35365860
1.500      0.29845130       274.52937      0.36972559
1.500      0.31415927       252.49117      0.39661221
1.500      0.32986723       233.94777      0.42540902
1.500      0.34557519       210.35938      0.43980465
1.500      0.36128316       202.96260      0.48487459
1.500      0.37699112       187.47401      0.50886745
1.500      0.39269908       173.82692      0.53329432
1.500      0.40840704       167.17282      0.57692001
1.500      0.42411501       154.73833      0.59802465
1.500      0.43982297       145.41920      0.62679530
1.500      0.45553093       139.02904      0.66577795
1.500      0.47123890       132.71804      0.70359641
1.500      0.48694686       122.65565      0.71746801
1.500      0.50265482       118.49200      0.76237536
1.500      0.51836279       112.73717      0.79549752
1.500      0.53407075       108.10831      0.83430670
1.500      0.54977871       104.56315      0.88026343
1.500      0.56548668       99.563376      0.91208856
1.500      0.58119464       96.789984      0.96264349
1.500      0.59690260       90.536589      0.97544954
1.500      0.61261057       88.019185       1.0251822
1.500      0.62831853       84.888289       1.0667377
1.500      0.64402649       81.283619       1.0999792
1.500      0.65973446       77.670005       1.1298768
1.500      0.67544242       76.329713       1.1915956
1.500      0.69115038       73.601083       1.2310399
1.500      0.70685835       71.152089       1.2730782
1.500      0.72256631       68.560996       1.3103295
1.500      0.73827427       66.837428       1.3625210
1.500      0.75398224       64.715225       1.4052709
1.500      0.76969020       63.418005       1.4649767
1.500      0.78539816       61.240471       1.5030673
1.500      0.80110613       59.595920       1.5522331
1.500      0.81681409       57.997639       1.6012171
1.500      0.83252205       56.056000       1.6386251
1.500      0.84823002       54.392362       1.6817022
1.500      0.86393798       53.360247       1.7431541
1.500      0.87964594       51.632474       1.7803972
1.500      0.89535391       50.682243       1.8429361
1.500      0.91106187       49.931131       1.9128692
1.500      0.92676983       48.287063       1.9472276
1.500      0.94247780       47.279381       2.0051895
1.500      0.95818576       45.971589       2.0488441
1.500      0.97389372       45.355001       2.1224142
1.500      0.98960169       43.899697       2.1553265
1.500       1.0053096       43.419403       2.2348772
1.500       1.0367256       42.233365       2.3840611
1.500       1.0681415       40.177738       2.4805164
1.500       1.0995574       38.442836       2.5890440
1.500       1.1309734       36.764601       2.6943700
1.500       1.1623893       35.617509       2.8339265
1.500       1.1938052       34.739245       2.9942706
1.500       1.2252211       32.929312       3.0682896
1.500       1.2566371       32.432019       3.2604221
1.500       1.2880530       31.085365       3.3653281
1.500       1.3194689       30.322929       3.5288963
1.500       1.3508848       29.371338       3.6681659
1.500       1.3823008       28.678096       3.8373218
1.500       1.4137167       27.821518       3.9823392
1.500       1.4451326       26.770616       4.0930942
1.500       1.4765485       26.786278       4.3684344
1.500       1.5079645       25.543382       4.4373326
1.500       1.5393804       25.217800       4.6603155
1.500       1.5707963       24.344224       4.7799773
1.500       1.6022123       24.107687       5.0232635
1.500       1.6336282       23.263792       5.1381930
1.500       1.6650441       22.351482       5.2270159
1.500       1.6964600       22.075858       5.4603282
1.500       1.7278760       21.681834       5.6663573
1.500       1.7592919       21.039849       5.8039890
1.500       1.7907078       20.721058       6.0277657
1.500       1.8221237       20.200814       6.1911700
1.500       1.8535397       20.005738       6.4540228
1.500       1.8849556       19.576234       6.6420597
1.500       1.9163715       18.935619       6.7513230
1.500       1.9477874       18.624789       6.9724645
1.500       1.9792034       18.559055       7.2894940
1.500       2.0106193       17.898313       7.3700747
1.500       2.0734512       17.357072       7.8384131
1.500       2.1362830       16.478172       8.1387115
1.500       2.1991149       16.048580       8.6467045
1.500       2.2619467       15.520692       9.0997285
1.500       2.3247786       14.891052       9.4785175
1.500       2.3876104       14.285127       9.8501935
1.500       2.4504423       13.853854       10.327003
1.500       2.5132741       13.453156       10.819670
1.500       2.5761060       13.205027       11.436700
1.500       2.6389378       12.524033       11.660091
1.500       2.7017697       12.358354       12.347410
1.500       2.7646015       12.101173       12.953745
1.500       2.8274334       11.525862       13.198385
1.500       2.8902652       11.321103       13.847523
1.500       2.9530971       10.861262       14.170453
1.500       3.0159289       10.615655       14.753001
1.500       3.0787608       10.198819       15.078147
1.500       3.1415927       9.9755336       15.669531
1.500       3.2044245       9.7915181       16.321889
1.500       3.2672564       9.5939315       16.951827
1.500       3.3300882       9.2609095       17.325713
1.500       3.3929201       8.8758695       17.563135
1.500       3.4557519       8.7377903       18.268359
1.500       3.5185838       8.3925539       18.521156
1.500       3.5814156       8.2437816       19.184960
1.500       3.6442475       8.0484121       19.733497
1.500       3.7070793       7.8072430       20.149469
1.500       3.7699112       7.6305538       20.711887
1.500       3.8327430       7.4941694       21.375824
1.500       3.8955749       7.3039974       21.874873
1.500       3.9584067       7.1225201       22.380264
1.500       4.0212386       6.9179734       22.789179
1.500       4.1469023       6.6358039       23.973708
1.500       4.2725660       6.2759242       24.797865
1.500       4.3982297       6.0137294       25.920768
1.500       4.5238934       5.7692253       27.059817
1.500       4.6495571       5.4367677       27.685081
1.500       4.7752208       5.1851910       28.603251
1.500       4.9008845       5.0492084       30.110431
1.500       5.0265482       4.8860896       31.437011
1.500       5.1522120       4.6697758       32.355450
1.500       5.2778757       4.3908201       32.703434
1.500       5.4035394       4.1679461       33.314041
1.500       5.5292031       4.0240504       34.460478
1.500       5.6548668       3.9871867       36.526155
1.500       5.7805305       3.7517025       36.711467
1.500       5.9061942       3.6444319       38.038489
1.500       6.0318579       3.5183428       39.116655
1.500       6.1575216       3.3901370       40.096396
1.500       6.2831853       3.2969074       41.430161
1.500       6.4088490       3.1750688       42.341234
1.500       6.5345127       3.0557731       43.194752
1.500       6.6601764       2.9890050       44.735686
1.500       6.7858401       2.8992207       45.894687
1.500       6.9115038       2.7802167       46.501457
1.500       7.0371675       2.7010160       47.686021
1.500       7.1628313       2.5685771       47.820821
1.500       7.2884950       2.5233562       49.495121
1.500       7.4141587       2.4648338       50.891298
1.500       7.5398224       2.3927249       51.957275
1.500       7.6654861       2.2923852       52.309065
1.500       7.7911498       2.2353172       53.556734
1.500       7.9168135       2.1871378       54.979103
1.500       8.0424772       2.1145508       55.726004
1.500       8.2938046       1.9636098       56.752741
1.500       8.5451320       1.9006556       60.080014
1.500       8.7964594       1.7844960       61.533205
1.500       9.0477868       1.7177779       64.456150
1.500       9.2991143       1.6227651       66.107492
1.500       9.5504417       1.5550238       68.624259
1.500       9.8017691       1.4695913       70.110042
1.500       10.053096       1.4371312       73.971808
1.500       10.304424       1.3760232       76.272354
1.500       10.555751       1.3050007       77.758602
1.500       10.807079       1.2490125       79.866012
1.500       11.058406       1.2232274       83.802135
1.500       11.309734       1.1547158       84.625739
1.500       11.561061       1.1016064       86.236233
1.500       11.812388       1.0528531       87.912612
1.500       12.063716       1.0308649       91.688596
1.500       12.315043      0.99036581       93.707363
1.500       12.566371      0.95618683       96.126385
1.500       12.817698      0.91822918       97.960605
1.500       13.069025      0.88469663       100.04474
1.500       13.320353      0.86625107       103.71969
1.500       13.571680      0.83870451       106.21359
1.500       13.823008      0.81666753       109.27560
1.500       14.074335      0.78291229       110.57757
1.500       14.325663      0.75710243       112.76363
1.500       14.576990      0.73685584       115.62623
1.500       14.828317      0.72046597       119.00339
1.500       15.079645      0.69612443       120.92900
1.500       15.330972      0.68039919       124.20616
1.500       15.582300      0.65735290       125.99795
1.500       15.833627      0.63756806       128.21476
1.500       16.084954      0.61524261       129.71081
1.500       16.587609      0.59353596       137.23620
1.500       17.090264      0.55335150       139.93220
1.500       17.592919      0.51853521       143.04155
1.500       18.095574      0.50923867       152.86523
1.500       18.598229      0.49764674       162.18331
1.500       19.100883      0.45249593       159.75163
1.500       19.603538      0.44549888       170.02793
1.500       20.106193      0.41706441       171.73663
1.500       20.608848      0.41171488       182.56939
1.500       21.111503      0.38811107       185.00511
1.500       21.614157      0.36805654       188.27807
1.500       22.116812      0.35973574       197.16119
1.500       22.619467      0.34255762       200.84036
1.500       23.122122      0.33389815       209.10640
1.500       23.624777      0.32006845       213.80421
1.500       24.127432      0.31425784       223.60920
1.500       24.630086      0.30042777       227.40926
1.500       25.132741      0.29120038       234.19724
1.500       25.635396      0.28788240       245.70018
1.500       26.138051      0.27148349       245.60279
1.500       26.640706      0.26555732       254.36989
1.500       27.143361      0.25299445       256.31387
1.500       27.646015      0.24668770       264.06776
1.500       28.148670      0.24106243       272.37888
1.500       28.651325      0.23549041       280.59351
1.500       29.153980      0.23051017       289.37027
1.500       29.656635      0.22166698       292.91180
1.500       30.159289      0.21275171       295.66957
1.500       30.661944      0.21014417       306.89278
1.500       31.164599      0.20200026       309.74680
1.500       31.667254      0.19587629       315.12536
1.500       32.169909      0.19191946       323.69706
1.500       33.175218      0.18358294       339.58144
1.500       34.180528      0.17940885       362.95302
1.500       35.185838      0.16656726       367.58992
1.500       36.191147      0.16202337       389.09439
1.500       37.196457      0.15214669       396.67744
1.500       38.201767      0.14392289       406.49057
1.500       39.207076      0.14259692       435.38532
1.500       40.212386      0.13322662       438.87495
1.500       41.217696      0.12775964       453.22625
1.500       42.223005      0.12627343       481.53699
1.500       43.228315      0.11639951       476.35017
1.500       44.233625      0.11179623       490.17932
1.500       45.238934      0.10783261       505.77515
1.500       46.244244      0.10488543       525.48274
1.500       47.249554      0.10371249       554.23561
1.500       48.254863     0.098541955       560.93779
1.500       49.260173     0.094079165       569.70694
1.500       50.265482     0.092894975       597.68458
1.500       51.270792     0.089115971       608.46539
1.500       52.276102     0.085931918       621.91975
1.500       53.281411     0.082724193       633.91344
1.500       54.286721     0.080051211       648.81219
1.500       55.292031     0.077630198       664.79627
1.500       56.297340     0.075682620       684.11647
1.500       57.302650     0.075004069       714.95581
1.500       58.307960     0.072051042       723.59250
1.500       59.313269     0.071138842       752.02562
1.500       60.318579     0.068347476       759.88180
1.500       61.323889     0.066181612       773.20856
1.500       62.329198     0.064751663       794.32057
1.500       63.334508     0.062553300       805.08491
1.500       64.339818     0.060660574       818.49541
1.500       66.350437     0.058688173       868.46478
1.500       68.361056     0.055738140       902.08825
1.500       70.371675     0.053420404       943.12899
1.500       72.382295     0.050953405       978.90493
1.500       74.392914     0.049545250       1033.3965
1.500       76.403533     0.046521230       1051.1429
1.500       78.414153     0.045395478       1108.8332
1.500       80.424772     0.042530499       1120.8313
1.500       82.435391     0.040575314       1151.5247
1.500       84.446011     0.039589577       1207.7819
1.500       86.456630     0.037322937       1221.9149
1.500       88.467249     0.037492574       1315.1130
1.500       90.477868     0.035099862       1317.0515
1.500       92.488488     0.034350226       1376.7747
1.500       94.499107     0.033984873       1452.9110
1.500       96.509726     0.031759597       1446.3004
1.500       98.520346     0.030536942       1479.3590
1.500       100.53096     0.029433558       1514.9998
1.500       102.54158     0.028497580       1556.6046
1.500       104.55220     0.027428572       1588.0824
1.500       106.56282     0.026828659       1644.6988
1.500       108.57344     0.026739778       1733.7995
1.500       110.58406     0.025092174       1719.0407
1.500       112.59468     0.024863475       1797.9835
1.500       114.60530     0.024164932       1842.7649
1.500       116.61592     0.024020938       1929.8953
1.500       118.62654     0.022410533       1895.2566
1.500       120.63716     0.022919778       2038.5622
1.500       122.64778     0.021754902       2033.3233
1.500       124.65840     0.021966108       2155.6983
1.500       126.66902     0.020642106       2125.3744
1.500       128.67964     0.020016595       2160.6774
1.500       132.70087     0.018204488       2155.1131
1.500       136.72211     0.017859745       2312.3938
1.500       140.74335     0.017732115       2504.4621
1.500       144.76459     0.018539887       2849.4719
1.500       148.78583     0.016067108       2680.9744
1.500       152.80707     0.015270708       2760.3221
1.500       156.82831     0.014183388       2771.5557
1.500       160.84954     0.014433326       3042.9597
1.500       164.87078     0.014181875       3219.8453
1.500       168.89202     0.013298648       3245.6759
1.500       172.91326     0.013176002       3450.9512
1.500       176.93450     0.011506565       3228.8920
1.500       180.95574     0.012037271       3613.3943
1.500       184.97698     0.011601502       3719.9533
1.500       188.99821     0.012254093       4191.0663
1.500       193.01945     0.010837418       3948.2017
1.500       197.04069     0.011108814       4305.3230
1.500       201.06193     0.010814606       4453.1826
1.500       205.08317     0.010898569       4762.4430
1.500       209.10441     0.010745468       4977.2005
1.500       213.12565     0.010517653       5158.1770
1.500       217.14688    0.0097967952       5081.7711
1.500       221.16812    0.0092407209       5064.5831
1.500       225.18936    0.0091753061       5308.0429
1.500       229.21060    0.0090457082       5518.4476
1.500       233.23184    0.0090432123       5812.4134
1.500       237.25308    0.0087495846       5919.6122
1.500       241.27432    0.0081930230       5829.7202
1.500       245.29555    0.0077315358       5781.0279
1.500       249.31679    0.0077881163       6114.4483
1.500       253.33803    0.0077804901       6408.8247
1.500       257.35927    0.0079757389       6887.4846
1.500       265.40175    0.0084143119       7968.9334
1.500       273.44422    0.0084186148       8720.0136
1.500       281.48670    0.0067354767       7610.4834
1.500       289.52918    0.0073787095       9072.5148
1.500       297.57166    0.0062448797       8336.2172
1.500       305.61413    0.0056846805       8220.4695
1.500       313.65661    0.0064132522       10025.635
1.500       321.69909    0.0059673764       10064.754
1.500       329.74156    0.0058528840       10630.685
1.500       337.78404    0.0058367539       11396.173
1.500       345.82652    0.0049100966       10288.100
1.500       353.86900    0.0048735254       10940.597
1.500       361.91147    0.0054510510       13090.540
1.500       369.95395    0.0052515260       13470.968
1.500       377.99643    0.0047816680       13083.163
1.500       386.03891    0.0032627511       9509.2754
1.500       394.08138    0.0040221557       12470.587
1.500       402.12386    0.0034958817       11516.129
1.500       410.16634    0.0037544468       13124.908
1.500       418.20881    0.0041045356       15209.461
1.500       426.25129    0.0036127788       14174.533
1.500       434.29377    0.0036686052       15223.764
1.500       442.33625    0.0031599037       13854.846
1.500       450.37872    0.0039468702       18266.557
1.500       458.42120    0.0032691596       15955.134
1.500       466.46368    0.0029630506       15235.714
1.500       474.50615    0.0031362490       16974.865
1.500       482.54863    0.0032361550       18421.409
1.500       490.59111    0.0027502647       16451.434
1.500       498.63359    0.0027345820       17175.358
1.500       506.67606    0.0025559665       16842.889
1.500       514.71854    0.0021413668       14793.494
1.250     0.015707963       2855.9876   0.00056077185
1.250     0.031415927       7203.3090     0.011314931
1.250     0.047123890       3672.9006     0.019471653
1.250     0.062831853       3158.4463     0.039690207
1.250     0.078539816       2455.5367     0.060267938
1.250     0.094247780       1883.4028     0.079877938
1.250      0.10995574       1503.4220      0.10125230
1.250      0.12566371       1340.0970      0.13472125
1.250      0.14137167       1026.1031      0.14687519
1.250      0.15707963       902.09099      0.17712515
1.250      0.17278760       781.14164      0.20414453
1.250      0.18849556       702.10290      0.23821790
1.250      0.20420352       637.56544      0.27503294
1.250      0.21991149       575.04366      0.30982383
1.250      0.23561945       499.56070      0.33104874
1.250      0.25132741       469.14424      0.37730818
1.250      0.26703538       412.15354      0.39759022
1.250      0.28274334       384.19933      0.43995069
1.250      0.29845130       342.36283      0.46108108
1.250      0.31415927       316.40189      0.49700293
1.250      0.32986723       293.73132      0.53411900
1.250      0.34557519       263.64777      0.55121628
1.250      0.36128316       255.59348      0.61060896
1.250      0.37699112       237.63646      0.64502521
1.250      0.39269908       219.70993      0.67406163
1.250      0.40840704       211.82419      0.73101366
1.250      0.42411501       196.52224      0.75950893
1.250      0.43982297       184.45258      0.79503954
1.250      0.45553093       176.80510      0.84667879
1.250      0.47123890       169.54631      0.89883920
1.250      0.48694686       157.27496      0.91997188
1.250      0.50265482       152.18720      0.97916969
1.250      0.51836279       145.08556       1.0237547
1.250      0.53407075       139.25623       1.0746852
1.250      0.54977871       135.21752       1.1383269
1.250      0.56548668       128.49106       1.1770917
1.250      0.58119464       125.93008       1.2524620
1.250      0.59690260       117.93789       1.2706737
1.250      0.61261057       115.14690       1.3411457
1.250      0.62831853       111.03689       1.3953308
1.250      0.64402649       106.49392       1.4411403
1.250      0.65973446       102.16607       1.4862247
1.250      0.67544242       100.26484       1.5652508
1.250      0.69115038       97.097399       1.6240355
1.250      0.70685835       93.381911       1.6708220
1.250      0.72256631       90.884989       1.7369829
1.250      0.73827427       88.093137       1.7958313
1.250      0.75398224       85.739652       1.8618098
1.250      0.76969020       83.910347       1.9383565
1.250      0.78539816       81.401316       1.9978889
1.250      0.80110613       79.345123       2.0666201
1.250      0.81681409       77.281820       2.1336209
1.250      0.83252205       74.731431       2.1845440
1.250      0.84823002       73.006072       2.2572006
1.250      0.86393798       71.051248       2.3210777
1.250      0.87964594       69.031741       2.3803609
1.250      0.89535391       68.072149       2.4752776
1.250      0.91106187       66.986735       2.5662720
1.250      0.92676983       64.937710       2.6186828
1.250      0.94247780       63.803831       2.7060162
1.250      0.95818576       62.163811       2.7704928
1.250      0.97389372       61.315335       2.8692875
1.250      0.98960169       59.406653       2.9166655
1.250       1.0053096       58.591560       3.0158162
1.250       1.0367256       56.954115       3.2150431
1.250       1.0681415       54.630209       3.3727915
1.250       1.0995574       52.137113       3.5113247
1.250       1.1309734       50.661048       3.7128000
1.250       1.1623893       48.693831       3.8743513
1.250       1.1938052       47.345394       4.0808291
1.250       1.2252211       45.179461       4.2097349
1.250       1.2566371       43.953907       4.4187287
1.250       1.2880530       42.608810       4.6128662
1.250       1.3194689       41.246943       4.8002021
1.250       1.3508848       40.878574       5.1052967
1.250       1.3823008       39.466624       5.2808993
1.250       1.4137167       38.206280       5.4688016
1.250       1.4451326       37.007095       5.6582010
1.250       1.4765485       36.894981       6.0170101
1.250       1.5079645       35.159365       6.1077972
1.250       1.5393804       34.946665       6.4582352
1.250       1.5707963       33.709291       6.6188039
1.250       1.6022123       33.474260       6.9749548
1.250       1.6336282       32.119124       7.0940395
1.250       1.6650441       31.354897       7.3325133
1.250       1.6964600       30.724298       7.5994670
1.250       1.7278760       30.103206       7.8672092
1.250       1.7592919       29.371767       8.1024066
1.250       1.7907078       28.736394       8.3594309
1.250       1.8221237       27.991841       8.5789733
1.250       1.8535397       27.431677       8.8496945
1.250       1.8849556       27.137117       9.2074069
1.250       1.9163715       26.456060       9.4326680
1.250       1.9477874       25.792051       9.6556347
1.250       1.9792034       25.645370       10.072807
1.250       2.0106193       24.959012       10.277493
1.250       2.0734512       23.810217       10.752638
1.250       2.1362830       22.803125       11.262660
1.250       2.1991149       22.053837       11.882235
1.250       2.2619467       21.148352       12.399206
1.250       2.3247786       20.493435       13.044571
1.250       2.3876104       19.729042       13.604001
1.250       2.4504423       19.184692       14.300740
1.250       2.5132741       18.543637       14.913678
1.250       2.5761060       18.100287       15.676420
1.250       2.6389378       17.270143       16.078802
1.250       2.7017697       17.050410       17.035310
1.250       2.7646015       16.296877       17.445052
1.250       2.8274334       15.731728       18.014568
1.250       2.8902652       15.161290       18.544687
1.250       2.9530971       14.677223       19.149054
1.250       3.0159289       14.281219       19.847182
1.250       3.0787608       13.937221       20.605079
1.250       3.1415927       13.643299       21.430844
1.250       3.2044245       13.178770       21.968241
1.250       3.2672564       12.817360       22.647407
1.250       3.3300882       12.429361       23.253390
1.250       3.3929201       12.083774       23.910780
1.250       3.4557519       11.706097       24.474286
1.250       3.5185838       11.497045       25.372320
1.250       3.5814156       11.157950       25.966825
1.250       3.6442475       10.894729       26.712238
1.250       3.7070793       10.480828       27.049639
1.250       3.7699112       10.292555       27.937453
1.250       3.8327430       9.9964417       28.513124
1.250       3.8955749       9.8678859       29.553509
1.250       3.9584067       9.3792051       29.471181
1.250       4.0212386       9.2122030       30.346827
1.250       4.1469023       8.8865819       32.105277
1.250       4.2725660       8.2814366       32.722184
1.250       4.3982297       7.8844330       33.983996
1.250       4.5238934       7.6851654       36.046290
1.250       4.6495571       7.0498729       35.899327
1.250       4.7752208       6.8585041       37.833807
1.250       4.9008845       6.5733341       39.199397
1.250       5.0265482       6.4057020       41.214170
1.250       5.1522120       6.1597845       42.679266
1.250       5.2778757       5.8184800       43.336843
1.250       5.4035394       5.5421144       44.297652
1.250       5.5292031       5.3224542       45.579527
1.250       5.6548668       5.1682664       47.345890
1.250       5.7805305       4.8890557       47.840789
1.250       5.9061942       4.7491837       49.569255
1.250       6.0318579       4.6061438       51.210740
1.250       6.1575216       4.4246156       52.331555
1.250       6.2831853       4.2712422       53.674012
1.250       6.4088490       4.0495401       54.002776
1.250       6.5345127       3.9491519       55.823071
1.250       6.6601764       3.8122775       57.057399
1.250       6.7858401       3.6719680       58.127283
1.250       6.9115038       3.5887700       60.025190
1.250       7.0371675       3.4435898       60.796048
1.250       7.1628313       3.3098577       61.621709
1.250       7.2884950       3.2097128       62.957867
1.250       7.4141587       3.1271778       64.566681
1.250       7.5398224       3.0255649       65.699198
1.250       7.6654861       2.9649900       67.656977
1.250       7.7911498       2.8661277       68.670539
1.250       7.9168135       2.7658816       69.527254
1.250       8.0424772       2.7020015       71.207438
1.250       8.2938046       2.5531311       73.791234
1.250       8.5451320       2.4515767       77.494712
1.250       8.7964594       2.2634349       78.048035
1.250       9.0477868       2.1825290       81.894996
1.250       9.2991143       2.0675942       84.228744
1.250       9.5504417       1.9418345       85.694479
1.250       9.8017691       1.8587409       88.675271
1.250       10.053096       1.8107790       93.204153
1.250       10.304424       1.6990994       94.180325
1.250       10.555751       1.6382196       97.613487
1.250       10.807079       1.5698433       100.38100
1.250       11.058406       1.5043366       103.06065
1.250       11.309734       1.4503744       106.29369
1.250       11.561061       1.3900184       108.81378
1.250       11.812388       1.3378461       111.70936
1.250       12.063716       1.2958494       115.25721
1.250       12.315043       1.2340468       116.76420
1.250       12.566371       1.1987156       120.50804
1.250       12.817698       1.1655341       124.34415
1.250       13.069025       1.1144982       126.03154
1.250       13.320353       1.0738508       128.57644
1.250       13.571680       1.0541369       133.49597
1.250       13.823008       1.0070552       134.75074
1.250       14.074335      0.96127687       135.76956
1.250       14.325663      0.94100896       140.15486
1.250       14.576990      0.91988010       144.34610
1.250       14.828317      0.89127109       147.21623
1.250       15.079645      0.86632390       150.49563
1.250       15.330972      0.83687968       152.77151
1.250       15.582300      0.81837831       156.86246
1.250       15.833627      0.78818627       158.50405
1.250       16.084954      0.77249122       162.86333
1.250       16.587609      0.71984034       166.44005
1.250       17.090264      0.69099244       174.73901
1.250       17.592919      0.66123559       182.40644
1.250       18.095574      0.62108170       186.43870
1.250       18.598229      0.59186627       192.88950
1.250       19.100883      0.56572467       199.72652
1.250       19.603538      0.55207103       210.70197
1.250       20.106193      0.52635196       216.73849
1.250       20.608848      0.49526243       219.61742
1.250       21.111503      0.48156006       229.55046
1.250       21.614157      0.45822406       234.40295
1.250       22.116812      0.45482185       249.27526
1.250       22.619467      0.42383815       248.49486
1.250       23.122122      0.41851520       262.09851
1.250       23.624777      0.40283162       269.08962
1.250       24.127432      0.38612670       274.74726
1.250       24.630086      0.36491259       276.22114
1.250       25.132741      0.35159737       282.77138
1.250       25.635396      0.34055210       290.65240
1.250       26.138051      0.33298446       301.24082
1.250       26.640706      0.32618057       312.43921
1.250       27.143361      0.31607774       320.22483
1.250       27.646015      0.30358196       324.97044
1.250       28.148670      0.29613358       334.60433
1.250       28.651325      0.28549980       340.18112
1.250       29.153980      0.27447094       344.55629
1.250       29.656635      0.27048088       357.41471
1.250       30.159289      0.26762677       371.93164
1.250       30.661944      0.25720807       375.62450
1.250       31.164599      0.25073032       384.46937
1.250       31.667254      0.24160977       388.70127
1.250       32.169909      0.23441475       395.37089
1.250       33.175218      0.22431394       414.92336
1.250       34.180528      0.20871035       422.23142
1.250       35.185838      0.20419809       450.63572
1.250       36.191147      0.19883263       477.49076
1.250       37.196457      0.18921901       493.33253
1.250       38.201767      0.17916184       506.01816
1.250       39.207076      0.17130526       523.03932
1.250       40.212386      0.16342908       538.36784
1.250       41.217696      0.15536625       551.16046
1.250       42.223005      0.15545682       592.82632
1.250       43.228315      0.14628427       598.64975
1.250       44.233625      0.14102699       618.34391
1.250       45.238934      0.13220767       620.10325
1.250       46.244244      0.12809090       641.74368
1.250       47.249554      0.12542740       670.27929
1.250       48.254863      0.12198648       694.39282
1.250       49.260173      0.11689184       707.85167
1.250       50.265482      0.11371127       731.61626
1.250       51.270792      0.11033916       753.37294
1.250       52.276102      0.10484647       758.81107
1.250       53.281411      0.10364361       794.21841
1.250       54.286721      0.10181609       825.21573
1.250       55.292031     0.096833025       829.24217
1.250       56.297340     0.095443090       862.73693
1.250       57.302650     0.091452846       871.74929
1.250       58.307960     0.088913271       892.93609
1.250       59.313269     0.087095236       920.70446
1.250       60.318579     0.082781084       920.35351
1.250       61.323889     0.082544642       964.38003
1.250       62.329198     0.080957461       993.12007
1.250       63.334508     0.077360909       995.66451
1.250       64.339818     0.074329523       1002.9311
1.250       66.350437     0.074752495       1106.1839
1.250       68.361056     0.069226471       1120.3888
1.250       70.371675     0.067246702       1187.2302
1.250       72.382295     0.061289847       1177.4862
1.250       74.392914     0.058456448       1219.2630
1.250       76.403533     0.056580400       1278.4290
1.250       78.414153     0.053879730       1316.0701
1.250       80.424772     0.052628898       1386.9604
1.250       82.435391     0.050734666       1439.8464
1.250       84.446011     0.047303508       1443.1153
1.250       86.456630     0.045727504       1497.0719
1.250       88.467249     0.045352927       1590.8277
1.250       90.477868     0.044815078       1681.5954
1.250       92.488488     0.042690616       1711.0619
1.250       94.499107     0.039609383       1693.3684
1.250       96.509726     0.039358136       1792.3303
1.250       98.520346     0.037465527       1815.0136
1.250       100.53096     0.036207244       1863.6540
1.250       102.54158     0.035685855       1949.2450
1.250       104.55220     0.033489229       1938.9874
1.250       106.56282     0.033116998       2030.1979
1.250       108.57344     0.032603386       2113.9942
1.250       110.58406     0.031175600       2135.8104
1.250       112.59468     0.029960449       2166.5673
1.250       114.60530     0.030027361       2289.8210
1.250       116.61592     0.029206821       2346.5406
1.250       118.62654     0.027805606       2351.5174
1.250       120.63716     0.027057014       2406.5418
1.250       122.64778     0.026014659       2431.4618
1.250       124.65840     0.025705888       2522.7108
1.250       126.66902     0.024679482       2541.0750
1.250       128.67964     0.024725715       2669.0000
1.250       132.70087     0.023410055       2771.3670
1.250       136.72211     0.021683623       2807.4911
1.250       140.74335     0.020397458       2880.9118
1.250       144.76459     0.020118318       3092.0674
1.250       148.78583     0.019835970       3309.8507
1.250       152.80707     0.018988504       3432.3481
1.250       156.82831     0.017531777       3425.8594
1.250       160.84954     0.016107133       3395.8462
1.250       164.87078     0.017141377       3891.7690
1.250       168.89202     0.015748837       3843.6705
1.250       172.91326     0.015122257       3960.6984
1.250       176.93450     0.014973249       4201.6887
1.250       180.95574     0.013727312       4120.7174
1.250       184.97698     0.014696071       4712.2087
1.250       188.99821     0.013034229       4457.8835
1.250       193.01945     0.013218752       4815.7502
1.250       197.04069     0.012980358       5030.6567
1.250       201.06193     0.012615085       5194.5744
1.250       205.08317     0.012213576       5337.0731
1.250       209.10441     0.011353466       5258.8196
1.250       213.12565     0.010833244       5312.9522
1.250       217.14688     0.011108738       5762.2990
1.250       221.16812     0.011038414       6049.8492
1.250       225.18936     0.010759106       6224.2931
1.250       229.21060     0.010377041       6330.6439
1.250       233.23184    0.0096526828       6204.1430
1.250       237.25308    0.0097074474       6567.6631
1.250       241.27432    0.0094816910       6746.6679
1.250       245.29555    0.0090867482       6794.3480
1.250       249.31679    0.0091680690       7197.8489
1.250       253.33803    0.0090421027       7448.0206
1.250       257.35927    0.0088858664       7673.4291
1.250       265.40175    0.0081605603       7728.6132
1.250       273.44422    0.0081212228       8411.9745
1.250       281.48670    0.0068122844       7697.2692
1.250       289.52918    0.0075905344       9332.9649
1.250       297.57166    0.0065906871       8797.8314
1.250       305.61413    0.0062649483       9059.5798
1.250       313.65661    0.0070866159       11078.284
1.250       321.69909    0.0061780513       10420.085
1.250       329.74156    0.0054991184       9988.1352
1.250       337.78404    0.0065169573       12724.260
1.250       345.82652    0.0053346813       11177.730
1.250       353.86900    0.0047059530       10564.413
1.250       361.91147    0.0052336234       12568.394
1.250       369.95395    0.0059683438       15309.715
1.250       377.99643    0.0041326840       11307.473
1.250       386.03891    0.0050337280       14670.781
1.250       394.08138    0.0054789276       16987.269
1.250       402.12386    0.0047602593       15681.240
1.250       410.16634    0.0042802435       14963.004
1.250       418.20881    0.0041369792       15329.682
1.250       426.25129    0.0042510452       16678.735
1.250       434.29377    0.0044206685       18344.632
1.250       442.33625    0.0038657393       16949.637
1.250       450.37872    0.0038730512       17924.915
1.250       458.42120    0.0040495906       19764.028
1.250       466.46368    0.0036639403       18839.620
1.250       474.50615    0.0036324896       19660.755
1.250       482.54863    0.0033771564       19224.042
1.250       490.59111    0.0034045773       20365.378
1.250       498.63359    0.0033403534       20980.086
1.250       506.67606    0.0033818972       22285.472
1.250       514.71854    0.0028021869       19358.727
1.000     0.015707963       3521.0969   0.00069136576
1.000     0.031415927       8889.4498     0.013963515
1.000     0.047123890       4521.8576     0.023972346
1.000     0.062831853       3901.6936     0.049030128
1.000     0.078539816       3033.7634     0.074459755
1.000     0.094247780       2327.3781     0.098707596
1.000      0.10995574       1858.1252      0.12514081
1.000      0.12566371       1646.7040      0.16554474
1.000      0.14137167       1273.4769      0.18228398
1.000      0.15707963       1124.7311      0.22084043
1.000      0.17278760       977.62833      0.25549460
1.000      0.18849556       872.42323      0.29600623
1.000      0.20420352       795.88864      0.34333039
1.000      0.21991149       719.67023      0.38774619
1.000      0.23561945       627.58234      0.41588608
1.000      0.25132741       590.78453      0.47513711
1.000      0.26703538       519.61518      0.50125473
1.000      0.28274334       487.76256      0.55854204
1.000      0.29845130       436.57348      0.58796036
1.000      0.31415927       405.74501      0.63734277
1.000      0.32986723       377.64115      0.68670006
1.000      0.34557519       338.79029      0.70831899
1.000      0.36128316       329.60865      0.78743009
1.000      0.37699112       308.72079      0.83797197
1.000      0.39269908       285.03544      0.87447779
1.000      0.40840704       275.09426      0.94936115
1.000      0.42411501       256.58786      0.99164744
1.000      0.43982297       240.68639       1.0374222
1.000      0.45553093       230.52545       1.1039331
1.000      0.47123890       222.21794       1.1780745
1.000      0.48694686       207.29452       1.2125588
1.000      0.50265482       201.09222       1.2938237
1.000      0.51836279       191.84180       1.3536767
1.000      0.53407075       184.50892       1.4239148
1.000      0.54977871       179.71753       1.5129496
1.000      0.56548668       170.73071       1.5640443
1.000      0.58119464       168.27169       1.6735786
1.000      0.59690260       158.78835       1.7108003
1.000      0.61261057       155.38729       1.8098360
1.000      0.62831853       149.73734       1.8816549
1.000      0.64402649       144.06664       1.9495971
1.000      0.65973446       138.61064       2.0163891
1.000      0.67544242       136.08662       2.1244704
1.000      0.69115038       132.33108       2.2133483
1.000      0.70685835       126.94829       2.2714035
1.000      0.72256631       124.31669       2.3759255
1.000      0.73827427       119.76133       2.4414063
1.000      0.75398224       117.33809       2.5479602
1.000      0.76969020       114.74080       2.6505500
1.000      0.78539816       111.93818       2.7473764
1.000      0.80110613       109.07604       2.8409904
1.000      0.81681409       106.21412       2.9323929
1.000      0.83252205       103.00504       3.0110363
1.000      0.84823002       101.62045       3.1418993
1.000      0.86393798       98.061654       3.2034443
1.000      0.87964594       95.653409       3.2983324
1.000      0.89535391       94.169206       3.4242334
1.000      0.91106187       92.929814       3.5601553
1.000      0.92676983       90.556129       3.6517730
1.000      0.94247780       89.026279       3.7757381
1.000      0.95818576       87.161849       3.8845957
1.000      0.97389372       85.961487       4.0226188
1.000      0.98960169       83.842583       4.1163869
1.000       1.0053096       82.109484       4.2263274
1.000       1.0367256       79.262088       4.4743217
1.000       1.0681415       76.652636       4.7324248
1.000       1.0995574       73.304095       4.9368763
1.000       1.1309734       72.440925       5.3089834
1.000       1.1623893       69.009976       5.4908164
1.000       1.1938052       66.390168       5.7223502
1.000       1.2252211       64.666169       6.0254687
1.000       1.2566371       62.387363       6.2718618
1.000       1.2880530       61.051434       6.6094804
1.000       1.3194689       58.429762       6.7998897
1.000       1.3508848       58.732083       7.3350090
1.000       1.3823008       56.214030       7.5218147
1.000       1.4137167       54.613750       7.8173475
1.000       1.4451326       53.433844       8.1697693
1.000       1.4765485       52.348463       8.5372380
1.000       1.5079645       50.297337       8.7375279
1.000       1.5393804       49.715989       9.1876449
1.000       1.5707963       48.061631       9.4368791
1.000       1.6022123       47.572858       9.9126473
1.000       1.6336282       45.593599       10.070100
1.000       1.6650441       45.277702       10.588437
1.000       1.6964600       44.037464       10.892397
1.000       1.7278760       42.934101       11.220451
1.000       1.7592919       41.854713       11.545914
1.000       1.7907078       40.827150       11.876638
1.000       1.8221237       39.688481       12.163774
1.000       1.8535397       38.809426       12.520254
1.000       1.8849556       38.318080       13.001018
1.000       1.9163715       37.521358       13.377900
1.000       1.9477874       36.676366       13.730338
1.000       1.9792034       36.366378       14.283728
1.000       2.0106193       35.828922       14.753448
1.000       2.0734512       33.542401       15.147670
1.000       2.1362830       32.686976       16.144380
1.000       2.1991149       31.197170       16.808509
1.000       2.2619467       30.310593       17.770997
1.000       2.3247786       29.084209       18.512808
1.000       2.3876104       27.956598       19.277246
1.000       2.4504423       26.876412       20.034337
1.000       2.5132741       26.469416       21.287967
1.000       2.5761060       25.149942       21.782033
1.000       2.6389378       24.420534       22.735939
1.000       2.7017697       23.835130       23.814022
1.000       2.7646015       23.101806       24.729415
1.000       2.8274334       21.990018       25.181001
1.000       2.8902652       21.239630       25.979471
1.000       2.9530971       20.996919       27.394224
1.000       3.0159289       20.203083       28.077034
1.000       3.0787608       19.209168       28.399236
1.000       3.1415927       18.813075       29.551509
1.000       3.2044245       17.976037       29.965005
1.000       3.2672564       17.712466       31.296728
1.000       3.3300882       16.822698       31.472637
1.000       3.3929201       16.595384       32.838131
1.000       3.4557519       15.959907       33.367856
1.000       3.5185838       15.865474       35.012813
1.000       3.5814156       15.187312       35.343971
1.000       3.6442475       14.857383       36.428069
1.000       3.7070793       14.219712       36.699207
1.000       3.7699112       13.882596       37.682030
1.000       3.8327430       13.635526       38.892984
1.000       3.8955749       13.224137       39.605206
1.000       3.9584067       12.997368       40.840113
1.000       4.0212386       12.620605       41.574781
1.000       4.1469023       11.924286       43.079837
1.000       4.2725660       11.145942       44.040616
1.000       4.3982297       10.537237       45.418287
1.000       4.5238934       10.018837       46.992081
1.000       4.6495571       9.7455539       49.626261
1.000       4.7752208       9.2323995       50.929010
1.000       4.9008845       8.9706942       53.495805
1.000       5.0265482       8.2167083       52.866151
1.000       5.1522120       7.9742496       55.251140
1.000       5.2778757       7.7802798       57.948599
1.000       5.4035394       7.3215394       58.520445
1.000       5.5292031       6.9285707       59.333714
1.000       5.6548668       6.7322584       61.673440
1.000       5.7805305       6.4257450       62.877727
1.000       5.9061942       6.2085231       64.801002
1.000       6.0318579       5.9811827       66.498313
1.000       6.1575216       5.7975015       68.569181
1.000       6.2831853       5.5049513       69.177258
1.000       6.4088490       5.3752777       71.682193
1.000       6.5345127       5.1783350       73.198137
1.000       6.6601764       4.9606894       74.245391
1.000       6.7858401       4.8271031       76.413080
1.000       6.9115038       4.6465337       77.717176
1.000       7.0371675       4.5407436       80.166129
1.000       7.1628313       4.2975408       80.010029
1.000       7.2884950       4.2105499       82.589083
1.000       7.4141587       4.0656270       83.942793
1.000       7.5398224       3.9660907       86.122425
1.000       7.6654861       3.8358590       87.529004
1.000       7.7911498       3.7022421       88.703290
1.000       7.9168135       3.6055950       90.635522
1.000       8.0424772       3.4856398       91.859120
1.000       8.2938046       3.3199861       95.955070
1.000       8.5451320       3.1287342       98.899764
1.000       8.7964594       2.9405993       101.39810
1.000       9.0477868       2.8327639       106.29375
1.000       9.2991143       2.6294841       107.11877
1.000       9.5504417       2.5337092       111.81431
1.000       9.8017691       2.4443569       116.61335
1.000       10.053096       2.2684594       116.76181
1.000       10.304424       2.1730214       120.44961
1.000       10.555751       2.0877594       124.39936
1.000       10.807079       2.0106488       128.56757
1.000       11.058406       1.9210262       131.60766
1.000       11.309734       1.8313129       134.21156
1.000       11.561061       1.7470795       136.76533
1.000       11.812388       1.7047175       142.34291
1.000       12.063716       1.6444486       146.26279
1.000       12.315043       1.5737333       148.90498
1.000       12.566371       1.5110599       151.90831
1.000       12.817698       1.4671312       156.51981
1.000       13.069025       1.4196821       160.54285
1.000       13.320353       1.3541408       162.13668
1.000       13.571680       1.3198633       167.14757
1.000       13.823008       1.2711456       170.08782
1.000       14.074335       1.2386596       174.94675
1.000       14.325663       1.1961303       178.15290
1.000       14.576990       1.1611005       182.19801
1.000       14.828317       1.1302975       186.69757
1.000       15.079645       1.0953702       190.28498
1.000       15.330972       1.0712129       195.54879
1.000       15.582300       1.0259334       196.64552
1.000       15.833627       1.0002529       201.15058
1.000       16.084954      0.97187398       204.89894
1.000       16.587609      0.91098697       210.63659
1.000       17.090264      0.85567014       216.38291
1.000       17.592919      0.82322394       227.09206
1.000       18.095574      0.80014774       240.19143
1.000       18.598229      0.77134014       251.38012
1.000       19.100883      0.72383099       255.54524
1.000       19.603538      0.68213414       260.34152
1.000       20.106193      0.65339529       269.05174
1.000       20.608848      0.62889360       278.87435
1.000       21.111503      0.60347375       287.66438
1.000       21.614157      0.57736373       295.34845
1.000       22.116812      0.55076788       301.86062
1.000       22.619467      0.53039822       310.97067
1.000       23.122122      0.50927549       318.93787
1.000       23.624777      0.49701826       332.00586
1.000       24.127432      0.48312462       343.76583
1.000       24.630086      0.45942064       347.75915
1.000       25.132741      0.44334342       356.55793
1.000       25.635396      0.43373134       370.17847
1.000       26.138051      0.41337936       373.97162
1.000       26.640706      0.40516374       388.09496
1.000       27.143361      0.39573561       400.92786
1.000       27.646015      0.37840243       405.06228
1.000       28.148670      0.36819896       416.03173
1.000       28.651325      0.35136585       418.66238
1.000       29.153980      0.34757426       436.32632
1.000       29.656635      0.33570392       443.60075
1.000       30.159289      0.32651461       453.77044
1.000       30.661944      0.31512856       460.21111
1.000       31.164599      0.30994742       475.27276
1.000       31.667254      0.30636417       492.87802
1.000       32.169909      0.29059949       490.13373
1.000       33.175218      0.28045073       518.76206
1.000       34.180528      0.26489837       535.90259
1.000       35.185838      0.25383253       560.17178
1.000       36.191147      0.24357280       584.93297
1.000       37.196457      0.23192744       604.68211
1.000       38.201767      0.22403972       632.76962
1.000       39.207076      0.21266421       649.31888
1.000       40.212386      0.20511277       675.68221
1.000       41.217696      0.19250781       682.91984
1.000       42.223005      0.18416133       702.28942
1.000       43.228315      0.18161119       743.22069
1.000       44.233625      0.17388136       762.39648
1.000       45.238934      0.16757947       786.01015
1.000       46.244244      0.16053474       804.28941
1.000       47.249554      0.15592840       833.27549
1.000       48.254863      0.15247201       867.92790
1.000       49.260173      0.14562992       881.87830
1.000       50.265482      0.14048165       903.85637
1.000       51.270792      0.13721110       936.84900
1.000       52.276102      0.13473254       975.10718
1.000       53.281411      0.12642127       968.76303
1.000       54.286721      0.12538641       1016.2523
1.000       55.292031      0.12399814       1061.8742
1.000       56.297340      0.11678462       1055.6490
1.000       57.302650      0.11349189       1081.8304
1.000       58.307960      0.11118709       1116.6271
1.000       59.313269      0.10928745       1155.3036
1.000       60.318579      0.10434946       1160.1490
1.000       61.323889      0.10234205       1195.6758
1.000       62.329198      0.10173979       1248.0607
1.000       63.334508     0.096176106       1237.8233
1.000       64.339818     0.095162390       1284.0297
1.000       66.350437     0.092098299       1362.8662
1.000       68.361056     0.084928838       1374.5221
1.000       70.371675     0.083903480       1481.3030
1.000       72.382295     0.079438257       1526.1492
1.000       74.392914     0.077224071       1610.7111
1.000       76.403533     0.070840422       1600.6329
1.000       78.414153     0.070585338       1724.1225
1.000       80.424772     0.067099851       1768.3219
1.000       82.435391     0.064030732       1817.1879
1.000       84.446011     0.062009795       1891.7684
1.000       86.456630     0.058977161       1930.8522
1.000       88.467249     0.058523408       2052.8038
1.000       90.477868     0.055322778       2075.8756
1.000       92.488488     0.052720312       2113.0572
1.000       94.499107     0.049995682       2137.4003
1.000       96.509726     0.048984542       2230.7072
1.000       98.520346     0.047703306       2310.9818
1.000       100.53096     0.046735606       2405.5683
1.000       102.54158     0.045577887       2489.5710
1.000       104.55220     0.043494026       2518.2535
1.000       106.56282     0.042585083       2610.6275
1.000       108.57344     0.040770083       2643.5205
1.000       110.58406     0.039172750       2683.6874
1.000       112.59468     0.038042405       2751.0080
1.000       114.60530     0.037559840       2864.2314
1.000       116.61592     0.037196930       2988.4836
1.000       118.62654     0.035478325       3000.3985
1.000       120.63716     0.034966755       3110.0609
1.000       122.64778     0.032918276       3076.7087
1.000       124.65840     0.032864461       3225.2351
1.000       126.66902     0.031741926       3268.2459
1.000       128.67964     0.031525868       3403.0379
1.000       132.70087     0.030058944       3558.4865
1.000       136.72211     0.027478509       3557.7851
1.000       140.74335     0.025611472       3617.3328
1.000       144.76459     0.024650877       3788.6951
1.000       148.78583     0.024736862       4127.6186
1.000       152.80707     0.023338664       4218.6799
1.000       156.82831     0.023315981       4556.1425
1.000       160.84954     0.021106470       4449.8500
1.000       164.87078     0.020448181       4642.5441
1.000       168.89202     0.019282604       4706.1238
1.000       172.91326     0.019496925       5106.4759
1.000       176.93450     0.018504159       5192.5079
1.000       180.95574     0.017103955       5134.3311
1.000       184.97698     0.017541050       5624.4346
1.000       188.99821     0.016744294       5726.7760
1.000       193.01945     0.015240024       5552.1239
1.000       197.04069     0.015467321       5994.5023
1.000       201.06193     0.015795888       6504.3490
1.000       205.08317     0.014590169       6375.5938
1.000       209.10441     0.013176753       6103.3493
1.000       213.12565     0.013835150       6785.1782
1.000       217.14688     0.013352040       6925.9397
1.000       221.16812     0.011773936       6452.9682
1.000       225.18936     0.011863657       6863.2913
1.000       229.21060     0.012460007       7601.3836
1.000       233.23184     0.011853701       7618.8202
1.000       237.25308     0.010668464       7217.8480
1.000       241.27432     0.010796570       7682.2657
1.000       245.29555     0.010683196       7988.0450
1.000       249.31679     0.010027660       7872.7140
1.000       253.33803     0.010797917       8894.2924
1.000       257.35927     0.010271170       8869.7145
1.000       265.40175    0.0095071332       9003.9105
1.000       273.44422    0.0082618076       8557.5924
1.000       281.48670    0.0083428789       9426.7035
1.000       289.52918    0.0081552570       10027.321
1.000       297.57166    0.0087766402       11715.835
1.000       305.61413    0.0085919006       12424.525
1.000       313.65661    0.0076944322       12028.464
1.000       321.69909    0.0066312129       11184.401
1.000       329.74156    0.0069982952       12711.114
1.000       337.78404    0.0063529447       12404.027
1.000       345.82652    0.0073190310       15335.528
1.000       353.86900    0.0061025794       13699.706
1.000       361.91147    0.0062930949       15112.684
1.000       369.95395    0.0060583192       15540.515
1.000       377.99643    0.0060205038       16472.753
1.000       386.03891    0.0053177630       15498.600
1.000       394.08138    0.0044865164       13910.325
1.000       402.12386    0.0053884496       17750.623
1.000       410.16634    0.0047646809       16656.514
1.000       418.20881    0.0049092812       18191.467
1.000       426.25129    0.0049439899       19397.464
1.000       434.29377    0.0046053429       19110.983
1.000       442.33625    0.0047412789       20788.509
1.000       450.37872    0.0038753248       17935.437
1.000       458.42120    0.0039446382       19251.808
1.000       466.46368    0.0041419436       21297.466
1.000       474.50615    0.0030744345       16640.296
1.000       482.54863    0.0038454984       21890.020
1.000       490.59111    0.0035476179       21221.013
1.000       498.63359    0.0036193489       22732.400
1.000       506.67606    0.0034599482       22799.799
1.000       514.71854    0.0034477974       23818.885
0.750     0.015707963       4417.2463   0.00086732429
0.750     0.031415927       11163.436     0.017535485
0.750     0.047123890       5662.6911     0.030020403
0.750     0.062831853       4905.0666     0.061638884
0.750     0.078539816       3815.1440     0.093637722
0.750     0.094247780       2927.2502      0.12414907
0.750      0.10995574       2339.1541      0.15753710
0.750      0.12566371       2058.1618      0.20690899
0.750      0.14137167       1610.7198      0.23055652
0.750      0.15707963       1430.7314      0.28092344
0.750      0.17278760       1249.7085      0.32660038
0.750      0.18849556       1105.1807      0.37497899
0.750      0.20420352       1014.9151      0.43781401
0.750      0.21991149       919.44404      0.49538095
0.750      0.23561945       806.01987      0.53413301
0.750      0.25132741       760.30355      0.61147239
0.750      0.26703538       670.05967      0.64638331
0.750      0.28274334       633.09800      0.72496718
0.750      0.29845130       570.36864      0.76815052
0.750      0.31415927       533.35717      0.83779548
0.750      0.32986723       497.70269      0.90501913
0.750      0.34557519       447.89118      0.93641948
0.750      0.36128316       436.14902       1.0419534
0.750      0.37699112       411.62959       1.1173010
0.750      0.39269908       380.75752       1.1681494
0.750      0.40840704       366.63233       1.2652627
0.750      0.42411501       345.12917       1.3338373
0.750      0.43982297       324.40458       1.3982698
0.750      0.45553093       308.87249       1.4791190
0.750      0.47123890       299.63360       1.5884888
0.750      0.48694686       281.13056       1.6444589
0.750      0.50265482       273.55379       1.7600401
0.750      0.51836279       261.13687       1.8426375
0.750      0.53407075       251.69559       1.9424160
0.750      0.54977871       245.11252       2.0634765
0.750      0.56548668       233.44069       2.1385231
0.750      0.58119464       230.85412       2.2960043
0.750      0.59690260       220.44562       2.3751014
0.750      0.61261057       215.84497       2.5140021
0.750      0.62831853       207.85000       2.6119201
0.750      0.64402649       200.84373       2.7179393
0.750      0.65973446       193.74699       2.8184656
0.750      0.67544242       190.63955       2.9761051
0.750      0.69115038       185.76927       3.1071469
0.750      0.70685835       178.75816       3.1984039
0.750      0.72256631       174.89201       3.3425149
0.750      0.73827427       167.83387       3.4213939
0.750      0.75398224       165.37920       3.5911578
0.750      0.76969020       161.80214       3.7376824
0.750      0.78539816       159.14242       3.9059425
0.750      0.80110613       154.63492       4.0276154
0.750      0.81681409       150.05384       4.1427339
0.750      0.83252205       146.30453       4.2767639
0.750      0.84823002       145.50179       4.4986221
0.750      0.86393798       140.17943       4.5793332
0.750      0.87964594       137.12101       4.7282232
0.750      0.89535391       133.48457       4.8538408
0.750      0.91106187       132.49828       5.0760293
0.750      0.92676983       129.95192       5.2404507
0.750      0.94247780       127.45188       5.4054253
0.750      0.95818576       125.82493       5.6077169
0.750      0.97389372       123.53827       5.7810464
0.750      0.98960169       121.71355       5.9757231
0.750       1.0053096       118.84146       6.1169901
0.750       1.0367256       113.42421       6.4027637
0.750       1.0681415       109.92641       6.7867004
0.750       1.0995574       105.54435       7.1081893
0.750       1.1309734       105.51516       7.7328974
0.750       1.1623893       101.03460       8.0388734
0.750       1.1938052       96.963022       8.3575081
0.750       1.2252211       94.999976       8.8519141
0.750       1.2566371       91.267635       9.1752234
0.750       1.2880530       89.604611       9.7006717
0.750       1.3194689       86.006419       10.009183
0.750       1.3508848       84.805809       10.591338
0.750       1.3823008       82.591320       11.051273
0.750       1.4137167       80.261273       11.488503
0.750       1.4451326       78.499479       12.002180
0.750       1.4765485       75.658739       12.338789
0.750       1.5079645       73.647397       12.793842
0.750       1.5393804       72.022577       13.309961
0.750       1.5707963       70.273767       13.798222
0.750       1.6022123       68.941843       14.365254
0.750       1.6336282       66.902875       14.776606
0.750       1.6650441       65.665610       15.356261
0.750       1.6964600       64.652282       15.991346
0.750       1.7278760       62.707116       16.387955
0.750       1.7592919       60.787765       16.768729
0.750       1.7907078       59.913563       17.428885
0.750       1.8221237       58.277999       17.861112
0.750       1.8535397       56.879758       18.349898
0.750       1.8849556       55.882793       18.960585
0.750       1.9163715       54.640715       19.481651
0.750       1.9477874       53.649313       20.084411
0.750       1.9792034       53.178012       20.886882
0.750       2.0106193       51.194780       21.080722
0.750       2.0734512       48.412738       21.863079
0.750       2.1362830       47.317742       23.370641
0.750       2.1991149       45.369541       24.444344
0.750       2.2619467       43.461591       25.481383
0.750       2.3247786       41.821801       26.620595
0.750       2.3876104       40.357735       27.828349
0.750       2.4504423       38.589107       28.765267
0.750       2.5132741       37.336077       30.027455
0.750       2.5761060       35.679667       30.901690
0.750       2.6389378       35.009853       32.594778
0.750       2.7017697       34.015688       33.985564
0.750       2.7646015       31.688498       33.921070
0.750       2.8274334       31.546059       36.123724
0.750       2.8902652       30.102109       36.819704
0.750       2.9530971       29.980704       39.115174
0.750       3.0159289       28.163723       39.140253
0.750       3.0787608       27.058501       40.003855
0.750       3.1415927       26.459202       41.562017
0.750       3.2044245       25.368885       42.288451
0.750       3.2672564       24.367325       43.055412
0.750       3.3300882       23.769580       44.469166
0.750       3.3929201       23.115083       45.738994
0.750       3.4557519       22.617425       47.286927
0.750       3.5185838       21.831747       48.179516
0.750       3.5814156       20.902462       48.644291
0.750       3.6442475       20.476659       50.205691
0.750       3.7070793       19.743357       50.955011
0.750       3.7699112       19.236635       52.214692
0.750       3.8327430       18.644556       53.180378
0.750       3.8955749       18.053208       54.067877
0.750       3.9584067       17.669298       55.520173
0.750       4.0212386       17.060628       56.201099
0.750       4.1469023       16.305099       58.906758
0.750       4.2725660       15.374463       60.748640
0.750       4.3982297       14.773400       63.677270
0.750       4.5238934       13.739909       64.445294
0.750       4.6495571       13.328405       67.870838
0.750       4.7752208       12.745033       70.305872
0.750       4.9008845       11.992089       71.513579
0.750       5.0265482       11.506729       74.034087
0.750       5.1522120       10.841688       75.118742
0.750       5.2778757       10.368015       77.222408
0.750       5.4035394       9.8079690       78.394266
0.750       5.5292031       9.4664694       81.067339
0.750       5.6548668       9.1039332       83.400078
0.750       5.7805305       8.6925040       85.058603
0.750       5.9061942       8.3546269       87.200803
0.750       6.0318579       7.9786742       88.706266
0.750       6.1575216       7.7065917       91.148692
0.750       6.2831853       7.4823082       94.025458
0.750       6.4088490       7.1110898       94.830172
0.750       6.5345127       6.9213981       97.837131
0.750       6.6601764       6.6536775       99.583917
0.750       6.7858401       6.4572090       102.21767
0.750       6.9115038       6.1762497       103.30296
0.750       7.0371675       5.9295834       104.68588
0.750       7.1628313       5.8206698       108.36708
0.750       7.2884950       5.6601139       111.02199
0.750       7.4141587       5.4228018       111.96431
0.750       7.5398224       5.2800019       114.65360
0.750       7.6654861       5.0915696       116.18259
0.750       7.7911498       4.9422798       118.41378
0.750       7.9168135       4.7838983       120.25508
0.750       8.0424772       4.6646347       122.92987
0.750       8.2938046       4.2860493       123.87647
0.750       8.5451320       4.1035070       129.71248
0.750       8.7964594       3.8308171       132.09470
0.750       9.0477868       3.6753073       137.90849
0.750       9.2991143       3.4990084       142.54107
0.750       9.5504417       3.2915766       145.25952
0.750       9.8017691       3.1317509       149.40698
0.750       10.053096       3.0266826       155.78897
0.750       10.304424       2.8882383       160.09377
0.750       10.555751       2.7850081       165.94500
0.750       10.807079       2.6552487       169.78543
0.750       11.058406       2.4987157       171.18461
0.750       11.309734       2.4107060       176.67359
0.750       11.561061       2.3091078       180.76217
0.750       11.812388       2.2789878       190.29414
0.750       12.063716       2.1559378       191.75636
0.750       12.315043       2.0826728       197.06029
0.750       12.566371       2.0169817       202.76912
0.750       12.817698       1.9252681       205.39581
0.750       13.069025       1.8493235       209.12828
0.750       13.320353       1.7847488       213.69509
0.750       13.571680       1.7190135       217.69598
0.750       13.823008       1.6777573       224.49519
0.750       14.074335       1.6103955       227.45027
0.750       14.325663       1.5756248       234.67521
0.750       14.576990       1.5075502       236.56233
0.750       14.828317       1.4670597       242.32246
0.750       15.079645       1.4283228       248.12467
0.750       15.330972       1.3743813       250.89186
0.750       15.582300       1.3427274       257.36694
0.750       15.833627       1.2984456       261.11705
0.750       16.084954       1.2668820       267.09511
0.750       16.587609       1.2176498       281.54256
0.750       17.090264       1.1317490       286.19806
0.750       17.592919       1.0624701       293.08978
0.750       18.095574       1.0355810       310.86468
0.750       18.598229      0.96828890       315.56582
0.750       19.100883      0.92091451       325.12467
0.750       19.603538      0.87560391       334.18068
0.750       20.106193      0.84051984       346.10492
0.750       20.608848      0.80283393       356.00583
0.750       21.111503      0.76681079       365.52401
0.750       21.614157      0.72962404       373.23669
0.750       22.116812      0.71640023       392.63912
0.750       22.619467      0.68002329       398.69533
0.750       23.122122      0.64553620       404.27224
0.750       23.624777      0.62841358       419.77731
0.750       24.127432      0.60854407       433.00766
0.750       24.630086      0.58490681       442.74610
0.750       25.132741      0.56086131       451.07143
0.750       25.635396      0.55082277       470.11298
0.750       26.138051      0.52710258       476.85352
0.750       26.640706      0.50735145       485.97770
0.750       27.143361      0.49667208       503.18867
0.750       27.646015      0.47764711       511.29912
0.750       28.148670      0.46761055       528.35790
0.750       28.651325      0.44984747       536.00603
0.750       29.153980      0.44331020       556.50815
0.750       29.656635      0.43150562       570.19357
0.750       30.159289      0.41740721       580.08752
0.750       30.661944      0.40313390       588.73337
0.750       31.164599      0.39007932       598.14685
0.750       31.667254      0.37845586       608.85897
0.750       32.169909      0.37784094       637.27776
0.750       33.175218      0.35604865       658.59886
0.750       34.180528      0.32459054       656.66281
0.750       35.185838      0.32466159       716.48130
0.750       36.191147      0.30540203       733.41406
0.750       37.196457      0.28616725       746.09635
0.750       38.201767      0.28068864       792.76677
0.750       39.207076      0.27536161       840.75029
0.750       40.212386      0.26090825       859.48360
0.750       41.217696      0.25005261       887.05953
0.750       42.223005      0.23524451       897.09242
0.750       43.228315      0.22445870       918.56865
0.750       44.233625      0.21621460       948.00987
0.750       45.238934      0.20968896       983.51937
0.750       46.244244      0.20690072       1036.5860
0.750       47.249554      0.20031751       1070.4892
0.750       48.254863      0.19355676       1101.7977
0.750       49.260173      0.18661440       1130.0644
0.750       50.265482      0.17837218       1147.6434
0.750       51.270792      0.17422631       1189.5812
0.750       52.276102      0.16984668       1229.2406
0.750       53.281411      0.16214220       1242.4916
0.750       54.286721      0.15834878       1283.4111
0.750       55.292031      0.15256433       1306.5044
0.750       56.297340      0.15099144       1364.8540
0.750       57.302650      0.14492481       1381.4562
0.750       58.307960      0.14188848       1424.9542
0.750       59.313269      0.14071282       1487.5086
0.750       60.318579      0.13600404       1512.0821
0.750       61.323889      0.13351369       1559.8582
0.750       62.329198      0.12701787       1558.1516
0.750       63.334508      0.12548065       1614.9840
0.750       64.339818      0.12256268       1653.7429
0.750       66.350437      0.11342113       1678.4004
0.750       68.361056      0.11083515       1793.8002
0.750       70.371675      0.10853892       1916.2379
0.750       72.382295      0.10164262       1952.7343
0.750       74.392914     0.098105407       2046.2463
0.750       76.403533     0.093158876       2104.9163
0.750       78.414153     0.087350607       2133.6321
0.750       80.424772     0.085676174       2257.8747
0.750       82.435391     0.081973462       2326.4014
0.750       84.446011     0.078693233       2400.7396
0.750       86.456630     0.077830811       2548.1015
0.750       88.467249     0.075474032       2647.3745
0.750       90.477868     0.070178627       2633.3113
0.750       92.488488     0.067964999       2724.0722
0.750       94.499107     0.066594877       2847.0441
0.750       96.509726     0.064183621       2922.8580
0.750       98.520346     0.063851721       3093.2901
0.750       100.53096     0.061319753       3156.2414
0.750       102.54158     0.058252733       3181.9008
0.750       104.55220     0.056107026       3248.5315
0.750       106.56282     0.054851986       3362.6353
0.750       108.57344     0.054013568       3502.2242
0.750       110.58406     0.051968207       3560.2918
0.750       112.59468     0.049275862       3563.3470
0.750       114.60530     0.048533451       3701.0550
0.750       116.61592     0.046796754       3759.7547
0.750       118.62654     0.046924982       3968.4412
0.750       120.63716     0.045235735       4023.4184
0.750       122.64778     0.043247960       4042.1733
0.750       124.65840     0.042819307       4202.1785
0.750       126.66902     0.041604721       4283.7494
0.750       128.67964     0.040513080       4373.1561
0.750       132.70087     0.039660085       4695.1043
0.750       136.72211     0.036250523       4693.5431
0.750       140.74335     0.035184180       4969.3702
0.750       144.76459     0.034160289       5250.2360
0.750       148.78583     0.031839657       5312.7984
0.750       152.80707     0.028729976       5193.2095
0.750       156.82831     0.030058736       5873.7346
0.750       160.84954     0.027644903       5828.3395
0.750       164.87078     0.026587308       6036.3681
0.750       168.89202     0.026054756       6358.9391
0.750       172.91326     0.023988594       6282.8970
0.750       176.93450     0.023481836       6589.3089
0.750       180.95574     0.022458167       6741.5791
0.750       184.97698     0.022226562       7126.8164
0.750       188.99821     0.021476605       7345.2906
0.750       193.01945     0.020293417       7393.1357
0.750       197.04069     0.020578028       7975.2034
0.750       201.06193     0.018111115       7457.7014
0.750       205.08317     0.017951631       7844.4814
0.750       209.10441     0.018618674       8623.9963
0.750       213.12565     0.017376845       8522.1334
0.750       217.14688     0.016871410       8751.4990
0.750       221.16812     0.016145118       8848.6918
0.750       225.18936     0.015791351       9135.5173
0.750       229.21060     0.015456047       9429.1549
0.750       233.23184     0.014731383       9468.4153
0.750       237.25308     0.014770713       9993.2623
0.750       241.27432     0.014043666       9992.7270
0.750       245.29555     0.013681816       10230.174
0.750       249.31679     0.013605728       10681.854
0.750       253.33803     0.012906914       10631.483
0.750       257.35927     0.012539739       10828.747
0.750       265.40175     0.011048881       10464.052
0.750       273.44422     0.011015785       11410.167
0.750       281.48670     0.010356445       11701.852
0.750       289.52918    0.0098841361       12153.070
0.750       297.57166    0.0093927017       12538.208
0.750       305.61413    0.0087611120       12669.218
0.750       313.65661    0.0096002817       15007.819
0.750       321.69909    0.0098165028       16556.805
0.750       329.74156    0.0086004951       15621.215
0.750       337.78404    0.0078433725       15314.065
0.750       345.82652    0.0072688925       15230.473
0.750       353.86900    0.0075143183       16868.924
0.750       361.91147    0.0065053861       15622.495
0.750       369.95395    0.0064968972       16665.535
0.750       377.99643    0.0060863807       16652.999
0.750       386.03891    0.0063130158       18399.260
0.750       394.08138    0.0061760651       19148.726
0.750       402.12386    0.0060167706       19820.438
0.750       410.16634    0.0058923118       20598.520
0.750       418.20881    0.0056763983       21034.038
0.750       426.25129    0.0053615373       21035.688
0.750       434.29377    0.0062816204       26067.101
0.750       442.33625    0.0045921832       20134.787
0.750       450.37872    0.0049968023       23125.760
0.750       458.42120    0.0044898549       21912.738
0.750       466.46368    0.0045794463       23547.062
0.750       474.50615    0.0045265783       24499.987
0.750       482.54863    0.0044652139       25417.674
0.750       490.59111    0.0043104717       25784.225
0.750       498.63359    0.0047718803       29971.217
0.750       506.67606    0.0040279573       26542.772
0.750       514.71854    0.0036794246       25419.067
0.500     0.015707963       5637.4673    0.0011069141
0.500     0.031415927       14262.021     0.022402730
0.500     0.047123890       7210.8802     0.038228031
0.500     0.062831853       6273.8165     0.078839103
0.500     0.078539816       4882.7527      0.11984078
0.500     0.094247780       3746.8078      0.15890774
0.500      0.10995574       3000.0969      0.20205021
0.500      0.12566371       2616.4236      0.26303159
0.500      0.14137167       2076.8262      0.29727444
0.500      0.15707963       1857.8061      0.36477937
0.500      0.17278760       1632.7703      0.42671021
0.500      0.18849556       1428.1464      0.48455866
0.500      0.20420352       1323.9455      0.57112355
0.500      0.21991149       1199.8478      0.64645776
0.500      0.23561945       1059.8175      0.70231954
0.500      0.25132741       1000.8170      0.80490481
0.500      0.26703538       885.95959      0.85465446
0.500      0.28274334       840.78758      0.96279470
0.500      0.29845130       764.70257       1.0298720
0.500      0.31415927       718.82726       1.1291312
0.500      0.32986723       672.72333       1.2232755
0.500      0.34557519       611.09841       1.2776417
0.500      0.36128316       593.12980       1.4169781
0.500      0.37699112       563.59794       1.5297942
0.500      0.39269908       525.30021       1.6116009
0.500      0.40840704       502.67331       1.7347455
0.500      0.42411501       479.12920       1.8517136
0.500      0.43982297       453.25241       1.9536381
0.500      0.45553093       426.57146       2.0427521
0.500      0.47123890       417.74881       2.2146693
0.500      0.48694686       392.73138       2.2972622
0.500      0.50265482       383.94520       2.4702964
0.500      0.51836279       367.62931       2.5940709
0.500      0.53407075       354.41870       2.7351634
0.500      0.54977871       342.96485       2.8872450
0.500      0.56548668       329.08495       3.0147091
0.500      0.58119464       326.90069       3.2512540
0.500      0.59690260       314.12999       3.3844655
0.500      0.61261057       308.82300       3.5969413
0.500      0.62831853       296.93801       3.7314330
0.500      0.64402649       287.91463       3.8962354
0.500      0.65973446       279.52460       4.0662848
0.500      0.67544242       274.59897       4.2868093
0.500      0.69115038       267.92317       4.4812399
0.500      0.70685835       259.72219       4.6470408
0.500      0.72256631       251.85153       4.8133560
0.500      0.73827427       242.08226       4.9349917
0.500      0.75398224       239.31908       5.1967392
0.500      0.76969020       233.88024       5.4027100
0.500      0.78539816       232.70578       5.7114592
0.500      0.80110613       225.26203       5.8671664
0.500      0.81681409       217.99331       6.0184283
0.500      0.83252205       213.58403       6.2434736
0.500      0.84823002       212.73298       6.5772748
0.500      0.86393798       205.77178       6.7220815
0.500      0.87964594       201.19641       6.9376788
0.500      0.89535391       195.21046       7.0983520
0.500      0.91106187       193.93187       7.4295592
0.500      0.92676983       190.88189       7.6975170
0.500      0.94247780       186.64497       7.9158934
0.500      0.95818576       185.01155       8.2455236
0.500      0.97389372       181.21745       8.4801781
0.500      0.98960169       178.64916       8.7710686
0.500       1.0053096       175.63882       9.0404559
0.500       1.0367256       166.93395       9.4233728
0.500       1.0681415       161.98838       10.000932
0.500       1.0995574       155.79925       10.492751
0.500       1.1309734       155.75730       11.414997
0.500       1.1623893       150.83148       12.000989
0.500       1.1938052       144.08930       12.419451
0.500       1.2252211       140.50114       13.091625
0.500       1.2566371       135.26258       13.598078
0.500       1.2880530       133.12198       14.411899
0.500       1.3194689       128.31139       14.932515
0.500       1.3508848       125.50901       15.674732
0.500       1.3823008       122.64894       16.411251
0.500       1.4137167       119.49265       17.104037
0.500       1.4451326       115.81416       17.707410
0.500       1.4765485       110.90576       18.087043
0.500       1.5079645       108.55891       18.858583
0.500       1.5393804       106.60452       19.700794
0.500       1.5707963       104.74584       20.566798
0.500       1.6022123       101.95611       21.244361
0.500       1.6336282       98.060794       21.658347
0.500       1.6650441       96.335558       22.528595
0.500       1.6964600       94.431353       23.357017
0.500       1.7278760       91.762082       23.981216
0.500       1.7592919       88.939622       24.534615
0.500       1.7907078       87.774276       25.533579
0.500       1.8221237       85.263951       26.131799
0.500       1.8535397       83.471718       26.928692
0.500       1.8849556       81.593142       27.683901
0.500       1.9163715       80.099905       28.558894
0.500       1.9477874       77.788599       29.121309
0.500       1.9792034       78.030783       30.648378
0.500       2.0106193       74.589222       30.713964
0.500       2.0734512       71.033928       32.078756
0.500       2.1362830       68.357419       33.762319
0.500       2.1991149       65.906317       35.509212
0.500       2.2619467       63.031651       36.955242
0.500       2.3247786       60.528181       38.527662
0.500       2.3876104       59.179163       40.806512
0.500       2.4504423       54.772701       40.828915
0.500       2.5132741       54.388101       43.741506
0.500       2.5761060       51.839030       44.897101
0.500       2.6389378       49.579364       46.159244
0.500       2.7017697       48.495152       48.452206
0.500       2.7646015       45.337087       48.531253
0.500       2.8274334       45.498750       52.101098
0.500       2.8902652       43.018442       52.618449
0.500       2.9530971       41.566759       54.231248
0.500       3.0159289       39.511719       54.911018
0.500       3.0787608       38.867701       57.462823
0.500       3.1415927       37.217548       58.461188
0.500       3.2044245       36.628273       61.057193
0.500       3.2672564       35.045500       61.923023
0.500       3.3300882       33.517445       62.705897
0.500       3.3929201       32.736293       64.776971
0.500       3.4557519       31.898939       66.692065
0.500       3.5185838       30.392155       67.071101
0.500       3.5814156       29.613668       68.917043
0.500       3.6442475       28.900676       70.860114
0.500       3.7070793       27.865392       71.916917
0.500       3.7699112       27.161571       73.725630
0.500       3.8327430       26.107394       74.466836
0.500       3.8955749       25.668318       76.874508
0.500       3.9584067       24.868557       78.141565
0.500       4.0212386       24.252215       79.891614
0.500       4.1469023       22.860387       82.589577
0.500       4.2725660       21.692245       85.711895
0.500       4.3982297       20.398275       87.921971
0.500       4.5238934       19.546016       91.678098
0.500       4.6495571       18.296891       93.171338
0.500       4.7752208       17.089312       94.270372
0.500       4.9008845       16.328198       97.371518
0.500       5.0265482       15.833702       101.87375
0.500       5.1522120       15.041502       104.21797
0.500       5.2778757       14.441850       107.56489
0.500       5.4035394       13.684275       109.37725
0.500       5.5292031       13.363938       114.44381
0.500       5.6548668       12.820755       117.44945
0.500       5.7805305       12.192265       119.30475
0.500       5.9061942       11.837796       123.55612
0.500       6.0318579       11.116649       123.59402
0.500       6.1575216       10.680069       126.31710
0.500       6.2831853       10.301689       129.45485
0.500       6.4088490       9.9238806       132.34024
0.500       6.5345127       9.6962326       137.06069
0.500       6.6601764       9.3516544       139.96386
0.500       6.7858401       8.8553043       140.17954
0.500       6.9115038       8.6020528       143.87655
0.500       7.0371675       8.3361371       147.17322
0.500       7.1628313       8.0705866       150.25520
0.500       7.2884950       7.7585381       152.18216
0.500       7.4141587       7.5301338       155.47429
0.500       7.5398224       7.2893908       158.28685
0.500       7.6654861       6.9698583       159.04254
0.500       7.7911498       6.8877282       165.02545
0.500       7.9168135       6.6980149       168.37112
0.500       8.0424772       6.4475889       169.91711
0.500       8.2938046       6.0926098       176.09013
0.500       8.5451320       5.7324547       181.20377
0.500       8.7964594       5.2429667       180.78861
0.500       9.0477868       5.0051345       187.80757
0.500       9.2991143       4.7934247       195.27243
0.500       9.5504417       4.5775922       202.01226
0.500       9.8017691       4.4762151       213.54756
0.500       10.053096       4.1829765       215.30556
0.500       10.304424       3.9589121       219.44074
0.500       10.555751       3.7575541       223.89425
0.500       10.807079       3.6300812       232.11946
0.500       11.058406       3.4540549       236.63398
0.500       11.309734       3.3534297       245.76305
0.500       11.561061       3.1904961       249.75923
0.500       11.812388       3.0565096       255.21675
0.500       12.063716       2.9698131       264.14517
0.500       12.315043       2.7954232       264.49998
0.500       12.566371       2.7535796       276.82002
0.500       12.817698       2.6312870       280.71692
0.500       13.069025       2.5145734       284.35717
0.500       13.320353       2.4268922       290.58148
0.500       13.571680       2.3332044       295.47715
0.500       13.823008       2.2770745       304.68786
0.500       14.074335       2.1740916       307.06602
0.500       14.325663       2.1300368       317.24992
0.500       14.576990       2.0208995       317.11628
0.500       14.828317       1.9907116       328.81697
0.500       15.079645       1.9040438       330.76575
0.500       15.330972       1.8687652       341.14113
0.500       15.582300       1.8136060       347.62247
0.500       15.833627       1.7499023       351.90489
0.500       16.084954       1.7120478       360.94883
0.500       16.587609       1.5942137       368.61090
0.500       17.090264       1.5093292       381.68100
0.500       17.592919       1.4329841       395.29866
0.500       18.095574       1.3606070       408.43225
0.500       18.598229       1.2735841       415.06166
0.500       19.100883       1.2342855       435.75886
0.500       19.603538       1.1511391       439.34071
0.500       20.106193       1.1198590       461.12974
0.500       20.608848       1.0661309       472.76133
0.500       21.111503       1.0244140       488.31853
0.500       21.614157      0.97746298       500.01785
0.500       22.116812      0.93672489       513.39297
0.500       22.619467      0.90328810       529.59473
0.500       23.122122      0.85973659       538.41696
0.500       23.624777      0.82097064       548.40452
0.500       24.127432      0.80726757       574.40874
0.500       24.630086      0.76916558       582.22105
0.500       25.132741      0.74556139       599.61605
0.500       25.635396      0.71304780       608.56784
0.500       26.138051      0.70003200       633.29746
0.500       26.640706      0.67634978       647.85645
0.500       27.143361      0.65891900       667.56435
0.500       27.646015      0.62924026       673.57257
0.500       28.148670      0.61572928       695.71876
0.500       28.651325      0.59669142       710.97476
0.500       29.153980      0.57697835       724.30807
0.500       29.656635      0.56221521       742.91385
0.500       30.159289      0.53502513       743.54585
0.500       30.661944      0.52388461       765.07669
0.500       31.164599      0.51029232       782.48123
0.500       31.667254      0.49918921       803.09451
0.500       32.169909      0.49177229       829.43775
0.500       33.175218      0.46291161       856.26797
0.500       34.180528      0.43031996       870.55868
0.500       35.185838      0.41735262       921.03702
0.500       36.191147      0.39386090       945.84547
0.500       37.196457      0.38205410       996.09290
0.500       38.201767      0.35906517       1014.1306
0.500       39.207076      0.35051160       1070.2027
0.500       40.212386      0.33340605       1098.3058
0.500       41.217696      0.32714690       1160.5509
0.500       42.223005      0.30657109       1169.0925
0.500       43.228315      0.30047354       1229.6497
0.500       44.233625      0.29075933       1274.8571
0.500       45.238934      0.27450224       1287.5178
0.500       46.244244      0.26584048       1331.8779
0.500       47.249554      0.25987887       1388.7829
0.500       48.254863      0.24938454       1419.5904
0.500       49.260173      0.24325748       1473.0729
0.500       50.265482      0.23336408       1501.4602
0.500       51.270792      0.22783737       1555.6264
0.500       52.276102      0.22071807       1597.4149
0.500       53.281411      0.21316143       1633.4508
0.500       54.286721      0.20837043       1688.8349
0.500       55.292031      0.20002904       1712.9746
0.500       56.297340      0.19491281       1761.8717
0.500       57.302650      0.19179011       1828.1869
0.500       58.307960      0.18686227       1876.6160
0.500       59.313269      0.18131117       1916.6835
0.500       60.318579      0.17552835       1951.5103
0.500       61.323889      0.17347853       2026.7727
0.500       62.329198      0.16690887       2047.5018
0.500       63.334508      0.16487417       2121.9936
0.500       64.339818      0.15904745       2146.0332
0.500       66.350437      0.15653961       2316.4657
0.500       68.361056      0.14334697       2319.9844
0.500       70.371675      0.13467520       2377.6699
0.500       72.382295      0.13402852       2574.9246
0.500       74.392914      0.12755181       2660.4285
0.500       76.403533      0.12221869       2761.5201
0.500       78.414153      0.11670609       2850.6714
0.500       80.424772      0.11424614       3010.7959
0.500       82.435391      0.10820913       3070.9679
0.500       84.446011      0.10683669       3259.3281
0.500       86.456630     0.099189693       3247.3695
0.500       88.467249     0.095060075       3334.3868
0.500       90.477868     0.093646387       3513.8917
0.500       92.488488     0.090506088       3627.5306
0.500       94.499107     0.088076126       3765.4040
0.500       96.509726     0.085984135       3915.6317
0.500       98.520346     0.083174738       4029.3917
0.500       100.53096     0.079898996       4112.5494
0.500       102.54158     0.078720779       4299.9134
0.500       104.55220     0.075861306       4392.2813
0.500       106.56282     0.073156480       4484.7703
0.500       108.57344     0.071744187       4651.8724
0.500       110.58406     0.070118105       4803.7239
0.500       112.59468     0.066411678       4802.5106
0.500       114.60530     0.065619139       5003.9722
0.500       116.61592     0.064407203       5174.6171
0.500       118.62654     0.061332515       5186.8849
0.500       120.63716     0.060577557       5387.9717
0.500       122.64778     0.059279994       5540.6084
0.500       124.65840     0.058432389       5734.4069
0.500       126.66902     0.055782462       5743.5330
0.500       128.67964     0.055953031       6039.8108
0.500       132.70087     0.052428793       6206.7102
0.500       136.72211     0.048861941       6326.4088
0.500       140.74335     0.047061110       6646.8531
0.500       144.76459     0.045417711       6980.4357
0.500       148.78583     0.044512087       7427.3333
0.500       152.80707     0.041961105       7584.8586
0.500       156.82831     0.039486344       7715.9701
0.500       160.84954     0.037879561       7986.0990
0.500       164.87078     0.035696070       8104.4168
0.500       168.89202     0.035359751       8629.9217
0.500       172.91326     0.034141876       8942.1619
0.500       176.93450     0.032336771       9074.1190
0.500       180.95574     0.031512605       9459.5752
0.500       184.97698     0.031025526       9948.1525
0.500       188.99821     0.028992086       9915.6873
0.500       193.01945     0.028008753       10203.925
0.500       197.04069     0.028076831       10881.433
0.500       201.06193     0.027024505       11128.011
0.500       205.08317     0.025194576       11009.494
0.500       209.10441     0.025713675       11910.335
0.500       213.12565     0.024403181       11968.062
0.500       217.14688     0.022727032       11788.914
0.500       221.16812     0.022090874       12107.396
0.500       225.18936     0.022037098       12748.769
0.500       229.21060     0.019968576       12182.080
0.500       233.23184     0.020390065       13105.463
0.500       237.25308     0.019525731       13210.313
0.500       241.27432     0.018522239       13179.442
0.500       245.29555     0.018943316       14164.306
0.500       249.31679     0.018180303       14273.351
0.500       253.33803     0.017747093       14618.360
0.500       257.35927     0.017660599       15250.888
0.500       265.40175     0.015768698       14934.044
0.500       273.44422     0.015246949       15792.812
0.500       281.48670     0.013938633       15749.403
0.500       289.52918     0.013560720       16673.624
0.500       297.57166     0.013222522       17650.591
0.500       305.61413     0.012359400       17872.609
0.500       313.65661     0.011463473       17920.487
0.500       321.69909     0.010845832       18292.902
0.500       329.74156     0.010189190       18506.787
0.500       337.78404     0.010300500       20111.568
0.500       345.82652    0.0099741209       20898.724
0.500       353.86900    0.0093090672       20897.964
0.500       361.91147    0.0091104839       21878.561
0.500       369.95395    0.0084680679       21721.890
0.500       377.99643    0.0082109749       22466.120
0.500       386.03891    0.0082179245       23951.109
0.500       394.08138    0.0078650236       24385.297
0.500       402.12386    0.0077391978       25494.455
0.500       410.16634    0.0073450753       25677.134
0.500       418.20881    0.0074166037       27482.414
0.500       426.25129    0.0065447146       25677.817
0.500       434.29377    0.0061622786       25571.864
0.500       442.33625    0.0065277516       28621.439
0.500       450.37872    0.0063630438       29448.879
0.500       458.42120    0.0061268678       29902.180
0.500       466.46368    0.0060220947       30965.018
0.500       474.50615    0.0054080536       29270.948
0.500       482.54863    0.0055411233       31542.153
0.500       490.59111    0.0050901732       30448.215
0.500       498.63359    0.0052051976       32692.796
0.500       506.67606    0.0049659072       32723.520
0.500       514.71854    0.0047414361       32755.905
0.375     0.015707963       6404.5942    0.0012575391
0.375     0.031415927       16210.414     0.025463258
0.375     0.047123890       8181.1873     0.043372054
0.375     0.062831853       7135.2696     0.089664442
0.375     0.078539816       5555.8003      0.13635985
0.375     0.094247780       4263.4663      0.18082001
0.375      0.10995574       3419.1517      0.23027266
0.375      0.12566371       2966.8672      0.29826202
0.375      0.14137167       2373.8080      0.33978406
0.375      0.15707963       2132.3247      0.41868097
0.375      0.17278760       1880.3860      0.49142241
0.375      0.18849556       1634.8844      0.55470320
0.375      0.20420352       1524.6059      0.65768438
0.375      0.21991149       1380.8583      0.74398318
0.375      0.23561945       1225.7845      0.81230251
0.375      0.25132741       1157.8368      0.93118761
0.375      0.26703538       1028.4845      0.99214327
0.375      0.28274334       977.14969       1.1189444
0.375      0.29845130       894.29289       1.2043992
0.375      0.31415927       841.84213       1.3223625
0.375      0.32986723       789.33911       1.4353288
0.375      0.34557519       722.51407       1.5105818
0.375      0.36128316       698.87876       1.6696108
0.375      0.37699112       665.93240       1.8075643
0.375      0.39269908       624.05070       1.9145636
0.375      0.40840704       595.36401       2.0546247
0.375      0.42411501       571.11568       2.2072182
0.375      0.43982297       543.17339       2.3412213
0.375      0.45553093       507.78697       2.4316745
0.375      0.47123890       500.24717       2.6520291
0.375      0.48694686       469.71631       2.7475817
0.375      0.50265482       460.96185       2.9658201
0.375      0.51836279       442.37361       3.1214826
0.375      0.53407075       426.14739       3.2887167
0.375      0.54977871       410.00209       3.4515971
0.375      0.56548668       395.88232       3.6266320
0.375      0.58119464       394.74954       3.9260579
0.375      0.59690260       379.03580       4.0837666
0.375      0.61261057       374.08115       4.3570198
0.375      0.62831853       360.05004       4.5245223
0.375      0.64402649       349.04003       4.7234214
0.375      0.65973446       340.91962       4.9594070
0.375      0.67544242       333.95999       5.2135039
0.375      0.69115038       325.95745       5.4519118
0.375      0.70685835       317.08106       5.6733258
0.375      0.72256631       306.14301       5.8509681
0.375      0.73827427       295.08121       6.0154070
0.375      0.75398224       291.87733       6.3380252
0.375      0.76969020       284.78797       6.5786952
0.375      0.78539816       284.27112       6.9770630
0.375      0.80110613       275.66527       7.1799673
0.375      0.81681409       267.05483       7.3729343
0.375      0.83252205       262.33661       7.6686056
0.375      0.84823002       260.51575       8.0546218
0.375      0.86393798       252.45432       8.2470906
0.375      0.87964594       246.27509       8.4920876
0.375      0.89535391       240.21322       8.7347676
0.375      0.91106187       238.24385       9.1271580
0.375      0.92676983       234.60025       9.4605066
0.375      0.94247780       229.28692       9.7244024
0.375      0.95818576       226.61100       10.099512
0.375      0.97389372       222.42022       10.408286
0.375      0.98960169       218.80969       10.742815
0.375       1.0053096       215.74494       11.104792
0.375       1.0367256       205.57744       11.604786
0.375       1.0681415       200.15258       12.357136
0.375       1.0995574       194.14540       13.075283
0.375       1.1309734       191.77194       14.054404
0.375       1.1623893       186.29599       14.822743
0.375       1.1938052       176.91868       15.249105
0.375       1.2252211       172.45753       16.069259
0.375       1.2566371       166.86978       16.775580
0.375       1.2880530       164.58418       17.818024
0.375       1.3194689       158.34896       18.428202
0.375       1.3508848       156.21059       19.509031
0.375       1.3823008       152.08401       20.349862
0.375       1.4137167       147.79713       21.155507
0.375       1.4451326       143.17244       21.890354
0.375       1.4765485       138.21562       22.540865
0.375       1.5079645       134.30897       23.331820
0.375       1.5393804       132.24490       24.439204
0.375       1.5707963       130.58209       25.639734
0.375       1.6022123       126.32359       26.321755
0.375       1.6336282       120.76080       26.672018
0.375       1.6650441       120.17458       28.103480
0.375       1.6964600       116.57357       28.833759
0.375       1.7278760       112.82496       29.485814
0.375       1.7592919       110.27410       30.419879
0.375       1.7907078       109.02998       31.716875
0.375       1.8221237       104.55867       32.045269
0.375       1.8535397       103.63827       33.434594
0.375       1.8849556       101.39508       34.402540
0.375       1.9163715       99.019750       35.304593
0.375       1.9477874       95.953724       35.921692
0.375       1.9792034       94.739810       37.211231
0.375       2.0106193       91.851261       37.822038
0.375       2.0734512       88.499322       39.966087
0.375       2.1362830       83.967419       41.472233
0.375       2.1991149       81.234850       43.767968
0.375       2.2619467       76.538714       44.874387
0.375       2.3247786       74.429807       47.376386
0.375       2.3876104       71.240757       49.123486
0.375       2.4504423       67.337491       50.195018
0.375       2.5132741       66.407745       53.408277
0.375       2.5761060       63.386597       54.898297
0.375       2.6389378       60.279957       56.121681
0.375       2.7017697       58.066721       58.015298
0.375       2.7646015       55.163568       59.050047
0.375       2.8274334       54.233399       62.103236
0.375       2.8902652       52.590874       64.327067
0.375       2.9530971       49.818255       64.996796
0.375       3.0159289       47.600825       66.152773
0.375       3.0787608       47.880683       70.787805
0.375       3.1415927       45.214635       71.022982
0.375       3.2044245       44.176436       73.639540
0.375       3.2672564       42.466507       75.035440
0.375       3.3300882       40.869491       76.460424
0.375       3.3929201       39.663648       78.484482
0.375       3.4557519       38.164321       79.791287
0.375       3.5185838       36.707539       81.008243
0.375       3.5814156       35.540551       82.710108
0.375       3.6442475       34.623623       84.891920
0.375       3.7070793       33.459824       86.355410
0.375       3.7699112       32.500658       88.217709
0.375       3.8327430       31.404850       89.576913
0.375       3.8955749       30.411119       91.078807
0.375       3.9584067       29.816260       93.688154
0.375       4.0212386       28.964345       95.414307
0.375       4.1469023       27.311947       98.672091
0.375       4.2725660       25.969607       102.61290
0.375       4.3982297       24.232161       104.44704
0.375       4.5238934       23.287928       109.22906
0.375       4.6495571       21.500664       109.48557
0.375       4.7752208       20.981769       115.74247
0.375       4.9008845       19.831140       118.26095
0.375       5.0265482       19.149039       123.20457
0.375       5.1522120       17.909924       124.09240
0.375       5.2778757       17.310294       128.92946
0.375       5.4035394       16.730812       133.72796
0.375       5.5292031       15.978063       136.83022
0.375       5.6548668       15.132591       138.62791
0.375       5.7805305       14.371753       140.63166
0.375       5.9061942       13.903231       145.11395
0.375       6.0318579       13.332346       148.22796
0.375       6.1575216       12.975397       153.46479
0.375       6.2831853       12.367092       155.40946
0.375       6.4088490       12.030897       160.43842
0.375       6.5345127       11.429581       161.56237
0.375       6.6601764       11.056829       165.48478
0.375       6.7858401       10.623823       168.17521
0.375       6.9115038       10.294119       172.17778
0.375       7.0371675       10.089350       178.12593
0.375       7.1628313       9.7343732       181.23097
0.375       7.2884950       9.3331964       183.06876
0.375       7.4141587       8.9334512       184.44851
0.375       7.5398224       8.7139461       189.22062
0.375       7.6654861       8.4320703       192.40820
0.375       7.7911498       8.0857089       193.72828
0.375       7.9168135       7.9864461       200.75902
0.375       8.0424772       7.6474278       201.53717
0.375       8.2938046       7.3218714       211.61856
0.375       8.5451320       6.8236925       215.69796
0.375       8.7964594       6.4645057       222.90987
0.375       9.0477868       6.1287446       229.96877
0.375       9.2991143       5.9182823       241.09638
0.375       9.5504417       5.5083299       243.08635
0.375       9.8017691       5.1815484       247.19701
0.375       10.053096       5.0298413       258.89526
0.375       10.304424       4.7692280       264.35620
0.375       10.555751       4.5121584       268.85743
0.375       10.807079       4.3128234       275.77626
0.375       11.058406       4.1333167       283.16955
0.375       11.309734       3.9471176       289.27269
0.375       11.561061       3.7479594       293.39872
0.375       11.812388       3.6301644       303.11659
0.375       12.063716       3.5017986       311.46175
0.375       12.315043       3.3965780       321.38061
0.375       12.566371       3.2243350       324.14551
0.375       12.817698       3.0835255       328.96365
0.375       13.069025       2.9579525       334.49611
0.375       13.320353       2.9039970       347.70715
0.375       13.571680       2.7819679       352.30859
0.375       13.823008       2.6691207       357.14627
0.375       14.074335       2.5999418       367.21257
0.375       14.325663       2.4619906       366.69146
0.375       14.576990       2.4086604       377.96308
0.375       14.828317       2.3332539       385.39659
0.375       15.079645       2.2558594       391.88226
0.375       15.330972       2.1974534       401.14282
0.375       15.582300       2.1314074       408.53698
0.375       15.833627       2.0603184       414.32946
0.375       16.084954       1.9841428       418.31428
0.375       16.587609       1.8565743       429.27341
0.375       17.090264       1.8079445       457.19522
0.375       17.592919       1.6591430       457.68617
0.375       18.095574       1.6184943       485.84586
0.375       18.598229       1.5285026       498.13973
0.375       19.100883       1.4361887       507.03987
0.375       19.603538       1.3717000       523.51939
0.375       20.106193       1.3217495       544.26316
0.375       20.608848       1.2450259       552.08988
0.375       21.111503       1.2152381       579.28071
0.375       21.614157       1.1582642       592.50608
0.375       22.116812       1.1078572       607.18585
0.375       22.619467       1.0568011       619.59886
0.375       23.122122       1.0154936       635.96102
0.375       23.624777      0.97903692       653.99205
0.375       24.127432      0.93148955       662.79851
0.375       24.630086      0.91654518       693.78026
0.375       25.132741      0.87350859       702.51729
0.375       25.635396      0.84794971       723.70313
0.375       26.138051      0.81149709       734.13651
0.375       26.640706      0.78278413       749.80692
0.375       27.143361      0.75874439       768.69950
0.375       27.646015      0.73533704       787.14427
0.375       28.148670      0.71947882       812.94641
0.375       28.651325      0.69009488       822.26764
0.375       29.153980      0.66046599       829.11403
0.375       29.656635      0.65261135       862.36373
0.375       30.159289      0.63160363       877.76486
0.375       30.661944      0.62092723       906.79692
0.375       31.164599      0.59710846       915.60491
0.375       31.667254      0.58801288       945.99386
0.375       32.169909      0.56459496       952.26264
0.375       33.175218      0.52565996       972.33636
0.375       34.180528      0.51064176       1033.0537
0.375       35.185838      0.48543444       1071.2838
0.375       36.191147      0.46318476       1112.3247
0.375       37.196457      0.44727505       1166.1372
0.375       38.201767      0.42116558       1189.5247
0.375       39.207076      0.40375219       1232.7600
0.375       40.212386      0.37704066       1242.0468
0.375       41.217696      0.37128911       1317.1450
0.375       42.223005      0.35863127       1367.6213
0.375       43.228315      0.34957977       1430.6107
0.375       44.233625      0.33958320       1488.9292
0.375       45.238934      0.31732853       1488.3891
0.375       46.244244      0.30861453       1546.1787
0.375       47.249554      0.29859114       1595.6598
0.375       48.254863      0.28573092       1626.4876
0.375       49.260173      0.28095609       1701.3611
0.375       50.265482      0.26918913       1731.9579
0.375       51.270792      0.26278432       1794.2369
0.375       52.276102      0.25157631       1820.7469
0.375       53.281411      0.24402074       1869.9249
0.375       54.286721      0.23709973       1921.6848
0.375       55.292031      0.23221887       1988.6364
0.375       56.297340      0.22572447       2040.3870
0.375       57.302650      0.22245934       2120.5329
0.375       58.307960      0.21520870       2161.2929
0.375       59.313269      0.20459318       2162.8032
0.375       60.318579      0.20362305       2263.8648
0.375       61.323889      0.19896754       2324.5643
0.375       62.329198      0.19148647       2348.9997
0.375       63.334508      0.19084943       2456.3052
0.375       64.339818      0.18610447       2511.1146
0.375       66.350437      0.17517783       2592.2731
0.375       68.361056      0.16835643       2724.7475
0.375       70.371675      0.16010781       2826.6788
0.375       72.382295      0.15435405       2965.4140
0.375       74.392914      0.14806393       3088.2628
0.375       76.403533      0.13807264       3119.7387
0.375       78.414153      0.14038413       3429.0327
0.375       80.424772      0.12865420       3390.5000
0.375       82.435391      0.12642377       3587.8981
0.375       84.446011      0.11996742       3659.9150
0.375       86.456630      0.11902654       3896.8077
0.375       88.467249      0.11531612       4044.9006
0.375       90.477868      0.11104135       4166.6024
0.375       92.488488      0.10812196       4333.5837
0.375       94.499107      0.10328073       4415.4268
0.375       96.509726     0.099716829       4541.0049
0.375       98.520346     0.097401424       4718.6020
0.375       100.53096     0.095238324       4902.0931
0.375       102.54158     0.091141060       4978.3383
0.375       104.55220     0.088796201       5141.1966
0.375       106.56282     0.087178678       5344.3844
0.375       108.57344     0.085723292       5558.2736
0.375       110.58406     0.081495133       5583.1532
0.375       112.59468     0.078943219       5708.7196
0.375       114.60530     0.077307415       5895.2947
0.375       116.61592     0.076078818       6112.3404
0.375       118.62654     0.073231046       6193.1425
0.375       120.63716     0.071658264       6373.5270
0.375       122.64778     0.069406652       6487.0971
0.375       124.65840     0.068412425       6713.8224
0.375       126.66902     0.065874462       6782.6362
0.375       128.67964     0.064327368       6943.7728
0.375       132.70087     0.061029329       7224.8727
0.375       136.72211     0.060156528       7788.7776
0.375       140.74335     0.054070833       7636.8978
0.375       144.76459     0.054315339       8347.9490
0.375       148.78583     0.050318718       8396.2338
0.375       152.80707     0.048901244       8839.3531
0.375       156.82831     0.048132365       9405.4767
0.375       160.84954     0.045697898       9634.4291
0.375       164.87078     0.044482141       10099.202
0.375       168.89202     0.041270245       10072.440
0.375       172.91326     0.039913299       10453.766
0.375       176.93450     0.038287138       10743.869
0.375       180.95574     0.039297525       11796.482
0.375       184.97698     0.036049591       11559.090
0.375       188.99821     0.036034289       12324.216
0.375       193.01945     0.034941554       12729.628
0.375       197.04069     0.033240959       12882.839
0.375       201.06193     0.030970679       12752.946
0.375       205.08317     0.030150008       13174.913
0.375       209.10441     0.029137637       13496.282
0.375       213.12565     0.028937818       14191.986
0.375       217.14688     0.026462357       13726.493
0.375       221.16812     0.026807203       14692.285
0.375       225.18936     0.026342865       15239.716
0.375       229.21060     0.025678832       15665.693
0.375       233.23184     0.024079171       15476.591
0.375       237.25308     0.023323591       15779.791
0.375       241.27432     0.022875144       16276.738
0.375       245.29555     0.022563516       16871.203
0.375       249.31679     0.021628341       16980.406
0.375       253.33803     0.021205676       17467.211
0.375       257.35927     0.020234298       17473.417
0.375       265.40175     0.018201433       17238.012
0.375       273.44422     0.018690927       19360.090
0.375       281.48670     0.017172547       19403.435
0.375       289.52918     0.016371925       20130.150
0.375       297.57166     0.016155657       21565.999
0.375       305.61413     0.015694219       22695.005
0.375       313.65661     0.013503431       21109.489
0.375       321.69909     0.014146816       23860.440
0.375       329.74156     0.013053601       23709.461
0.375       337.78404     0.012847734       25085.004
0.375       345.82652     0.012174205       25508.549
0.375       353.86900     0.011180055       25098.151
0.375       361.91147     0.010180303       24447.700
0.375       369.95395     0.010807039       27721.709
0.375       377.99643     0.010618726       29053.990
0.375       386.03891     0.010161903       29616.828
0.375       394.08138     0.010046785       31149.790
0.375       402.12386    0.0089227217       29393.218
0.375       410.16634    0.0087187710       30479.341
0.375       418.20881    0.0084656549       31369.700
0.375       426.25129    0.0081537769       31990.881
0.375       434.29377    0.0078057676       32391.918
0.375       442.33625    0.0072892432       31960.258
0.375       450.37872    0.0074121091       34304.070
0.375       458.42120    0.0075892635       37039.403
0.375       466.46368    0.0069714148       35846.328
0.375       474.50615    0.0064793167       35069.132
0.375       482.54863    0.0066850421       38053.769
0.375       490.59111    0.0061192168       36603.711
0.375       498.63359    0.0059005313       37060.046
0.375       506.67606    0.0055967878       36880.794
0.375       514.71854    0.0053883680       37225.191
0.250     0.015707963       7296.0883    0.0014325836
0.250     0.031415927       18474.636     0.029019890
0.250     0.047123890       9306.1788     0.049336126
0.250     0.062831853       8137.0029      0.10225259
0.250     0.078539816       6339.6330      0.15559800
0.250     0.094247780       4865.2252      0.20634150
0.250      0.10995574       3909.5320      0.26329874
0.250      0.12566371       3374.1305      0.33920459
0.250      0.14137167       2722.7295      0.38972827
0.250      0.15707963       2457.0080      0.48243240
0.250      0.17278760       2174.2326      0.56821665
0.250      0.18849556       1878.8347      0.63747361
0.250      0.20420352       1764.0044      0.76095613
0.250      0.21991149       1595.3936      0.85957116
0.250      0.23561945       1424.6273      0.94407161
0.250      0.25132741       1345.8655       1.0824093
0.250      0.26703538       1200.7498       1.1583217
0.250      0.28274334       1141.3526       1.3069748
0.250      0.29845130       1052.1213       1.4169565
0.250      0.31415927       990.55869       1.5559659
0.250      0.32986723       930.85899       1.6926676
0.250      0.34557519       860.22178       1.7984914
0.250      0.36128316       828.60751       1.9795308
0.250      0.37699112       791.58880       2.1486380
0.250      0.39269908       745.67254       2.2876947
0.250      0.40840704       710.18233       2.4508673
0.250      0.42411501       685.20722       2.6481532
0.250      0.43982297       655.83391       2.8268180
0.250      0.45553093       609.85782       2.9204682
0.250      0.47123890       604.16702       3.2029538
0.250      0.48694686       566.10361       3.3113943
0.250      0.50265482       557.74321       3.5885096
0.250      0.51836279       536.81340       3.7878699
0.250      0.53407075       516.63363       3.9870283
0.250      0.54977871       493.78204       4.1568975
0.250      0.56548668       479.65562       4.3940695
0.250      0.58119464       480.38997       4.7778113
0.250      0.59690260       460.17960       4.9580174
0.250      0.61261057       456.01384       5.3113111
0.250      0.62831853       440.28688       5.5328082
0.250      0.64402649       426.27670       5.7686350
0.250      0.65973446       419.31157       6.0997861
0.250      0.67544242       409.59828       6.3943056
0.250      0.69115038       399.63769       6.6842758
0.250      0.70685835       389.20998       6.9638819
0.250      0.72256631       375.53848       7.1772460
0.250      0.73827427       362.95787       7.3991134
0.250      0.75398224       359.56700       7.8078853
0.250      0.76969020       349.52697       8.0741874
0.250      0.78539816       348.25998       8.5475859
0.250      0.80110613       339.53904       8.8436212
0.250      0.81681409       330.56166       9.1262507
0.250      0.83252205       325.30571       9.5093140
0.250      0.84823002       321.54753       9.9416014
0.250      0.86393798       311.96532       10.191175
0.250      0.87964594       303.51603       10.465876
0.250      0.89535391       298.52525       10.855143
0.250      0.91106187       295.59415       11.324257
0.250      0.92676983       290.10191       11.698671
0.250      0.94247780       283.80823       12.036733
0.250      0.95818576       279.20379       12.443447
0.250      0.97389372       275.43105       12.888959
0.250      0.98960169       270.15262       13.263579
0.250       1.0053096       266.18597       13.701085
0.250       1.0367256       255.51233       14.423596
0.250       1.0681415       248.61795       15.349319
0.250       1.0995574       243.71124       16.413439
0.250       1.1309734       236.58213       17.338412
0.250       1.1623893       230.55006       18.343841
0.250       1.1938052       219.32843       18.904518
0.250       1.2252211       214.44681       19.981740
0.250       1.2566371       207.70194       20.880476
0.250       1.2880530       202.94735       21.971253
0.250       1.3194689       196.87921       22.912243
0.250       1.3508848       194.64609       24.309215
0.250       1.3823008       188.74468       25.255305
0.250       1.4137167       183.91983       26.326066
0.250       1.4451326       177.63536       27.159564
0.250       1.4765485       172.94312       28.204392
0.250       1.5079645       166.61430       28.943821
0.250       1.5393804       163.15091       30.150716
0.250       1.5707963       161.16652       31.644971
0.250       1.6022123       155.87848       32.480041
0.250       1.6336282       150.65346       33.274308
0.250       1.6650441       148.83322       34.805458
0.250       1.6964600       144.88353       35.836054
0.250       1.7278760       138.74395       36.259516
0.250       1.7592919       137.16297       37.837362
0.250       1.7907078       135.73474       39.485302
0.250       1.8221237       129.66729       39.740587
0.250       1.8535397       129.12128       41.655633
0.250       1.8849556       125.52183       42.588553
0.250       1.9163715       121.93828       43.475985
0.250       1.9477874       118.52507       44.371606
0.250       1.9792034       116.16173       45.625180
0.250       2.0106193       114.31303       47.071228
0.250       2.0734512       110.43955       49.874243
0.250       2.1362830       104.67412       51.699452
0.250       2.1991149       98.918014       53.295358
0.250       2.2619467       94.758983       55.556869
0.250       2.3247786       91.655045       58.340670
0.250       2.3876104       86.850654       59.887164
0.250       2.4504423       83.649327       62.354261
0.250       2.5132741       80.679115       64.885995
0.250       2.5761060       77.714186       67.307233
0.250       2.6389378       74.165278       69.049155
0.250       2.7017697       70.706840       70.644224
0.250       2.7646015       69.151364       74.023335
0.250       2.8274334       65.113088       74.561682
0.250       2.8902652       64.532383       78.933446
0.250       2.9530971       61.774767       80.596198
0.250       3.0159289       58.595555       81.432589
0.250       3.0787608       57.470591       84.965725
0.250       3.1415927       55.249229       86.785286
0.250       3.2044245       53.089849       88.497680
0.250       3.2672564       51.594562       91.164095
0.250       3.3300882       49.837719       93.238576
0.250       3.3929201       48.469869       95.909800
0.250       3.4557519       46.197283       96.586042
0.250       3.5185838       45.266687       99.897049
0.250       3.5814156       44.194087       102.84865
0.250       3.6442475       42.610276       104.47399
0.250       3.7070793       41.157531       106.22218
0.250       3.7699112       40.167869       109.02910
0.250       3.8327430       38.536005       109.91730
0.250       3.8955749       37.212048       111.44703
0.250       3.9584067       36.649204       115.15852
0.250       4.0212386       35.683549       117.54870
0.250       4.1469023       33.879039       122.39756
0.250       4.2725660       31.778579       125.56572
0.250       4.3982297       28.994373       124.97343
0.250       4.5238934       28.088350       131.74483
0.250       4.6495571       26.627008       135.58991
0.250       4.7752208       25.349736       139.83764
0.250       4.9008845       24.143436       143.97688
0.250       5.0265482       23.003545       148.00439
0.250       5.1522120       21.999897       152.43057
0.250       5.2778757       21.034139       156.66517
0.250       5.4035394       20.316074       162.38466
0.250       5.5292031       19.417514       166.28440
0.250       5.6548668       18.556176       169.99098
0.250       5.7805305       17.713399       173.33061
0.250       5.9061942       17.221609       179.74928
0.250       6.0318579       16.280474       181.00502
0.250       6.1575216       15.725566       185.99205
0.250       6.2831853       15.071072       189.38868
0.250       6.4088490       14.527555       193.73269
0.250       6.5345127       14.033539       198.37050
0.250       6.6601764       13.237564       198.12329
0.250       6.7858401       12.903932       204.26934
0.250       6.9115038       12.393058       207.28429
0.250       7.0371675       12.172992       214.91230
0.250       7.1628313       11.781326       219.34037
0.250       7.2884950       11.369685       223.01407
0.250       7.4141587       10.927756       225.62483
0.250       7.5398224       10.626157       230.74369
0.250       7.6654861       10.197959       232.70335
0.250       7.7911498       9.9257359       237.81412
0.250       7.9168135       9.6340092       242.17458
0.250       8.0424772       9.2654482       244.17782
0.250       8.2938046       8.6461962       249.89453
0.250       8.5451320       8.1642310       258.07259
0.250       8.7964594       7.7345504       266.70370
0.250       9.0477868       7.5019556       281.49574
0.250       9.2991143       6.9802345       284.35772
0.250       9.5504417       6.7742606       298.95273
0.250       9.8017691       6.3104708       301.05471
0.250       10.053096       6.0162798       309.66908
0.250       10.304424       5.7159013       316.82988
0.250       10.555751       5.4471872       324.57122
0.250       10.807079       5.1932352       332.07272
0.250       11.058406       4.9109258       336.44280
0.250       11.309734       4.7065487       344.92918
0.250       11.561061       4.5719440       357.90209
0.250       11.812388       4.3865499       366.27434
0.250       12.063716       4.2437414       377.45263
0.250       12.315043       4.0183663       380.21356
0.250       12.566371       3.9183278       393.91328
0.250       12.817698       3.7369799       398.67696
0.250       13.069025       3.5861985       405.54047
0.250       13.320353       3.4592071       414.18467
0.250       13.571680       3.3155271       419.87856
0.250       13.823008       3.2013528       428.36250
0.250       14.074335       3.1029547       438.25750
0.250       14.325663       3.0251939       450.57555
0.250       14.576990       2.8975672       454.68156
0.250       14.828317       2.8043541       463.21084
0.250       15.079645       2.7594369       479.36250
0.250       15.330972       2.6476996       483.33479
0.250       15.582300       2.5489678       488.57276
0.250       15.833627       2.4824076       499.21151
0.250       16.084954       2.4083951       507.75884
0.250       16.587609       2.2795051       527.06262
0.250       17.090264       2.1094287       533.43489
0.250       17.592919       2.0580445       567.72592
0.250       18.095574       1.9410316       582.66636
0.250       18.598229       1.8172150       592.23123
0.250       19.100883       1.7263824       609.49143
0.250       19.603538       1.6247434       620.09530
0.250       20.106193       1.5417679       634.86120
0.250       20.608848       1.5028175       666.40405
0.250       21.111503       1.4113386       672.75805
0.250       21.614157       1.3658223       698.68175
0.250       22.116812       1.2902953       707.17514
0.250       22.619467       1.2417386       728.02713
0.250       23.122122       1.2058647       755.18245
0.250       23.624777       1.1571056       772.94107
0.250       24.127432       1.1273998       802.19782
0.250       24.630086       1.0738519       812.85379
0.250       25.132741       1.0374627       834.37701
0.250       25.635396       1.0012473       854.53864
0.250       26.138051      0.95665841       865.45950
0.250       26.640706      0.93462606       895.25205
0.250       27.143361      0.89899519       910.79046
0.250       27.646015      0.85873275       919.23367
0.250       28.148670      0.83849128       947.41980
0.250       28.651325      0.81767651       974.28477
0.250       29.153980      0.78778374       988.94199
0.250       29.656635      0.76331890       1008.6532
0.250       30.159289      0.74049264       1029.0923
0.250       30.661944      0.71504865       1044.2511
0.250       31.164599      0.70560358       1081.9711
0.250       31.667254      0.67652026       1088.3843
0.250       32.169909      0.66582778       1123.0049
0.250       33.175218      0.62945715       1164.3346
0.250       34.180528      0.58717459       1187.8834
0.250       35.185838      0.56448855       1245.7448
0.250       36.191147      0.53379320       1281.8888
0.250       37.196457      0.50936779       1328.0257
0.250       38.201767      0.49025324       1384.6534
0.250       39.207076      0.46241144       1411.8618
0.250       40.212386      0.46272510       1524.3084
0.250       41.217696      0.43716759       1550.8484
0.250       42.223005      0.41975476       1600.7124
0.250       43.228315      0.40390816       1652.9427
0.250       44.233625      0.38912402       1706.1448
0.250       45.238934      0.37421022       1755.1854
0.250       46.244244      0.35809309       1794.0694
0.250       47.249554      0.34749987       1857.0262
0.250       48.254863      0.33553231       1909.9758
0.250       49.260173      0.32238368       1952.2305
0.250       50.265482      0.31726016       2041.2460
0.250       51.270792      0.30576281       2087.6851
0.250       52.276102      0.29576885       2140.5840
0.250       53.281411      0.28501510       2184.0636
0.250       54.286721      0.27914413       2262.4531
0.250       55.292031      0.27176865       2327.3261
0.250       56.297340      0.26776951       2420.4439
0.250       57.302650      0.25536248       2434.1732
0.250       58.307960      0.25123191       2523.0658
0.250       59.313269      0.24089957       2546.6066
0.250       60.318579      0.23600389       2623.8724
0.250       61.323889      0.22941814       2680.3227
0.250       62.329198      0.22412462       2749.3779
0.250       63.334508      0.22315952       2872.1484
0.250       64.339818      0.21110525       2848.4510
0.250       66.350437      0.20431541       3023.4497
0.250       68.361056      0.19549879       3164.0302
0.250       70.371675      0.18756647       3311.4572
0.250       72.382295      0.17657990       3392.4118
0.250       74.392914      0.17094728       3565.5552
0.250       76.403533      0.16511236       3730.6987
0.250       78.414153      0.15442096       3771.8974
0.250       80.424772      0.15577320       4105.1830
0.250       82.435391      0.14950066       4242.8187
0.250       84.446011      0.14194579       4330.4216
0.250       86.456630      0.13749415       4501.4184
0.250       88.467249      0.13443389       4715.4874
0.250       90.477868      0.12970520       4866.9257
0.250       92.488488      0.12498690       5009.5394
0.250       94.499107      0.12159347       5198.3274
0.250       96.509726      0.11792493       5370.1837
0.250       98.520346      0.11359583       5503.1382
0.250       100.53096      0.10977037       5650.0844
0.250       102.54158      0.10819179       5909.6891
0.250       104.55220      0.10582754       6127.2916
0.250       106.56282      0.10017919       6141.3654
0.250       108.57344     0.099497284       6451.3753
0.250       110.58406     0.095888737       6569.2451
0.250       112.59468     0.095078487       6875.5294
0.250       114.60530     0.091103970       6947.3898
0.250       116.61592     0.089483955       7189.3388
0.250       118.62654     0.086677162       7330.2792
0.250       120.63716     0.085036710       7563.4510
0.250       122.64778     0.082558015       7716.2901
0.250       124.65840     0.080269986       7877.4935
0.250       126.66902     0.077665750       7996.7033
0.250       128.67964     0.075599411       8160.5257
0.250       132.70087     0.072521021       8585.3008
0.250       136.72211     0.070404672       9115.6578
0.250       140.74335     0.068337495       9651.9036
0.250       144.76459     0.063723549       9793.9356
0.250       148.78583     0.061479177       10258.480
0.250       152.80707     0.061223684       11066.748
0.250       156.82831     0.058296676       11391.670
0.250       160.84954     0.054014587       11387.826
0.250       164.87078     0.052068671       11821.643
0.250       168.89202     0.050597421       12348.836
0.250       172.91326     0.047972485       12564.562
0.250       176.93450     0.046218401       12969.485
0.250       180.95574     0.046702740       14019.408
0.250       184.97698     0.044070384       14130.910
0.250       188.99821     0.041496644       14192.416
0.250       193.01945     0.040700746       14827.771
0.250       197.04069     0.039629191       15358.657
0.250       201.06193     0.037644242       15500.951
0.250       205.08317     0.037482957       16379.256
0.250       209.10441     0.035614347       16496.234
0.250       213.12565     0.034255601       16799.989
0.250       217.14688     0.033973999       17622.914
0.250       221.16812     0.032514236       17820.152
0.250       225.18936     0.031393094       18161.344
0.250       229.21060     0.030184012       18414.135
0.250       233.23184     0.029839002       19178.651
0.250       237.25308     0.028848407       19517.656
0.250       241.27432     0.028103890       19997.236
0.250       245.29555     0.026857023       20081.547
0.250       249.31679     0.026819914       21056.309
0.250       253.33803     0.025747934       21208.689
0.250       257.35927     0.024159983       20863.460
0.250       265.40175     0.023640760       22389.429
0.250       273.44422     0.022855156       23673.405
0.250       281.48670     0.019956988       22549.603
0.250       289.52918     0.019536436       24021.085
0.250       297.57166     0.018802485       25099.218
0.250       305.61413     0.017900231       25885.062
0.250       313.65661     0.017290256       27029.314
0.250       321.69909     0.016116730       27182.955
0.250       329.74156     0.014990175       27226.890
0.250       337.78404     0.015945401       31133.151
0.250       345.82652     0.015523648       32526.620
0.250       353.86900     0.014091382       31633.803
0.250       361.91147     0.013645239       32768.643
0.250       369.95395     0.013257588       34007.741
0.250       377.99643     0.012942831       35412.993
0.250       386.03891     0.011933026       34778.759
0.250       394.08138     0.012078228       37448.225
0.250       402.12386     0.011226941       36983.772
0.250       410.16634     0.010821776       37831.087
0.250       418.20881     0.010753470       39847.257
0.250       426.25129    0.0097668628       38319.733
0.250       434.29377    0.0091381516       37920.968
0.250       442.33625    0.0088444999       38779.403
0.250       450.37872    0.0088384246       40905.218
0.250       458.42120    0.0085407779       41683.269
0.250       466.46368    0.0084527198       43463.053
0.250       474.50615    0.0080568857       43607.683
0.250       482.54863    0.0071746771       40840.954
0.250       490.59111    0.0080487122       48145.497
0.250       498.63359    0.0071719830       45045.778
0.250       506.67606    0.0065549628       43194.818
0.250       514.71854    0.0068883986       47588.056
0.125     0.015707963       8323.6692    0.0016343486
0.125     0.031415927       21084.441     0.033119363
0.125     0.047123890       10599.751     0.056193919
0.125     0.062831853       9292.3563      0.11677119
0.125     0.078539816       7245.3205      0.17782692
0.125     0.094247780       5560.8684      0.23584478
0.125      0.10995574       4479.2036      0.30166492
0.125      0.12566371       3844.2287      0.38646402
0.125      0.14137167       3129.8115      0.44799750
0.125      0.15707963       2838.6454      0.55736673
0.125      0.17278760       2520.7171      0.65876734
0.125      0.18849556       2165.1180      0.73460723
0.125      0.20420352       2048.2289      0.88356486
0.125      0.21991149       1847.6533      0.99548443
0.125      0.23561945       1661.4783       1.1010279
0.125      0.25132741       1569.2985       1.2621047
0.125      0.26703538       1408.2849       1.3585235
0.125      0.28274334       1338.2389       1.5324315
0.125      0.29845130       1243.8361       1.6751506
0.125      0.31415927       1168.9212       1.8361371
0.125      0.32986723       1101.4322       2.0028367
0.125      0.34557519       1028.9750       2.1513087
0.125      0.36128316       986.91367       2.3577218
0.125      0.37699112       945.64644       2.5668022
0.125      0.39269908       894.21280       2.7434105
0.125      0.40840704       852.10010       2.9406311
0.125      0.42411501       826.03457       3.1924155
0.125      0.43982297       795.24824       3.4277307
0.125      0.45553093       738.11691       3.5346713
0.125      0.47123890       734.11438       3.8918616
0.125      0.48694686       686.70584       4.0168509
0.125      0.50265482       678.61804       4.3662161
0.125      0.51836279       655.21300       4.6233228
0.125      0.53407075       630.88733       4.8687609
0.125      0.54977871       599.41008       5.0461257
0.125      0.56548668       584.26227       5.3523590
0.125      0.58119464       587.31830       5.8412877
0.125      0.59690260       560.91078       6.0433043
0.125      0.61261057       557.90620       6.4980777
0.125      0.62831853       541.25456       6.8016054
0.125      0.64402649       523.44031       7.0835119
0.125      0.65973446       518.17430       7.5379565
0.125      0.67544242       505.27131       7.8878727
0.125      0.69115038       492.53395       8.2380437
0.125      0.70685835       479.16201       8.5733352
0.125      0.72256631       463.20090       8.8526394
0.125      0.73827427       449.54658       9.1642760
0.125      0.75398224       446.22401       9.6896153
0.125      0.76969020       431.94135       9.9779864
0.125      0.78539816       427.24169       10.486089
0.125      0.80110613       418.98168       10.912781
0.125      0.81681409       411.47588       11.360156
0.125      0.83252205       405.14720       11.843235
0.125      0.84823002       398.19812       12.311483
0.125      0.86393798       386.98715       12.641963
0.125      0.87964594       376.61687       12.986548
0.125      0.89535391       372.76545       13.554706
0.125      0.91106187       368.44850       14.115318
0.125      0.92676983       360.66208       14.544085
0.125      0.94247780       352.35133       14.943749
0.125      0.95818576       346.13133       15.426248
0.125      0.97389372       343.15735       16.058252
0.125      0.98960169       336.17732       16.505168
0.125       1.0053096       328.53338       16.910222
0.125       1.0367256       319.00520       18.007750
0.125       1.0681415       308.44120       19.042721
0.125       1.0995574       304.53611       20.509865
0.125       1.1309734       289.52843       21.218691
0.125       1.1623893       284.16728       22.609925
0.125       1.1938052       272.95320       23.526583
0.125       1.2252211       267.75626       24.949011
0.125       1.2566371       258.13566       25.950626
0.125       1.2880530       249.05193       26.962575
0.125       1.3194689       243.37319       28.323081
0.125       1.3508848       239.24793       29.879508
0.125       1.3823008       232.29458       31.082574
0.125       1.4137167       228.68747       32.734054
0.125       1.4451326       220.43927       33.704068
0.125       1.4765485       214.71208       35.016274
0.125       1.5079645       208.02676       36.137891
0.125       1.5393804       200.79373       37.107207
0.125       1.5707963       199.35227       39.142726
0.125       1.6022123       192.49458       40.109654
0.125       1.6336282       186.52770       41.197725
0.125       1.6650441       184.84481       43.226966
0.125       1.6964600       180.33852       44.605629
0.125       1.7278760       173.49495       45.341386
0.125       1.7592919       171.04451       47.183819
0.125       1.7907078       168.57004       49.037108
0.125       1.8221237       163.91899       50.238090
0.125       1.8535397       159.53234       51.466503
0.125       1.8849556       155.63462       52.805584
0.125       1.9163715       151.79584       54.121430
0.125       1.9477874       146.11750       54.701243
0.125       1.9792034       143.42993       56.335392
0.125       2.0106193       141.97048       58.459870
0.125       2.0734512       136.97817       61.859023
0.125       2.1362830       130.13585       64.275221
0.125       2.1991149       122.60228       66.056042
0.125       2.2619467       116.54567       68.330330
0.125       2.3247786       111.78288       71.152526
0.125       2.3876104       107.42686       74.075323
0.125       2.4504423       104.20300       77.675476
0.125       2.5132741       100.14000       80.537370
0.125       2.5761060       95.513892       82.723324
0.125       2.6389378       91.671678       85.347915
0.125       2.7017697       87.549584       87.472052
0.125       2.7646015       83.750732       89.651282
0.125       2.8274334       80.474406       92.152089
0.125       2.8902652       78.975639       96.599862
0.125       2.9530971       75.107675       97.991354
0.125       3.0159289       72.659950       100.97844
0.125       3.0787608       70.067629       103.58945
0.125       3.1415927       67.783003       106.47329
0.125       3.2044245       65.130016       108.56793
0.125       3.2672564       63.568043       112.32042
0.125       3.3300882       61.551194       115.15266
0.125       3.3929201       58.966642       116.68030
0.125       3.4557519       56.807553       118.76925
0.125       3.5185838       55.785570       123.11071
0.125       3.5814156       54.211261       126.16066
0.125       3.6442475       52.140279       127.84013
0.125       3.7070793       50.438016       130.17389
0.125       3.7699112       49.026780       133.07516
0.125       3.8327430       47.174959       134.55843
0.125       3.8955749       46.208178       138.38970
0.125       3.9584067       44.896493       141.07301
0.125       4.0212386       43.543708       143.44162
0.125       4.1469023       41.006769       148.14849
0.125       4.2725660       38.663646       152.77047
0.125       4.3982297       36.674532       158.07695
0.125       4.5238934       33.947224       159.22513
0.125       4.6495571       33.124280       168.67529
0.125       4.7752208       31.082274       171.46024
0.125       4.9008845       29.869554       178.12399
0.125       5.0265482       28.362690       182.48503
0.125       5.1522120       26.894037       186.34057
0.125       5.2778757       25.821303       192.32063
0.125       5.4035394       24.714476       197.54072
0.125       5.5292031       23.492138       201.17797
0.125       5.6548668       22.461640       205.76848
0.125       5.7805305       21.674716       212.09321
0.125       5.9061942       20.941436       218.57470
0.125       6.0318579       19.996411       222.31851
0.125       6.1575216       19.374393       229.14807
0.125       6.2831853       18.622162       234.01299
0.125       6.4088490       18.059850       240.83773
0.125       6.5345127       17.153894       242.47815
0.125       6.6601764       16.683611       249.69942
0.125       6.7858401       15.960037       252.64750
0.125       6.9115038       15.302489       255.94698
0.125       7.0371675       14.913579       263.29694
0.125       7.1628313       14.403548       268.15993
0.125       7.2884950       13.816825       271.01423
0.125       7.4141587       13.170897       271.93883
0.125       7.5398224       13.079648       284.02047
0.125       7.6654861       12.598338       287.47666
0.125       7.7911498       12.185311       291.95205
0.125       7.9168135       11.866885       298.30341
0.125       8.0424772       11.486406       302.70803
0.125       8.2938046       10.688698       308.92742
0.125       8.5451320       10.146052       320.71826
0.125       8.7964594       9.5488064       329.26310
0.125       9.0477868       9.1302915       342.59576
0.125       9.2991143       8.6916714       354.07748
0.125       9.5504417       8.1152751       358.13262
0.125       9.8017691       7.6707215       365.94842
0.125       10.053096       7.3913142       380.44464
0.125       10.304424       6.9891341       387.40461
0.125       10.555751       6.7596637       402.77527
0.125       10.807079       6.4438043       412.03826
0.125       11.058406       5.9648277       408.64461
0.125       11.309734       5.8662530       429.92051
0.125       11.561061       5.6117122       439.29749
0.125       11.812388       5.4073980       451.51455
0.125       12.063716       5.1034421       453.91730
0.125       12.315043       4.9469995       468.07985
0.125       12.566371       4.8105021       483.60442
0.125       12.817698       4.6291415       493.85655
0.125       13.069025       4.4326886       501.26467
0.125       13.320353       4.2434061       508.07994
0.125       13.571680       4.1020105       519.47887
0.125       13.823008       3.9050011       522.51537
0.125       14.074335       3.7773188       533.50385
0.125       14.325663       3.7019528       551.37273
0.125       14.576990       3.5456433       556.37660
0.125       14.828317       3.4657319       572.45432
0.125       15.079645       3.3046947       574.08332
0.125       15.330972       3.2413579       591.70648
0.125       15.582300       3.1374229       601.36476
0.125       15.833627       3.0330958       609.95474
0.125       16.084954       2.9282721       617.36383
0.125       16.587609       2.7341856       632.19293
0.125       17.090264       2.5898542       654.92548
0.125       17.592919       2.4911078       687.18944
0.125       18.095574       2.3344196       700.75507
0.125       18.598229       2.2021785       717.69104
0.125       19.100883       2.1198156       748.39126
0.125       19.603538       1.9937020       760.91106
0.125       20.106193       1.9174098       789.54109
0.125       20.608848       1.7779691       788.41634
0.125       21.111503       1.7677030       842.63016
0.125       21.614157       1.6683857       853.45701
0.125       22.116812       1.5857449       869.10285
0.125       22.619467       1.5219967       892.34149
0.125       23.122122       1.4398556       901.72113
0.125       23.624777       1.3863298       926.06175
0.125       24.127432       1.3314618       947.39754
0.125       24.630086       1.2661841       958.43998
0.125       25.132741       1.2419122       998.80508
0.125       25.635396       1.2100001       1032.7038
0.125       26.138051       1.1617388       1050.9895
0.125       26.640706       1.1190303       1071.8877
0.125       27.143361       1.0741512       1088.2447
0.125       27.646015       1.0410149       1114.3583
0.125       28.148670       1.0103321       1141.5845
0.125       28.651325      0.97962615       1167.2524
0.125       29.153980      0.95612841       1200.2730
0.125       29.656635      0.93165184       1231.0892
0.125       30.159289      0.89181040       1239.3846
0.125       30.661944      0.87375582       1276.0257
0.125       31.164599      0.85191731       1306.3283
0.125       31.667254      0.80684195       1298.0456
0.125       32.169909      0.79887256       1347.4022
0.125       33.175218      0.74499710       1378.0539
0.125       34.180528      0.71327919       1442.9993
0.125       35.185838      0.67465340       1488.8627
0.125       36.191147      0.64733255       1554.5502
0.125       37.196457      0.61683008       1608.2017
0.125       38.201767      0.58195255       1643.6456
0.125       39.207076      0.56928143       1738.1636
0.125       40.212386      0.53340284       1757.1349
0.125       41.217696      0.51887963       1840.7212
0.125       42.223005      0.49980567       1905.9823
0.125       43.228315      0.46961571       1921.8425
0.125       44.233625      0.45767528       2006.7132
0.125       45.238934      0.44252615       2075.6126
0.125       46.244244      0.42533567       2130.9591
0.125       47.249554      0.41103259       2196.5427
0.125       48.254863      0.39111569       2226.3773
0.125       49.260173      0.38948193       2358.5515
0.125       50.265482      0.37469622       2410.7886
0.125       51.270792      0.36264419       2476.0594
0.125       52.276102      0.35325158       2556.6069
0.125       53.281411      0.34043822       2608.7696
0.125       54.286721      0.33620758       2724.9503
0.125       55.292031      0.32422274       2776.5235
0.125       56.297340      0.31544761       2851.4196
0.125       57.302650      0.30451628       2902.7183
0.125       58.307960      0.29918456       3004.6436
0.125       59.313269      0.28619530       3025.4386
0.125       60.318579      0.27654910       3074.6509
0.125       61.323889      0.27380320       3198.8792
0.125       62.329198      0.26790577       3286.4494
0.125       63.334508      0.25892771       3332.4987
0.125       64.339818      0.25698583       3467.5195
0.125       66.350437      0.24660636       3649.2691
0.125       68.361056      0.23323453       3774.7605
0.125       70.371675      0.22186944       3917.0708
0.125       72.382295      0.21224276       4077.5584
0.125       74.392914      0.20504077       4276.6647
0.125       76.403533      0.19858461       4487.0012
0.125       78.414153      0.18957066       4630.4664
0.125       80.424772      0.18163795       4786.8119
0.125       82.435391      0.17779888       5045.9203
0.125       84.446011      0.16974133       5178.3961
0.125       86.456630      0.16170525       5294.0654
0.125       88.467249      0.15849656       5559.5249
0.125       90.477868      0.15046480       5645.8878
0.125       92.488488      0.14601468       5852.3436
0.125       94.499107      0.14339177       6130.2417
0.125       96.509726      0.13847826       6306.1617
0.125       98.520346      0.13456077       6518.7826
0.125       100.53096      0.13096230       6740.8724
0.125       102.54158      0.12859272       7024.0355
0.125       104.55220      0.12359652       7156.0946
0.125       106.56282      0.12028423       7373.8803
0.125       108.57344      0.11637614       7545.7956
0.125       110.58406      0.11542773       7907.8429
0.125       112.59468      0.11280547       8157.4431
0.125       114.60530      0.10936554       8339.9773
0.125       116.61592      0.10530506       8460.4417
0.125       118.62654      0.10318183       8726.0776
0.125       120.63716      0.10166203       9042.1626
0.125       122.64778     0.097703199       9131.8357
0.125       124.65840     0.096374339       9457.9340
0.125       126.66902     0.094034691       9682.0997
0.125       128.67964     0.091227930       9847.5352
0.125       132.70087     0.088024438       10420.651
0.125       136.72211     0.085551228       11076.761
0.125       140.74335     0.080140185       11318.901
0.125       144.76459     0.075587583       11617.368
0.125       148.78583     0.074067908       12359.049
0.125       152.80707     0.070653332       12771.245
0.125       156.82831     0.069937647       13666.416
0.125       160.84954     0.067559912       14243.569
0.125       164.87078     0.064207885       14577.724
0.125       168.89202     0.060744735       14825.396
0.125       172.91326     0.060007620       15716.707
0.125       176.93450     0.057243149       16063.173
0.125       180.95574     0.054891078       16477.415
0.125       184.97698     0.055164982       17688.327
0.125       188.99821     0.051164161       17498.838
0.125       193.01945     0.049745726       18122.966
0.125       197.04069     0.048060385       18626.243
0.125       201.06193     0.045019324       18537.825
0.125       205.08317     0.044100056       19270.787
0.125       209.10441     0.043331728       20070.853
0.125       213.12565     0.042743189       20962.560
0.125       217.14688     0.041306543       21426.435
0.125       221.16812     0.040526588       22211.500
0.125       225.18936     0.038214729       22107.755
0.125       229.21060     0.037582901       22927.920
0.125       233.23184     0.037022997       23796.075
0.125       237.25308     0.036022747       24371.522
0.125       241.27432     0.035382772       25176.502
0.125       245.29555     0.033590887       25116.595
0.125       249.31679     0.032384156       25424.794
0.125       253.33803     0.031230761       25724.918
0.125       257.35927     0.030160369       26045.119
0.125       265.40175     0.027959393       26479.473
0.125       273.44422     0.028117947       29124.611
0.125       281.48670     0.025125711       28389.796
0.125       289.52918     0.025934269       31887.560
0.125       297.57166     0.023380426       31210.259
0.125       305.61413     0.023841636       34476.774
0.125       313.65661     0.021395103       33446.292
0.125       321.69909     0.021152009       35675.607
0.125       329.74156     0.020804405       37787.368
0.125       337.78404     0.019474261       38023.198
0.125       345.82652     0.017982882       37679.440
0.125       353.86900     0.017698899       39732.332
0.125       361.91147     0.015760046       37847.289
0.125       369.95395     0.015433074       39588.197
0.125       377.99643     0.017031199       46599.211
0.125       386.03891     0.014962293       43607.546
0.125       394.08138     0.013298430       41231.428
0.125       402.12386     0.013167904       43377.691
0.125       410.16634     0.012477382       43618.805
0.125       418.20881     0.012959352       48021.209
0.125       426.25129     0.011652239       45716.899
0.125       434.29377     0.010928431       45350.165
0.125       442.33625     0.011442402       50170.110
0.125       450.37872     0.010846789       50200.155
0.125       458.42120    0.0097422370       47546.990
0.125       466.46368    0.0093407887       48029.415
0.125       474.50615    0.0095859130       51883.503
0.125       482.54863    0.0090115175       51296.939
0.125       490.59111    0.0092583119       55381.037
0.125       498.63359    0.0088624383       55663.186
0.125       506.67606    0.0083432567       54979.024
0.125       514.71854    0.0077032591       53217.467
0.000     0.015707963       9488.5767    0.0018630777
0.000     0.031415927       24052.029     0.037780839
0.000     0.047123890       12067.253     0.063973791
0.000     0.062831853       10606.218      0.13328167
0.000     0.078539816       8278.6511      0.20318867
0.000     0.094247780       6354.5825      0.26950738
0.000      0.10995574       5132.6805      0.34567522
0.000      0.12566371       4380.1465      0.44034036
0.000      0.14137167       3598.8042      0.51512858
0.000      0.15707963       3281.6948      0.64435927
0.000      0.17278760       2924.2152      0.76421803
0.000      0.18849556       2497.5048      0.84738342
0.000      0.20420352       2382.0363       1.0275627
0.000      0.21991149       2140.3786       1.1531999
0.000      0.23561945       1940.2372       1.2857558
0.000      0.25132741       1831.2256       1.4727590
0.000      0.26703538       1655.7399       1.5972348
0.000      0.28274334       1571.6566       1.7997205
0.000      0.29845130       1475.1354       1.9866555
0.000      0.31415927       1380.5044       2.1684913
0.000      0.32986723       1304.9941       2.3729922
0.000      0.34557519       1232.6394       2.5771160
0.000      0.36128316       1177.8117       2.8137742
0.000      0.37699112       1133.1902       3.0758590
0.000      0.39269908       1073.3977       3.2931430
0.000      0.40840704       1026.9393       3.5440082
0.000      0.42411501       998.55615       3.8591679
0.000      0.43982297       965.24560       4.1604644
0.000      0.45553093       897.89735       4.2998229
0.000      0.47123890       894.20841       4.7405901
0.000      0.48694686       837.05861       4.8963318
0.000      0.50265482       828.45293       5.3302510
0.000      0.51836279       802.49107       5.6625483
0.000      0.53407075       774.89795       5.9801373
0.000      0.54977871       734.11280       6.1801188
0.000      0.56548668       715.26331       6.5524443
0.000      0.58119464       719.74250       7.1583381
0.000      0.59690260       685.79234       7.3887898
0.000      0.61261057       683.22820       7.9577354
0.000      0.62831853       667.02203       8.3820460
0.000      0.64402649       645.57243       8.7362778
0.000      0.65973446       642.35265       9.3443970
0.000      0.67544242       625.17950       9.7597791
0.000      0.69115038       609.72535       10.198168
0.000      0.70685835       592.09032       10.593888
0.000      0.72256631       573.47205       10.960128
0.000      0.73827427       560.16438       11.419286
0.000      0.75398224       556.35636       12.081105
0.000      0.76969020       537.06388       12.406351
0.000      0.78539816       526.94678       12.933220
0.000      0.80110613       518.57932       13.506898
0.000      0.81681409       513.95748       14.189501
0.000      0.83252205       506.22723       14.797999
0.000      0.84823002       494.24655       15.281107
0.000      0.86393798       482.31296       15.756033
0.000      0.87964594       470.48845       16.223440
0.000      0.89535391       467.60857       17.003445
0.000      0.91106187       459.25673       17.594195
0.000      0.92676983       451.59764       18.211159
0.000      0.94247780       438.66417       18.604406
0.000      0.95818576       432.55258       19.277837
0.000      0.97389372       430.18873       20.130937
0.000      0.98960169       422.67846       20.752081
0.000       1.0053096       410.16845       21.112131
0.000       1.0367256       402.30630       22.710073
0.000       1.0681415       387.94061       23.950902
0.000       1.0995574       381.04147       25.662340
0.000       1.1309734       359.80939       26.369377
0.000       1.1623893       351.27307       27.949234
0.000       1.1938052       343.33974       29.593391
0.000       1.2252211       335.28885       31.241567
0.000       1.2566371       322.18912       32.389983
0.000       1.2880530       309.43443       33.499635
0.000       1.3194689       303.39161       35.307854
0.000       1.3508848       294.44621       36.773182
0.000       1.3823008       287.34463       38.448640
0.000       1.4137167       282.74877       40.472325
0.000       1.4451326       272.53123       41.668671
0.000       1.4765485       266.12807       43.401440
0.000       1.5079645       258.39476       44.887694
0.000       1.5393804       249.72540       46.149908
0.000       1.5707963       246.06270       48.314297
0.000       1.6022123       237.66879       49.522500
0.000       1.6336282       230.37076       50.881191
0.000       1.6650441       228.69943       53.482607
0.000       1.6964600       223.70232       55.331398
0.000       1.7278760       215.45205       56.306505
0.000       1.7592919       210.35497       58.027884
0.000       1.7907078       206.82988       60.166913
0.000       1.8221237       202.96823       62.205949
0.000       1.8535397       196.51620       63.397811
0.000       1.8849556       192.79414       65.413512
0.000       1.9163715       188.99726       67.385258
0.000       1.9477874       181.51983       67.954627
0.000       1.9792034       178.83056       70.239798
0.000       2.0106193       175.95653       72.454470
0.000       2.0734512       169.59836       76.590221
0.000       2.1362830       159.97281       79.011949
0.000       2.1991149       152.58847       82.212092
0.000       2.2619467       147.15526       86.276627
0.000       2.3247786       139.77440       88.969812
0.000       2.3876104       132.91260       91.648804
0.000       2.4504423       129.18611       96.298495
0.000       2.5132741       123.47999       99.308502
0.000       2.5761060       119.82924       103.78253
0.000       2.6389378       115.36450       107.40634
0.000       2.7017697       110.49223       110.39439
0.000       2.7646015       108.64732       116.30192
0.000       2.8274334       102.47743       117.34799
0.000       2.8902652       98.836650       120.89306
0.000       2.9530971       94.695729       123.54746
0.000       3.0159289       92.276742       128.24068
0.000       3.0787608       89.108652       131.74010
0.000       3.1415927       84.778161       133.16922
0.000       3.2044245       82.432550       137.41025
0.000       3.2672564       80.029559       141.40681
0.000       3.3300882       76.688814       143.47277
0.000       3.3929201       75.011945       148.42996
0.000       3.4557519       71.478236       149.44169
0.000       3.5185838       70.901954       156.47038
0.000       3.5814156       67.346596       156.72926
0.000       3.6442475       65.837243       161.42302
0.000       3.7070793       64.061916       165.33539
0.000       3.7699112       62.198139       168.82665
0.000       3.8327430       59.493416       169.69470
0.000       3.8955749       58.404926       174.91796
0.000       3.9584067       56.529827       177.62708
0.000       4.0212386       55.308864       182.19838
0.000       4.1469023       52.124667       188.31502
0.000       4.2725660       50.276995       198.65793
0.000       4.3982297       46.831581       201.85653
0.000       4.5238934       44.135720       207.01298
0.000       4.6495571       41.523464       211.44557
0.000       4.7752208       39.778734       219.43282
0.000       4.9008845       38.237839       228.02739
0.000       5.0265482       36.479945       234.71130
0.000       5.1522120       34.494089       238.99901
0.000       5.2778757       32.961438       245.50134
0.000       5.4035394       31.665140       253.09679
0.000       5.5292031       30.373541       260.10775
0.000       5.6548668       29.210361       267.59274
0.000       5.7805305       28.048940       274.46679
0.000       5.9061942       26.529240       276.89699
0.000       6.0318579       25.532823       283.87190
0.000       6.1575216       24.737914       292.58441
0.000       6.2831853       23.581346       296.33194
0.000       6.4088490       22.826999       304.41020
0.000       6.5345127       22.052656       311.72439
0.000       6.6601764       21.091055       315.66452
0.000       6.7858401       20.276599       320.97872
0.000       6.9115038       19.657251       328.78402
0.000       7.0371675       19.226504       339.44096
0.000       7.1628313       18.471652       343.89841
0.000       7.2884950       18.032233       353.69861
0.000       7.4141587       17.118858       353.45220
0.000       7.5398224       16.649731       361.54373
0.000       7.6654861       16.135072       368.18005
0.000       7.7911498       15.703196       376.23827
0.000       7.9168135       15.088232       379.27992
0.000       8.0424772       14.683760       386.96977
0.000       8.2938046       13.775593       398.14563
0.000       8.5451320       12.984515       410.44250
0.000       8.7964594       12.363330       426.31384
0.000       9.0477868       11.679361       438.24444
0.000       9.2991143       10.903802       444.19428
0.000       9.5504417       10.519929       464.25162
0.000       9.8017691       9.8163043       468.30810
0.000       10.053096       9.5957808       493.91263
0.000       10.304424       9.0641098       502.41959
0.000       10.555751       8.5704716       510.67245
0.000       10.807079       8.1875767       523.54087
0.000       11.058406       7.8703291       539.18867
0.000       11.309734       7.5931738       556.48149
0.000       11.561061       7.2096757       564.38968
0.000       11.812388       6.9942655       584.01705
0.000       12.063716       6.5605989       583.52174
0.000       12.315043       6.4245238       607.88163
0.000       12.566371       6.1465904       617.92267
0.000       12.817698       5.9289383       632.52442
0.000       13.069025       5.6660378       640.73631
0.000       13.320353       5.5339062       662.59665
0.000       13.571680       5.2491102       664.74765
0.000       13.823008       5.0953351       681.79005
0.000       14.074335       4.8541035       685.58759
0.000       14.325663       4.7318393       704.76510
0.000       14.576990       4.5577278       715.19127
0.000       14.828317       4.4079438       728.08473
0.000       15.079645       4.2749823       742.63927
0.000       15.330972       4.0987172       748.21652
0.000       15.582300       4.0158007       769.72760
0.000       15.833627       3.8618275       776.61247
0.000       16.084954       3.7660837       793.99859
0.000       16.587609       3.5916086       830.44457
0.000       17.090264       3.2900974       832.00383
0.000       17.592919       3.1514151       869.33981
0.000       18.095574       3.0201725       906.60702
0.000       18.598229       2.8297039       922.20186
0.000       19.100883       2.6911156       950.08610
0.000       19.603538       2.5900998       988.53067
0.000       20.106193       2.4718696       1017.8537
0.000       20.608848       2.3377276       1036.6337
0.000       21.111503       2.2219055       1059.1398
0.000       21.614157       2.1102830       1079.5081
0.000       22.116812       1.9983858       1095.2599
0.000       22.619467       1.9691333       1154.4961
0.000       23.122122       1.8733925       1173.2271
0.000       23.624777       1.7924574       1197.3531
0.000       24.127432       1.7017341       1210.8637
0.000       24.630086       1.6519977       1250.4821
0.000       25.132741       1.6018944       1288.3199
0.000       25.635396       1.5244044       1301.0397
0.000       26.138051       1.4563605       1317.5247
0.000       26.640706       1.4200165       1360.1939
0.000       27.143361       1.3875826       1405.7884
0.000       27.646015       1.3257677       1419.1730
0.000       28.148670       1.2945598       1462.7363
0.000       28.651325       1.2486043       1487.7475
0.000       29.153980       1.1937996       1498.6328
0.000       29.656635       1.1714623       1547.9758
0.000       30.159289       1.1422836       1587.4772
0.000       30.661944       1.0944748       1598.3619
0.000       31.164599       1.0574154       1621.4386
0.000       31.667254       1.0348358       1664.8416
0.000       32.169909       1.0040734       1693.5001
0.000       33.175218      0.96521507       1785.4008
0.000       34.180528      0.89365775       1807.9141
0.000       35.185838      0.85604971       1889.1782
0.000       36.191147      0.82302046       1976.4596
0.000       37.196457      0.76836394       2003.2814
0.000       38.201767      0.75197638       2123.8547
0.000       39.207076      0.70580919       2155.0182
0.000       40.212386      0.68032219       2241.1164
0.000       41.217696      0.64828863       2299.7985
0.000       42.223005      0.61651544       2351.0488
0.000       43.228315      0.60538052       2477.4427
0.000       44.233625      0.59281321       2599.2360
0.000       45.238934      0.56196770       2635.8380
0.000       46.244244      0.54071211       2709.0025
0.000       47.249554      0.52408059       2800.6669
0.000       48.254863      0.49825156       2836.2348
0.000       49.260173      0.49078312       2971.9922
0.000       50.265482      0.46263483       2976.5841
0.000       51.270792      0.44806967       3059.3269
0.000       52.276102      0.44094848       3191.3005
0.000       53.281411      0.42894822       3287.0195
0.000       54.286721      0.41360471       3352.2513
0.000       55.292031      0.40369706       3457.1122
0.000       56.297340      0.39883642       3605.1945
0.000       57.302650      0.37903876       3613.0835
0.000       58.307960      0.37466629       3762.6898
0.000       59.313269      0.36716005       3881.3362
0.000       60.318579      0.35467169       3943.2117
0.000       61.323889      0.34271370       4003.9697
0.000       62.329198      0.33594663       4121.1191
0.000       63.334508      0.32954011       4241.3073
0.000       64.339818      0.31999630       4317.7222
0.000       66.350437      0.31205952       4617.8419
0.000       68.361056      0.29682286       4803.8994
0.000       70.371675      0.27717011       4893.3955
0.000       72.382295      0.26908830       5169.6616
0.000       74.392914      0.25556285       5330.4355
0.000       76.403533      0.24558976       5549.0782
0.000       78.414153      0.24192882       5909.3706
0.000       80.424772      0.22768315       6000.2681
0.000       82.435391      0.23013159       6531.1191
0.000       84.446011      0.22008503       6714.2602
0.000       86.456630      0.21065353       6896.5819
0.000       88.467249      0.20400387       7155.7677
0.000       90.477868      0.19534594       7329.9620
0.000       92.488488      0.18567448       7441.9286
0.000       94.499107      0.18236043       7796.2181
0.000       96.509726      0.17635229       8030.9072
0.000       98.520346      0.17112259       8290.0161
0.000       100.53096      0.16718433       8605.2874
0.000       102.54158      0.16321092       8914.9632
0.000       104.55220      0.16177768       9366.7395
0.000       106.56282      0.15693966       9620.9979
0.000       108.57344      0.15047017       9756.4423
0.000       110.58406      0.14727122       10089.409
0.000       112.59468      0.14454202       10452.448
0.000       114.60530      0.13983587       10663.578
0.000       116.61592      0.13558725       10893.380
0.000       118.62654      0.13177100       11143.861
0.000       120.63716      0.12932460       11502.565
0.000       122.64778      0.12662290       11834.817
0.000       124.65840      0.12229006       12001.237
0.000       126.66902      0.12262265       12625.603
0.000       128.67964      0.11956137       12905.968
0.000       132.70087      0.11356623       13444.381
0.000       136.72211      0.11133613       14415.266
0.000       140.74335      0.10753311       15187.844
0.000       144.76459      0.10242406       15741.976
0.000       148.78583     0.095658415       15961.663
0.000       152.80707     0.094980176       17168.547
0.000       156.82831     0.089962187       17579.382
0.000       160.84954     0.087896957       18531.202
0.000       164.87078     0.081292746       18456.662
0.000       168.89202     0.081060355       19783.638
0.000       172.91326     0.077443866       20283.466
0.000       176.93450     0.075724615       21249.313
0.000       180.95574     0.073469850       22054.463
0.000       184.97698     0.073017495       23412.630
0.000       188.99821     0.068810501       23534.126
0.000       193.01945     0.067879995       24729.498
0.000       197.04069     0.062982053       24409.273
0.000       201.06193     0.063227481       26035.485
0.000       205.08317     0.061796785       27003.882
0.000       209.10441     0.059293981       27464.420
0.000       213.12565     0.057917464       28404.486
0.000       217.14688     0.056167605       29135.131
0.000       221.16812     0.053722750       29443.951
0.000       225.18936     0.055081324       31865.317
0.000       229.21060     0.051995440       31720.470
0.000       233.23184     0.050560626       32497.220
0.000       237.25308     0.049809746       33699.243
0.000       241.27432     0.047930964       34105.130
0.000       245.29555     0.046871381       35046.693
0.000       249.31679     0.043974130       34524.079
0.000       253.33803     0.043251497       35626.452
0.000       257.35927     0.043951435       37954.455
0.000       265.40175     0.040243569       38113.434
0.000       273.44422     0.040400132       41846.517
0.000       281.48670     0.035530768       40146.575
0.000       289.52918     0.033762290       41512.527
0.000       297.57166     0.035917575       47945.953
0.000       305.61413     0.032161432       46507.816
0.000       313.65661     0.030565905       47782.718
0.000       321.69909     0.028097198       47389.568
0.000       329.74156     0.027372799       49717.645
0.000       337.78404     0.026601358       51938.744
0.000       345.82652     0.026356715       55225.088
0.000       353.86900     0.024173141       54266.385
0.000       361.91147     0.022857337       54891.227
0.000       369.95395     0.020959859       53765.243
0.000       377.99643     0.020998537       57454.281
0.000       386.03891     0.019963566       58183.735
0.000       394.08138     0.019461815       60340.840
0.000       402.12386     0.019278392       63506.852
0.000       410.16634     0.020013298       69963.088
0.000       418.20881     0.016935648       62755.476
0.000       426.25129     0.016128906       63280.849
0.000       434.29377     0.017144587       71145.605
0.000       442.33625     0.016554323       72583.729
0.000       450.37872     0.015435729       71438.280
0.000       458.42120     0.014368531       70125.618
0.000       466.46368     0.014466265       74384.110
0.000       474.50615     0.014008585       75821.098
0.000       482.54863     0.014150733       80551.286
0.000       490.59111     0.013597194       81335.205
0.000       498.63359     0.012423457       78029.228
0.000       506.67606     0.011622102       76585.420
0.000       514.71854     0.011795694       81489.785