# z        k [h/Mpc]   P(k) [(Mpc/h)^3]    Delta^2(k)   
3.000     0.015707963       933.62602   0.00018331704
3.000     0.031415927       2392.4065    0.0037579833
3.000     0.047123890       1274.1409    0.0067547786
3.000     0.062831853       1016.5419     0.012774242
3.000     0.078539816       770.95566     0.018922099
3.000     0.094247780       630.88728     0.026756876
3.000      0.10995574       516.35401     0.034775355
3.000      0.12566371       444.27928     0.044663824
3.000      0.14137167       322.21732     0.046121805
3.000      0.15707963       291.41069     0.057218355
3.000      0.17278760       252.30633     0.065938049
3.000      0.18849556       223.84088     0.075947420
3.000      0.20420352       198.25656     0.085523905
3.000      0.21991149       179.46375     0.096692044
3.000      0.23561945       155.94993      0.10334485
3.000      0.25132741       142.04215      0.11423707
3.000      0.26703538       122.81791      0.11847817
3.000      0.28274334       111.23037      0.12737106
3.000      0.29845130       99.737771      0.13432299
3.000      0.31415927       89.647976      0.14081871
3.000      0.32986723       82.365785      0.14977337
3.000      0.34557519       74.545328      0.15585415
3.000      0.36128316       70.362051      0.16809387
3.000      0.37699112       63.546510      0.17248658
3.000      0.39269908       59.435289      0.18234518
3.000      0.40840704       56.417217      0.19469805
3.000      0.42411501       52.201158      0.20174432
3.000      0.43982297       49.202028      0.21207379
3.000      0.45553093       45.508532      0.21792984
3.000      0.47123890       43.107193      0.22853009
3.000      0.48694686       39.614359      0.23172218
3.000      0.50265482       37.992557      0.24444342
3.000      0.51836279       35.647918      0.25153932
3.000      0.53407075       33.940291      0.26192816
3.000      0.54977871       32.286800      0.27180599
3.000      0.56548668       31.054461      0.28448632
3.000      0.58119464       29.009516      0.28851975
3.000      0.59690260       27.551803      0.29684566
3.000      0.61261057       26.291305      0.30622162
3.000      0.62831853       24.989410      0.31402619
3.000      0.64402649       23.839271      0.32260748
3.000      0.65973446       22.522272      0.32763475
3.000      0.67544242       22.015747      0.34369141
3.000      0.69115038       21.113719      0.35314468
3.000      0.70685835       20.543937      0.36757936
3.000      0.72256631       19.151747      0.36602587
3.000      0.73827427       18.816252      0.38358056
3.000      0.75398224       18.019527      0.39128842
3.000      0.76969020       17.559011      0.40561889
3.000      0.78539816       16.769162      0.41157715
3.000      0.80110613       16.179774      0.42141779
3.000      0.81681409       15.622948      0.43132328
3.000      0.83252205       15.011327      0.43881006
3.000      0.84823002       14.585648      0.45095883
3.000      0.86393798       14.047608      0.45890241
3.000      0.87964594       13.562316      0.46765743
3.000      0.89535391       13.184294      0.47941469
3.000      0.91106187       12.899142      0.49416809
3.000      0.92676983       12.327682      0.49712701
3.000      0.94247780       11.914780      0.50532369
3.000      0.95818576       11.602826      0.51711029
3.000      0.97389372       11.414674      0.53415646
3.000      0.98960169       11.068567      0.54342914
3.000       1.0053096       10.700016      0.55074966
3.000       1.0367256       10.351876      0.58436039
3.000       1.0681415       9.4985915      0.58642954
3.000       1.0995574       9.2140061      0.62054389
3.000       1.1309734       8.5472294      0.62640143
3.000       1.1623893       8.1862010      0.65133956
3.000       1.1938052       7.9549875      0.68566214
3.000       1.2252211       7.6166797      0.70970749
3.000       1.2566371       7.2973319      0.73360782
3.000       1.2880530       6.9432514      0.75168233
3.000       1.3194689       6.6280044      0.77134832
3.000       1.3508848       6.4596637      0.80674290
3.000       1.3823008       6.1840284      0.82746452
3.000       1.4137167       6.0306856      0.86322519
3.000       1.4451326       5.6863636      0.86941674
3.000       1.4765485       5.4687701      0.89187321
3.000       1.5079645       5.4160857      0.94086890
3.000       1.5393804       5.1643608      0.95438740
3.000       1.5707963       5.0324958      0.98812824
3.000       1.6022123       4.7816942      0.99635065
3.000       1.6336282       4.6217501       1.0207899
3.000       1.6650441       4.4840861       1.0486279
3.000       1.6964600       4.4189245       1.0929939
3.000       1.7278760       4.3128565       1.1271273
3.000       1.7592919       4.1243333       1.1377261
3.000       1.7907078       4.0631458       1.1819711
3.000       1.8221237       3.9229807       1.2023199
3.000       1.8535397       3.8253660       1.2340959
3.000       1.8849556       3.7087612       1.2583530
3.000       1.9163715       3.6073449       1.2861661
3.000       1.9477874       3.5385996       1.3247269
3.000       1.9792034       3.4125843       1.3403707
3.000       2.0106193       3.3442034       1.3770588
3.000       2.0734512       3.1242547       1.4109061
3.000       2.1362830       3.0868835       1.5246384
3.000       2.1991149       2.9150358       1.5705722
3.000       2.2619467       2.7756532       1.6273560
3.000       2.3247786       2.7189711       1.7306914
3.000       2.3876104       2.5542627       1.7612711
3.000       2.4504423       2.4504400       1.8266181
3.000       2.5132741       2.3836827       1.9170713
3.000       2.5761060       2.2961640       1.9886774
3.000       2.6389378       2.1901256       2.0390447
3.000       2.7017697       2.1061471       2.1042819
3.000       2.7646015       2.0884245       2.2355618
3.000       2.8274334       1.9799518       2.2672636
3.000       2.8902652       1.9446942       2.3786727
3.000       2.9530971       1.8508950       2.4148226
3.000       3.0159289       1.8288805       2.5416686
3.000       3.0787608       1.7395422       2.5717756
3.000       3.1415927       1.7098444       2.6858173
3.000       3.2044245       1.6683917       2.7811116
3.000       3.2672564       1.6211685       2.8644949
3.000       3.3300882       1.5491915       2.8982950
3.000       3.3929201       1.5072015       2.9823765
3.000       3.4557519       1.4750084       3.0838441
3.000       3.5185838       1.4634547       3.2296335
3.000       3.5814156       1.3926966       3.2410890
3.000       3.6442475       1.3725370       3.3652545
3.000       3.7070793       1.3350959       3.4457072
3.000       3.7699112       1.3198365       3.5824799
3.000       3.8327430       1.2779279       3.6450687
3.000       3.8955749       1.2444234       3.7269459
3.000       3.9584067       1.2210038       3.8366176
3.000       4.0212386       1.1907427       3.9225430
3.000       4.1469023       1.1417494       4.1248910
3.000       4.2725660       1.1028659       4.3577199
3.000       4.3982297       1.0477052       4.5158874
3.000       4.5238934       1.0084834       4.7301630
3.000       4.6495571      0.96504284       4.9141863
3.000       4.7752208      0.92027935       5.0765693
3.000       4.9008845      0.91230342       5.4404268
3.000       5.0265482      0.86656649       5.5754730
3.000       5.1522120      0.82275546       5.7006214
3.000       5.2778757      0.79858998       5.9480085
3.000       5.4035394      0.77314093       6.1796500
3.000       5.5292031      0.74258144       6.3591925
3.000       5.6548668      0.72684161       6.6585118
3.000       5.7805305      0.70440321       6.8927841
3.000       5.9061942      0.68698467       7.1703520
3.000       6.0318579      0.66849436       7.4322671
3.000       6.1575216      0.64396787       7.6164446
3.000       6.2831853      0.62515373       7.8559135
3.000       6.4088490      0.59834251       7.9792163
3.000       6.5345127      0.58231829       8.2313357
3.000       6.6601764      0.56160759       8.4054395
3.000       6.7858401      0.55461782       8.7796044
3.000       6.9115038      0.54521732       9.1192172
3.000       7.0371675      0.52550944       9.2777882
3.000       7.1628313      0.51283612       9.5477937
3.000       7.2884950      0.50446074       9.8948952
3.000       7.4141587      0.47746722       9.8582414
3.000       7.5398224      0.47326094       10.276714
3.000       7.6654861      0.45537391       10.391004
3.000       7.7911498      0.45356545       10.867131
3.000       7.9168135      0.44468318       11.178208
3.000       8.0424772      0.42876559       11.299512
3.000       8.2938046      0.41398204       11.965012
3.000       8.5451320      0.38999991       12.327956
3.000       8.7964594      0.37330099       12.872210
3.000       9.0477868      0.37432961       14.045963
3.000       9.2991143      0.35546352       14.480717
3.000       9.5504417      0.33724351       14.882786
3.000       9.8017691      0.32887803       15.689840
3.000       10.053096      0.31081601       15.998276
3.000       10.304424      0.30145124       16.709308
3.000       10.555751      0.29295794       17.455929
3.000       10.807079      0.29090695       18.601557
3.000       11.058406      0.28480296       19.511577
3.000       11.309734      0.26974794       19.769037
3.000       11.561061      0.26518587       20.759348
3.000       11.812388      0.25543656       21.328802
3.000       12.063716      0.25051873       22.281979
3.000       12.315043      0.24146570       22.847229
3.000       12.566371      0.23235713       23.359086
3.000       12.817698      0.22625805       24.138174
3.000       13.069025      0.21931099       24.800490
3.000       13.320353      0.21684388       25.963583
3.000       13.571680      0.21105980       26.728626
3.000       13.823008      0.20564392       27.516537
3.000       14.074335      0.19768381       27.920618
3.000       14.325663      0.19376370       28.859369
3.000       14.576990      0.19085020       29.947904
3.000       14.828317      0.18156371       29.989894
3.000       15.079645      0.18039800       31.338290
3.000       15.330972      0.17649137       32.218314
3.000       15.582300      0.17173114       32.916523
3.000       15.833627      0.16577268       33.336841
3.000       16.084954      0.16278727       34.320230
3.000       16.587609      0.15352663       35.498122
3.000       17.090264      0.14757716       37.319493
3.000       17.592919      0.14205202       39.186041
3.000       18.095574      0.13586435       40.784283
3.000       18.598229      0.13172230       42.928362
3.000       19.100883      0.12232668       43.186879
3.000       19.603538      0.11713048       44.703710
3.000       20.106193      0.11311291       46.577051
3.000       20.608848      0.10786459       47.831094
3.000       21.111503      0.10651487       50.773599
3.000       21.614157      0.10055500       51.438569
3.000       22.116812     0.096694527       52.995592
3.000       22.619467     0.093175559       54.628512
3.000       23.122122     0.090965932       56.968147
3.000       23.624777     0.087880589       58.703819
3.000       24.127432     0.085365356       60.741455
3.000       24.630086     0.082675393       62.581264
3.000       25.132741     0.080388791       64.652502
3.000       25.635396     0.076647472       65.416633
3.000       26.138051     0.074358739       67.270069
3.000       26.640706     0.071811065       68.785802
3.000       27.143361     0.070214307       71.135554
3.000       27.646015     0.068384340       73.202270
3.000       28.148670     0.065935146       74.500790
3.000       28.651325     0.062713077       74.724411
3.000       29.153980     0.062610803       78.598286
3.000       29.656635     0.060383155       79.790587
3.000       30.159289     0.058209673       80.896315
3.000       30.661944     0.056970555       83.199321
3.000       31.164599     0.056777615       87.062682
3.000       31.667254     0.054507109       87.690919
3.000       32.169909     0.052829305       89.103475
3.000       33.175218     0.048569073       89.840352
3.000       34.180528     0.047122629       95.331422
3.000       35.185838     0.043752259       96.554923
3.000       36.191147     0.043327961       104.05083
3.000       37.196457     0.040952350       106.77112
3.000       38.201767     0.039767095       112.31674
3.000       39.207076     0.037998780       116.02011
3.000       40.212386     0.033523017       110.43148
3.000       41.217696     0.033823806       119.98967
3.000       42.223005     0.033682339       128.44581
3.000       43.228315     0.031831006       130.26434
3.000       44.233625     0.030902872       135.49607
3.000       45.238934     0.029731666       139.45259
3.000       46.244244     0.028381190       142.19159
3.000       47.249554     0.027247419       145.60918
3.000       48.254863     0.026403557       150.29896
3.000       49.260173     0.024169863       146.36331
3.000       50.265482     0.024055392       154.77195
3.000       51.270792     0.023001946       157.05252
3.000       52.276102     0.022104604       159.97885
3.000       53.281411     0.023001283       176.25826
3.000       54.286721     0.021640251       175.39346
3.000       55.292031     0.020079738       171.95544
3.000       56.297340     0.019617643       177.32939
3.000       57.302650     0.019365354       184.59495
3.000       58.307960     0.018746350       188.26540
3.000       59.313269     0.018215180       192.55700
3.000       60.318579     0.017732956       197.15360
3.000       61.323889     0.017276461       201.84319
3.000       62.329198     0.016948410       207.90926
3.000       63.334508     0.016473610       212.02166
3.000       64.339818     0.016126042       217.58930
3.000       66.350437     0.015428898       228.31609
3.000       68.361056     0.013397493       216.83036
3.000       70.371675     0.013862768       244.74503
3.000       72.382295     0.012789272       245.70451
3.000       74.392914     0.013057596       272.35052
3.000       76.403533     0.011449660       258.70402
3.000       78.414153     0.010543875       257.54543
3.000       80.424772     0.010152155       267.54573
3.000       82.435391     0.010564849       299.82970
3.000       84.446011     0.010280346       313.62840
3.000       86.456630    0.0093474653       306.02649
3.000       88.467249    0.0078761860       276.27004
3.000       90.477868    0.0078700976       295.30953
3.000       92.488488    0.0071205151       285.39391
3.000       94.499107    0.0068249092       291.77646
3.000       96.509726    0.0080930519       368.54951
3.000       98.520346    0.0072063428       349.11054
3.000       100.53096    0.0073972400       380.74966
3.000       102.54158    0.0070678531       386.06270
3.000       104.55220    0.0065767625       380.78689
3.000       106.56282    0.0059676218       365.83790
3.000       108.57344    0.0058139022       376.97174
3.000       110.58406    0.0061214019       419.37135
3.000       112.59468    0.0051557739       372.83592
3.000       114.60530    0.0049665712       378.73987
3.000       116.61592    0.0051316436       412.28760
3.000       118.62654    0.0049843959       421.52988
3.000       120.63716    0.0037662029       334.97875
3.000       122.64778    0.0043342815       405.10390
3.000       124.65840    0.0044470622       436.42344
3.000       126.66902    0.0045347502       466.91177
3.000       128.67964    0.0038560740       416.24121
3.000       132.70087    0.0032120493       380.25401
3.000       136.72211    0.0035703089       462.26641
3.000       140.74335    0.0042084120       594.39092
3.000       144.76459    0.0025911113       398.23861
3.000       148.78583    0.0037335698       622.98735
3.000       152.80707    0.0015776855       285.18127
3.000       156.82831    0.0024164935       472.20354
3.000       160.84954    0.0024429020       515.03388
3.000       164.87078    0.0014799249       336.00137
3.000       168.89202    0.0022909974       559.14219
3.000       172.91326    0.0022124305       579.46178
3.000       176.93450    0.0017494382       490.91513
3.000       180.95574    0.0021790407       654.11283
3.000       184.97698    0.0019094458       612.25256
3.000       188.99821    0.0014609659       499.67020
3.000       193.01945    0.0011255511       410.05179
3.000       197.04069    0.0021959238       851.05043
3.000       201.06193    0.0013812483       568.76328
3.000       205.08317    0.0018288750       799.17950
3.000       209.10441    0.0017294020       801.04288
3.000       213.12565   0.00092431428       453.31184
3.000       217.14688    0.0019662961       1019.9526
3.000       221.16812    0.0018279384       1001.8424
3.000       225.18936    0.0015299612       885.10396
3.000       229.21060    0.0012097555       738.02652
3.000       233.23184    0.0015259054       980.75691
3.000       237.25308    0.0011482270       776.84357
3.000       241.27432    0.0015467029       1100.5517
3.000       245.29555    0.0013205614       987.41081
3.000       249.31679    0.0012797334       1004.7184
3.000       253.33803   0.00071392699       588.06486
3.000       257.35927   0.00078436725       677.34380
3.000       265.40175   0.00076207025       721.73306
3.000       273.44422   0.00090128306       933.55032
3.000       281.48670   0.00029176860       329.67230
3.000       289.52918   0.00069159903       850.35770
3.000       297.57166    0.0018261179       2437.6635
3.000       305.61413    0.0013317615       1925.8259
3.000       313.65661    0.0014868701       2324.3772
3.000       321.69909    0.0014098680       2377.9252
3.000       329.74156  -3.2830975e-06      -5.9631416
3.000       337.78404    0.0012292384       2400.0693
3.000       345.82652   0.00042847474       897.78091
3.000       353.86900   0.00070133159       1574.4222
3.000       361.91147   0.00090091410       2163.5189
3.000       369.95395    0.0011361905       2914.5024
3.000       377.99643    0.0013561803       3710.6567
3.000       386.03891   0.00075973104       2214.2332
3.000       394.08138   0.00032204621       998.49570
3.000       402.12386   0.00062341845       2053.6642
3.000       410.16634   0.00093481940       3267.9697
3.000       418.20881   0.00055418757       2053.5562
3.000       426.25129   0.00048924498       1919.5249
3.000       434.29377   0.00088328587       3665.4081
3.000       442.33625   0.00042027728       1842.7387
3.000       450.37872   0.00050727795       2347.7391
3.000       458.42120   0.00029432494       1436.4530
3.000       466.46368   0.00031083036       1598.2591
3.000       474.50615   0.00034801108       1883.6008
3.000       482.54863  -6.2337616e-05      -354.84911
3.000       490.59111   0.00020767564       1242.2667
3.000       498.63359   0.00059593366       3742.9391
3.000       506.67606   0.00097211808       6405.9042
3.000       514.71854    0.0010902991       7532.2610
2.750     0.015707963       1059.2036   0.00020797414
2.750     0.031415927       2715.4010    0.0042653419
2.750     0.047123890       1444.9348    0.0076602319
2.750     0.062831853       1154.4051     0.014506682
2.750     0.078539816       875.46607     0.021487170
2.750     0.094247780       716.43222     0.030384966
2.750      0.10995574       585.84586     0.039455484
2.750      0.12566371       503.41309     0.050608604
2.750      0.14137167       366.36859     0.052441566
2.750      0.15707963       331.57722     0.065105036
2.750      0.17278760       287.17556     0.075050817
2.750      0.18849556       254.57012     0.086373607
2.750      0.20420352       225.59064     0.097315278
2.750      0.21991149       204.54949      0.11020782
2.750      0.23561945       177.72887      0.11777731
2.750      0.25132741       162.18707      0.13043858
2.750      0.26703538       140.33319      0.13537455
2.750      0.28274334       127.50762      0.14601032
2.750      0.29845130       114.14704      0.15372884
2.750      0.31415927       102.78085      0.16144777
2.750      0.32986723       94.433329      0.17171691
2.750      0.34557519       85.450135      0.17865315
2.750      0.36128316       80.862845      0.19318011
2.750      0.37699112       73.149950      0.19855355
2.750      0.39269908       68.369585      0.20975526
2.750      0.40840704       64.978804      0.22424442
2.750      0.42411501       60.115753      0.23233224
2.750      0.43982297       56.650355      0.24417805
2.750      0.45553093       52.652911      0.25214262
2.750      0.47123890       49.838461      0.26421549
2.750      0.48694686       45.813673      0.26798475
2.750      0.50265482       43.977730      0.28295191
2.750      0.51836279       41.314345      0.29152284
2.750      0.53407075       39.394933      0.30402340
2.750      0.54977871       37.541462      0.31604229
2.750      0.56548668       36.072561      0.33045655
2.750      0.58119464       33.801964      0.33618396
2.750      0.59690260       32.075276      0.34558198
2.750      0.61261057       30.644275      0.35692179
2.750      0.62831853       29.203507      0.36698210
2.750      0.64402649       27.864527      0.37707968
2.750      0.65973446       26.323772      0.38293572
2.750      0.67544242       25.778689      0.40243532
2.750      0.69115038       24.708184      0.41326512
2.750      0.70685835       24.089939      0.43102566
2.750      0.72256631       22.483112      0.42969451
2.750      0.73827427       22.093805      0.45039544
2.750      0.75398224       21.176179      0.45983412
2.750      0.76969020       20.662074      0.47730066
2.750      0.78539816       19.751190      0.48476714
2.750      0.80110613       19.056963      0.49635695
2.750      0.81681409       18.433711      0.50892372
2.750      0.83252205       17.751114      0.51889933
2.750      0.84823002       17.202683      0.53187228
2.750      0.86393798       16.655579      0.54409869
2.750      0.87964594       16.068422      0.55407326
2.750      0.89535391       15.609604      0.56760516
2.750      0.91106187       15.301301      0.58619516
2.750      0.92676983       14.660740      0.59121008
2.750      0.94247780       14.173383      0.60111444
2.750      0.95818576       13.786720      0.61444124
2.750      0.97389372       13.583126      0.63563045
2.750      0.98960169       13.169918      0.64659839
2.750       1.0053096       12.772237      0.65741073
2.750       1.0367256       12.358938      0.69765842
2.750       1.0681415       11.366108      0.70172738
2.750       1.0995574       11.030158      0.74285791
2.750       1.1309734       10.252725      0.75139219
2.750       1.1623893       9.8465571      0.78344669
2.750       1.1938052       9.5533589      0.82343014
2.750       1.2252211       9.1720214      0.85463123
2.750       1.2566371       8.8075153      0.88542801
2.750       1.2880530       8.3696196      0.90610217
2.750       1.3194689       8.0182405      0.93314005
2.750       1.3508848       7.8468637      0.97998934
2.750       1.3823008       7.5099193       1.0048776
2.750       1.4137167       7.3501235       1.0520880
2.750       1.4451326       6.9238211       1.0586179
2.750       1.4765485       6.6750629       1.0886012
2.750       1.5079645       6.5813926       1.1433031
2.750       1.5393804       6.3017732       1.1645842
2.750       1.5707963       6.1586555       1.2092492
2.750       1.6022123       5.8749550       1.2241509
2.750       1.6336282       5.6768694       1.2538305
2.750       1.6650441       5.5159578       1.2899368
2.750       1.6964600       5.4288801       1.3428002
2.750       1.7278760       5.3132014       1.3885586
2.750       1.7592919       5.0649569       1.3972036
2.750       1.7907078       5.0319082       1.4637845
2.750       1.8221237       4.8568854       1.4885441
2.750       1.8535397       4.7395073       1.5290057
2.750       1.8849556       4.5982634       1.5601540
2.750       1.9163715       4.4882858       1.6002575
2.750       1.9477874       4.3908863       1.6437930
2.750       1.9792034       4.2468425       1.6680447
2.750       2.0106193       4.1737711       1.7186539
2.750       2.0734512       3.9096735       1.7655994
2.750       2.1362830       3.8477576       1.9004407
2.750       2.1991149       3.6481908       1.9655837
2.750       2.2619467       3.4775659       2.0388850
2.750       2.3247786       3.4178402       2.1755386
2.750       2.3876104       3.1983596       2.2054029
2.750       2.4504423       3.0691991       2.2878563
2.750       2.5132741       3.0041837       2.4161079
2.750       2.5761060       2.8978470       2.5097872
2.750       2.6389378       2.7712008       2.5800358
2.750       2.7017697       2.6810553       2.6786810
2.750       2.7646015       2.6379457       2.8237988
2.750       2.8274334       2.5271783       2.8938985
2.750       2.8902652       2.4754536       3.0278765
2.750       2.9530971       2.3598367       3.0788277
2.750       3.0159289       2.3329171       3.2421484
2.750       3.0787608       2.2270003       3.2924438
2.750       3.1415927       2.2045735       3.4629360
2.750       3.2044245       2.1405263       3.5681324
2.750       3.2672564       2.0744036       3.6653306
2.750       3.3300882       1.9926808       3.7279940
2.750       3.3929201       1.9421226       3.8429769
2.750       3.4557519       1.8851093       3.9412544
2.750       3.5185838       1.8668685       4.1199094
2.750       3.5814156       1.8087448       4.2093180
2.750       3.6442475       1.7691875       4.3377820
2.750       3.7070793       1.7208436       4.4412713
2.750       3.7699112       1.7026948       4.6216859
2.750       3.8327430       1.6482465       4.7013387
2.750       3.8955749       1.6049916       4.8068183
2.750       3.9584067       1.5659245       4.9204219
2.750       4.0212386       1.5398928       5.0727127
2.750       4.1469023       1.4757295       5.3314878
2.750       4.2725660       1.4301833       5.6510390
2.750       4.3982297       1.3472081       5.8068240
2.750       4.5238934       1.3186963       6.1851773
2.750       4.6495571       1.2490693       6.3605044
2.750       4.7752208       1.2148501       6.7015201
2.750       4.9008845       1.1812279       7.0441301
2.750       5.0265482       1.1264660       7.2476620
2.750       5.1522120       1.0868442       7.5304117
2.750       5.2778757       1.0382661       7.7331490
2.750       5.4035394       1.0097314       8.0706978
2.750       5.5292031      0.97899752       8.3837722
2.750       5.6548668      0.95142067       8.7158546
2.750       5.7805305      0.92806915       9.0814183
2.750       5.9061942      0.88825839       9.2711315
2.750       6.0318579      0.86917633       9.6634333
2.750       6.1575216      0.83959802       9.9302343
2.750       6.2831853      0.80646026       10.134278
2.750       6.4088490      0.78110146       10.416404
2.750       6.5345127      0.76498263       10.813380
2.750       6.6601764      0.73890386       11.058988
2.750       6.7858401      0.72653471       11.501050
2.750       6.9115038      0.70547395       11.799644
2.750       7.0371675      0.69969462       12.353001
2.750       7.1628313      0.67506607       12.568131
2.750       7.2884950      0.65550517       12.857601
2.750       7.4141587      0.62481809       12.900587
2.750       7.5398224      0.61689558       13.395695
2.750       7.6654861      0.59873792       13.662373
2.750       7.7911498      0.58953787       14.124940
2.750       7.9168135      0.58626091       14.737114
2.750       8.0424772      0.55461905       14.616203
2.750       8.2938046      0.54623058       15.787293
2.750       8.5451320      0.50814122       16.062421
2.750       8.7964594      0.48954694       16.880617
2.750       9.0477868      0.46967865       17.623743
2.750       9.2991143      0.44972467       18.320685
2.750       9.5504417      0.43568730       19.227177
2.750       9.8017691      0.42051198       20.061437
2.750       10.053096      0.40467038       20.829135
2.750       10.304424      0.39140014       21.695136
2.750       10.555751      0.37198266       22.164626
2.750       10.807079      0.36292223       23.206454
2.750       11.058406      0.34916653       23.921063
2.750       11.309734      0.34490050       25.276748
2.750       11.561061      0.32951884       25.795479
2.750       11.812388      0.31803846       26.556024
2.750       12.063716      0.31309848       27.848032
2.750       12.315043      0.30497935       28.856822
2.750       12.566371      0.28926950       29.080542
2.750       12.817698      0.28331942       30.225724
2.750       13.069025      0.27178774       30.734754
2.750       13.320353      0.27195322       32.562044
2.750       13.571680      0.25968910       32.887043
2.750       13.823008      0.25153240       33.656723
2.750       14.074335      0.24177036       34.147348
2.750       14.325663      0.23503737       35.006712
2.750       14.576990      0.23141021       36.312516
2.750       14.828317      0.22648189       37.409280
2.750       15.079645      0.21797406       37.865910
2.750       15.330972      0.21607501       39.444267
2.750       15.582300      0.20574039       39.435238
2.750       15.833627      0.20278363       40.779733
2.750       16.084954      0.19795595       41.734797
2.750       16.587609      0.18631653       43.079736
2.750       17.090264      0.17882920       45.222545
2.750       17.592919      0.17038414       47.001651
2.750       18.095574      0.16048637       48.175417
2.750       18.598229      0.15495276       50.499178
2.750       19.100883      0.14806799       52.274728
2.750       19.603538      0.13993980       53.409053
2.750       20.106193      0.13605915       56.025733
2.750       20.608848      0.13106054       58.117022
2.750       21.111503      0.12875749       61.376227
2.750       21.614157      0.12428090       63.575472
2.750       22.116812      0.11672539       63.973953
2.750       22.619467      0.11187570       65.592340
2.750       23.122122      0.10585576       66.293021
2.750       23.624777      0.10523159       70.294209
2.750       24.127432      0.10083633       71.749780
2.750       24.630086     0.096540197       73.076249
2.750       25.132741     0.093046628       74.832538
2.750       25.635396     0.092572538       79.008265
2.750       26.138051     0.088954757       80.474638
2.750       26.640706     0.086525919       82.880746
2.750       27.143361     0.082069237       83.146027
2.750       27.646015     0.079668910       85.281881
2.750       28.148670     0.077477556       87.542676
2.750       28.651325     0.074129187       88.327031
2.750       29.153980     0.073059996       91.715650
2.750       29.656635     0.072093950       95.265287
2.750       30.159289     0.069046809       95.957117
2.750       30.661944     0.065025675       94.962950
2.750       31.164599     0.064200560       98.445010
2.750       31.667254     0.064213868       103.30713
2.750       32.169909     0.060942613       102.78762
2.750       33.175218     0.056844317       105.14744
2.750       34.180528     0.054581604       110.42130
2.750       35.185838     0.052882594       116.70426
2.750       36.191147     0.051576713       123.85997
2.750       37.196457     0.047576416       124.04141
2.750       38.201767     0.047410848       133.90547
2.750       39.207076     0.044233431       135.05612
2.750       40.212386     0.041506685       136.73127
2.750       41.217696     0.038391736       136.19436
2.750       42.223005     0.037470913       142.89333
2.750       43.228315     0.036701254       150.19521
2.750       44.233625     0.034004888       149.09710
2.750       45.238934     0.033977661       159.36789
2.750       46.244244     0.031555754       158.09636
2.750       47.249554     0.031105371       166.22593
2.750       48.254863     0.029944257       170.45395
2.750       49.260173     0.029464460       178.42534
2.750       50.265482     0.028173256       181.26621
2.750       51.270792     0.026002921       177.54256
2.750       52.276102     0.026077457       188.73180
2.750       53.281411     0.025450328       195.02523
2.750       54.286721     0.024488081       198.47501
2.750       55.292031     0.023901548       204.68400
2.750       56.297340     0.023351617       211.08183
2.750       57.302650     0.021858064       208.35603
2.750       58.307960     0.021530204       216.22302
2.750       59.313269     0.020677360       218.58529
2.750       60.318579     0.019232491       213.82530
2.750       61.323889     0.019349140       226.05858
2.750       62.329198     0.018206343       223.34056
2.750       63.334508     0.018187213       234.07640
2.750       64.339818     0.017743424       239.41270
2.750       66.350437     0.016424790       243.05326
2.750       68.361056     0.017549543       284.02879
2.750       70.371675     0.015047856       265.66758
2.750       72.382295     0.014259936       273.95856
2.750       74.392914     0.014130514       294.72904
2.750       76.403533     0.012716614       287.33073
2.750       78.414153     0.011989437       292.85484
2.750       80.424772     0.011663978       307.38770
2.750       82.435391     0.011065088       314.02647
2.750       84.446011     0.010820206       330.09823
2.750       86.456630    0.0092087240       301.48424
2.750       88.467249     0.010100596       354.29486
2.750       90.477868    0.0091541963       343.49274
2.750       92.488488    0.0094185764       377.50140
2.750       94.499107    0.0087766412       375.21632
2.750       96.509726    0.0081969347       373.28023
2.750       98.520346    0.0075019636       363.43186
2.750       100.53096    0.0074507633       383.50460
2.750       102.54158    0.0074244431       405.54048
2.750       104.55220    0.0064452829       373.17438
2.750       106.56282    0.0071291903       437.04647
2.750       108.57344    0.0061651170       399.74441
2.750       110.58406    0.0062750550       429.89798
2.750       112.59468    0.0063659187       460.34663
2.750       114.60530    0.0049478480       377.31209
2.750       116.61592    0.0048938827       393.18536
2.750       118.62654    0.0056513412       477.93338
2.750       120.63716    0.0047186867       419.69587
2.750       122.64778    0.0043660438       408.07256
2.750       124.65840    0.0045372375       445.27302
2.750       126.66902    0.0047557631       489.66793
2.750       128.67964    0.0043085859       465.08730
2.750       132.70087    0.0044725536       529.47707
2.750       136.72211    0.0034586573       447.81029
2.750       140.74335    0.0029761444       420.34696
2.750       144.76459    0.0036471236       560.54149
2.750       148.78583    0.0024253055       404.68901
2.750       152.80707    0.0028425762       513.82200
2.750       156.82831    0.0028811162       562.99479
2.750       160.84954    0.0020735136       437.15621
2.750       164.87078    0.0025372576       576.05760
2.750       168.89202    0.0021174078       516.77580
2.750       172.91326    0.0021919344       574.09360
2.750       176.93450    0.0020501819       575.30773
2.750       180.95574    0.0022485354       674.97402
2.750       184.97698    0.0016911683       542.26317
2.750       188.99821    0.0020889497       714.44919
2.750       193.01945    0.0021555839       785.30511
2.750       197.04069    0.0017058938       661.13482
2.750       201.06193    0.0018518765       762.55614
2.750       205.08317    0.0013737644       600.30585
2.750       209.10441    0.0016295874       754.80972
2.750       213.12565    0.0017806376       873.27882
2.750       217.14688    0.0013806656       716.17568
2.750       221.16812    0.0014281645       782.73739
2.750       225.18936   0.00054263950       313.92454
2.750       229.21060    0.0016942256       1033.5836
2.750       233.23184    0.0015833702       1017.6917
2.750       237.25308    0.0010154544       687.01507
2.750       241.27432    0.0011560171       822.56036
2.750       245.29555   0.00092787048       693.78779
2.750       249.31679   0.00073311860       575.57125
2.750       253.33803    0.0013596378       1119.9397
2.750       257.35927   0.00092307814       797.12820
2.750       265.40175   0.00089310133       845.82852
2.750       273.44422    0.0018916882       1959.4134
2.750       281.48670   0.00040014734       452.13054
2.750       289.52918    0.0010413689       1280.4183
2.750       297.57166   0.00070023362       934.73371
2.750       305.61413   0.00060960906       881.53990
2.750       313.65661   0.00090102688       1408.5470
2.750       321.69909    0.0011564661       1950.5300
2.750       329.74156    0.0010350583       1879.9927
2.750       337.78404   0.00044732065       873.38673
2.750       345.82652   0.00090449860       1895.1912
2.750       353.86900   0.00018684526       419.44970
2.750       361.91147   0.00085105826       2043.7916
2.750       369.95395    0.0012494939       3205.1431
2.750       377.99643    0.0010207689       2792.9346
2.750       386.03891   0.00072251900       2105.7788
2.750       394.08138   0.00091189304       2827.3001
2.750       402.12386   0.00095779950       3155.1818
2.750       410.16634    0.0010496229       3669.3032
2.750       418.20881   0.00070844595       2625.1645
2.750       426.25129   0.00034731985       1362.6897
2.750       434.29377   0.00033716363       1399.1420
2.750       442.33625   0.00093195179       4086.2157
2.750       450.37872   0.00081946628       3792.5817
2.750       458.42120   0.00066310732       3236.2954
2.750       466.46368   0.00098102223       5044.3197
2.750       474.50615   0.00066205527       3583.3568
2.750       482.54863   0.00095902626       5459.1374
2.750       490.59111   0.00074429478       4452.1958
2.750       498.63359   0.00061515987       3863.6950
2.750       506.67606   0.00038374576       2528.7448
2.750       514.71854   0.00094189537       6507.0232
2.500     0.015707963       1211.4589   0.00023786939
2.500     0.031415927       3107.2407    0.0048808423
2.500     0.047123890       1651.8527    0.0087571939
2.500     0.062831853       1321.7786     0.016609960
2.500     0.078539816       1002.3528     0.024601438
2.500     0.094247780       820.27160     0.034788950
2.500      0.10995574       670.13082     0.045131898
2.500      0.12566371       574.96913     0.057802201
2.500      0.14137167       420.10349     0.060133116
2.500      0.15707963       380.52188     0.074715296
2.500      0.17278760       329.71667     0.086168562
2.500      0.18849556       291.97900     0.099066140
2.500      0.20420352       258.93028      0.11169733
2.500      0.21991149       235.18819      0.12671543
2.500      0.23561945       204.34777      0.13541712
2.500      0.25132741       186.87954      0.15029745
2.500      0.26703538       161.82686      0.15610876
2.500      0.28274334       147.57545      0.16899020
2.500      0.29845130       131.90186      0.17764035
2.500      0.31415927       119.02237      0.18695991
2.500      0.32986723       109.36824      0.19887445
2.500      0.34557519       98.919870      0.20681473
2.500      0.36128316       93.884608      0.22428891
2.500      0.37699112       85.105484      0.23100488
2.500      0.39269908       79.461198      0.24378390
2.500      0.40840704       75.627481      0.26099343
2.500      0.42411501       69.953992      0.27035455
2.500      0.43982297       65.901339      0.28405224
2.500      0.45553093       61.577097      0.29487849
2.500      0.47123890       58.267949      0.30890390
2.500      0.48694686       53.571199      0.31336201
2.500      0.50265482       51.468883      0.33114986
2.500      0.51836279       48.430433      0.34173547
2.500      0.53407075       46.246603      0.35689994
2.500      0.54977871       44.153915      0.37170914
2.500      0.56548668       42.374756      0.38819023
2.500      0.58119464       39.874377      0.39657832
2.500      0.59690260       37.772091      0.40695999
2.500      0.61261057       36.147284      0.42101676
2.500      0.62831853       34.542176      0.43406978
2.500      0.64402649       32.966481      0.44612242
2.500      0.65973446       31.153220      0.45319040
2.500      0.67544242       30.562280      0.47711273
2.500      0.69115038       29.275549      0.48965813
2.500      0.70685835       28.578252      0.51133214
2.500      0.72256631       26.738032      0.51101404
2.500      0.73827427       26.269471      0.53551889
2.500      0.75398224       25.201446      0.54724155
2.500      0.76969020       24.624004      0.56882254
2.500      0.78539816       23.561301      0.57828133
2.500      0.80110613       22.737425      0.59221814
2.500      0.81681409       22.031964      0.60826542
2.500      0.83252205       21.255659      0.62134396
2.500      0.84823002       20.550247      0.63537221
2.500      0.86393798       20.009384      0.65365967
2.500      0.87964594       19.290792      0.66518741
2.500      0.89535391       18.728862      0.68102939
2.500      0.91106187       18.397143      0.70479733
2.500      0.92676983       17.669803      0.71255374
2.500      0.94247780       17.093254      0.72495056
2.500      0.95818576       16.607366      0.74015071
2.500      0.97389372       16.383902      0.76669443
2.500      0.98960169       15.881493      0.77972753
2.500       1.0053096       15.459821      0.79574563
2.500       1.0367256       14.962596      0.84463418
2.500       1.0681415       13.797963      0.85186664
2.500       1.0995574       13.387280      0.90160510
2.500       1.1309734       12.481206      0.91471107
2.500       1.1623893       12.021710      0.95651392
2.500       1.1938052       11.638559       1.0031593
2.500       1.2252211       11.188556       1.0425280
2.500       1.2566371       10.792578       1.0849883
2.500       1.2880530       10.244725       1.1091027
2.500       1.3194689       9.8618219       1.1476908
2.500       1.3508848       9.6645607       1.2070002
2.500       1.3823008       9.2499032       1.2376992
2.500       1.4137167       9.0880347       1.3008505
2.500       1.4451326       8.5552899       1.3080613
2.500       1.4765485       8.2867083       1.3514361
2.500       1.5079645       8.1107083       1.4089720
2.500       1.5393804       7.8006687       1.4415840
2.500       1.5707963       7.6439071       1.5008777
2.500       1.6022123       7.3483721       1.5311634
2.500       1.6336282       7.1016449       1.5685157
2.500       1.6650441       6.8960799       1.6126858
2.500       1.6964600       6.7663567       1.6736169
2.500       1.7278760       6.6409838       1.7355629
2.500       1.7592919       6.3271453       1.7453871
2.500       1.7907078       6.3120902       1.8361901
2.500       1.8221237       6.1050531       1.8710841
2.500       1.8535397       5.9719357       1.9265977
2.500       1.8849556       5.7884093       1.9639610
2.500       1.9163715       5.6756179       2.0235900
2.500       1.9477874       5.5232439       2.0677078
2.500       1.9792034       5.3631524       2.1065010
2.500       2.0106193       5.2928509       2.1794628
2.500       2.0734512       4.9715188       2.2451262
2.500       2.1362830       4.8591210       2.3999618
2.500       2.1991149       4.6409822       2.5004830
2.500       2.2619467       4.4333922       2.5992827
2.500       2.3247786       4.3429395       2.7643869
2.500       2.3876104       4.0712811       2.8073189
2.500       2.4504423       3.8837929       2.8950745
2.500       2.5132741       3.8339375       3.0834355
2.500       2.5761060       3.7223435       3.2238727
2.500       2.6389378       3.5522906       3.3072439
2.500       2.7017697       3.4639064       3.4608388
2.500       2.7646015       3.3580210       3.5946060
2.500       2.8274334       3.2650938       3.7388933
2.500       2.8902652       3.1805186       3.8902840
2.500       2.9530971       3.0566507       3.9879459
2.500       3.0159289       3.0031143       4.1735483
2.500       3.0787608       2.8731798       4.2477692
2.500       3.1415927       2.8611632       4.4943046
2.500       3.2044245       2.7771340       4.6293202
2.500       3.2672564       2.6833388       4.7412779
2.500       3.3300882       2.6005384       4.8652006
2.500       3.3929201       2.5283785       5.0030314
2.500       3.4557519       2.4525167       5.1275499
2.500       3.5185838       2.3986029       5.2933706
2.500       3.5814156       2.3711396       5.5181253
2.500       3.6442475       2.3213071       5.6914962
2.500       3.7070793       2.2440719       5.7916547
2.500       3.7699112       2.2045521       5.9838951
2.500       3.8327430       2.1351773       6.0902248
2.500       3.8955749       2.0864076       6.2486196
2.500       3.9584067       2.0378701       6.4033614
2.500       4.0212386       2.0117921       6.6272428
2.500       4.1469023       1.9270345       6.9619542
2.500       4.2725660       1.8794695       7.4262895
2.500       4.3982297       1.7420980       7.5089044
2.500       4.5238934       1.7346780       8.1362862
2.500       4.6495571       1.6336840       8.3190376
2.500       4.7752208       1.5857213       8.7473701
2.500       4.9008845       1.5289842       9.1179385
2.500       5.0265482       1.4665716       9.4358949
2.500       5.1522120       1.4297200       9.9060936
2.500       5.2778757       1.3616418       10.141696
2.500       5.4035394       1.3333378       10.657256
2.500       5.5292031       1.2763995       10.930613
2.500       5.6548668       1.2464251       11.418356
2.500       5.7805305       1.2211454       11.949253
2.500       5.9061942       1.1663924       12.174135
2.500       6.0318579       1.1294074       12.556662
2.500       6.1575216       1.0869041       12.855215
2.500       6.2831853       1.0508733       13.205664
2.500       6.4088490       1.0277946       13.706189
2.500       6.5345127      0.99567205       14.074280
2.500       6.6601764      0.97460392       14.586652
2.500       6.7858401      0.94695413       14.990291
2.500       6.9115038      0.92109270       15.406048
2.500       7.0371675      0.89677007       15.832337
2.500       7.1628313      0.88331724       16.445274
2.500       7.2884950      0.84050138       16.486265
2.500       7.4141587      0.82621588       17.058837
2.500       7.5398224      0.80263985       17.429074
2.500       7.6654861      0.77920222       17.780319
2.500       7.7911498      0.76713550       18.380063
2.500       7.9168135      0.74138029       18.636422
2.500       8.0424772      0.72908338       19.213964
2.500       8.2938046      0.68880894       19.908128
2.500       8.5451320      0.66431412       20.999070
2.500       8.7964594      0.61762138       21.296895
2.500       9.0477868      0.59459149       22.310845
2.500       9.2991143      0.57225714       23.312359
2.500       9.5504417      0.55657260       24.561928
2.500       9.8017691      0.54027760       25.775116
2.500       10.053096      0.51995139       26.762862
2.500       10.304424      0.49166584       27.252820
2.500       10.555751      0.47826793       28.497645
2.500       10.807079      0.45655318       29.193528
2.500       11.058406      0.43181499       29.583230
2.500       11.309734      0.43506514       31.884651
2.500       11.561061      0.41446386       32.445166
2.500       11.812388      0.39947576       33.355991
2.500       12.063716      0.38332624       34.094325
2.500       12.315043      0.37250734       35.246249
2.500       12.566371      0.36172113       36.364174
2.500       12.817698      0.35291992       37.651002
2.500       13.069025      0.34128358       38.593598
2.500       13.320353      0.32926508       39.424222
2.500       13.571680      0.31931889       40.438564
2.500       13.823008      0.30835927       41.260541
2.500       14.074335      0.29682607       41.923348
2.500       14.325663      0.29395241       43.781579
2.500       14.576990      0.28557176       44.811458
2.500       14.828317      0.27454671       45.348415
2.500       15.079645      0.26886630       46.706783
2.500       15.330972      0.25988347       47.441454
2.500       15.582300      0.24951863       47.826422
2.500       15.833627      0.24458042       49.185056
2.500       16.084954      0.24017547       50.635886
2.500       16.587609      0.22194433       51.317524
2.500       17.090264      0.21051771       53.235974
2.500       17.592919      0.20631793       56.914238
2.500       18.095574      0.19728199       59.220867
2.500       18.598229      0.18734317       61.055228
2.500       19.100883      0.17770535       62.738063
2.500       19.603538      0.16998879       64.877475
2.500       20.106193      0.16402429       67.541075
2.500       20.608848      0.15493889       68.705552
2.500       21.111503      0.15195509       72.434079
2.500       21.614157      0.14729251       75.346978
2.500       22.116812      0.13982444       76.633903
2.500       22.619467      0.13617118       79.836699
2.500       23.122122      0.13130240       82.229182
2.500       23.624777      0.12625624       84.338574
2.500       24.127432      0.12192672       86.756578
2.500       24.630086      0.11471948       86.837088
2.500       25.132741      0.11271389       90.649892
2.500       25.635396      0.10925007       93.242105
2.500       26.138051      0.10463492       94.659997
2.500       26.640706      0.10107112       96.813184
2.500       27.143361     0.096491041       97.757052
2.500       27.646015     0.095562003       102.29470
2.500       28.148670     0.093742061       105.92011
2.500       28.651325     0.088236099       105.13582
2.500       29.153980     0.087192577       109.45694
2.500       29.656635     0.083921132       110.89378
2.500       30.159289     0.081735432       113.59100
2.500       30.661944     0.078774171       115.04114
2.500       31.164599     0.077923750       119.48812
2.500       31.667254     0.076851790       123.63899
2.500       32.169909     0.072547993       122.36160
2.500       33.175218     0.069714328       128.95366
2.500       34.180528     0.063667973       128.80348
2.500       35.185838     0.063554636       140.25591
2.500       36.191147     0.058239429       139.86029
2.500       37.196457     0.056335057       146.87698
2.500       38.201767     0.055100074       155.62264
2.500       39.207076     0.051159722       156.20388
2.500       40.212386     0.049524732       163.14431
2.500       41.217696     0.047315915       167.85281
2.500       42.223005     0.044832620       170.96681
2.500       43.228315     0.043530363       178.14247
2.500       44.233625     0.040678874       178.35971
2.500       45.238934     0.039363314       184.62861
2.500       46.244244     0.038669165       193.73501
2.500       47.249554     0.035922863       191.97043
2.500       48.254863     0.035644221       202.90028
2.500       49.260173     0.034506180       208.95604
2.500       50.265482     0.033338574       214.49978
2.500       51.270792     0.031970287       218.28650
2.500       52.276102     0.030758962       222.61351
2.500       53.281411     0.029930865       229.35947
2.500       54.286721     0.028774347       233.21505
2.500       55.292031     0.027891375       238.85141
2.500       56.297340     0.026185232       236.69567
2.500       57.302650     0.025884124       246.73335
2.500       58.307960     0.025299420       254.07642
2.500       59.313269     0.024055336       254.29468
2.500       60.318579     0.023085737       256.66539
2.500       61.323889     0.023230613       271.40634
2.500       62.329198     0.022448368       275.37826
2.500       63.334508     0.021804923       280.63771
2.500       64.339818     0.021207088       286.14803
2.500       66.350437     0.019803983       293.05839
2.500       68.361056     0.018987125       307.29519
2.500       70.371675     0.017365250       306.58081
2.500       72.382295     0.016498078       316.95723
2.500       74.392914     0.015443826       322.12162
2.500       76.403533     0.015843897       357.99140
2.500       78.414153     0.014629122       357.33199
2.500       80.424772     0.013709580       361.29664
2.500       82.435391     0.012476842       354.09195
2.500       84.446011     0.013282248       405.20915
2.500       86.456630     0.012224684       400.22369
2.500       88.467249     0.011049281       387.57150
2.500       90.477868     0.010619336       398.46915
2.500       92.488488     0.011013781       441.43802
2.500       94.499107     0.010502613       449.00453
2.500       96.509726     0.010624109       483.81133
2.500       98.520346    0.0091710274       444.28948
2.500       100.53096    0.0087628254       451.03887
2.500       102.54158    0.0086835953       474.31832
2.500       104.55220    0.0080518340       466.19181
2.500       106.56282    0.0080392541       492.83684
2.500       108.57344    0.0072737253       471.62625
2.500       110.58406    0.0071845367       492.20570
2.500       112.59468    0.0075029615       542.57102
2.500       114.60530    0.0064417160       491.23120
2.500       116.61592    0.0066800860       536.69288
2.500       118.62654    0.0059188815       500.55923
2.500       120.63716    0.0060922957       541.86928
2.500       122.64778    0.0060938800       569.56488
2.500       124.65840    0.0058971493       578.73133
2.500       126.66902    0.0050193693       516.80963
2.500       128.67964    0.0053349409       575.87647
2.500       132.70087    0.0048637030       575.78275
2.500       136.72211    0.0044212941       572.44787
2.500       140.74335    0.0035982607       508.21390
2.500       144.76459    0.0037059974       569.59005
2.500       148.78583    0.0038243324       638.13211
2.500       152.80707    0.0032113467       580.48068
2.500       156.82831    0.0030375344       593.56026
2.500       160.84954    0.0030140824       635.45512
2.500       164.87078    0.0031334785       711.42328
2.500       168.89202    0.0021620170       527.66314
2.500       172.91326    0.0017902061       468.87619
2.500       176.93450    0.0026018158       730.10340
2.500       180.95574    0.0011663286       350.11302
2.500       184.97698    0.0024762784       794.00410
2.500       188.99821    0.0021288341       728.09018
2.500       193.01945    0.0023439584       853.93222
2.500       197.04069    0.0016743050       648.89229
2.500       201.06193   0.00071488390       294.37120
2.500       205.08317    0.0012416936       542.59370
2.500       209.10441    0.0018759210       868.90911
2.500       213.12565    0.0018223158       893.71910
2.500       217.14688    0.0011727965       608.35028
2.500       221.16812    0.0016071393       880.82853
2.500       225.18936    0.0014722628       851.72463
2.500       229.21060    0.0013311239       812.06882
2.500       233.23184    0.0021069322       1354.2047
2.500       237.25308    0.0018244843       1234.3717
2.500       241.27432   0.00072831350       518.22922
2.500       245.29555   0.00074495498       557.01811
2.500       249.31679    0.0012229027       960.10062
2.500       253.33803   0.00079960159       658.63542
2.500       257.35927    0.0013643027       1178.1496
2.500       265.40175   0.00097801425       926.24692
2.500       273.44422   0.00076154482       788.80925
2.500       281.48670   0.00017996055       203.33925
2.500       289.52918   0.00096437252       1185.7472
2.500       297.57166   0.00091941193       1227.3123
2.500       305.61413    0.0010334113       1494.3893
2.500       313.65661   0.00056530451       883.72277
2.500       321.69909   0.00087623651       1477.8865
2.500       329.74156   0.00077575794       1409.0214
2.500       337.78404   0.00096917274       1892.2950
2.500       345.82652   0.00040431681       847.16291
2.500       353.86900   0.00066631902       1495.8223
2.500       361.91147   0.00062521207       1501.4285
2.500       369.95395    0.0013792959       3538.1049
2.500       377.99643    0.0013516314       3698.2104
2.500       386.03891   0.00096389958       2809.2816
2.500       394.08138   0.00061852003       1917.7049
2.500       402.12386   0.00089607553       2951.8508
2.500       410.16634  -0.00026603651      -930.01840
2.500       418.20881   0.00073024918       2705.9570
2.500       426.25129   8.4849502e-05       332.90221
2.500       434.29377   0.00060461465       2508.9946
2.500       442.33625   0.00088100404       3862.8313
2.500       450.37872   0.00015686142       725.97223
2.500       458.42120   0.00061321466       2992.7943
2.500       466.46368   0.00093608670       4813.2656
2.500       474.50615   0.00092522644       5007.7639
2.500       482.54863   0.00018995677       1081.3052
2.500       490.59111   0.00079163918       4735.3988
2.500       498.63359   0.00012961501       814.08573
2.500       506.67606   0.00062580984       4123.8590
2.500       514.71854   0.00047772550       3300.3357
2.250     0.015707963       1398.2937   0.00027455432
2.250     0.031415927       3588.3793    0.0056366130
2.250     0.047123890       1905.5393     0.010102098
2.250     0.062831853       1527.4655     0.019194698
2.250     0.078539816       1158.2936     0.028428803
2.250     0.094247780       947.85101     0.040199784
2.250      0.10995574       773.60493     0.052100662
2.250      0.12566371       662.58163     0.066609971
2.250      0.14137167       486.33124     0.069612878
2.250      0.15707963       440.93082     0.086576563
2.250      0.17278760       382.30287     0.099911506
2.250      0.18849556       338.09459      0.11471279
2.250      0.20420352       300.13139      0.12947066
2.250      0.21991149       273.09763      0.14714040
2.250      0.23561945       237.31852      0.15726617
2.250      0.25132741       217.55842      0.17497086
2.250      0.26703538       188.56529      0.18190239
2.250      0.28274334       172.66495      0.19772045
2.250      0.29845130       154.10172      0.20753826
2.250      0.31415927       139.41567      0.21899362
2.250      0.32986723       128.14377      0.23301574
2.250      0.34557519       115.81020      0.24212784
2.250      0.36128316       110.28404      0.26346691
2.250      0.37699112       100.23392      0.27206854
2.250      0.39269908       93.446870      0.28669141
2.250      0.40840704       89.084496      0.30743412
2.250      0.42411501       82.380635      0.31838040
2.250      0.43982297       77.571796      0.33435500
2.250      0.45553093       72.893139      0.34906840
2.250      0.47123890       68.997062      0.36578362
2.250      0.48694686       63.442600      0.37110427
2.250      0.50265482       61.002319      0.39248781
2.250      0.51836279       57.519189      0.40586767
2.250      0.53407075       54.993167      0.42440000
2.250      0.54977871       52.615018      0.44293882
2.250      0.56548668       50.419631      0.46188840
2.250      0.58119464       47.706167      0.47447091
2.250      0.59690260       45.067863      0.48556530
2.250      0.61261057       43.230070      0.50351180
2.250      0.62831853       41.421876      0.52052264
2.250      0.64402649       39.544837      0.53514473
2.250      0.65973446       37.403543      0.54411476
2.250      0.67544242       36.745398      0.57363839
2.250      0.69115038       35.189420      0.58857258
2.250      0.70685835       34.349580      0.61459478
2.250      0.72256631       32.271774      0.61677424
2.250      0.73827427       31.683246      0.64588193
2.250      0.75398224       30.425974      0.66069054
2.250      0.76969020       29.768577      0.68766387
2.250      0.78539816       28.516793      0.69990741
2.250      0.80110613       27.535459      0.71718755
2.250      0.81681409       26.720900      0.73771907
2.250      0.83252205       25.811155      0.75450988
2.250      0.84823002       24.912292      0.77023786
2.250      0.86393798       24.389071      0.79673376
2.250      0.87964594       23.502481      0.81041539
2.250      0.89535391       22.815530      0.82963108
2.250      0.91106187       22.457702      0.86035798
2.250      0.92676983       21.615196      0.87165597
2.250      0.94247780       20.935200      0.88789327
2.250      0.95818576       20.320538      0.90563793
2.250      0.97389372       20.066501      0.93902380
2.250      0.98960169       19.442875      0.95457934
2.250       1.0053096       19.007049      0.97832805
2.250       1.0367256       18.401469       1.0387575
2.250       1.0681415       17.036992       1.0518397
2.250       1.0995574       16.506777       1.1116966
2.250       1.1309734       15.449148       1.1322228
2.250       1.1623893       14.924006       1.1874367
2.250       1.1938052       14.419717       1.2428749
2.250       1.2252211       13.855520       1.2910306
2.250       1.2566371       13.461959       1.3533438
2.250       1.2880530       12.767605       1.3822318
2.250       1.3194689       12.363179       1.4387916
2.250       1.3508848       12.080996       1.5087872
2.250       1.3823008       11.581713       1.5497109
2.250       1.4137167       11.411513       1.6334305
2.250       1.4451326       10.746479       1.6430833
2.250       1.4765485       10.486761       1.7102311
2.250       1.5079645       10.173759       1.7673600
2.250       1.5393804       9.8234696       1.8154029
2.250       1.5707963       9.6331421       1.8914630
2.250       1.6022123       9.3587099       1.9500529
2.250       1.6336282       9.0575806       2.0005164
2.250       1.6650441       8.7642028       2.0495565
2.250       1.6964600       8.5675659       2.1191349
2.250       1.7278760       8.4294445       2.2029615
2.250       1.7592919       8.0550901       2.2220527
2.250       1.7907078       8.0310640       2.3362404
2.250       1.8221237       7.7975574       2.3898049
2.250       1.8535397       7.6575826       2.4704019
2.250       1.8849556       7.4045596       2.5123079
2.250       1.9163715       7.2841199       2.5970868
2.250       1.9477874       7.0604302       2.6431762
2.250       1.9792034       6.8928745       2.7073344
2.250       2.0106193       6.8140567       2.8058571
2.250       2.0734512       6.4177816       2.8982552
2.250       2.1362830       6.2225394       3.0733659
2.250       2.1991149       6.0146443       3.2405889
2.250       2.2619467       5.7687346       3.3821894
2.250       2.3247786       5.5807950       3.5523120
2.250       2.3876104       5.2811877       3.6416001
2.250       2.4504423       4.9937435       3.7224590
2.250       2.5132741       4.9599703       3.9890448
2.250       2.5761060       4.8748193       4.2220168
2.250       2.6389378       4.6188101       4.3001920
2.250       2.7017697       4.5153538       4.5113551
2.250       2.7646015       4.3659692       4.6735679
2.250       2.8274334       4.2787066       4.8995920
2.250       2.8902652       4.1652001       5.0947072
2.250       2.9530971       4.0193792       5.2439968
2.250       3.0159289       3.9134510       5.4386796
2.250       3.0787608       3.7588472       5.5571584
2.250       3.1415927       3.7298227       5.8587918
2.250       3.2044245       3.6299773       6.0509603
2.250       3.2672564       3.5258140       6.2298744
2.250       3.3300882       3.4380067       6.4319727
2.250       3.3929201       3.3161007       6.5617375
2.250       3.4557519       3.2507466       6.7964332
2.250       3.5185838       3.1424323       6.9348948
2.250       3.5814156       3.1176235       7.2553454
2.250       3.6442475       3.0634871       7.5112100
2.250       3.7070793       2.9598752       7.6390491
2.250       3.7699112       2.8898500       7.8440242
2.250       3.8327430       2.8141047       8.0267480
2.250       3.8955749       2.7461675       8.2245464
2.250       3.9584067       2.7083620       8.5101698
2.250       4.0212386       2.6358678       8.6830722
2.250       4.1469023       2.5525327       9.2217422
2.250       4.2725660       2.4469736       9.6686510
2.250       4.3982297       2.3184836       9.9932790
2.250       4.5238934       2.2664663       10.630572
2.250       4.6495571       2.1481651       10.938875
2.250       4.7752208       2.0498438       11.307625
2.250       4.9008845       1.9796958       11.805711
2.250       5.0265482       1.9507109       12.550838
2.250       5.1522120       1.8421097       12.763416
2.250       5.2778757       1.7818793       13.271683
2.250       5.4035394       1.7591594       14.060812
2.250       5.5292031       1.6719432       14.317903
2.250       5.6548668       1.6345488       14.973912
2.250       5.7805305       1.5555578       15.221572
2.250       5.9061942       1.4949479       15.603409
2.250       6.0318579       1.4584459       16.214886
2.250       6.1575216       1.3949723       16.498851
2.250       6.2831853       1.3845736       17.399065
2.250       6.4088490       1.3418631       17.894460
2.250       6.5345127       1.2795068       18.086415
2.250       6.6601764       1.2490242       18.693831
2.250       6.7858401       1.2123746       19.191900
2.250       6.9115038       1.1870818       19.854940
2.250       7.0371675       1.1415076       20.153141
2.250       7.1628313       1.1147512       20.754027
2.250       7.2884950       1.0774919       21.134785
2.250       7.4141587       1.0577529       21.839369
2.250       7.5398224       1.0307100       22.381546
2.250       7.6654861      0.98455047       22.466082
2.250       7.7911498      0.97103193       23.265288
2.250       7.9168135      0.94554247       23.768542
2.250       8.0424772      0.93494661       24.639199
2.250       8.2938046      0.90142573       26.053232
2.250       8.5451320      0.83546544       26.409190
2.250       8.7964594      0.79589747       27.444233
2.250       9.0477868      0.77808490       29.196066
2.250       9.2991143      0.73687801       30.018612
2.250       9.5504417      0.69991846       30.887878
2.250       9.8017691      0.66718145       31.829339
2.250       10.053096      0.63561958       32.716518
2.250       10.304424      0.61155663       33.898313
2.250       10.555751      0.58883555       35.085828
2.250       10.807079      0.57216196       36.585937
2.250       11.058406      0.55831980       38.249952
2.250       11.309734      0.54197754       39.719948
2.250       11.561061      0.50363027       39.425314
2.250       11.812388      0.50246829       41.955807
2.250       12.063716      0.48271527       42.934320
2.250       12.315043      0.46559995       44.054573
2.250       12.566371      0.43990265       44.223837
2.250       12.817698      0.43356150       46.254190
2.250       13.069025      0.42033385       47.532891
2.250       13.320353      0.40452557       48.435460
2.250       13.571680      0.39465496       49.979130
2.250       13.823008      0.37844841       50.638938
2.250       14.074335      0.37174041       52.504157
2.250       14.325663      0.35618507       53.050578
2.250       14.576990      0.34639808       54.356226
2.250       14.828317      0.33854210       55.918892
2.250       15.079645      0.33025440       57.370971
2.250       15.330972      0.31645315       57.768190
2.250       15.582300      0.30767589       58.973699
2.250       15.833627      0.30373557       61.081140
2.250       16.084954      0.29088760       61.327458
2.250       16.587609      0.27314477       63.155988
2.250       17.090264      0.26456310       66.903039
2.250       17.592919      0.24967208       68.873784
2.250       18.095574      0.23861708       71.628995
2.250       18.598229      0.23200448       75.610371
2.250       19.100883      0.21681424       76.545282
2.250       19.603538      0.20936745       79.906629
2.250       20.106193      0.19269587       79.347308
2.250       20.608848      0.18987184       84.196097
2.250       21.111503      0.18166212       86.594851
2.250       21.614157      0.17383416       88.924272
2.250       22.116812      0.16834379       92.264569
2.250       22.619467      0.16226401       95.134832
2.250       23.122122      0.15791590       98.896105
2.250       23.624777      0.15040364       100.46892
2.250       24.127432      0.14744657       104.91515
2.250       24.630086      0.14142001       107.04809
2.250       25.132741      0.13549105       108.96837
2.250       25.635396      0.13177113       112.46325
2.250       26.138051      0.12548062       113.51847
2.250       26.640706      0.11909959       114.08215
2.250       27.143361      0.12002098       121.59571
2.250       27.646015      0.11473888       122.82266
2.250       28.148670      0.10914443       123.32340
2.250       28.651325      0.10701120       127.50688
2.250       29.153980      0.10502830       131.84696
2.250       29.656635      0.10096516       133.41584
2.250       30.159289     0.099677579       138.52593
2.250       30.661944     0.097645126       142.60012
2.250       31.164599     0.093443975       143.28681
2.250       31.667254     0.090633212       145.81052
2.250       32.169909     0.088284167       148.90270
2.250       33.175218     0.078376580       144.97661
2.250       34.180528     0.078779308       159.37446
2.250       35.185838     0.075178960       165.90912
2.250       36.191147     0.071916916       172.70638
2.250       37.196457     0.068863688       179.54167
2.250       38.201767     0.064770896       182.93656
2.250       39.207076     0.060003407       183.20594
2.250       40.212386     0.058565896       192.92769
2.250       41.217696     0.055898769       198.30042
2.250       42.223005     0.053383141       203.57377
2.250       43.228315     0.050007482       204.64925
2.250       44.233625     0.048034740       210.61208
2.250       45.238934     0.048162892       225.90191
2.250       46.244244     0.044357421       222.23354
2.250       47.249554     0.042863837       229.06273
2.250       48.254863     0.043466887       247.42983
2.250       49.260173     0.040609127       245.91312
2.250       50.265482     0.038862348       250.03964
2.250       51.270792     0.038006186       259.49836
2.250       52.276102     0.036517455       264.28977
2.250       53.281411     0.035600992       272.80952
2.250       54.286721     0.032642795       264.56868
2.250       55.292031     0.032750972       280.46720
2.250       56.297340     0.030695554       277.46574
2.250       57.302650     0.031382387       299.14404
2.250       58.307960     0.029329991       294.55454
2.250       59.313269     0.027990279       295.89190
2.250       60.318579     0.027470696       305.41701
2.250       61.323889     0.026553568       310.22886
2.250       62.329198     0.025957298       318.42295
2.250       63.334508     0.025577647       329.19411
2.250       64.339818     0.024918819       336.23056
2.250       66.350437     0.022929123       339.30407
2.250       68.361056     0.023319169       377.40672
2.250       70.371675     0.020369382       359.61830
2.250       72.382295     0.020450459       392.88944
2.250       74.392914     0.018631409       388.60705
2.250       76.403533     0.017437000       393.98742
2.250       78.414153     0.017965244       438.82033
2.250       80.424772     0.015687134       413.41229
2.250       82.435391     0.015812789       448.76589
2.250       84.446011     0.014575389       444.65976
2.250       86.456630     0.014014911       458.83392
2.250       88.467249     0.013411379       470.42593
2.250       90.477868     0.013139741       493.04227
2.250       92.488488     0.012636245       506.46719
2.250       94.499107     0.011869668       507.44848
2.250       96.509726     0.011506602       523.99916
2.250       98.520346     0.010706855       518.69247
2.250       100.53096    0.0096066870       494.47399
2.250       102.54158    0.0097849687       534.47792
2.250       104.55220    0.0095190809       551.14370
2.250       106.56282    0.0088705050       543.79568
2.250       108.57344    0.0082536020       535.16118
2.250       110.58406    0.0085451038       585.41684
2.250       112.59468    0.0086399493       624.79144
2.250       114.60530    0.0076500648       583.37724
2.250       116.61592    0.0074534369       598.82560
2.250       118.62654    0.0076588986       647.71231
2.250       120.63716    0.0071103142       632.41526
2.250       122.64778    0.0068293845       638.30885
2.250       124.65840    0.0069680660       683.82839
2.250       126.66902    0.0065666871       676.12621
2.250       128.67964    0.0061182949       660.43507
2.250       132.70087    0.0058649978       694.31965
2.250       136.72211    0.0063104512       817.04682
2.250       140.74335    0.0046054997       650.47510
2.250       144.76459    0.0035727755       549.11463
2.250       148.78583    0.0040702686       679.16926
2.250       152.80707    0.0040522428       732.48044
2.250       156.82831    0.0037213405       727.18183
2.250       160.84954    0.0037368645       787.83834
2.250       164.87078    0.0038336787       870.39637
2.250       168.89202    0.0034811736       849.61728
2.250       172.91326    0.0038613346       1011.3293
2.250       176.93450    0.0030794695       864.13923
2.250       180.95574    0.0022160517       665.22293
2.250       184.97698    0.0027000941       865.76929
2.250       188.99821    0.0020658953       706.56428
2.250       193.01945    0.0023693300       863.17539
2.250       197.04069    0.0022673325       878.72553
2.250       201.06193    0.0015717857       647.22180
2.250       205.08317    0.0024471663       1069.3597
2.250       209.10441    0.0014673184       679.64820
2.250       213.12565    0.0017771437       871.56532
2.250       217.14688    0.0016011819       830.56137
2.250       221.16812    0.0025157862       1378.8327
2.250       225.18936    0.0015517830       897.72818
2.250       229.21060    0.0016662982       1016.5461
2.250       233.23184    0.0015277727       981.95710
2.250       237.25308    0.0015145876       1024.7082
2.250       241.27432    0.0010823882       770.16995
2.250       245.29555    0.0011202954       837.66783
2.250       249.31679   0.00085027009       667.54686
2.250       253.33803    0.0011880396       978.59355
2.250       257.35927    0.0012641591       1091.6702
2.250       265.40175    0.0019747076       1870.1842
2.250       273.44422   0.00097017922       1004.9131
2.250       281.48670   0.00093676073       1058.4554
2.250       289.52918    0.0011084689       1362.9213
2.250       297.57166    0.0014620158       1951.6279
2.250       305.61413   0.00081072460       1172.3679
2.250       313.65661   0.00035521598       555.29797
2.250       321.69909   0.00023013300       388.14915
2.250       329.74156    0.0011678909       2121.2586
2.250       337.78404   0.00031703475       619.00551
2.250       345.82652   0.00015129761       317.01311
2.250       353.86900    0.0011283721       2533.0872
2.250       361.91147    0.0012237973       2938.9135
2.250       369.95395   0.00064507472       1654.7153
2.250       377.99643   0.00077756373       2127.4989
2.250       386.03891   0.00055050538       1604.4458
2.250       394.08138    0.0016063966       4980.5898
2.250       402.12386   0.00051584275       1699.2885
2.250       410.16634   0.00027173048       949.92354
2.250       418.20881   0.00055442877       2054.4499
2.250       426.25129    0.0013669780       5363.2606
2.250       434.29377   0.00067027896       2781.4845
2.250       442.33625    0.0010935224       4794.6346
2.250       450.37872    0.0010668255       4937.3879
2.250       458.42120    0.0010046958       4903.4179
2.250       466.46368   0.00099157166       5098.5638
2.250       474.50615   0.00079050031       4278.5622
2.250       482.54863    0.0012038845       6852.9623
2.250       490.59111   0.00078290041       4683.1255
2.250       498.63359   0.00081386392       5111.7150
2.250       506.67606   0.00063148566       4161.2606
2.250       514.71854   0.00093903523       6487.2641
2.000     0.015707963       1630.5325   0.00032015432
2.000     0.031415927       4186.8539    0.0065766947
2.000     0.047123890       2220.5439     0.011772075
2.000     0.062831853       1783.5413     0.022412641
2.000     0.078539816       1352.4587     0.033194330
2.000     0.094247780       1106.6331     0.046933969
2.000      0.10995574       902.29835     0.060767892
2.000      0.12566371       771.21044     0.077530529
2.000      0.14137167       569.07025     0.081456042
2.000      0.15707963       516.52526      0.10141950
2.000      0.17278760       448.23577      0.11714249
2.000      0.18849556       395.71583      0.13426322
2.000      0.20420352       351.77861      0.15175023
2.000      0.21991149       320.66347      0.17276807
2.000      0.23561945       278.75111      0.18472270
2.000      0.25132741       256.23759      0.20607850
2.000      0.26703538       222.32294      0.21446722
2.000      0.28274334       204.50724      0.23418339
2.000      0.29845130       182.30849      0.24552606
2.000      0.31415927       165.45130      0.25989030
2.000      0.32986723       152.15878      0.27668447
2.000      0.34557519       137.34614      0.28715368
2.000      0.36128316       131.29160      0.31365363
2.000      0.37699112       119.72446      0.32497241
2.000      0.39269908       111.39017      0.34174077
2.000      0.40840704       106.39379      0.36716917
2.000      0.42411501       98.362911      0.38014787
2.000      0.43982297       92.556970      0.39894508
2.000      0.45553093       87.479564      0.41891942
2.000      0.47123890       82.898777      0.43948269
2.000      0.48694686       76.242473      0.44597647
2.000      0.50265482       73.366462      0.47203848
2.000      0.51836279       69.347427      0.48933024
2.000      0.53407075       66.361522      0.51213326
2.000      0.54977871       63.647710      0.53581739
2.000      0.56548668       60.878326      0.55769930
2.000      0.58119464       58.002737      0.57687743
2.000      0.59690260       54.593288      0.58819311
2.000      0.61261057       52.533452      0.61187069
2.000      0.62831853       50.459524      0.63409307
2.000      0.64402649       48.190778      0.65214685
2.000      0.65973446       45.661800      0.66424882
2.000      0.67544242       44.886727      0.70073400
2.000      0.69115038       43.012070      0.71941297
2.000      0.70685835       41.908900      0.74984879
2.000      0.72256631       39.615260      0.75712206
2.000      0.73827427       38.840949      0.79179599
2.000      0.75398224       37.345021      0.81093549
2.000      0.76969020       36.575656      0.84490961
2.000      0.78539816       35.090578      0.86125236
2.000      0.80110613       33.925695      0.88362738
2.000      0.81681409       32.957509      0.90990134
2.000      0.83252205       31.845372      0.93090171
2.000      0.84823002       30.722558      0.94987955
2.000      0.86393798       30.199038      0.98653175
2.000      0.87964594       29.106118       1.0036407
2.000      0.89535391       28.282133       1.0284108
2.000      0.91106187       27.883206       1.0682099
2.000      0.92676983       26.879391       1.0839403
2.000      0.94247780       26.090263       1.1065272
2.000      0.95818576       25.310624       1.1280341
2.000      0.97389372       24.999354       1.1698596
2.000      0.98960169       24.213070       1.1887798
2.000       1.0053096       23.776305       1.2238105
2.000       1.0367256       23.031545       1.3001240
2.000       1.0681415       21.461304       1.3249904
2.000       1.0995574       20.727474       1.3959517
2.000       1.1309734       19.486754       1.4281272
2.000       1.1623893       18.870287       1.5014247
2.000       1.1938052       18.231240       1.5714004
2.000       1.2252211       17.467073       1.6275481
2.000       1.2566371       17.120594       1.7211498
2.000       1.2880530       16.237539       1.7578899
2.000       1.3194689       15.815322       1.8405422
2.000       1.3508848       15.337580       1.9154997
2.000       1.3823008       14.780922       1.9777866
2.000       1.4137167       14.549334       2.0825745
2.000       1.4451326       13.756963       2.1033712
2.000       1.4765485       13.545325       2.2090364
2.000       1.5079645       13.036450       2.2646596
2.000       1.5393804       12.637906       2.3355180
2.000       1.5707963       12.353188       2.4255427
2.000       1.6022123       12.125561       2.5265753
2.000       1.6336282       11.756096       2.5965282
2.000       1.6650441       11.307356       2.6442868
2.000       1.6964600       11.038625       2.7303363
2.000       1.7278760       10.881876       2.8438829
2.000       1.7592919       10.441883       2.8804661
2.000       1.7907078       10.379734       3.0194698
2.000       1.8221237       10.120956       3.1018828
2.000       1.8535397       9.9833328       3.2207088
2.000       1.8849556       9.6306249       3.2675940
2.000       1.9163715       9.4497781       3.3692326
2.000       1.9477874       9.1955114       3.4424753
2.000       1.9792034       9.0373567       3.5496289
2.000       2.0106193       8.8824405       3.6575654
2.000       2.0734512       8.4147673       3.8000892
2.000       2.1362830       8.1224949       4.0117703
2.000       2.1991149       7.9423220       4.2791892
2.000       2.2619467       7.6316166       4.4743908
2.000       2.3247786       7.2793702       4.6334966
2.000       2.3876104       6.9434929       4.7878292
2.000       2.4504423       6.6065942       4.9247175
2.000       2.5132741       6.4918706       5.2210721
2.000       2.5761060       6.4443321       5.5813511
2.000       2.6389378       6.0910985       5.6709179
2.000       2.7017697       5.9093040       5.9040709
2.000       2.7646015       5.7974465       6.2058982
2.000       2.8274334       5.6328540       6.4502403
2.000       2.8902652       5.5182143       6.7496604
2.000       2.9530971       5.3322969       6.9569320
2.000       3.0159289       5.1622195       7.1741432
2.000       3.0787608       5.0421603       7.4544354
2.000       3.1415927       4.9022121       7.7003768
2.000       3.2044245       4.7939751       7.9912766
2.000       3.2672564       4.6995524       8.3037906
2.000       3.3300882       4.5504115       8.5131081
2.000       3.3929201       4.3775499       8.6620811
2.000       3.4557519       4.3179622       9.0276928
2.000       3.5185838       4.1661599       9.1941139
2.000       3.5814156       4.0881919       9.5140560
2.000       3.6442475       3.9975121       9.8012989
2.000       3.7070793       3.9210274       10.119657
2.000       3.7699112       3.8530647       10.458512
2.000       3.8327430       3.7411773       10.671062
2.000       3.8955749       3.6411833       10.905045
2.000       3.9584067       3.6129492       11.352548
2.000       4.0212386       3.4863927       11.484870
2.000       4.1469023       3.3672599       12.165173
2.000       4.2725660       3.1719108       12.533073
2.000       4.3982297       3.1096557       13.403441
2.000       4.5238934       2.9544236       13.857348
2.000       4.6495571       2.8556101       14.541323
2.000       4.7752208       2.7104445       14.951720
2.000       4.9008845       2.6401680       15.744368
2.000       5.0265482       2.5265834       16.255992
2.000       5.1522120       2.3993242       16.624185
2.000       5.2778757       2.3291837       17.348082
2.000       5.4035394       2.2605899       18.068704
2.000       5.5292031       2.1615182       18.510441
2.000       5.6548668       2.0970065       19.210434
2.000       5.7805305       2.0129343       19.697129
2.000       5.9061942       1.9487009       20.339422
2.000       6.0318579       1.9012244       21.137662
2.000       6.1575216       1.8142253       21.457509
2.000       6.2831853       1.7752884       22.308932
2.000       6.4088490       1.7470475       23.297809
2.000       6.5345127       1.6303289       23.045445
2.000       6.6601764       1.6220900       24.277413
2.000       6.7858401       1.5792128       24.998952
2.000       6.9115038       1.5067079       25.200954
2.000       7.0371675       1.4899871       26.305492
2.000       7.1628313       1.4377007       26.766582
2.000       7.2884950       1.3842539       27.151860
2.000       7.4141587       1.3526907       27.928936
2.000       7.5398224       1.3142337       28.538174
2.000       7.6654861       1.2757817       29.111577
2.000       7.7911498       1.2395584       29.699007
2.000       7.9168135       1.2007717       30.184358
2.000       8.0424772       1.1801688       31.101683
2.000       8.2938046       1.1220502       32.429776
2.000       8.5451320       1.0500551       33.192401
2.000       8.7964594       1.0120230       34.896700
2.000       9.0477868      0.97203774       36.473754
2.000       9.2991143      0.91981224       37.470906
2.000       9.5504417      0.89101746       39.321207
2.000       9.8017691      0.83716959       39.938992
2.000       10.053096      0.80592564       41.482487
2.000       10.304424      0.77235883       42.811508
2.000       10.555751      0.73621514       43.867456
2.000       10.807079      0.71196770       45.525581
2.000       11.058406      0.68702477       47.067406
2.000       11.309734      0.65830890       48.245532
2.000       11.561061      0.62962369       49.288363
2.000       11.812388      0.61419577       51.284985
2.000       12.063716      0.59007392       52.483160
2.000       12.315043      0.56480243       53.441007
2.000       12.566371      0.54709506       54.999994
2.000       12.817698      0.53079730       56.627719
2.000       13.069025      0.51321112       58.035793
2.000       13.320353      0.49251629       58.970939
2.000       13.571680      0.47650975       60.345225
2.000       13.823008      0.46622432       62.383944
2.000       14.074335      0.44433834       62.757800
2.000       14.325663      0.43024141       64.080607
2.000       14.576990      0.41868463       65.699315
2.000       14.828317      0.40807455       67.403956
2.000       15.079645      0.39528337       68.667642
2.000       15.330972      0.38643379       70.543084
2.000       15.582300      0.37593897       72.058008
2.000       15.833627      0.36675766       73.754865
2.000       16.084954      0.35131622       74.067548
2.000       16.587609      0.34349952       79.423273
2.000       17.090264      0.32205389       81.441381
2.000       17.592919      0.30845055       85.088233
2.000       18.095574      0.28146159       84.490226
2.000       18.598229      0.27743737       90.416971
2.000       19.100883      0.25634492       90.501406
2.000       19.603538      0.24844177       94.819631
2.000       20.106193      0.23850234       98.209263
2.000       20.608848      0.23232439       103.02110
2.000       21.111503      0.22025511       104.99139
2.000       21.614157      0.20910626       106.96760
2.000       22.116812      0.20428278       111.96173
2.000       22.619467      0.19548246       114.61070
2.000       23.122122      0.18635332       116.70527
2.000       23.624777      0.18234930       121.80847
2.000       24.127432      0.17417585       123.93429
2.000       24.630086      0.16781531       127.02805
2.000       25.132741      0.16416825       132.03194
2.000       25.635396      0.15390237       131.35169
2.000       26.138051      0.15162107       137.16693
2.000       26.640706      0.14994120       143.62446
2.000       27.143361      0.14087419       142.72253
2.000       27.646015      0.13803207       147.75694
2.000       28.148670      0.13452198       151.99775
2.000       28.651325      0.12830497       152.87901
2.000       29.153980      0.12640839       158.68640
2.000       29.656635      0.12233630       161.65576
2.000       30.159289      0.11651446       161.92482
2.000       30.661944      0.11477261       167.61296
2.000       31.164599      0.11103870       170.26653
2.000       31.667254      0.10701656       172.16801
2.000       32.169909      0.10557122       178.05956
2.000       33.175218      0.10085919       186.56369
2.000       34.180528     0.094636869       191.45509
2.000       35.185838     0.090694421       200.14950
2.000       36.191147     0.084065400       201.88061
2.000       37.196457     0.080714044       210.43796
2.000       38.201767     0.076999859       217.47560
2.000       39.207076     0.071903865       219.54112
2.000       40.212386     0.071832078       236.62913
2.000       41.217696     0.066618855       236.32983
2.000       42.223005     0.064535028       246.10089
2.000       43.228315     0.062896067       257.39415
2.000       44.233625     0.059370837       260.31609
2.000       45.238934     0.058250311       273.21567
2.000       46.244244     0.055291162       277.01228
2.000       47.249554     0.053114588       283.84236
2.000       48.254863     0.050172654       285.60158
2.000       49.260173     0.049223820       298.08036
2.000       50.265482     0.046460204       298.92410
2.000       51.270792     0.045818108       312.83656
2.000       52.276102     0.044171773       319.68678
2.000       53.281411     0.042196334       323.34946
2.000       54.286721     0.040590224       328.98230
2.000       55.292031     0.038890098       333.04040
2.000       56.297340     0.038255302       345.80043
2.000       57.302650     0.037226755       354.85388
2.000       58.307960     0.035569966       357.22122
2.000       59.313269     0.033996836       359.38864
2.000       60.318579     0.033318204       370.42914
2.000       61.323889     0.032541388       380.18536
2.000       62.329198     0.031010074       380.40629
2.000       63.334508     0.029922789       385.11775
2.000       64.339818     0.029695873       400.68754
2.000       66.350437     0.028498318       421.71675
2.000       68.361056     0.026618384       430.80252
2.000       70.371675     0.025269546       446.12994
2.000       72.382295     0.022467630       431.64287
2.000       74.392914     0.021965300       458.14411
2.000       76.403533     0.020826876       470.58137
2.000       78.414153     0.020253108       494.70386
2.000       80.424772     0.020260589       533.93923
2.000       82.435391     0.018225252       517.23143
2.000       84.446011     0.017328375       528.64668
2.000       86.456630     0.016177439       529.63288
2.000       88.467249     0.015892790       557.46546
2.000       90.477868     0.015770722       591.76452
2.000       92.488488     0.013969840       559.91838
2.000       94.499107     0.013990485       598.11698
2.000       96.509726     0.013582680       618.54169
2.000       98.520346     0.013078752       633.59880
2.000       100.53096     0.012560751       646.52512
2.000       102.54158     0.011664933       637.16597
2.000       104.55220     0.010839198       627.57694
2.000       106.56282     0.010968858       672.43272
2.000       108.57344     0.010653284       690.75586
2.000       110.58406     0.010290701       705.00603
2.000       112.59468    0.0095802647       692.78965
2.000       114.60530    0.0088360949       673.82131
2.000       116.61592    0.0082975965       666.64725
2.000       118.62654    0.0084486668       714.50293
2.000       120.63716    0.0085339531       759.03849
2.000       122.64778    0.0080096287       748.62045
2.000       124.65840    0.0076958856       755.25476
2.000       126.66902    0.0074275469       764.76297
2.000       128.67964    0.0077338746       834.82769
2.000       132.70087    0.0067395906       797.85711
2.000       136.72211    0.0070567389       913.67256
2.000       140.74335    0.0061769417       872.42363
2.000       144.76459    0.0053139711       816.72618
2.000       148.78583    0.0050861527       848.68075
2.000       152.80707    0.0053860258       973.57408
2.000       156.82831    0.0056084734       1095.9438
2.000       160.84954    0.0036719538       774.15331
2.000       164.87078    0.0036728002       833.87059
2.000       168.89202    0.0041516351       1013.2505
2.000       172.91326    0.0025204004       660.12273
2.000       176.93450    0.0030204094       847.56619
2.000       180.95574    0.0032818864       985.16931
2.000       184.97698    0.0030969417       993.01614
2.000       188.99821    0.0029412440       1005.9454
2.000       193.01945    0.0030119950       1097.3060
2.000       197.04069    0.0019595818       759.45392
2.000       201.06193    0.0026350160       1085.0333
2.000       205.08317    0.0025243275       1103.0775
2.000       209.10441    0.0026709404       1237.1547
2.000       213.12565    0.0013569599       665.49442
2.000       217.14688    0.0026052671       1351.3982
2.000       221.16812    0.0021742426       1191.6421
2.000       225.18936    0.0026769809       1548.6709
2.000       229.21060   0.00097787628       596.56568
2.000       233.23184    0.0016996694       1092.4416
2.000       237.25308    0.0017833324       1206.5300
2.000       241.27432    0.0016586183       1180.1847
2.000       245.29555    0.0013955827       1043.5058
2.000       249.31679    0.0015834133       1243.1374
2.000       253.33803   0.00078588811       647.33957
2.000       257.35927   0.00073719566       636.60857
2.000       265.40175    0.0016454714       1558.3748
2.000       273.44422    0.0012758883       1321.5670
2.000       281.48670    0.0018185991       2054.8535
2.000       289.52918    0.0013382979       1645.5083
2.000       297.57166   0.00077274317       1031.5259
2.000       305.61413   0.00029743499       430.11305
2.000       313.65661   0.00088478509       1383.1567
2.000       321.69909   0.00074465411       1255.9557
2.000       329.74156    0.0013841902       2514.1265
2.000       337.78404    0.0019525314       3812.2877
2.000       345.82652   0.00074031942       1551.1875
2.000       353.86900    0.0012710746       2853.4407
2.000       361.91147   0.00079439005       1907.7045
2.000       369.95395   0.00093029522       2386.3495
2.000       377.99643   0.00077718307       2126.4574
2.000       386.03891   0.00048920417       1425.7837
2.000       394.08138    0.0013084496       4056.8132
2.000       402.12386    0.0014324566       4718.7967
2.000       410.16634   0.00069249397       2420.8412
2.000       418.20881    0.0010367409       3841.6698
2.000       426.25129    0.0017193021       6745.5844
2.000       434.29377    0.0013205807       5480.0686
2.000       442.33625   0.00070231355       3079.3488
2.000       450.37872   0.00067526453       3125.1998
2.000       458.42120   0.00078226037       3817.8219
2.000       466.46368   0.00041484294       2133.0815
2.000       474.50615   0.00089116897       4823.4287
2.000       482.54863   0.00080766445       4597.5292
2.000       490.59111   0.00045016991       2692.8102
2.000       498.63359   0.00043755509       2748.1952
2.000       506.67606   0.00095354293       6283.5008
2.000       514.71854   0.00086206428       5955.5153
1.750     0.015707963       1923.5882   0.00037769566
1.750     0.031415927       4942.6218    0.0077638522
1.750     0.047123890       2617.5505     0.013876780
1.750     0.062831853       2107.2339     0.026480283
1.750     0.078539816       1597.9425     0.039219410
1.750     0.094247780       1307.2615     0.055442923
1.750      0.10995574       1064.8272     0.071713867
1.750      0.12566371       907.90161     0.091272225
1.750      0.14137167       674.10432     0.096490494
1.750      0.15707963       612.67934      0.12029931
1.750      0.17278760       532.31086      0.13911478
1.750      0.18849556       468.87628      0.15908597
1.750      0.20420352       417.63504      0.18015938
1.750      0.21991149       381.34552      0.20546253
1.750      0.23561945       331.72462      0.21982717
1.750      0.25132741       305.86222      0.24598899
1.750      0.26703538       265.70335      0.25631480
1.750      0.28274334       245.64627      0.28129213
1.750      0.29845130       218.84786      0.29473588
1.750      0.31415927       199.36093      0.31315542
1.750      0.32986723       183.52022      0.33371189
1.750      0.34557519       165.37328      0.34575085
1.750      0.36128316       158.75964      0.37927437
1.750      0.37699112       145.38102      0.39461295
1.750      0.39269908       134.90800      0.41389256
1.750      0.40840704       129.14543      0.44568599
1.750      0.42411501       119.39124      0.46141705
1.750      0.43982297       112.23366      0.48375682
1.750      0.45553093       106.65849      0.51076285
1.750      0.47123890       101.30161      0.53704416
1.750      0.48694686       93.231228      0.54535133
1.750      0.50265482       89.788755      0.57769921
1.750      0.51836279       85.101771      0.60049626
1.750      0.53407075       81.476037      0.62877684
1.750      0.54977871       78.376547      0.65981191
1.750      0.56548668       74.794405      0.68518288
1.750      0.58119464       71.851852      0.71461648
1.750      0.59690260       67.351522      0.72565149
1.750      0.61261057       65.073814      0.75793152
1.750      0.62831853       62.623577      0.78695108
1.750      0.64402649       59.834738      0.80971998
1.750      0.65973446       56.854654      0.82707289
1.750      0.67544242       55.868514      0.87217248
1.750      0.69115038       53.636240      0.89711114
1.750      0.70685835       52.061982      0.93151130
1.750      0.72256631       49.613614      0.94820939
1.750      0.73827427       48.535649      0.98942824
1.750      0.75398224       46.753813       1.0152445
1.750      0.76969020       45.804308       1.0580945
1.750      0.78539816       44.038781       1.0808743
1.750      0.80110613       42.670555       1.1113957
1.750      0.81681409       41.476759       1.1451035
1.750      0.83252205       40.055763       1.1709073
1.750      0.84823002       38.693663       1.1963301
1.750      0.86393798       38.072891       1.2437521
1.750      0.87964594       36.739903       1.2668698
1.750      0.89535391       35.800595       1.3018013
1.750      0.91106187       35.307669       1.3526421
1.750      0.92676983       34.071161       1.3739561
1.750      0.94247780       33.184470       1.4074032
1.750      0.95818576       32.199003       1.4350328
1.750      0.97389372       31.773487       1.4868592
1.750      0.98960169       30.770030       1.5107043
1.750       1.0053096       30.338131       1.5615598
1.750       1.0367256       29.420397       1.6607728
1.750       1.0681415       27.664156       1.7079457
1.750       1.0995574       26.588477       1.7906779
1.750       1.1309734       25.146373       1.8429041
1.750       1.1623893       24.374175       1.9393446
1.750       1.1938052       23.637190       2.0373541
1.750       1.2252211       22.507436       2.0971994
1.750       1.2566371       22.201871       2.2319756
1.750       1.2880530       21.100945       2.2844063
1.750       1.3194689       20.626797       2.4004880
1.750       1.3508848       19.850863       2.4791605
1.750       1.3823008       19.296986       2.5820663
1.750       1.4137167       18.867003       2.7006004
1.750       1.4451326       18.004754       2.7528375
1.750       1.4765485       17.875570       2.9152335
1.750       1.5079645       17.106335       2.9716699
1.750       1.5393804       16.700397       3.0862770
1.750       1.5707963       16.205384       3.1819198
1.750       1.6022123       16.016409       3.3373024
1.750       1.6336282       15.513248       3.4263572
1.750       1.6650441       14.859471       3.4749683
1.750       1.6964600       14.574054       3.6048030
1.750       1.7278760       14.366469       3.7545507
1.750       1.7592919       13.823865       3.8134094
1.750       1.7907078       13.704096       3.9865281
1.750       1.8221237       13.385247       4.1023268
1.750       1.8535397       13.263741       4.2789968
1.750       1.8849556       12.824487       4.3512459
1.750       1.9163715       12.458668       4.4420250
1.750       1.9477874       12.230258       4.5785773
1.750       1.9792034       12.118636       4.7598719
1.750       2.0106193       11.773408       4.8479931
1.750       2.0734512       11.320952       5.1125154
1.750       2.1362830       10.835569       5.3517811
1.750       2.1991149       10.654557       5.7404959
1.750       2.2619467       10.245970       6.0071774
1.750       2.3247786       9.7404566       6.2000380
1.750       2.3876104       9.3059951       6.4168735
1.750       2.4504423       9.0159483       6.7207091
1.750       2.5132741       8.6941897       6.9922823
1.750       2.5761060       8.6173075       7.4633365
1.750       2.6389378       8.1723010       7.6085533
1.750       2.7017697       7.9739346       7.9668731
1.750       2.7646015       7.8521798       8.4053950
1.750       2.8274334       7.5505078       8.6461660
1.750       2.8902652       7.3967219       9.0473763
1.750       2.9530971       7.1368778       9.3113296
1.750       3.0159289       6.9710029       9.6878820
1.750       3.0787608       6.7811181       10.025347
1.750       3.1415927       6.5216521       10.244187
1.750       3.2044245       6.3918078       10.654770
1.750       3.2672564       6.2655504       11.070803
1.750       3.3300882       6.0275955       11.276688
1.750       3.3929201       5.8489570       11.573629
1.750       3.4557519       5.7465704       12.014527
1.750       3.5185838       5.5255786       12.194155
1.750       3.5814156       5.4292820       12.635046
1.750       3.6442475       5.3443635       13.103576
1.750       3.7070793       5.1642626       13.328283
1.750       3.7699112       5.0734513       13.771052
1.750       3.8327430       4.9480610       14.113490
1.750       3.8955749       4.8101484       14.406000
1.750       3.9584067       4.7711665       14.991880
1.750       4.0212386       4.6503997       15.319340
1.750       4.1469023       4.3711846       15.792134
1.750       4.2725660       4.1634507       16.450914
1.750       4.3982297       4.1481920       17.879807
1.750       4.5238934       3.8418780       18.019840
1.750       4.6495571       3.7128216       18.906411
1.750       4.7752208       3.5595449       19.635643
1.750       4.9008845       3.4257352       20.429017
1.750       5.0265482       3.3095019       21.293275
1.750       5.1522120       3.1815812       22.044205
1.750       5.2778757       3.0399527       22.641988
1.750       5.4035394       2.9555816       23.623714
1.750       5.5292031       2.8121369       24.082099
1.750       5.6548668       2.7045139       24.775738
1.750       5.7805305       2.6304661       25.739853
1.750       5.9061942       2.5500103       26.615545
1.750       6.0318579       2.4583675       27.331934
1.750       6.1575216       2.3383471       27.656491
1.750       6.2831853       2.2713690       28.542865
1.750       6.4088490       2.2173921       29.570105
1.750       6.5345127       2.1507743       30.402180
1.750       6.6601764       2.0418321       30.559588
1.750       6.7858401       2.0033442       31.712954
1.750       6.9115038       1.9235556       32.173081
1.750       7.0371675       1.8961274       33.475837
1.750       7.1628313       1.7934323       33.389461
1.750       7.2884950       1.7511532       34.348515
1.750       7.4141587       1.7286233       35.690797
1.750       7.5398224       1.6552334       35.942879
1.750       7.6654861       1.6163232       36.882263
1.750       7.7911498       1.5527902       37.203834
1.750       7.9168135       1.5353375       38.594493
1.750       8.0424772       1.4921849       39.324428
1.750       8.2938046       1.3931941       40.266445
1.750       8.5451320       1.3387326       42.317542
1.750       8.7964594       1.2529561       43.204582
1.750       9.0477868       1.1964255       44.893451
1.750       9.2991143       1.1305673       46.056553
1.750       9.5504417       1.0779584       47.571039
1.750       9.8017691       1.0766094       51.361990
1.750       10.053096       1.0044230       51.699514
1.750       10.304424      0.96437293       53.454765
1.750       10.555751      0.91520720       54.532717
1.750       10.807079      0.86880184       55.554077
1.750       11.058406      0.86960035       59.575483
1.750       11.309734      0.81858645       59.991805
1.750       11.561061      0.77606761       60.752323
1.750       11.812388      0.77231531       64.487874
1.750       12.063716      0.72410560       64.404387
1.750       12.315043      0.70238611       66.459029
1.750       12.566371      0.68319874       68.682629
1.750       12.817698      0.65689435       70.080290
1.750       13.069025      0.61692481       69.764117
1.750       13.320353      0.60758138       72.748142
1.750       13.571680      0.58067633       73.536887
1.750       13.823008      0.56128996       75.104366
1.750       14.074335      0.55152725       77.897029
1.750       14.325663      0.53656461       79.916496
1.750       14.576990      0.51622938       81.005878
1.750       14.828317      0.49986915       82.566183
1.750       15.079645      0.48493037       84.240895
1.750       15.330972      0.47838457       87.328602
1.750       15.582300      0.46155093       88.467659
1.750       15.833627      0.44381180       89.250432
1.750       16.084954      0.43557615       91.831959
1.750       16.587609      0.40787267       94.307504
1.750       17.090264      0.38150891       96.476438
1.750       17.592919      0.36503382       100.69712
1.750       18.095574      0.35620345       106.92652
1.750       18.598229      0.33938905       110.60705
1.750       19.100883      0.31573296       111.46808
1.750       19.603538      0.30591118       116.75325
1.750       20.106193      0.29426455       121.17073
1.750       20.608848      0.27289978       121.01371
1.750       21.111503      0.26714047       127.34074
1.750       21.614157      0.25370456       129.78170
1.750       22.116812      0.25016757       137.10991
1.750       22.619467      0.23972525       140.55010
1.750       23.122122      0.22702704       142.17751
1.750       23.624777      0.22001671       146.97012
1.750       24.127432      0.21089845       150.06414
1.750       24.630086      0.20732581       156.93559
1.750       25.132741      0.19931853       160.30147
1.750       25.635396      0.19024819       162.37190
1.750       26.138051      0.18440868       166.82887
1.750       26.640706      0.17969503       172.12482
1.750       27.143361      0.17282225       175.08977
1.750       27.646015      0.16451022       176.10058
1.750       28.148670      0.16106536       181.98939
1.750       28.651325      0.15410584       183.62148
1.750       29.153980      0.14969576       187.92013
1.750       29.656635      0.14634069       193.37528
1.750       30.159289      0.14297773       198.70188
1.750       30.661944      0.13908142       203.11334
1.750       31.164599      0.13363117       204.90977
1.750       31.667254      0.13076878       210.38053
1.750       32.169909      0.12757341       215.16910
1.750       33.175218      0.12515719       231.50876
1.750       34.180528      0.11418035       230.99253
1.750       35.185838      0.10924606       241.09029
1.750       36.191147      0.10185128       244.59287
1.750       37.196457     0.099899154       260.45746
1.750       38.201767     0.095512446       269.76187
1.750       39.207076     0.090386984       275.97486
1.750       40.212386     0.085807300       282.66629
1.750       41.217696     0.080515561       285.62828
1.750       42.223005     0.076343831       291.13313
1.750       43.228315     0.076041776       311.19129
1.750       44.233625     0.071548017       313.70789
1.750       45.238934     0.069318132       325.12787
1.750       46.244244     0.065623550       328.77821
1.750       47.249554     0.062661333       334.85980
1.750       48.254863     0.061425604       349.65759
1.750       49.260173     0.058271134       352.86739
1.750       50.265482     0.057929002       372.71414
1.750       51.270792     0.054838887       374.42856
1.750       52.276102     0.052778279       381.97511
1.750       53.281411     0.051230351       392.57691
1.750       54.286721     0.049216548       398.89835
1.750       55.292031     0.047314865       405.18699
1.750       56.297340     0.045808288       414.07399
1.750       57.302650     0.045096970       429.87456
1.750       58.307960     0.042764764       429.47697
1.750       59.313269     0.041823675       442.12802
1.750       60.318579     0.040763937       453.21021
1.750       61.323889     0.039502642       461.51462
1.750       62.329198     0.038240856       469.10762
1.750       63.334508     0.037214021       478.95869
1.750       64.339818     0.035185863       474.76417
1.750       66.350437     0.035185123       520.66776
1.750       68.361056     0.032201902       521.16839
1.750       70.371675     0.029698957       524.33051
1.750       72.382295     0.029649959       569.62809
1.750       74.392914     0.027136062       565.99396
1.750       76.403533     0.025017144       565.26008
1.750       78.414153     0.024397560       595.93654
1.750       80.424772     0.022563521       594.62976
1.750       82.435391     0.021603741       613.11273
1.750       84.446011     0.021939462       669.31976
1.750       86.456630     0.019909594       651.81984
1.750       88.467249     0.018731650       657.04312
1.750       90.477868     0.018671703       700.61796
1.750       92.488488     0.018273819       732.42408
1.750       94.499107     0.017219509       736.16325
1.750       96.509726     0.016279178       741.33751
1.750       98.520346     0.015195462       736.14259
1.750       100.53096     0.014657391       754.44308
1.750       102.54158     0.014511807       792.66891
1.750       104.55220     0.013546902       784.34984
1.750       106.56282     0.013122534       804.46125
1.750       108.57344     0.011976362       776.54387
1.750       110.58406     0.011951217       818.76635
1.750       112.59468     0.012056589       871.86317
1.750       114.60530     0.010886674       830.19402
1.750       116.61592     0.010409583       836.32892
1.750       118.62654     0.010440884       882.98455
1.750       120.63716     0.010070346       895.69041
1.750       122.64778    0.0099507875       930.05098
1.750       124.65840    0.0095960796       941.73499
1.750       126.66902    0.0092243622       949.76858
1.750       128.67964    0.0093834667       1012.8918
1.750       132.70087    0.0070243124       831.56351
1.750       136.72211    0.0073449761       950.99213
1.750       140.74335    0.0077023924       1087.8764
1.750       144.76459    0.0058872898       904.84189
1.750       148.78583    0.0053310432       889.54343
1.750       152.80707    0.0057397878       1037.5198
1.750       156.82831    0.0055941389       1093.1427
1.750       160.84954    0.0050846546       1071.9912
1.750       164.87078    0.0044423530       1008.5895
1.750       168.89202    0.0039276213       958.57758
1.750       172.91326    0.0046196635       1209.9446
1.750       176.93450    0.0047606046       1335.8876
1.750       180.95574    0.0040966747       1229.7556
1.750       184.97698    0.0036761422       1178.7334
1.750       188.99821    0.0032918176       1125.8464
1.750       193.01945    0.0030886289       1125.2246
1.750       197.04069    0.0027328373       1059.1362
1.750       201.06193    0.0026733655       1100.8246
1.750       205.08317    0.0022174191       968.96503
1.750       209.10441    0.0025741166       1192.3068
1.750       213.12565    0.0022631330       1109.9092
1.750       217.14688    0.0020375564       1056.9165
1.750       221.16812    0.0023582537       1292.4935
1.750       225.18936    0.0024715669       1429.8360
1.750       229.21060    0.0019666953       1199.8071
1.750       233.23184    0.0019739065       1268.7041
1.750       237.25308    0.0015958402       1079.6804
1.750       241.27432    0.0018109358       1288.5658
1.750       245.29555    0.0017234658       1288.6707
1.750       249.31679    0.0016333058       1282.3081
1.750       253.33803    0.0012411569       1022.3465
1.750       257.35927    0.0019659698       1697.7219
1.750       265.40175    0.0017395748       1647.4972
1.750       273.44422    0.0011449061       1185.8954
1.750       281.48670   0.00055387992       625.83453
1.750       289.52918    0.0010954200       1346.8770
1.750       297.57166    0.0016950933       2262.7603
1.750       305.61413   0.00024107906       348.61820
1.750       313.65661    0.0012476555       1950.4206
1.750       321.69909    0.0010582878       1784.9397
1.750       329.74156   0.00044613680       810.32529
1.750       337.78404    0.0014455991       2822.5102
1.750       345.82652    0.0014018262       2937.2391
1.750       353.86900   0.00062006150       1391.9786
1.750       361.91147   0.00063700576       1529.7507
1.750       369.95395    0.0011240238       2883.2929
1.750       377.99643   0.00076788365       2101.0131
1.750       386.03891   0.00075515534       2200.8973
1.750       394.08138   0.00044737238       1387.0662
1.750       402.12386   0.00021817846       718.72320
1.750       410.16634   0.00051487625       1799.9198
1.750       418.20881   0.00097725598       3621.2469
1.750       426.25129   0.00080165434       3145.2454
1.750       434.29377   0.00059579768       2472.4064
1.750       442.33625   0.00047377743       2077.3143
1.750       450.37872    0.0011221828       5193.5876
1.750       458.42120   0.00068926151       3363.9410
1.750       466.46368   0.00049318023       2535.8842
1.750       474.50615   0.00094895089       5136.1718
1.750       482.54863   0.00057486523       3272.3486
1.750       490.59111   0.00027290064       1632.4273
1.750       498.63359   9.6889040e-05       608.54051
1.750       506.67606   0.00091542756       6032.3343
1.750       514.71854   0.00015607089       1078.2056
1.500     0.015707963       2299.2450   0.00045145569
1.500     0.031415927       5912.1379    0.0092867646
1.500     0.047123890       3125.6344     0.016570356
1.500     0.062831853       2522.9161     0.031703898
1.500     0.078539816       1913.3041     0.046959547
1.500     0.094247780       1564.7649     0.066364026
1.500      0.10995574       1273.4017     0.085760923
1.500      0.12566371       1082.5827      0.10883308
1.500      0.14137167       809.70903      0.11590079
1.500      0.15707963       737.10993      0.14473120
1.500      0.17278760       641.45933      0.16763978
1.500      0.18849556       563.34509      0.19113849
1.500      0.20420352       503.15452      0.21705077
1.500      0.21991149       460.13416      0.24791253
1.500      0.23561945       400.71980      0.26554888
1.500      0.25132741       370.72121      0.29815169
1.500      0.26703538       322.50655      0.31111087
1.500      0.28274334       299.80293      0.34330749
1.500      0.29845130       267.17425      0.35982000
1.500      0.31415927       244.47516      0.38402068
1.500      0.32986723       225.39895      0.40986389
1.500      0.34557519       202.68698      0.42376373
1.500      0.36128316       195.47104      0.46697736
1.500      0.37699112       179.93719      0.48841000
1.500      0.39269908       166.46879      0.51071984
1.500      0.40840704       159.76477      0.55135452
1.500      0.42411501       147.77802      0.57112482
1.500      0.43982297       138.73964      0.59800465
1.500      0.45553093       132.43922      0.63422083
1.500      0.47123890       126.23209      0.66921154
1.500      0.48694686       116.37360      0.68072146
1.500      0.50265482       112.18968      0.72182638
1.500      0.51836279       106.61882      0.75232517
1.500      0.53407075       102.09744      0.78791885
1.500      0.54977871       98.561280      0.82973681
1.500      0.56548668       93.814433      0.85942315
1.500      0.58119464       90.927424      0.90433628
1.500      0.59690260       84.975811      0.91553721
1.500      0.61261057       82.481476      0.96068307
1.500      0.62831853       79.457379      0.99849087
1.500      0.64402649       75.964429       1.0279967
1.500      0.65973446       72.456549       1.0540359
1.500      0.67544242       71.099905       1.1099522
1.500      0.69115038       68.488416       1.1455262
1.500      0.70685835       66.116751       1.1829842
1.500      0.72256631       63.624845       1.2159903
1.500      0.73827427       62.014853       1.2642099
1.500      0.75398224       59.923659       1.3012236
1.500      0.76969020       58.666722       1.3552205
1.500      0.78539816       56.581466       1.3887181
1.500      0.80110613       54.977988       1.4319546
1.500      0.81681409       53.459955       1.4759393
1.500      0.83252205       51.592004       1.5081339
1.500      0.84823002       50.014822       1.5463575
1.500      0.86393798       49.045115       1.6021889
1.500      0.87964594       47.442885       1.6359313
1.500      0.89535391       46.458833       1.6893621
1.500      0.91106187       45.756580       1.7529415
1.500      0.92676983       44.200383       1.7824278
1.500      0.94247780       43.246124       1.8341330
1.500      0.95818576       41.993762       1.8715618
1.500      0.97389372       41.372661       1.9360582
1.500      0.98960169       40.070092       1.9673058
1.500       1.0053096       39.588990       2.0377187
1.500       1.0367256       38.443976       2.1701512
1.500       1.0681415       36.510680       2.2541175
1.500       1.0995574       34.897009       2.3502400
1.500       1.1309734       33.342834       2.4435987
1.500       1.1623893       32.242606       2.5654006
1.500       1.1938052       31.419923       2.7081691
1.500       1.2252211       29.743633       2.7714542
1.500       1.2566371       29.284911       2.9440403
1.500       1.2880530       28.016288       3.0330673
1.500       1.3194689       27.350145       3.1829321
1.500       1.3508848       26.411827       3.2985546
1.500       1.3823008       25.804604       3.4528292
1.500       1.4137167       24.998268       3.5782224
1.500       1.4451326       24.084515       3.6824027
1.500       1.4765485       24.034005       3.9195805
1.500       1.5079645       22.934375       3.9841024
1.500       1.5393804       22.597238       4.1760287
1.500       1.5707963       21.808332       4.2820560
1.500       1.6022123       21.591744       4.4990220
1.500       1.6336282       20.843669       4.6036689
1.500       1.6650441       20.014635       4.6805313
1.500       1.6964600       19.757908       4.8869975
1.500       1.7278760       19.424453       5.0764106
1.500       1.7592919       18.800828       5.1863395
1.500       1.7907078       18.525152       5.3889756
1.500       1.8221237       18.073084       5.5390606
1.500       1.8535397       17.903553       5.7758399
1.500       1.8849556       17.498649       5.9371516
1.500       1.9163715       16.905122       6.0273677
1.500       1.9477874       16.626090       6.2242218
1.500       1.9792034       16.577932       6.5113625
1.500       2.0106193       15.977853       6.5792779
1.500       2.0734512       15.553994       7.0241473
1.500       2.1362830       14.637053       7.2293667
1.500       2.1991149       14.370544       7.7426069
1.500       2.2619467       13.852236       8.1215186
1.500       2.3247786       13.261490       8.4412616
1.500       2.3876104       12.731644       8.7790015
1.500       2.4504423       12.351346       9.2069961
1.500       2.5132741       12.007356       9.6568888
1.500       2.5761060       11.743674       10.171041
1.500       2.6389378       11.168694       10.398247
1.500       2.7017697       11.024070       11.014308
1.500       2.7646015       10.781794       11.541411
1.500       2.8274334       10.296907       11.791097
1.500       2.8902652       10.098250       12.351778
1.500       2.9530971       9.6904953       12.642979
1.500       3.0159289       9.4663513       13.155768
1.500       3.0787608       9.1343660       13.504438
1.500       3.1415927       8.8894971       13.963589
1.500       3.2044245       8.7144352       14.526455
1.500       3.2672564       8.5379700       15.086014
1.500       3.3300882       8.2611041       15.455233
1.500       3.3929201       7.9053472       15.642714
1.500       3.4557519       7.7672635       16.239250
1.500       3.5185838       7.4728538       16.491510
1.500       3.5814156       7.3387284       17.078717
1.500       3.6442475       7.1769316       17.596758
1.500       3.7070793       6.9783898       18.010307
1.500       3.7699112       6.8034292       18.466793
1.500       3.8327430       6.6849290       19.067606
1.500       3.8955749       6.5174827       19.519326
1.500       3.9584067       6.3556702       19.970680
1.500       4.0212386       6.1920508       20.397846
1.500       4.1469023       5.9112863       21.356184
1.500       4.2725660       5.5666724       21.995420
1.500       4.3982297       5.3880755       23.224034
1.500       4.5238934       5.1900356       24.343201
1.500       4.6495571       4.8789236       24.844430
1.500       4.7752208       4.6374120       25.581519
1.500       4.9008845       4.5150940       26.925295
1.500       5.0265482       4.3876628       28.230143
1.500       5.1522120       4.1841681       28.990823
1.500       5.2778757       3.9411826       29.354473
1.500       5.4035394       3.7322954       29.831922
1.500       5.5292031       3.6191223       30.992823
1.500       5.6548668       3.5517409       32.537087
1.500       5.7805305       3.3545961       32.825669
1.500       5.9061942       3.2494656       33.916057
1.500       6.0318579       3.1418374       34.930699
1.500       6.1575216       3.0416031       35.974158
1.500       6.2831853       2.9467879       37.030428
1.500       6.4088490       2.8414945       37.892844
1.500       6.5345127       2.7378171       38.700298
1.500       6.6601764       2.6674226       39.922642
1.500       6.7858401       2.5811078       40.858958
1.500       6.9115038       2.4937984       41.710872
1.500       7.0371675       2.4059112       42.475992
1.500       7.1628313       2.2970617       42.765847
1.500       7.2884950       2.2510395       44.153685
1.500       7.4141587       2.1937292       45.293815
1.500       7.5398224       2.1342827       46.345284
1.500       7.6654861       2.0592636       46.989551
1.500       7.7911498       2.0012992       47.949815
1.500       7.9168135       1.9467276       48.935799
1.500       8.0424772       1.8862801       49.710250
1.500       8.2938046       1.7619469       50.924231
1.500       8.5451320       1.6655890       52.649522
1.500       8.7964594       1.5704712       54.153176
1.500       9.0477868       1.5080099       56.585028
1.500       9.2991143       1.4445968       58.849346
1.500       9.5504417       1.3776847       60.798166
1.500       9.8017691       1.3055937       62.286179
1.500       10.053096       1.2572336       64.712146
1.500       10.304424       1.2118764       67.173772
1.500       10.555751       1.1398607       67.918720
1.500       10.807079       1.1057778       70.707105
1.500       11.058406       1.0547410       72.259289
1.500       11.309734      0.99872312       73.193494
1.500       11.561061      0.97177715       76.072908
1.500       11.812388      0.91352621       76.278901
1.500       12.063716      0.89775195       79.849078
1.500       12.315043      0.86740655       82.073088
1.500       12.566371      0.84368427       84.816393
1.500       12.817698      0.80622524       86.011546
1.500       13.069025      0.77069910       87.153478
1.500       13.320353      0.75195262       90.034285
1.500       13.571680      0.72444381       91.743609
1.500       13.823008      0.70767994       94.692327
1.500       14.074335      0.67733850       95.666455
1.500       14.325663      0.64966821       96.762263
1.500       14.576990      0.63364129       99.429966
1.500       14.828317      0.62833555       103.78570
1.500       15.079645      0.59936611       104.12039
1.500       15.330972      0.58319356       106.46137
1.500       15.582300      0.56504816       108.30546
1.500       15.833627      0.53994341       108.58247
1.500       16.084954      0.53032832       111.80844
1.500       16.587609      0.49057608       113.43002
1.500       17.090264      0.48218073       121.93445
1.500       17.592919      0.44664917       123.21129
1.500       18.095574      0.43492274       130.55678
1.500       18.598229      0.40449089       131.82377
1.500       19.100883      0.39171467       138.29308
1.500       19.603538      0.37803826       144.28109
1.500       20.106193      0.35120342       144.61673
1.500       20.608848      0.34121179       151.30575
1.500       21.111503      0.32437106       154.62147
1.500       21.614157      0.31401708       160.63437
1.500       22.116812      0.30138607       165.18136
1.500       22.619467      0.28796645       168.83375
1.500       23.122122      0.27800973       174.10583
1.500       23.624777      0.26797512       179.00611
1.500       24.127432      0.25636129       182.41308
1.500       24.630086      0.24755090       187.38403
1.500       25.132741      0.23814052       191.52397
1.500       25.635396      0.23107938       197.22027
1.500       26.138051      0.22794402       206.21396
1.500       26.640706      0.21720650       208.05601
1.500       27.143361      0.20824093       210.97316
1.500       27.646015      0.20406321       218.44022
1.500       28.148670      0.19837209       224.14264
1.500       28.651325      0.19067234       227.19151
1.500       29.153980      0.18266540       229.30847
1.500       29.656635      0.17929662       236.92340
1.500       30.159289      0.17568442       244.15567
1.500       30.661944      0.16573666       242.04043
1.500       31.164599      0.16214903       248.63900
1.500       31.667254      0.15880033       255.47762
1.500       32.169909      0.15400478       259.74904
1.500       33.175218      0.15001764       277.49423
1.500       34.180528      0.13786073       278.89912
1.500       35.185838      0.13065909       288.34576
1.500       36.191147      0.12475340       299.59166
1.500       37.196457      0.12181950       317.60828
1.500       38.201767      0.11506056       324.97285
1.500       39.207076      0.10879975       332.19380
1.500       40.212386      0.10635913       350.36811
1.500       41.217696     0.097980132       347.58370
1.500       42.223005     0.098296780       374.84953
1.500       43.228315     0.094006735       384.71059
1.500       44.233625     0.088000726       385.84608
1.500       45.238934     0.083620171       392.20977
1.500       46.244244     0.081774227       409.69414
1.500       47.249554     0.078404549       418.99096
1.500       48.254863     0.075620893       430.46250
1.500       49.260173     0.072821609       440.97942
1.500       50.265482     0.070859955       455.91166
1.500       51.270792     0.067622173       461.71019
1.500       52.276102     0.065087348       471.06021
1.500       53.281411     0.062844279       481.57415
1.500       54.286721     0.061288237       496.73895
1.500       55.292031     0.058331604       499.53025
1.500       56.297340     0.056357696       509.43306
1.500       57.302650     0.055142781       525.63350
1.500       58.307960     0.052910980       531.37314
1.500       59.313269     0.051102757       540.21940
1.500       60.318579     0.049461664       549.91085
1.500       61.323889     0.048128553       562.29228
1.500       62.329198     0.046282946       567.76141
1.500       63.334508     0.046010643       592.17459
1.500       64.339818     0.043820539       591.27219
1.500       66.350437     0.042004320       621.57792
1.500       68.361056     0.040841722       660.99869
1.500       70.371675     0.037554522       663.01930
1.500       72.382295     0.036205881       695.57894
1.500       74.392914     0.033628836       701.41783
1.500       76.403533     0.031585439       713.67010
1.500       78.414153     0.031074908       759.03791
1.500       80.424772     0.028360931       747.41232
1.500       82.435391     0.027225675       772.66283
1.500       84.446011     0.026248008       800.76303
1.500       86.456630     0.025760067       843.35836
1.500       88.467249     0.023476613       823.48040
1.500       90.477868     0.022781803       854.84116
1.500       92.488488     0.021718698       870.49658
1.500       94.499107     0.021466767       917.74074
1.500       96.509726     0.019583710       891.82261
1.500       98.520346     0.019696182       954.17949
1.500       100.53096     0.018066749       929.92907
1.500       102.54158     0.018772723       1025.4101
1.500       104.55220     0.017451869       1010.4429
1.500       106.56282     0.017256312       1057.8775
1.500       108.57344     0.015512310       1005.8137
1.500       110.58406     0.015250902       1044.8247
1.500       112.59468     0.015044203       1087.9102
1.500       114.60530     0.013842469       1055.5964
1.500       116.61592     0.013885522       1115.5935
1.500       118.62654     0.013078637       1106.0591
1.500       120.63716     0.012762597       1135.1483
1.500       122.64778     0.012177625       1138.1825
1.500       124.65840     0.011886768       1166.5374
1.500       126.66902     0.011262477       1159.6191
1.500       128.67964     0.011016519       1189.1705
1.500       132.70087     0.011302624       1338.0455
1.500       136.72211    0.0093646508       1212.4899
1.500       140.74335    0.0080403612       1135.6107
1.500       144.76459    0.0080273864       1233.7622
1.500       148.78583    0.0072848050       1215.5502
1.500       152.80707    0.0069041856       1247.9955
1.500       156.82831    0.0069928249       1366.4579
1.500       160.84954    0.0060933271       1284.6483
1.500       164.87078    0.0052992900       1203.1480
1.500       168.89202    0.0061378908       1498.0172
1.500       172.91326    0.0055983577       1466.2762
1.500       176.93450    0.0045284610       1270.7451
1.500       180.95574    0.0047214940       1417.3163
1.500       184.97698    0.0038359375       1229.9708
1.500       188.99821    0.0040268468       1377.2363
1.500       193.01945    0.0036926600       1345.2804
1.500       197.04069    0.0029801611       1154.9888
1.500       201.06193    0.0039181731       1613.4051
1.500       205.08317    0.0032903914       1437.8311
1.500       209.10441    0.0035104438       1626.0048
1.500       213.12565    0.0032541818       1595.9497
1.500       217.14688    0.0034458070       1787.4011
1.500       221.16812    0.0030939753       1695.7222
1.500       225.18936    0.0027871278       1612.3924
1.500       229.21060    0.0024498348       1494.5524
1.500       233.23184    0.0022986872       1477.4529
1.500       237.25308    0.0026925972       1821.7015
1.500       241.27432    0.0026609993       1893.4258
1.500       245.29555    0.0019799091       1480.4186
1.500       249.31679    0.0021795459       1711.1610
1.500       253.33803    0.0021123625       1739.9625
1.500       257.35927    0.0018017867       1555.9408
1.500       265.40175    0.0021127395       2000.9100
1.500       273.44422    0.0020778858       2152.2772
1.500       281.48670    0.0014955288       1689.8131
1.500       289.52918   0.00056174937       690.70066
1.500       297.57166   0.00068075551       908.73261
1.500       305.61413    0.0012328231       1782.7536
1.500       313.65661    0.0014178101       2216.4180
1.500       321.69909   0.00075553780       1274.3125
1.500       329.74156    0.0012682537       2303.5492
1.500       337.78404   0.00032718993       638.83335
1.500       345.82652    0.0018436365       3862.9621
1.500       353.86900   0.00058451271       1312.1750
1.500       361.91147    0.0010521366       2526.6753
1.500       369.95395   0.00057139677       1465.7201
1.500       377.99643    0.0010969679       3001.4234
1.500       386.03891   0.00029413825       857.26480
1.500       394.08138   0.00043986623       1363.7935
1.500       402.12386   0.00081912927       2698.3745
1.500       410.16634   0.00053285625       1862.7748
1.500       418.20881   0.00021695257       803.92329
1.500       426.25129   0.00088135280       3457.9378
1.500       434.29377   0.00088710475       3681.2555
1.500       442.33625   0.00069306553       3038.8002
1.500       450.37872  -2.7026727e-05      -125.08272
1.500       458.42120   0.00052457156       2560.1716
1.500       466.46368   0.00077123840       3965.6319
1.500       474.50615   0.00027874717       1508.7117
1.500       482.54863   0.00050742132       2888.4326
1.500       490.59111   0.00058781141       3516.1492
1.500       498.63359   0.00053547204       3363.1918
1.500       506.67606   0.00090355224       5954.0803
1.500       514.71854   0.00065919201       4553.9853
1.250     0.015707963       2789.0256   0.00054762391
1.250     0.031415927       7177.1784     0.011273885
1.250     0.047123890       3786.7783     0.020075369
1.250     0.062831853       3065.9387     0.038527722
1.250     0.078539816       2325.5081     0.057076557
1.250     0.094247780       1900.9323     0.080621390
1.250      0.10995574       1545.7940      0.10410597
1.250      0.12566371       1309.5902      0.13165437
1.250      0.14137167       988.05616      0.14142919
1.250      0.15707963       901.21900      0.17695394
1.250      0.17278760       786.00435      0.20541535
1.250      0.18849556       687.62356      0.23330518
1.250      0.20420352       616.50958      0.26594987
1.250      0.21991149       564.46472      0.30412407
1.250      0.23561945       492.47686      0.32635442
1.250      0.25132741       457.26169      0.36775167
1.250      0.26703538       398.47394      0.38439398
1.250      0.28274334       372.58519      0.42665122
1.250      0.29845130       332.59448      0.44792544
1.250      0.31415927       305.94215      0.48057281
1.250      0.32986723       282.71671      0.51409012
1.250      0.34557519       253.70358      0.53042566
1.250      0.36128316       245.75134      0.58709623
1.250      0.37699112       227.66500      0.61795931
1.250      0.39269908       210.00677      0.64429271
1.250      0.40840704       202.04923      0.69727988
1.250      0.42411501       187.25398      0.72368945
1.250      0.43982297       175.55632      0.75669428
1.250      0.45553093       168.00340      0.80452946
1.250      0.47123890       160.89333      0.85296594
1.250      0.48694686       148.82937      0.87056981
1.250      0.50265482       143.69745      0.92454676
1.250      0.51836279       136.84333      0.96559576
1.250      0.53407075       131.10376       1.0117699
1.250      0.54977871       127.04437       1.0695214
1.250      0.56548668       120.65900       1.1053431
1.250      0.58119464       117.91954       1.1727916
1.250      0.59690260       110.26171       1.1879698
1.250      0.61261057       107.48040       1.2518520
1.250      0.62831853       103.54779       1.3012199
1.250      0.64402649       99.131016       1.3415011
1.250      0.65973446       94.929712       1.3809563
1.250      0.67544242       92.994244       1.4517483
1.250      0.69115038       89.981413       1.5050147
1.250      0.70685835       86.379817       1.5455381
1.250      0.72256631       83.953059       1.6045007
1.250      0.73827427       81.376282       1.6589042
1.250      0.75398224       79.024451       1.7159913
1.250      0.76969020       77.255263       1.7846218
1.250      0.78539816       74.832849       1.8366745
1.250      0.80110613       72.857663       1.8976480
1.250      0.81681409       70.899704       1.9574215
1.250      0.83252205       68.456353       2.0011114
1.250      0.84823002       66.789548       2.0649982
1.250      0.86393798       64.989208       2.1230450
1.250      0.87964594       63.078705       2.1750875
1.250      0.89535391       62.082218       2.2574684
1.250      0.91106187       61.061345       2.3392694
1.250      0.92676983       59.124902       2.3842751
1.250      0.94247780       58.075415       2.4630655
1.250      0.95818576       56.485033       2.5174032
1.250      0.97389372       55.632398       2.6033511
1.250      0.98960169       53.928351       2.6476994
1.250       1.0053096       53.144096       2.7354252
1.250       1.0367256       51.613564       2.9135706
1.250       1.0681415       49.393408       3.0494788
1.250       1.0995574       47.079370       3.1706963
1.250       1.1309734       45.711775       3.3500822
1.250       1.1623893       43.857164       3.4895192
1.250       1.1938052       42.674502       3.6782321
1.250       1.2252211       40.595809       3.7826390
1.250       1.2566371       39.486609       3.9696269
1.250       1.2880530       38.211795       4.1368416
1.250       1.3194689       37.019385       4.3082109
1.250       1.3508848       36.565881       4.5666874
1.250       1.3823008       35.341876       4.7289803
1.250       1.4137167       34.164631       4.8902848
1.250       1.4451326       33.158819       5.0698187
1.250       1.4765485       32.956122       5.3746421
1.250       1.5079645       31.433057       5.4604724
1.250       1.5393804       31.209780       5.7676489
1.250       1.5707963       30.083467       5.9068750
1.250       1.6022123       29.859674       6.2217917
1.250       1.6336282       28.666151       6.3313933
1.250       1.6650441       27.932244       6.5321073
1.250       1.6964600       27.401324       6.7775496
1.250       1.7278760       26.880775       7.0250552
1.250       1.7592919       26.143880       7.2119715
1.250       1.7907078       25.603060       7.4479427
1.250       1.8221237       24.969811       7.6527778
1.250       1.8535397       24.441837       7.8851462
1.250       1.8849556       24.169982       8.2006816
1.250       1.9163715       23.553843       8.3979090
1.250       1.9477874       22.949606       8.5915235
1.250       1.9792034       22.803895       8.9567521
1.250       2.0106193       22.163947       9.1265555
1.250       2.0734512       21.217502       9.5817744
1.250       2.1362830       20.218130       9.9859090
1.250       2.1991149       19.636277       10.579695
1.250       2.2619467       18.798510       11.021502
1.250       2.3247786       18.165281       11.562644
1.250       2.3876104       17.492854       12.062056
1.250       2.4504423       17.045004       12.705764
1.250       2.5132741       16.483544       13.256852
1.250       2.5761060       16.072970       13.920588
1.250       2.6389378       15.359686       14.300133
1.250       2.7017697       15.165773       15.152343
1.250       2.7646015       14.483699       15.504129
1.250       2.8274334       13.951588       15.976110
1.250       2.8902652       13.487510       16.497386
1.250       2.9530971       13.032101       17.002699
1.250       3.0159289       12.694989       17.642734
1.250       3.0787608       12.384571       18.309609
1.250       3.1415927       12.114871       19.029995
1.250       3.2044245       11.717345       19.532131
1.250       3.2672564       11.392283       20.129391
1.250       3.3300882       11.080473       20.729832
1.250       3.3929201       10.745544       21.262756
1.250       3.4557519       10.414970       21.774889
1.250       3.5185838       10.204328       22.519480
1.250       3.5814156       9.9266799       23.101408
1.250       3.6442475       9.6747797       23.721106
1.250       3.7070793       9.3507974       24.133180
1.250       3.7699112       9.2198214       25.025694
1.250       3.8327430       8.8786602       25.324845
1.250       3.8955749       8.7864224       26.314614
1.250       3.9584067       8.3502730       26.238088
1.250       4.0212386       8.2201178       27.078701
1.250       4.1469023       7.9515538       28.727225
1.250       4.2725660       7.4054750       29.261024
1.250       4.3982297       7.0165025       30.242986
1.250       4.5238934       6.8238363       32.006335
1.250       4.6495571       6.2595975       31.875091
1.250       4.7752208       6.1664779       34.016359
1.250       4.9008845       5.8762935       35.042667
1.250       5.0265482       5.6972779       36.656182
1.250       5.1522120       5.5003436       38.110201
1.250       5.2778757       5.1880399       38.641238
1.250       5.4035394       4.9249957       39.365074
1.250       5.5292031       4.7465477       40.647677
1.250       5.6548668       4.6268738       42.386255
1.250       5.7805305       4.3645116       42.707977
1.250       5.9061942       4.2161851       44.006121
1.250       6.0318579       4.1300886       45.917997
1.250       6.1575216       3.9425017       46.629416
1.250       6.2831853       3.7978698       47.725440
1.250       6.4088490       3.6039605       48.060734
1.250       6.5345127       3.5155920       49.694503
1.250       6.6601764       3.4009223       50.900749
1.250       6.7858401       3.2578459       51.571725
1.250       6.9115038       3.1699381       53.019875
1.250       7.0371675       3.0588420       54.003384
1.250       7.1628313       2.9418404       54.770098
1.250       7.2884950       2.8737254       56.367542
1.250       7.4141587       2.7779222       57.355617
1.250       7.5398224       2.6705031       57.989143
1.250       7.6654861       2.6263455       59.929576
1.250       7.7911498       2.5476610       61.040287
1.250       7.9168135       2.4661549       61.992884
1.250       8.0424772       2.3904578       62.997143
1.250       8.2938046       2.2728864       65.691532
1.250       8.5451320       2.1366706       67.540482
1.250       8.7964594       1.9903373       68.631050
1.250       9.0477868       1.9343058       72.580920
1.250       9.2991143       1.8158266       73.972344
1.250       9.5504417       1.7283668       76.274005
1.250       9.8017691       1.6608291       79.233458
1.250       10.053096       1.5948443       82.089592
1.250       10.304424       1.5007152       83.183977
1.250       10.555751       1.4411215       85.869375
1.250       10.807079       1.3700757       87.607193
1.250       11.058406       1.3449758       92.143000
1.250       11.309734       1.2499504       91.605204
1.250       11.561061       1.2236894       95.793167
1.250       11.812388       1.1619347       97.020864
1.250       12.063716       1.1219444       99.789508
1.250       12.315043       1.0585820       100.16191
1.250       12.566371       1.0338830       103.93725
1.250       12.817698       1.0096577       107.71459
1.250       13.069025      0.96906172       109.58505
1.250       13.320353      0.93566411       112.03080
1.250       13.571680      0.91473309       115.84186
1.250       13.823008      0.87204995       116.68614
1.250       14.074335      0.83439702       117.84921
1.250       14.325663      0.81305482       121.09724
1.250       14.576990      0.79105910       124.13171
1.250       14.828317      0.76393414       126.18327
1.250       15.079645      0.74605704       129.60317
1.250       15.330972      0.72636583       132.59732
1.250       15.582300      0.69629102       133.46141
1.250       15.833627      0.67861530       136.46935
1.250       16.084954      0.66456384       140.10914
1.250       16.587609      0.60970013       140.97365
1.250       17.090264      0.58948193       149.06891
1.250       17.592919      0.55878632       154.14510
1.250       18.095574      0.53335907       160.10578
1.250       18.598229      0.51029413       166.30510
1.250       19.100883      0.47678895       168.32817
1.250       19.603538      0.46255156       176.53621
1.250       20.106193      0.44594305       183.62813
1.250       20.608848      0.41233607       182.84484
1.250       21.111503      0.40775603       194.36949
1.250       21.614157      0.38679385       197.86308
1.250       22.116812      0.37270919       204.27159
1.250       22.619467      0.34956079       204.94630
1.250       23.122122      0.33995532       212.89976
1.250       23.624777      0.33220920       221.91418
1.250       24.127432      0.31946881       227.31705
1.250       24.630086      0.30309040       229.42474
1.250       25.132741      0.29453701       236.88072
1.250       25.635396      0.27865018       237.82072
1.250       26.138051      0.27500604       248.78952
1.250       26.640706      0.26395380       252.83393
1.250       27.143361      0.25691408       260.28492
1.250       27.646015      0.25497387       272.93773
1.250       28.148670      0.24249263       273.99488
1.250       28.651325      0.23398228       278.79652
1.250       29.153980      0.22849617       286.84199
1.250       29.656635      0.21496060       284.04995
1.250       30.159289      0.21253312       295.36578
1.250       30.661944      0.20799255       303.75058
1.250       31.164599      0.19965168       306.14549
1.250       31.667254      0.19785658       318.31124
1.250       32.169909      0.19290808       325.36450
1.250       33.175218      0.17761491       328.54211
1.250       34.180528      0.16867176       341.23136
1.250       35.185838      0.16464959       363.35789
1.250       36.191147      0.15375345       369.23444
1.250       37.196457      0.14678307       382.69338
1.250       38.201767      0.14387182       406.34632
1.250       39.207076      0.13293535       405.88604
1.250       40.212386      0.12967963       427.19047
1.250       41.217696      0.12587696       446.54747
1.250       42.223005      0.11879964       453.03608
1.250       43.228315      0.11512838       471.14825
1.250       44.233625      0.10952454       480.21894
1.250       45.238934      0.10374927       486.62274
1.250       46.244244     0.099286309       497.43080
1.250       47.249554     0.095547603       510.60279
1.250       48.254863     0.093377336       531.53884
1.250       49.260173     0.088630705       536.71318
1.250       50.265482     0.085109915       547.59564
1.250       51.270792     0.083835226       572.40956
1.250       52.276102     0.081092510       586.89524
1.250       53.281411     0.076921397       589.44676
1.250       54.286721     0.076691322       621.58040
1.250       55.292031     0.073652249       630.73059
1.250       56.297340     0.070463183       636.93652
1.250       57.302650     0.068423774       652.23095
1.250       58.307960     0.066844414       671.30350
1.250       59.313269     0.065015572       687.29508
1.250       60.318579     0.062890691       699.21370
1.250       61.323889     0.060537486       707.26749
1.250       62.329198     0.058563768       718.41251
1.250       63.334508     0.058032681       746.90281
1.250       64.339818     0.055415160       747.71884
1.250       66.350437     0.050659939       749.66336
1.250       68.361056     0.049162131       795.65949
1.250       70.371675     0.045529278       803.81239
1.250       72.382295     0.045099553       866.44209
1.250       74.392914     0.042363885       883.61027
1.250       76.403533     0.041140160       929.55815
1.250       78.414153     0.038259471       934.52857
1.250       80.424772     0.035676554       940.20524
1.250       82.435391     0.036358452       1031.8504
1.250       84.446011     0.033357519       1017.6570
1.250       86.456630     0.031934982       1045.5188
1.250       88.467249     0.029634886       1039.4918
1.250       90.477868     0.029344863       1101.1067
1.250       92.488488     0.027831058       1115.4831
1.250       94.499107     0.026693103       1141.1755
1.250       96.509726     0.026152580       1190.9624
1.250       98.520346     0.025550016       1237.7679
1.250       100.53096     0.023868418       1228.5517
1.250       102.54158     0.022420185       1224.6430
1.250       104.55220     0.022306178       1291.5017
1.250       106.56282     0.021050262       1290.4611
1.250       108.57344     0.020424389       1324.3115
1.250       110.58406     0.020215681       1384.9568
1.250       112.59468     0.018844378       1362.7170
1.250       114.60530     0.018013725       1373.6874
1.250       116.61592     0.018062670       1451.1948
1.250       118.62654     0.016988194       1436.6899
1.250       120.63716     0.016248754       1445.2188
1.250       122.64778     0.015213914       1421.9694
1.250       124.65840     0.014932854       1465.4725
1.250       126.66902     0.015376080       1583.1683
1.250       128.67964     0.013765009       1485.8542
1.250       132.70087     0.012781791       1513.1546
1.250       136.72211     0.012431800       1609.6095
1.250       140.74335     0.012070254       1704.7878
1.250       144.76459     0.011939115       1834.9719
1.250       148.78583     0.010680882       1782.2231
1.250       152.80707    0.0096443139       1743.2991
1.250       156.82831    0.0087728294       1714.2861
1.250       160.84954    0.0080276441       1692.4579
1.250       164.87078    0.0078253376       1776.6605
1.250       168.89202    0.0077927014       1901.8913
1.250       172.91326    0.0074856933       1960.5918
1.250       176.93450    0.0074987044       2104.2341
1.250       180.95574    0.0065231947       1958.1577
1.250       184.97698    0.0058228361       1867.0582
1.250       188.99821    0.0055977124       1914.4937
1.250       193.01945    0.0050519029       1840.4690
1.250       197.04069    0.0051547028       1997.7524
1.250       201.06193    0.0043886645       1807.1416
1.250       205.08317    0.0050301209       2198.0559
1.250       209.10441    0.0044037563       2039.7789
1.250       213.12565    0.0046905291       2300.3781
1.250       217.14688    0.0040485967       2100.0787
1.250       221.16812    0.0043239063       2369.8133
1.250       225.18936    0.0037391501       2163.1507
1.250       229.21060    0.0031855020       1943.3554
1.250       233.23184    0.0025374063       1630.8867
1.250       237.25308    0.0033161126       2243.5466
1.250       241.27432    0.0027037172       1923.8216
1.250       245.29555    0.0027893646       2085.6651
1.250       249.31679    0.0026273990       2062.7704
1.250       253.33803    0.0027485518       2263.9945
1.250       257.35927    0.0022209533       1917.9140
1.250       265.40175    0.0018204936       1724.1330
1.250       273.44422    0.0016145435       1672.3465
1.250       281.48670    0.0014114754       1594.8403
1.250       289.52918    0.0026656358       3277.5407
1.250       297.57166   0.00082327778       1098.9839
1.250       305.61413    0.0013174214       1905.0891
1.250       313.65661    0.0010269772       1605.4412
1.250       321.69909    0.0016928167       2855.1549
1.250       329.74156    0.0010925149       1984.3521
1.250       337.78404    0.0013250615       2587.1624
1.250       345.82652    0.0017742540       3717.5853
1.250       353.86900   0.00061425365       1378.9406
1.250       361.91147    0.0010359610       2487.8301
1.250       369.95395   0.00094245151       2417.5323
1.250       377.99643   0.00073134983       2001.0526
1.250       386.03891   0.00078531270       2288.7908
1.250       394.08138   0.00057682821       1788.4405
1.250       402.12386   0.00069112899       2276.7162
1.250       410.16634   0.00066337777       2319.0559
1.250       418.20881   0.00082579289       3059.9966
1.250       426.25129   0.00073577457       2886.7698
1.250       434.29377   0.00038362442       1591.9422
1.250       442.33625   0.00093779666       4111.8430
1.250       450.37872   0.00069448448       3214.1519
1.250       458.42120   0.00053966258       2633.8234
1.250       466.46368   0.00088652233       4558.4105
1.250       474.50615   0.00037720264       2041.5994
1.250       482.54863   0.00037664485       2144.0039
1.250       490.59111   0.00012610137       754.30865
1.250       498.63359   0.00071028342       4461.1468
1.250       506.67606   0.00034156430       2250.7844
1.250       514.71854   0.00066515658       4595.1912
1.000     0.015707963       3438.6464   0.00067517665
1.000     0.031415927       8856.3646     0.013911545
1.000     0.047123890       4661.6122     0.024713246
1.000     0.062831853       3787.6318     0.047596785
1.000     0.078539816       2873.8490     0.070534867
1.000     0.094247780       2347.4074     0.099557073
1.000      0.10995574       1907.9965      0.12849954
1.000      0.12566371       1609.6543      0.16182010
1.000      0.14137167       1227.1549      0.17565350
1.000      0.15707963       1121.9984      0.22030388
1.000      0.17278760       981.41214      0.25648347
1.000      0.18849556       854.32773      0.28986657
1.000      0.20420352       770.06976      0.33219265
1.000      0.21991149       705.49069      0.38010649
1.000      0.23561945       617.25832      0.40904456
1.000      0.25132741       575.26689      0.46265708
1.000      0.26703538       502.37102      0.48461989
1.000      0.28274334       472.50769      0.54107353
1.000      0.29845130       423.31900      0.57010973
1.000      0.31415927       391.75530      0.61536779
1.000      0.32986723       363.08618      0.66023340
1.000      0.34557519       325.55126      0.68063976
1.000      0.36128316       316.38878      0.75584801
1.000      0.37699112       295.22962      0.80135241
1.000      0.39269908       271.88296      0.83412648
1.000      0.40840704       261.90479      0.90384378
1.000      0.42411501       243.91414      0.94266668
1.000      0.43982297       228.47939      0.98480673
1.000      0.45553093       218.44228       1.0460696
1.000      0.47123890       210.38537       1.1153449
1.000      0.48694686       195.65712       1.1444864
1.000      0.50265482       189.38373       1.2184915
1.000      0.51836279       180.48890       1.2735682
1.000      0.53407075       173.20207       1.3366562
1.000      0.54977871       168.35143       1.4172643
1.000      0.56548668       159.78586       1.4637798
1.000      0.58119464       157.11336       1.5626013
1.000      0.59690260       147.92577       1.5937658
1.000      0.61261057       144.53551       1.6834424
1.000      0.62831853       139.18278       1.7490224
1.000      0.64402649       133.64660       1.8085869
1.000      0.65973446       128.35668       1.8672233
1.000      0.67544242       125.72750       1.9627525
1.000      0.69115038       122.18850       2.0437053
1.000      0.70685835       116.96807       2.0928338
1.000      0.72256631       114.41988       2.1867789
1.000      0.73827427       110.18119       2.2461094
1.000      0.75398224       107.72671       2.3392520
1.000      0.76969020       105.22466       2.4307240
1.000      0.78539816       102.46750       2.5149308
1.000      0.80110613       99.776220       2.5987677
1.000      0.81681409       97.076044       2.6801061
1.000      0.83252205       94.029959       2.7486772
1.000      0.84823002       92.610409       2.8633272
1.000      0.86393798       89.365875       2.9193735
1.000      0.87964594       87.004077       3.0000851
1.000      0.89535391       85.580021       3.1119087
1.000      0.91106187       84.393565       3.2331303
1.000      0.92676983       82.146439       3.3126433
1.000      0.94247780       80.746809       3.4245934
1.000      0.95818576       78.900126       3.5163904
1.000      0.97389372       77.743664       3.6380609
1.000      0.98960169       75.799236       3.7214858
1.000       1.0053096       74.184471       3.8184122
1.000       1.0367256       71.642435       4.0441945
1.000       1.0681415       69.075961       4.2646517
1.000       1.0995574       66.003049       4.4451663
1.000       1.1309734       65.144630       4.7742593
1.000       1.1623893       61.906087       4.9255916
1.000       1.1938052       59.680676       5.1440408
1.000       1.2252211       57.920178       5.3968902
1.000       1.2566371       55.869567       5.6166215
1.000       1.2880530       54.513133       5.9016383
1.000       1.3194689       52.278222       6.0839909
1.000       1.3508848       52.464185       6.5522155
1.000       1.3823008       50.163146       6.7121657
1.000       1.4137167       48.682642       6.9683757
1.000       1.4451326       47.698511       7.2928654
1.000       1.4765485       46.623572       7.6035953
1.000       1.5079645       44.779152       7.7789227
1.000       1.5393804       44.298801       8.1865343
1.000       1.5707963       42.756209       8.3951619
1.000       1.6022123       42.391391       8.8329968
1.000       1.6336282       40.587282       8.9643721
1.000       1.6650441       40.236195       9.4094532
1.000       1.6964600       39.164999       9.6872225
1.000       1.7278760       38.204466       9.9844024
1.000       1.7592919       37.188385       10.258675
1.000       1.7907078       36.273696       10.552036
1.000       1.8221237       35.264780       10.807992
1.000       1.8535397       34.442407       11.111416
1.000       1.8849556       34.047921       11.552188
1.000       1.9163715       33.374309       11.899307
1.000       1.9477874       32.537639       12.180945
1.000       1.9792034       32.198092       12.646538
1.000       2.0106193       31.786725       13.088974
1.000       2.0734512       29.749152       13.434648
1.000       2.1362830       29.067400       14.356640
1.000       2.1991149       27.626804       14.884856
1.000       2.2619467       26.797336       15.711187
1.000       2.3247786       25.762237       16.398292
1.000       2.3876104       24.786100       17.091054
1.000       2.4504423       23.782435       17.728011
1.000       2.5132741       23.409091       18.826708
1.000       2.5761060       22.322046       19.332830
1.000       2.6389378       21.691930       20.195562
1.000       2.7017697       21.062387       21.043735
1.000       2.7646015       20.405320       21.842951
1.000       2.8274334       19.484534       22.311945
1.000       2.8902652       18.819462       23.019217
1.000       2.9530971       18.463637       24.089106
1.000       3.0159289       17.794311       24.729467
1.000       3.0787608       17.033651       25.182906
1.000       3.1415927       16.706457       26.242441
1.000       3.2044245       15.957081       26.599523
1.000       3.2672564       15.697572       27.736546
1.000       3.3300882       14.916500       27.906438
1.000       3.3929201       14.749411       29.185412
1.000       3.4557519       14.156457       29.597327
1.000       3.5185838       14.110890       31.140699
1.000       3.5814156       13.518455       31.460201
1.000       3.6442475       13.183058       32.322877
1.000       3.7070793       12.663538       32.682927
1.000       3.7699112       12.330274       33.468507
1.000       3.8327430       12.139094       34.624669
1.000       3.8955749       11.786262       35.298888
1.000       3.9584067       11.498189       36.129416
1.000       4.0212386       11.246499       37.048201
1.000       4.1469023       10.585074       38.241558
1.000       4.2725660       9.9729231       39.405702
1.000       4.3982297       9.3936544       40.489141
1.000       4.5238934       8.9150267       41.814798
1.000       4.6495571       8.6739529       44.169459
1.000       4.7752208       8.2189888       45.338696
1.000       4.9008845       7.9318905       47.301006
1.000       5.0265482       7.3138388       47.057105
1.000       5.1522120       7.0689440       48.978555
1.000       5.2778757       6.9007163       51.397488
1.000       5.4035394       6.5312664       52.203860
1.000       5.5292031       6.2283284       53.337098
1.000       5.6548668       6.0204586       55.152724
1.000       5.7805305       5.7374473       56.142540
1.000       5.9061942       5.5152422       57.564935
1.000       6.0318579       5.3187073       59.132965
1.000       6.1575216       5.2031703       61.539807
1.000       6.2831853       4.8947364       61.509072
1.000       6.4088490       4.7847181       63.806767
1.000       6.5345127       4.6205029       65.312924
1.000       6.6601764       4.3956878       65.789153
1.000       6.7858401       4.3144691       68.298080
1.000       6.9115038       4.1282070       69.047726
1.000       7.0371675       4.0297626       71.144837
1.000       7.1628313       3.8344902       71.389124
1.000       7.2884950       3.7787571       74.119556
1.000       7.4141587       3.5865273       74.050847
1.000       7.5398224       3.5047874       76.105366
1.000       7.6654861       3.4098212       77.807410
1.000       7.7911498       3.2760301       78.491531
1.000       7.9168135       3.1812995       79.969807
1.000       8.0424772       3.0979002       81.640790
1.000       8.2938046       2.9264669       84.581479
1.000       8.5451320       2.7211030       86.014480
1.000       8.7964594       2.5674077       88.529661
1.000       9.0477868       2.5261926       94.790279
1.000       9.2991143       2.3187849       94.461640
1.000       9.5504417       2.2614612       99.799824
1.000       9.8017691       2.1546993       102.79461
1.000       10.053096       1.9897039       102.41375
1.000       10.304424       1.9410154       107.58962
1.000       10.555751       1.8317642       109.14586
1.000       10.807079       1.7655144       112.89286
1.000       11.058406       1.6967886       116.24535
1.000       11.309734       1.6224780       118.90666
1.000       11.561061       1.5276503       119.58791
1.000       11.812388       1.4926656       124.63669
1.000       12.063716       1.4347461       127.61114
1.000       12.315043       1.3925307       131.75978
1.000       12.566371       1.3157268       132.27128
1.000       12.817698       1.2783862       136.38369
1.000       13.069025       1.2365276       139.83107
1.000       13.320353       1.1950220       143.08475
1.000       13.571680       1.1529242       146.00640
1.000       13.823008       1.1155246       149.26468
1.000       14.074335       1.0748353       151.80842
1.000       14.325663       1.0354161       154.21596
1.000       14.576990       1.0034568       157.46082
1.000       14.828317      0.97210738       160.56841
1.000       15.079645      0.94462587       164.09805
1.000       15.330972      0.91492180       167.01802
1.000       15.582300      0.89183458       170.94217
1.000       15.833627      0.86163146       173.27385
1.000       16.084954      0.83870354       176.82279
1.000       16.587609      0.77596317       179.41665
1.000       17.090264      0.73957905       187.02565
1.000       17.592919      0.70791125       195.28225
1.000       18.095574      0.66544484       199.75580
1.000       18.598229      0.65149895       212.32382
1.000       19.100883      0.61724965       217.91718
1.000       19.603538      0.57747380       220.39713
1.000       20.106193      0.55500888       228.53869
1.000       20.608848      0.53648305       237.89614
1.000       21.111503      0.50614985       241.27194
1.000       21.614157      0.48336692       247.26470
1.000       22.116812      0.45730629       250.63691
1.000       22.619467      0.45648637       267.63640
1.000       23.122122      0.42211187       264.35096
1.000       23.624777      0.41186291       275.12249
1.000       24.127432      0.40029531       284.82889
1.000       24.630086      0.38329640       290.13679
1.000       25.132741      0.37146895       298.75305
1.000       25.635396      0.35621273       304.01835
1.000       26.138051      0.34650120       313.46900
1.000       26.640706      0.33100159       317.05712
1.000       27.143361      0.32256376       326.79596
1.000       27.646015      0.31046377       332.33709
1.000       28.148670      0.30212020       341.36868
1.000       28.651325      0.29087365       346.58421
1.000       29.153980      0.28688871       360.14489
1.000       29.656635      0.27587998       364.54911
1.000       30.159289      0.26865366       373.35875
1.000       30.661944      0.26108830       381.29117
1.000       31.164599      0.25072944       384.46802
1.000       31.667254      0.24766867       398.44881
1.000       32.169909      0.24055209       405.72231
1.000       33.175218      0.22506284       416.30865
1.000       34.180528      0.21515705       435.27341
1.000       35.185838      0.20719796       457.25602
1.000       36.191147      0.19610658       470.94423
1.000       37.196457      0.18311842       477.42705
1.000       38.201767      0.17880417       505.00797
1.000       39.207076      0.17119184       522.69302
1.000       40.212386      0.15943925       525.22456
1.000       41.217696      0.15664927       555.71199
1.000       42.223005      0.15281245       582.74214
1.000       43.228315      0.14439018       590.89843
1.000       44.233625      0.13763307       603.46297
1.000       45.238934      0.13157837       617.15158
1.000       46.244244      0.12447253       623.61539
1.000       47.249554      0.12309926       657.83780
1.000       48.254863      0.11721697       667.24296
1.000       49.260173      0.11363071       688.10353
1.000       50.265482      0.10830048       696.80330
1.000       51.270792      0.10492712       716.42063
1.000       52.276102      0.10386780       751.72810
1.000       53.281411     0.099092601       759.34414
1.000       54.286721     0.097320382       788.77820
1.000       55.292031     0.092577805       792.80204
1.000       56.297340     0.088633347       801.18174
1.000       57.302650     0.087384538       832.96925
1.000       58.307960     0.083395523       837.52259
1.000       59.313269     0.083077202       878.22887
1.000       60.318579     0.079952857       888.90951
1.000       61.323889     0.077336480       903.53238
1.000       62.329198     0.075976531       932.01808
1.000       63.334508     0.073657169       947.99595
1.000       64.339818     0.071595359       966.03887
1.000       66.350437     0.066453394       983.37414
1.000       68.361056     0.063498097       1027.6785
1.000       70.371675     0.058805814       1038.2076
1.000       72.382295     0.057489453       1104.4739
1.000       74.392914     0.054992892       1147.0214
1.000       76.403533     0.053174572       1201.4746
1.000       78.414153     0.049486196       1208.7533
1.000       80.424772     0.048615735       1281.1991
1.000       82.435391     0.044861769       1273.1740
1.000       84.446011     0.043792832       1336.0131
1.000       86.456630     0.041000527       1342.3155
1.000       88.467249     0.037744835       1323.9615
1.000       90.477868     0.038491851       1444.3290
1.000       92.488488     0.037373874       1497.9641
1.000       94.499107     0.034732894       1484.8902
1.000       96.509726     0.033321916       1517.4468
1.000       98.520346     0.032330666       1566.2558
1.000       100.53096     0.031670493       1630.1390
1.000       102.54158     0.029401156       1605.9600
1.000       104.55220     0.029321395       1697.6746
1.000       106.56282     0.028302266       1735.0365
1.000       108.57344     0.026705174       1731.5558
1.000       110.58406     0.026082707       1786.9012
1.000       112.59468     0.025486842       1843.0619
1.000       114.60530     0.024382231       1859.3357
1.000       116.61592     0.022577351       1813.9143
1.000       118.62654     0.022409223       1895.1458
1.000       120.63716     0.020558067       1828.5036
1.000       122.64778     0.021031452       1965.7060
1.000       124.65840     0.020140211       1976.5094
1.000       126.66902     0.019794486       2038.1009
1.000       128.67964     0.019182720       2070.6653
1.000       132.70087     0.017182726       2034.1532
1.000       136.72211     0.017620694       2281.4426
1.000       140.74335     0.015807553       2232.6394
1.000       144.76459     0.015541621       2388.6560
1.000       148.78583     0.014066646       2347.1752
1.000       152.80707     0.013568833       2452.6923
1.000       156.82831     0.012534363       2449.3220
1.000       160.84954     0.012434182       2621.4825
1.000       164.87078     0.010641907       2416.1329
1.000       168.89202     0.010266463       2505.6391
1.000       172.91326    0.0094476320       2474.4468
1.000       176.93450    0.0094899992       2663.0173
1.000       180.95574    0.0089456740       2685.3469
1.000       184.97698    0.0081659291       2618.3571
1.000       188.99821    0.0086302726       2951.6705
1.000       193.01945    0.0076473641       2786.0267
1.000       197.04069    0.0067413394       2612.6680
1.000       201.06193    0.0065360917       2691.3981
1.000       205.08317    0.0067356660       2943.3429
1.000       209.10441    0.0061746862       2860.0571
1.000       213.12565    0.0061263281       3004.5376
1.000       217.14688    0.0059613518       3092.2587
1.000       221.16812    0.0053248290       2918.3913
1.000       225.18936    0.0050159770       2901.8129
1.000       229.21060    0.0053360119       3255.3009
1.000       233.23184    0.0042654630       2741.5738
1.000       237.25308    0.0043939863       2972.7920
1.000       241.27432    0.0042156401       2999.6257
1.000       245.29555    0.0040975327       3063.8092
1.000       249.31679    0.0038686594       3037.2836
1.000       253.33803    0.0036367160       2995.5793
1.000       257.35927    0.0032522402       2808.4864
1.000       265.40175    0.0049257185       4664.9950
1.000       273.44422    0.0033457716       3465.5551
1.000       281.48670    0.0029685929       3354.2432
1.000       289.52918    0.0026133982       3213.3118
1.000       297.57166    0.0016707065       2230.2067
1.000       305.61413    0.0016171932       2338.5813
1.000       313.65661    0.0017333109       2709.6305
1.000       321.69909    0.0020819299       3511.4447
1.000       329.74156    0.0011943692       2169.3515
1.000       337.78404    0.0018143507       3542.4919
1.000       345.82652    0.0014303877       2997.0839
1.000       353.86900    0.0017278563       3878.8718
1.000       361.91147    0.0011967226       2873.8944
1.000       369.95395    0.0012728640       3265.0909
1.000       377.99643    0.0017615469       4819.7839
1.000       386.03891    0.0012345849       3598.1931
1.000       394.08138   0.00055970794       1735.3596
1.000       402.12386   0.00099909851       3291.2290
1.000       410.16634   0.00056172053       1963.6795
1.000       418.20881    0.0011472580       4251.1936
1.000       426.25129  -2.7444184e-05      -107.67570
1.000       434.29377    0.0012592109       5225.3998
1.000       442.33625   0.00066015343       2894.4945
1.000       450.37872   0.00039190099       1813.7617
1.000       458.42120   0.00070458935       3438.7485
1.000       466.46368   0.00078491159       4035.9381
1.000       474.50615   0.00077521522       4195.8321
1.000       482.54863   0.00029692847       1690.2283
1.000       490.59111    0.0012229609       7315.4636
1.000       498.63359   0.00050659174       3181.8005
1.000       506.67606    0.0011910989       7848.9081
1.000       514.71854   0.00089578235       6188.4544
0.750     0.015707963       4313.9150   0.00084703524
0.750     0.031415927       11120.458     0.017467974
0.750     0.047123890       5836.9043     0.030943984
0.750     0.062831853       4762.0676     0.059841906
0.750     0.078539816       3615.3260     0.088733450
0.750     0.094247780       2949.8625      0.12510809
0.750      0.10995574       2397.8902      0.16149285
0.750      0.12566371       2012.6120      0.20232982
0.750      0.14137167       1553.6835      0.22239241
0.750      0.15707963       1424.7842      0.27975572
0.750      0.17278760       1251.0486      0.32695060
0.750      0.18849556       1082.1969      0.36718075
0.750      0.20420352       982.74230      0.42393532
0.750      0.21991149       900.04908      0.48493127
0.750      0.23561945       790.81157      0.52405478
0.750      0.25132741       739.60213      0.59482332
0.750      0.26703538       647.84382      0.62495245
0.750      0.28274334       612.66352      0.70156745
0.750      0.29845130       552.08713      0.74352969
0.750      0.31415927       514.28602      0.80783860
0.750      0.32986723       478.05980      0.86930064
0.750      0.34557519       429.82787      0.89865399
0.750      0.36128316       418.07008      0.99876310
0.750      0.37699112       393.05167       1.0668743
0.750      0.39269908       362.49976       1.1121353
0.750      0.40840704       348.50379       1.2027004
0.750      0.42411501       327.42977       1.2654336
0.750      0.43982297       307.18504       1.3240490
0.750      0.45553093       291.91639       1.3979201
0.750      0.47123890       283.08346       1.5007493
0.750      0.48694686       264.77273       1.5487746
0.750      0.50265482       257.16345       1.6545849
0.750      0.51836279       245.15908       1.7298948
0.750      0.53407075       235.78727       1.8196464
0.750      0.54977871       229.12681       1.9289010
0.750      0.56548668       217.91888       1.9963297
0.750      0.58119464       215.12987       2.1396157
0.750      0.59690260       205.00085       2.2086980
0.750      0.61261057       200.33126       2.3333099
0.750      0.62831853       192.83670       2.4232574
0.750      0.64402649       185.97380       2.5167103
0.750      0.65973446       179.06569       2.6048946
0.750      0.67544242       175.78685       2.7442372
0.750      0.69115038       171.23077       2.8639783
0.750      0.70685835       164.39882       2.9414815
0.750      0.72256631       160.74355       3.0721113
0.750      0.73827427       154.06017       3.1406088
0.750      0.75398224       151.55207       3.2909059
0.750      0.76969020       148.15691       3.4224730
0.750      0.78539816       145.34891       3.5673990
0.750      0.80110613       141.21395       3.6780533
0.750      0.81681409       136.96184       3.7812859
0.750      0.83252205       133.41026       3.8998394
0.750      0.84823002       132.50615       4.0968232
0.750      0.86393798       127.58323       4.1678451
0.750      0.87964594       124.47356       4.2921124
0.750      0.89535391       121.16044       4.4057039
0.750      0.91106187       120.21315       4.6053841
0.750      0.92676983       117.82391       4.7513753
0.750      0.94247780       115.46546       4.8970633
0.750      0.95818576       113.76238       5.0701180
0.750      0.97389372       111.69849       5.2269972
0.750      0.98960169       109.97965       5.3996284
0.750       1.0053096       107.30333       5.5231015
0.750       1.0367256       102.48731       5.7853784
0.750       1.0681415       99.126347       6.1199198
0.750       1.0995574       95.103261       6.4050042
0.750       1.1309734       95.010603       6.9630491
0.750       1.1623893       90.655997       7.2130939
0.750       1.1938052       87.176700       7.5139983
0.750       1.2252211       85.264093       7.9447434
0.750       1.2566371       81.955716       8.2390872
0.750       1.2880530       80.181850       8.6805555
0.750       1.3194689       77.075015       8.9697712
0.750       1.3508848       75.886704       9.4774377
0.750       1.3823008       73.938723       9.8934975
0.750       1.4137167       71.643494       10.254965
0.750       1.4451326       70.139724       10.724015
0.750       1.4765485       67.538798       11.014550
0.750       1.5079645       65.719734       11.416668
0.750       1.5393804       64.187078       11.861940
0.750       1.5707963       62.651768       12.301646
0.750       1.6022123       61.531487       12.821175
0.750       1.6336282       59.548937       13.152367
0.750       1.6650441       58.476605       13.675073
0.750       1.6964600       57.536034       14.231186
0.750       1.7278760       55.810613       14.585615
0.750       1.7592919       54.040379       14.907415
0.750       1.7907078       53.219938       15.481706
0.750       1.8221237       51.689267       15.841789
0.750       1.8535397       50.494816       16.290061
0.750       1.8849556       49.651963       16.846514
0.750       1.9163715       48.416083       17.262315
0.750       1.9477874       47.555509       17.803106
0.750       1.9792034       47.114525       18.505309
0.750       2.0106193       45.413107       18.699975
0.750       2.0734512       42.766715       19.313349
0.750       2.1362830       41.970527       20.729605
0.750       2.1991149       40.147455       21.630772
0.750       2.2619467       38.203958       22.398850
0.750       2.3247786       36.917485       23.498879
0.750       2.3876104       35.640810       24.575831
0.750       2.4504423       34.146029       25.453288
0.750       2.5132741       33.033414       26.567048
0.750       2.5761060       31.461201       27.248132
0.750       2.6389378       30.824446       28.698091
0.750       2.7017697       30.121649       30.094974
0.750       2.7646015       28.005596       29.978695
0.750       2.8274334       27.888495       31.935409
0.750       2.8902652       26.502625       32.416958
0.750       2.9530971       26.210014       34.195636
0.750       3.0159289       24.735374       34.375740
0.750       3.0787608       23.817572       35.212398
0.750       3.1415927       23.262158       36.540112
0.750       3.2044245       22.312649       37.193883
0.750       3.2672564       21.457291       37.913579
0.750       3.3300882       20.922028       39.141841
0.750       3.3929201       20.303783       40.176131
0.750       3.4557519       19.889821       41.584245
0.750       3.5185838       19.194694       42.359920
0.750       3.5814156       18.410038       42.843912
0.750       3.6442475       18.015977       44.172469
0.750       3.7070793       17.373377       44.838404
0.750       3.7699112       16.901877       45.877373
0.750       3.8327430       16.404558       46.791171
0.750       3.8955749       15.864634       47.513278
0.750       3.9584067       15.547032       48.851624
0.750       4.0212386       15.032432       49.519816
0.750       4.1469023       14.400559       52.026069
0.750       4.2725660       13.511627       53.388074
0.750       4.3982297       12.974892       55.925224
0.750       4.5238934       12.124653       56.869142
0.750       4.6495571       11.831461       60.248108
0.750       4.7752208       11.133408       61.415611
0.750       4.9008845       10.585350       63.124637
0.750       5.0265482       10.033227       64.553602
0.750       5.1522120       9.5896980       66.444089
0.750       5.2778757       9.0900816       67.704183
0.750       5.4035394       8.6400605       69.059273
0.750       5.5292031       8.3086290       71.152022
0.750       5.6548668       7.9819133       73.121383
0.750       5.7805305       7.6429194       74.788122
0.750       5.9061942       7.3752451       76.978578
0.750       6.0318579       7.0032838       77.861952
0.750       6.1575216       6.7751141       80.131764
0.750       6.2831853       6.5823790       82.716614
0.750       6.4088490       6.2718841       83.638918
0.750       6.5345127       6.0855528       86.022076
0.750       6.6601764       5.8377699       87.372434
0.750       6.7858401       5.6683207       89.729561
0.750       6.9115038       5.4779491       91.623296
0.750       7.0371675       5.2599357       92.863354
0.750       7.1628313       5.0855208       94.680349
0.750       7.2884950       4.9438543       96.972702
0.750       7.4141587       4.7573479       98.224720
0.750       7.5398224       4.6511190       100.99760
0.750       7.6654861       4.4404037       101.32388
0.750       7.7911498       4.3244952       103.61207
0.750       7.9168135       4.2091065       105.80627
0.750       8.0424772       4.0932693       107.87234
0.750       8.2938046       3.7945346       109.67059
0.750       8.5451320       3.6200897       114.43159
0.750       8.7964594       3.3719536       116.27211
0.750       9.0477868       3.2484720       121.89236
0.750       9.2991143       3.0272905       123.32443
0.750       9.5504417       2.9081676       128.33942
0.750       9.8017691       2.7750844       132.39142
0.750       10.053096       2.6623632       137.03677
0.750       10.304424       2.5499213       141.34101
0.750       10.555751       2.3913655       142.48977
0.750       10.807079       2.3407896       149.67786
0.750       11.058406       2.2029328       150.92081
0.750       11.309734       2.1153454       155.02747
0.750       11.561061       2.0421292       159.86248
0.750       11.812388       1.9607892       163.72474
0.750       12.063716       1.8457353       164.16591
0.750       12.315043       1.8077357       171.04604
0.750       12.566371       1.7458539       175.51238
0.750       12.817698       1.6572932       176.80711
0.750       13.069025       1.6369663       185.11415
0.750       13.320353       1.5395779       184.33980
0.750       13.571680       1.4851094       188.07434
0.750       13.823008       1.4513154       194.19574
0.750       14.074335       1.3860833       195.76869
0.750       14.325663       1.3610113       202.71045
0.750       14.576990       1.2938697       203.03193
0.750       14.828317       1.2646841       208.89495
0.750       15.079645       1.2203292       211.99255
0.750       15.330972       1.1783145       215.10007
0.750       15.582300       1.1534349       221.08434
0.750       15.833627       1.1170927       224.64704
0.750       16.084954       1.0842921       228.59991
0.750       16.587609       1.0307891       238.33700
0.750       17.090264      0.95597819       241.74893
0.750       17.592919      0.92206997       254.35943
0.750       18.095574      0.87695937       263.24904
0.750       18.598229      0.83393066       271.77840
0.750       19.100883      0.78312117       276.47736
0.750       19.603538      0.75278457       287.30577
0.750       20.106193      0.71462177       294.26326
0.750       20.608848      0.67981569       301.45506
0.750       21.111503      0.63570969       303.03063
0.750       21.614157      0.63018322       322.36808
0.750       22.116812      0.59156563       324.22074
0.750       22.619467      0.57306005       335.98315
0.750       23.122122      0.55501517       347.58271
0.750       23.624777      0.53403895       356.73550
0.750       24.127432      0.50719720       360.89460
0.750       24.630086      0.49030838       371.13967
0.750       25.132741      0.48193421       387.59449
0.750       25.635396      0.46731420       398.84057
0.750       26.138051      0.44107585       399.02778
0.750       26.640706      0.42445792       406.57632
0.750       27.143361      0.41237682       417.78741
0.750       27.646015      0.39889515       426.99880
0.750       28.148670      0.38631357       436.49962
0.750       28.651325      0.37523645       447.10488
0.750       29.153980      0.36331309       456.08402
0.750       29.656635      0.35408794       467.89348
0.750       30.159289      0.33994571       472.43617
0.750       30.661944      0.32779686       478.71179
0.750       31.164599      0.32011560       490.86462
0.750       31.667254      0.31167062       501.41502
0.750       32.169909      0.30233151       509.92131
0.750       33.175218      0.28589439       528.83144
0.750       34.180528      0.27483930       556.01359
0.750       35.185838      0.25821352       569.83998
0.750       36.191147      0.25308641       607.77963
0.750       37.196457      0.23055361       601.10026
0.750       38.201767      0.22292434       629.61940
0.750       39.207076      0.21501378       656.49275
0.750       40.212386      0.20477043       674.55448
0.750       41.217696      0.19360253       686.80334
0.750       42.223005      0.19067838       727.14183
0.750       43.228315      0.18286915       748.36872
0.750       44.233625      0.17322113       759.50163
0.750       45.238934      0.17047258       799.57992
0.750       46.244244      0.16252393       814.25534
0.750       47.249554      0.15485673       827.54851
0.750       48.254863      0.15159563       862.93923
0.750       49.260173      0.14677424       888.80785
0.750       50.265482      0.14262692       917.65899
0.750       51.270792      0.13598682       928.48984
0.750       52.276102      0.12967553       938.50781
0.750       53.281411      0.12787155       979.87654
0.750       54.286721      0.12378747       1003.2930
0.750       55.292031      0.11905757       1019.5649
0.750       56.297340      0.11587156       1047.3956
0.750       57.302650      0.11289643       1076.1544
0.750       58.307960      0.10980380       1102.7350
0.750       59.313269      0.10802030       1141.9083
0.750       60.318579      0.10343696       1150.0039
0.750       61.323889      0.10005254       1168.9271
0.750       62.329198     0.096787416       1187.3090
0.750       63.334508     0.095391245       1227.7218
0.750       64.339818     0.093105392       1256.2746
0.750       66.350437     0.088219749       1305.4716
0.750       68.361056     0.083467607       1350.8730
0.750       70.371675     0.077611035       1370.2109
0.750       72.382295     0.076919909       1477.7673
0.750       74.392914     0.071628116       1493.9928
0.750       76.403533     0.065810994       1486.9934
0.750       78.414153     0.065794962       1607.1124
0.750       80.424772     0.063058657       1661.8219
0.750       82.435391     0.059827875       1697.9111
0.750       84.446011     0.057417837       1751.6789
0.750       86.456630     0.053837525       1762.5857
0.750       88.467249     0.050997063       1788.8050
0.750       90.477868     0.051016877       1914.3053
0.750       92.488488     0.048634900       1949.3119
0.750       94.499107     0.048112746       2056.9016
0.750       96.509726     0.043547959       1983.1306
0.750       98.520346     0.041931995       2031.3912
0.750       100.53096     0.042249284       2174.6490
0.750       102.54158     0.040368059       2204.9980
0.750       104.55220     0.038343189       2220.0260
0.750       106.56282     0.037482516       2297.8207
0.750       108.57344     0.035936198       2330.0927
0.750       110.58406     0.034402094       2356.8544
0.750       112.59468     0.034587570       2501.1742
0.750       114.60530     0.032917726       2510.2339
0.750       116.61592     0.031613750       2539.9186
0.750       118.62654     0.030240526       2557.4384
0.750       120.63716     0.029061179       2584.7990
0.750       122.64778     0.028282500       2643.4257
0.750       124.65840     0.028194607       2766.9475
0.750       126.66902     0.026558580       2734.5528
0.750       128.67964     0.025748581       2779.4126
0.750       132.70087     0.024586686       2910.6608
0.750       136.72211     0.022280447       2884.7650
0.750       140.74335     0.021079222       2977.2034
0.750       144.76459     0.020876834       3208.6470
0.750       148.78583     0.021185646       3535.0590
0.750       152.80707     0.018835231       3404.6426
0.750       156.82831     0.017379957       3396.1925
0.750       160.84954     0.016405093       3458.6646
0.750       164.87078     0.014217520       3227.9380
0.750       168.89202     0.015860820       3871.0010
0.750       172.91326     0.014209948       3721.7537
0.750       176.93450     0.012869402       3611.3219
0.750       180.95574     0.013102516       3933.1636
0.750       184.97698     0.011887873       3811.7766
0.750       188.99821     0.011696329       4000.3034
0.750       193.01945     0.010816709       3940.6572
0.750       197.04069     0.010355888       4013.5194
0.750       201.06193    0.0095363429       3926.8260
0.750       205.08317    0.0091209884       3985.6781
0.750       209.10441    0.0094585852       4381.1286
0.750       213.12565    0.0088563259       4343.4116
0.750       217.14688    0.0079364295       4116.7664
0.750       221.16812    0.0086058174       4716.6102
0.750       225.18936    0.0073791906       4268.9650
0.750       229.21060    0.0078362125       4780.5796
0.750       233.23184    0.0069708595       4480.4341
0.750       237.25308    0.0062868084       4253.3982
0.750       241.27432    0.0064783922       4609.6800
0.750       245.29555    0.0063365559       4737.9728
0.750       249.31679    0.0057128219       4485.1352
0.750       253.33803    0.0053038465       4368.8022
0.750       257.35927    0.0052146761       4503.1565
0.750       265.40175    0.0043287528       4099.6273
0.750       273.44422    0.0051211910       5304.5372
0.750       281.48670    0.0044813732       5063.5491
0.750       289.52918    0.0035526020       4368.1127
0.750       297.57166    0.0032925937       4395.2450
0.750       305.61413    0.0033621250       4861.8821
0.750       313.65661    0.0022351747       3494.1784
0.750       321.69909    0.0023130372       3901.2373
0.750       329.74156    0.0030670776       5570.7813
0.750       337.78404    0.0026158551       5107.4170
0.750       345.82652    0.0017515699       3670.0553
0.750       353.86900    0.0026061565       5850.5715
0.750       361.91147    0.0020749118       4982.8401
0.750       369.95395    0.0021455881       5503.7617
0.750       377.99643    0.0028810306       7882.8130
0.750       386.03891    0.0016936389       4936.1039
0.750       394.08138    0.0018610763       5770.2175
0.750       402.12386   0.00092303341       3040.6554
0.750       410.16634    0.0013671366       4779.2770
0.750       418.20881    0.0011548747       4279.4178
0.750       426.25129   0.00087510682       3433.4320
0.750       434.29377    0.0010035480       4164.4649
0.750       442.33625   0.00043373944       1901.7646
0.750       450.37872   0.00084209485       3897.3092
0.750       458.42120    0.0013740097       6705.8547
0.750       466.46368    0.0013703649       7046.2814
0.750       474.50615   0.00089600645       4849.6115
0.750       482.54863    0.0010868079       6186.5186
0.750       490.59111   0.00099919203       5976.9309
0.750       498.63359   0.00078428550       4925.9390
0.750       506.67606    0.0011517262       7589.4561
0.750       514.71854   0.00079114218       5465.5546
0.500     0.015707963       5505.6573    0.0010810333
0.500     0.031415927       14204.864     0.022312949
0.500     0.047123890       7431.3800     0.039396997
0.500     0.062831853       6091.7754     0.076551507
0.500     0.078539816       4629.4302      0.11362331
0.500     0.094247780       3771.7098      0.15996387
0.500      0.10995574       3068.8377      0.20667975
0.500      0.12566371       2559.9574      0.25735499
0.500      0.14137167       2006.0800      0.28714792
0.500      0.15707963       1846.4723      0.36255399
0.500      0.17278760       1629.3968      0.42582857
0.500      0.18849556       1398.5895      0.47453023
0.500      0.20420352       1283.2692      0.55357657
0.500      0.21991149       1172.8991      0.63193828
0.500      0.23561945       1037.3389      0.68742343
0.500      0.25132741       972.75236      0.78233386
0.500      0.26703538       856.71968      0.82644774
0.500      0.28274334       813.05687      0.93103997
0.500      0.29845130       739.13740      0.99544179
0.500      0.31415927       692.55842       1.0878682
0.500      0.32986723       645.69136       1.1741207
0.500      0.34557519       585.94457       1.2250518
0.500      0.36128316       568.02354       1.3569996
0.500      0.37699112       537.71537       1.4595402
0.500      0.39269908       499.56198       1.5326370
0.500      0.40840704       477.30132       1.6471857
0.500      0.42411501       454.02445       1.7546901
0.500      0.43982297       428.41831       1.8465965
0.500      0.45553093       402.39734       1.9269879
0.500      0.47123890       393.97147       2.0886152
0.500      0.48694686       369.34375       2.1604575
0.500      0.50265482       360.49614       2.3194256
0.500      0.51836279       344.58618       2.4314737
0.500      0.53407075       331.57009       2.5588333
0.500      0.54977871       320.18003       2.6954313
0.500      0.56548668       306.56266       2.8083850
0.500      0.58119464       304.17165       3.0251979
0.500      0.59690260       291.95361       3.1455350
0.500      0.61261057       286.28485       3.3344336
0.500      0.62831853       275.22343       3.4585596
0.500      0.64402649       266.33936       3.6042658
0.500      0.65973446       258.09196       3.7545010
0.500      0.67544242       253.18283       3.9524783
0.500      0.69115038       246.83532       4.1285279
0.500      0.70685835       238.84452       4.2734902
0.500      0.72256631       231.60005       4.4263122
0.500      0.73827427       222.09345       4.5275080
0.500      0.75398224       219.25800       4.7611192
0.500      0.76969020       214.21424       4.9484191
0.500      0.78539816       212.50425       5.2156389
0.500      0.80110613       205.69244       5.3574578
0.500      0.81681409       198.92165       5.4918920
0.500      0.83252205       194.73792       5.6925653
0.500      0.84823002       193.97075       5.9971844
0.500      0.86393798       187.41438       6.1223883
0.500      0.87964594       182.75539       6.3017933
0.500      0.89535391       177.17568       6.4425615
0.500      0.91106187       176.11898       6.7471449
0.500      0.92676983       173.20245       6.9845744
0.500      0.94247780       169.16190       7.1744099
0.500      0.95818576       167.40730       7.4609440
0.500      0.97389372       163.99104       7.6740579
0.500      0.98960169       161.47580       7.9279152
0.500       1.0053096       158.69713       8.1684354
0.500       1.0367256       150.78960       8.5120288
0.500       1.0681415       146.04802       9.0167972
0.500       1.0995574       140.22042       9.4435496
0.500       1.1309734       140.38693       10.288547
0.500       1.1623893       135.59240       10.788483
0.500       1.1938052       129.69953       11.179158
0.500       1.2252211       126.18735       11.757893
0.500       1.2566371       121.37680       12.202127
0.500       1.2880530       118.98300       12.881202
0.500       1.3194689       114.83921       13.364661
0.500       1.3508848       111.98325       13.985510
0.500       1.3823008       109.73258       14.682956
0.500       1.4137167       106.89017       15.300132
0.500       1.4451326       103.28023       15.791034
0.500       1.4765485       98.836814       16.118781
0.500       1.5079645       96.966282       16.844741
0.500       1.5393804       94.756839       17.511312
0.500       1.5707963       93.383887       18.335883
0.500       1.6022123       90.801490       18.920098
0.500       1.6336282       87.210350       19.261847
0.500       1.6650441       85.384224       19.967566
0.500       1.6964600       83.884152       20.748231
0.500       1.7278760       81.606145       21.327051
0.500       1.7592919       79.065286       21.810710
0.500       1.7907078       77.726895       22.610791
0.500       1.8221237       75.794864       23.229702
0.500       1.8535397       73.980817       23.866846
0.500       1.8849556       72.246064       24.512512
0.500       1.9163715       70.897062       25.277704
0.500       1.9477874       68.951811       25.813127
0.500       1.9792034       69.029022       27.112730
0.500       2.0106193       66.122585       27.227616
0.500       2.0734512       62.504430       28.226854
0.500       2.1362830       60.540070       29.901263
0.500       2.1991149       57.974398       31.235628
0.500       2.2619467       55.713416       32.664586
0.500       2.3247786       53.275657       33.911254
0.500       2.3876104       52.367767       36.109769
0.500       2.4504423       48.238882       35.958447
0.500       2.5132741       47.663368       38.333155
0.500       2.5761060       45.578474       39.474916
0.500       2.6389378       43.721174       40.705167
0.500       2.7017697       42.745035       42.707181
0.500       2.7646015       40.113295       42.939425
0.500       2.8274334       39.923154       45.716424
0.500       2.8902652       37.769041       46.197590
0.500       2.9530971       36.576543       47.720621
0.500       3.0159289       34.941230       48.559228
0.500       3.0787608       34.045542       50.333642
0.500       3.1415927       32.650655       51.287529
0.500       3.2044245       32.242223       53.745903
0.500       3.2672564       30.856758       54.521801
0.500       3.3300882       29.425215       55.049974
0.500       3.3929201       28.676506       56.743664
0.500       3.4557519       27.882905       58.295623
0.500       3.5185838       26.671119       58.859312
0.500       3.5814156       25.980014       60.460788
0.500       3.6442475       25.410882       62.303663
0.500       3.7070793       24.372709       62.902761
0.500       3.7699112       23.800635       64.602920
0.500       3.8327430       23.008736       65.628448
0.500       3.8955749       22.490928       67.358486
0.500       3.9584067       21.757073       68.364711
0.500       4.0212386       21.313973       70.212462
0.500       4.1469023       20.216101       73.036351
0.500       4.2725660       19.074125       75.367000
0.500       4.3982297       17.862982       76.994187
0.500       4.5238934       17.171413       80.540327
0.500       4.6495571       16.020554       81.579786
0.500       4.7752208       15.009923       82.799766
0.500       4.9008845       14.280879       85.162541
0.500       5.0265482       13.857302       89.157626
0.500       5.1522120       13.291571       92.093235
0.500       5.2778757       12.710660       94.670749
0.500       5.4035394       11.966561       95.647709
0.500       5.5292031       11.678380       100.00932
0.500       5.6548668       11.226198       102.84190
0.500       5.7805305       10.763153       105.32049
0.500       5.9061942       10.344111       107.96589
0.500       6.0318579       9.7515901       108.41740
0.500       6.1575216       9.3823970       110.96906
0.500       6.2831853       8.9466505       112.42693
0.500       6.4088490       8.6413514       115.23703
0.500       6.5345127       8.3711995       118.33074
0.500       6.6601764       8.1753993       122.35915
0.500       6.7858401       7.7740937       123.06396
0.500       6.9115038       7.5201836       125.78138
0.500       7.0371675       7.3669672       130.06267
0.500       7.1628313       7.1587462       133.27890
0.500       7.2884950       6.7671369       132.73602
0.500       7.4141587       6.5481288       135.19888
0.500       7.5398224       6.3217495       137.27482
0.500       7.6654861       6.0745391       138.61259
0.500       7.7911498       6.0115506       144.03281
0.500       7.9168135       5.8225492       146.36413
0.500       8.0424772       5.5751326       146.92475
0.500       8.2938046       5.2277452       151.09360
0.500       8.5451320       5.0037195       158.16834
0.500       8.7964594       4.6367651       159.88550
0.500       9.0477868       4.3807352       164.37825
0.500       9.2991143       4.2194307       171.88931
0.500       9.5504417       4.0118186       177.04429
0.500       9.8017691       3.8741275       184.82366
0.500       10.053096       3.6007318       185.33634
0.500       10.304424       3.5077224       194.43150
0.500       10.555751       3.3025052       196.78012
0.500       10.807079       3.1802176       203.35369
0.500       11.058406       2.9853343       204.52238
0.500       11.309734       2.8909842       211.87177
0.500       11.561061       2.7511989       215.37006
0.500       11.812388       2.6575812       221.90647
0.500       12.063716       2.5353765       225.50492
0.500       12.315043       2.4467582       231.50967
0.500       12.566371       2.3506022       236.30830
0.500       12.817698       2.2738949       242.58881
0.500       13.069025       2.1804018       246.56783
0.500       13.320353       2.0765790       248.63709
0.500       13.571680       2.0381680       258.11372
0.500       13.823008       1.9538026       261.43190
0.500       14.074335       1.9092353       269.65804
0.500       14.325663       1.8036449       268.63676
0.500       14.576990       1.7705840       277.83717
0.500       14.828317       1.6892897       279.02942
0.500       15.079645       1.6299301       283.14740
0.500       15.330972       1.6015654       292.36408
0.500       15.582300       1.5605782       299.12343
0.500       15.833627       1.5156218       304.79114
0.500       16.084954       1.4624233       308.32082
0.500       16.587609       1.3533551       312.92007
0.500       17.090264       1.2937256       327.15890
0.500       17.592919       1.2385606       341.66556
0.500       18.095574       1.1576581       347.51026
0.500       18.598229       1.1165595       363.88728
0.500       19.100883       1.0246744       361.75663
0.500       19.603538      0.99413765       379.41996
0.500       20.106193      0.95891776       394.85820
0.500       20.608848      0.91309136       404.89800
0.500       21.111503      0.86409168       411.89595
0.500       21.614157      0.83684402       428.08470
0.500       22.116812      0.79327279       434.77084
0.500       22.619467      0.76166141       446.55949
0.500       23.122122      0.72416460       453.51391
0.500       23.624777      0.71030675       474.48156
0.500       24.127432      0.66773277       475.12319
0.500       24.630086      0.64503327       488.25891
0.500       25.132741      0.62995135       506.63693
0.500       25.635396      0.60019572       512.25151
0.500       26.138051      0.58938454       533.19810
0.500       26.640706      0.55773024       534.23413
0.500       27.143361      0.54669825       553.87121
0.500       27.646015      0.52377285       560.67459
0.500       28.148670      0.51457964       581.42876
0.500       28.651325      0.48917232       582.86271
0.500       29.153980      0.47428565       595.39309
0.500       29.656635      0.46911164       619.88635
0.500       30.159289      0.44660116       620.65952
0.500       30.661944      0.43880630       640.82904
0.500       31.164599      0.41999846       644.02480
0.500       31.667254      0.41729562       671.34429
0.500       32.169909      0.40078588       675.97737
0.500       33.175218      0.38105295       704.85041
0.500       34.180528      0.36774736       743.97122
0.500       35.185838      0.34125426       753.09893
0.500       36.191147      0.32906123       790.23093
0.500       37.196457      0.31182548       812.99258
0.500       38.201767      0.29547662       834.53341
0.500       39.207076      0.28510030       870.48503
0.500       40.212386      0.27313601       899.76429
0.500       41.217696      0.25667019       910.53535
0.500       42.223005      0.25500107       972.43301
0.500       43.228315      0.24201144       990.40102
0.500       44.233625      0.22576304       989.87575
0.500       45.238934      0.22351514       1048.3693
0.500       46.244244      0.21620075       1083.1797
0.500       47.249554      0.20929770       1118.4790
0.500       48.254863      0.19879871       1131.6369
0.500       49.260173      0.19183308       1161.6667
0.500       50.265482      0.18687745       1202.3661
0.500       51.270792      0.17887384       1221.3135
0.500       52.276102      0.17475446       1264.7600
0.500       53.281411      0.16948977       1298.7959
0.500       54.286721      0.16403833       1329.5248
0.500       55.292031      0.16047818       1374.2757
0.500       56.297340      0.15355242       1388.0035
0.500       57.302650      0.15024943       1432.2117
0.500       58.307960      0.14592297       1465.4718
0.500       59.313269      0.14386492       1520.8303
0.500       60.318579      0.13530865       1504.3508
0.500       61.323889      0.13392214       1564.6302
0.500       62.329198      0.12946501       1588.1711
0.500       63.334508      0.12592310       1620.6784
0.500       64.339818      0.12181392       1643.6399
0.500       66.350437      0.11527441       1705.8252
0.500       68.361056      0.11122360       1800.0870
0.500       70.371675      0.11000092       1942.0492
0.500       72.382295      0.10088286       1938.1380
0.500       74.392914     0.096546561       2013.7325
0.500       76.403533     0.091307376       2063.0818
0.500       78.414153     0.089197418       2178.7425
0.500       80.424772     0.083841350       2209.5205
0.500       82.435391     0.077520562       2200.0284
0.500       84.446011     0.078190558       2385.4042
0.500       86.456630     0.076116594       2491.9798
0.500       88.467249     0.070238017       2463.7127
0.500       90.477868     0.070183194       2633.4827
0.500       92.488488     0.066687274       2672.8603
0.500       94.499107     0.063175557       2700.8624
0.500       96.509726     0.062317389       2837.8717
0.500       98.520346     0.058816334       2849.3512
0.500       100.53096     0.056990706       2933.4173
0.500       102.54158     0.055797411       3047.7853
0.500       104.55220     0.053046624       3071.3378
0.500       106.56282     0.051740835       3171.9099
0.500       108.57344     0.049500796       3209.6174
0.500       110.58406     0.049293316       3377.0376
0.500       112.59468     0.045501160       3290.3822
0.500       114.60530     0.046291398       3530.0809
0.500       116.61592     0.043608265       3503.5844
0.500       118.62654     0.042810937       3620.5168
0.500       120.63716     0.042169288       3750.6783
0.500       122.64778     0.039736884       3714.0104
0.500       124.65840     0.039080698       3835.2809
0.500       126.66902     0.038724288       3987.1712
0.500       128.67964     0.037147561       4009.8676
0.500       132.70087     0.033772151       3998.0694
0.500       136.72211     0.032715723       4235.8743
0.500       140.74335     0.031305816       4421.5948
0.500       144.76459     0.029659857       4558.5460
0.500       148.78583     0.028087648       4686.7343
0.500       152.80707     0.027302141       4935.1150
0.500       156.82831     0.024655573       4817.9104
0.500       160.84954     0.023952467       5049.8678
0.500       164.87078     0.022340757       5072.2335
0.500       168.89202     0.021253021       5187.0249
0.500       172.91326     0.021068942       5518.2056
0.500       176.93450     0.020842853       5848.7759
0.500       180.95574     0.018796683       5642.4607
0.500       184.97698     0.018195488       5834.2762
0.500       188.99821     0.016630893       5687.9914
0.500       193.01945     0.017011812       6197.6075
0.500       197.04069     0.015761013       6108.3253
0.500       201.06193     0.015771259       6494.2074
0.500       205.08317     0.013931651       6087.8353
0.500       209.10441     0.013630022       6313.2993
0.500       213.12565     0.012582234       6170.7101
0.500       217.14688     0.013135635       6813.6864
0.500       221.16812     0.012166192       6667.9528
0.500       225.18936     0.011121344       6433.8532
0.500       229.21060     0.010934640       6670.8143
0.500       233.23184     0.011490575       7385.4255
0.500       237.25308     0.010077085       6817.7451
0.500       241.27432     0.010496851       7469.0017
0.500       245.29555    0.0095435004       7135.8709
0.500       249.31679    0.0092003584       7223.1994
0.500       253.33803    0.0087576200       7213.6909
0.500       257.35927    0.0087132109       7524.3317
0.500       265.40175    0.0084900571       8040.6694
0.500       273.44422    0.0069508026       7199.6516
0.500       281.48670    0.0063365138       7159.6912
0.500       289.52918    0.0060002075       7377.5735
0.500       297.57166    0.0047872155       6390.3982
0.500       305.61413    0.0053003472       7664.6951
0.500       313.65661    0.0045649648       7136.2660
0.500       321.69909    0.0052301109       8821.2605
0.500       329.74156    0.0044069057       8004.3322
0.500       337.78404    0.0044380589       8665.2421
0.500       345.82652    0.0030751682       6443.3840
0.500       353.86900    0.0040154168       9014.2257
0.500       361.91147    0.0033135044       7957.2841
0.500       369.95395    0.0032761790       8403.9002
0.500       377.99643    0.0030896485       8453.6143
0.500       386.03891    0.0025485887       7427.8520
0.500       394.08138    0.0023435552       7266.1308
0.500       402.12386    0.0025574278       8424.6751
0.500       410.16634    0.0021247066       7427.6131
0.500       418.20881    0.0026185055       9702.9387
0.500       426.25129    0.0022332729       8762.1195
0.500       434.29377    0.0014503622       6018.6284
0.500       442.33625    0.0016646681       7298.8676
0.500       450.37872    0.0013127315       6075.4685
0.500       458.42120    0.0010322042       5037.6729
0.500       466.46368    0.0015558282       7999.9152
0.500       474.50615    0.0011477946       6212.4082
0.500       482.54863    0.0011675648       6646.2168
0.500       490.59111    0.0014205875       8497.6192
0.500       498.63359    0.0018827079       11824.908
0.500       506.67606    0.0013888662       9152.1227
0.500       514.71854    0.0012672263       8754.5510
0.375     0.015707963       6254.8901    0.0012281448
0.375     0.031415927       16144.242     0.025359316
0.375     0.047123890       8430.5703     0.044694142
0.375     0.062831853       6929.0268     0.087072719
0.375     0.078539816       5269.4595      0.12933199
0.375     0.094247780       4289.2473      0.18191342
0.375      0.10995574       3493.1647      0.23525728
0.375      0.12566371       2903.9309      0.29193497
0.375      0.14137167       2294.9959      0.32850299
0.375      0.15707963       2117.1638      0.41570415
0.375      0.17278760       1873.4681      0.48961448
0.375      0.18849556       1601.3180      0.54331439
0.375      0.20420352       1478.7237      0.63789173
0.375      0.21991149       1349.0572      0.72684930
0.375      0.23561945       1198.5724      0.79426958
0.375      0.25132741       1125.0118      0.90478814
0.375      0.26703538       994.75576      0.95960636
0.375      0.28274334       944.75581       1.0818498
0.375      0.29845130       864.03323       1.1636467
0.375      0.31415927       811.04183       1.2739815
0.375      0.32986723       757.56432       1.3775497
0.375      0.34557519       692.77836       1.4484124
0.375      0.36128316       669.21868       1.5987533
0.375      0.37699112       635.40595       1.7247053
0.375      0.39269908       593.64450       1.8212785
0.375      0.40840704       565.33226       1.9509840
0.375      0.42411501       541.29740       2.0919781
0.375      0.43982297       513.31515       2.2125244
0.375      0.45553093       478.89936       2.2933384
0.375      0.47123890       471.69742       2.5006744
0.375      0.48694686       441.75019       2.5839953
0.375      0.50265482       432.83248       2.7848363
0.375      0.51836279       414.68290       2.9260910
0.375      0.53407075       398.69844       3.0768844
0.375      0.54977871       382.83077       3.2228557
0.375      0.56548668       368.82310       3.3787457
0.375      0.58119464       367.40161       3.6540637
0.375      0.59690260       352.47511       3.7975993
0.375      0.61261057       346.99605       4.0415527
0.375      0.62831853       333.86058       4.1954158
0.375      0.64402649       323.02576       4.3713806
0.375      0.65973446       314.87935       4.5805955
0.375      0.67544242       308.20148       4.8113835
0.375      0.69115038       300.50886       5.0262630
0.375      0.70685835       291.94093       5.2235099
0.375      0.72256631       281.85795       5.3868349
0.375      0.73827427       271.01269       5.5247559
0.375      0.75398224       267.60526       5.8109648
0.375      0.76969020       261.19241       6.0336302
0.375      0.78539816       260.09464       6.3836828
0.375      0.80110613       252.02309       6.5641841
0.375      0.81681409       243.91919       6.7341981
0.375      0.83252205       239.38915       6.9978071
0.375      0.84823002       237.94803       7.3568735
0.375      0.86393798       230.26406       7.5221870
0.375      0.87964594       224.07156       7.7264626
0.375      0.89535391       218.34939       7.9397429
0.375      0.91106187       216.63583       8.2993516
0.375      0.92676983       213.30195       8.6016298
0.375      0.94247780       208.25623       8.8324594
0.375      0.95818576       205.54155       9.1604968
0.375      0.97389372       201.61753       9.4348122
0.375      0.98960169       198.04419       9.7232990
0.375       1.0053096       195.28016       10.051432
0.375       1.0367256       185.97338       10.498143
0.375       1.0681415       180.83856       11.164716
0.375       1.0995574       174.87686       11.777588
0.375       1.1309734       173.25647       12.697459
0.375       1.1623893       167.89249       13.358457
0.375       1.1938052       159.47432       13.745528
0.375       1.2252211       155.18993       14.460298
0.375       1.2566371       150.10374       15.090074
0.375       1.2880530       147.64563       15.984242
0.375       1.3194689       141.91494       16.515658
0.375       1.3508848       139.71425       17.448816
0.375       1.3823008       136.37293       18.247614
0.375       1.4137167       132.59072       18.978879
0.375       1.4451326       128.08820       19.584049
0.375       1.4765485       123.60146       20.157518
0.375       1.5079645       120.50234       20.933366
0.375       1.5393804       118.14188       21.832929
0.375       1.5707963       116.78543       22.930766
0.375       1.6022123       112.86472       23.517362
0.375       1.6336282       107.83326       23.816758
0.375       1.6650441       106.94074       25.008675
0.375       1.6964600       103.54927       25.612277
0.375       1.7278760       100.56983       26.283043
0.375       1.7592919       98.217781       27.094059
0.375       1.7907078       96.765423       28.149108
0.375       1.8221237       93.169828       28.554802
0.375       1.8535397       91.990354       29.676878
0.375       1.8849556       89.851451       30.485879
0.375       1.9163715       88.014786       31.380873
0.375       1.9477874       85.188769       31.891672
0.375       1.9792034       84.034488       33.006470
0.375       2.0106193       81.608790       33.604446
0.375       2.0734512       78.157970       35.295956
0.375       2.1362830       74.572198       36.831852
0.375       2.1991149       72.084497       38.837912
0.375       2.2619467       68.061895       39.904457
0.375       2.3247786       65.738427       41.844111
0.375       2.3876104       63.313328       43.657192
0.375       2.4504423       59.290776       44.196800
0.375       2.5132741       58.301946       46.889207
0.375       2.5761060       56.065167       48.557303
0.375       2.6389378       53.119023       49.454727
0.375       2.7017697       51.276408       51.230999
0.375       2.7646015       48.764717       52.200372
0.375       2.8274334       47.660571       54.576622
0.375       2.8902652       46.112370       56.402818
0.375       2.9530971       43.767215       57.102135
0.375       3.0159289       41.925482       58.265522
0.375       3.0787608       42.124939       62.278392
0.375       3.1415927       39.698120       62.357661
0.375       3.2044245       38.977741       64.973620
0.375       3.2672564       37.312460       65.928589
0.375       3.3300882       35.725784       66.837352
0.375       3.3929201       34.775509       68.812072
0.375       3.4557519       33.607610       70.264435
0.375       3.5185838       32.076219       70.787588
0.375       3.5814156       31.180265       72.562834
0.375       3.6442475       30.389697       74.510969
0.375       3.7070793       29.248091       75.485481
0.375       3.7699112       28.453779       77.233117
0.375       3.8327430       27.570090       78.638922
0.375       3.8955749       26.738986       80.081071
0.375       3.9584067       25.966594       81.591798
0.375       4.0212386       25.374310       83.588018
0.375       4.1469023       23.781781       85.918372
0.375       4.2725660       22.491058       88.868221
0.375       4.3982297       21.153987       91.179294
0.375       4.5238934       20.296749       95.199317
0.375       4.6495571       18.882854       96.155176
0.375       4.7752208       18.225983       100.54063
0.375       4.9008845       17.371319       103.59206
0.375       5.0265482       16.783493       107.98469
0.375       5.1522120       15.560841       107.81632
0.375       5.2778757       15.098351       112.45460
0.375       5.4035394       14.505448       115.94082
0.375       5.5292031       13.987438       119.78324
0.375       5.6548668       13.209461       121.01034
0.375       5.7805305       12.610110       123.39348
0.375       5.9061942       12.254704       127.90757
0.375       6.0318579       11.656045       129.59099
0.375       6.1575216       11.191696       132.36830
0.375       6.2831853       10.888668       136.83103
0.375       6.4088490       10.430735       139.09941
0.375       6.5345127       9.9763767       141.02065
0.375       6.6601764       9.5725491       143.26993
0.375       6.7858401       9.1977675       145.60073
0.375       6.9115038       8.9332862       149.41671
0.375       7.0371675       8.7283403       154.09750
0.375       7.1628313       8.4335422       157.01258
0.375       7.2884950       8.0700075       158.29156
0.375       7.4141587       7.7297586       159.59593
0.375       7.5398224       7.6227517       165.52568
0.375       7.6654861       7.3625458       168.00313
0.375       7.7911498       7.0371691       168.60595
0.375       7.9168135       6.8903084       173.20489
0.375       8.0424772       6.6861068       176.20291
0.375       8.2938046       6.2595208       180.91424
0.375       8.5451320       5.8539960       185.04571
0.375       8.7964594       5.6321135       194.20722
0.375       9.0477868       5.3357041       200.21153
0.375       9.2991143       5.0632358       206.26387
0.375       9.5504417       4.7315993       208.80870
0.375       9.8017691       4.4960395       214.49332
0.375       10.053096       4.2927470       220.95565
0.375       10.304424       4.1237955       228.58016
0.375       10.555751       3.9825826       237.30261
0.375       10.807079       3.7610424       240.49355
0.375       11.058406       3.5950816       246.29558
0.375       11.309734       3.4320499       251.52490
0.375       11.561061       3.2731010       256.22573
0.375       11.812388       3.1206259       260.57043
0.375       12.063716       3.0143071       268.10261
0.375       12.315043       2.9054420       274.90984
0.375       12.566371       2.7901432       280.49579
0.375       12.817698       2.6726176       285.12624
0.375       13.069025       2.5812592       291.89824
0.375       13.320353       2.4858457       297.64022
0.375       13.571680       2.3858965       302.15009
0.375       13.823008       2.2874741       306.07939
0.375       14.074335       2.2252868       314.29676
0.375       14.325663       2.1543259       320.86756
0.375       14.576990       2.0830886       326.87489
0.375       14.828317       2.0224211       334.05461
0.375       15.079645       1.9524524       339.17516
0.375       15.330972       1.9016739       347.14857
0.375       15.582300       1.8445877       353.56089
0.375       15.833627       1.7696242       355.87095
0.375       16.084954       1.7105617       360.63553
0.375       16.587609       1.6307409       377.05665
0.375       17.090264       1.5521686       392.51429
0.375       17.592919       1.4508286       400.22119
0.375       18.095574       1.3571790       407.40321
0.375       18.598229       1.3055667       425.48482
0.375       19.100883       1.2325162       435.13424
0.375       19.603538       1.1855787       452.48484
0.375       20.106193       1.1013571       453.51112
0.375       20.608848       1.0577053       469.02510
0.375       21.111503       1.0136886       483.20591
0.375       21.614157      0.97814817       500.36836
0.375       22.116812      0.94295511       516.80758
0.375       22.619467      0.88547835       519.15294
0.375       23.122122      0.83929837       525.61736
0.375       23.624777      0.82144560       548.72179
0.375       24.127432      0.79105147       562.87023
0.375       24.630086      0.76257274       577.23060
0.375       25.132741      0.73226824       588.92506
0.375       25.635396      0.70071529       598.04236
0.375       26.138051      0.68094400       616.02914
0.375       26.640706      0.66089574       633.05346
0.375       27.143361      0.63800348       646.37440
0.375       27.646015      0.61086940       653.90741
0.375       28.148670      0.59667904       674.19370
0.375       28.651325      0.58047031       691.64685
0.375       29.153980      0.56010049       703.12050
0.375       29.656635      0.54150362       715.54545
0.375       30.159289      0.52650445       731.70433
0.375       30.661944      0.50225251       733.48535
0.375       31.164599      0.49550479       759.80606
0.375       31.667254      0.48895253       786.62577
0.375       32.169909      0.46948967       791.85523
0.375       33.175218      0.44964863       831.73485
0.375       34.180528      0.41614945       841.89104
0.375       35.185838      0.40448662       892.64362
0.375       36.191147      0.37831499       908.51241
0.375       37.196457      0.36428412       949.76295
0.375       38.201767      0.34164791       964.93791
0.375       39.207076      0.32896884       1004.4270
0.375       40.212386      0.31405520       1034.5602
0.375       41.217696      0.30242064       1072.8347
0.375       42.223005      0.29570804       1127.6668
0.375       43.228315      0.28056755       1148.1870
0.375       44.233625      0.26815757       1175.7579
0.375       45.238934      0.26440548       1240.1603
0.375       46.244244      0.24874472       1246.2271
0.375       47.249554      0.23690059       1265.9878
0.375       48.254863      0.22998947       1309.1864
0.375       49.260173      0.22028585       1333.9657
0.375       50.265482      0.21451091       1380.1593
0.375       51.270792      0.20866303       1424.7079
0.375       52.276102      0.20069582       1452.5068
0.375       53.281411      0.19474957       1492.3612
0.375       54.286721      0.19067280       1545.3962
0.375       55.292031      0.18207309       1559.2065
0.375       56.297340      0.17817378       1610.5629
0.375       57.302650      0.17410512       1659.6095
0.375       58.307960      0.16700718       1677.2158
0.375       59.313269      0.16119917       1704.0748
0.375       60.318579      0.15967460       1775.2495
0.375       61.323889      0.15763666       1841.6900
0.375       62.329198      0.15346842       1882.6254
0.375       63.334508      0.14622383       1881.9567
0.375       64.339818      0.14478521       1953.5922
0.375       66.350437      0.13666409       2022.3486
0.375       68.361056      0.12806574       2072.6668
0.375       70.371675      0.12541924       2214.2574
0.375       72.382295      0.11572365       2223.2558
0.375       74.392914      0.10969166       2287.9082
0.375       76.403533      0.10687459       2414.8216
0.375       78.414153      0.10614593       2592.7280
0.375       80.424772     0.098105138       2585.4225
0.375       82.435391     0.094107218       2670.7566
0.375       84.446011     0.093464232       2851.3670
0.375       86.456630     0.089266317       2922.4883
0.375       88.467249     0.084949112       2979.7283
0.375       90.477868     0.082450434       3093.7861
0.375       92.488488     0.077887904       3121.7873
0.375       94.499107     0.075431661       3224.8316
0.375       96.509726     0.073829097       3362.1034
0.375       98.520346     0.069490350       3366.4529
0.375       100.53096     0.067926993       3496.3283
0.375       102.54158     0.062881032       3434.7093
0.375       104.55220     0.063476272       3675.2022
0.375       106.56282     0.061484429       3769.2293
0.375       108.57344     0.059740689       3873.5691
0.375       110.58406     0.057133255       3914.1443
0.375       112.59468     0.055665671       4025.4212
0.375       114.60530     0.053429912       4074.4484
0.375       116.61592     0.052634635       4228.7830
0.375       118.62654     0.050987876       4312.0398
0.375       120.63716     0.049802295       4429.5836
0.375       122.64778     0.048889415       4569.4523
0.375       124.65840     0.046657499       4578.8490
0.375       126.66902     0.045576350       4692.6805
0.375       128.67964     0.044296152       4781.5172
0.375       132.70087     0.044655616       5286.4933
0.375       136.72211     0.038771696       5019.9725
0.375       140.74335     0.036854695       5205.3117
0.375       144.76459     0.034304099       5272.3388
0.375       148.78583     0.034435866       5746.0046
0.375       152.80707     0.031757368       5740.4386
0.375       156.82831     0.031397015       6135.2458
0.375       160.84954     0.029481100       6215.4624
0.375       164.87078     0.027816551       6315.4549
0.375       168.89202     0.027112105       6616.9964
0.375       172.91326     0.026710820       6995.8804
0.375       176.93450     0.024099518       6762.6385
0.375       180.95574     0.023910230       7177.4651
0.375       184.97698     0.022986448       7370.4694
0.375       188.99821     0.021546776       7369.2900
0.375       193.01945     0.019239828       7009.3007
0.375       197.04069     0.020272846       7856.9274
0.375       201.06193     0.018773034       7730.2628
0.375       205.08317     0.018054507       7889.4358
0.375       209.10441     0.016442071       7615.8140
0.375       213.12565     0.016788692       8233.6854
0.375       217.14688     0.016046372       8323.5374
0.375       221.16812     0.015512607       8502.0303
0.375       225.18936     0.014141370       8180.9806
0.375       229.21060     0.013913843       8488.3145
0.375       233.23184     0.013300209       8548.5457
0.375       237.25308     0.012784544       8649.5014
0.375       241.27432     0.012249321       8715.9667
0.375       245.29555     0.011686531       8738.2585
0.375       249.31679     0.011143437       8748.7096
0.375       253.33803     0.010322890       8503.0110
0.375       257.35927     0.010826094       9348.9214
0.375       265.40175    0.0096795237       9167.1762
0.375       273.44422    0.0089350651       9254.9536
0.375       281.48670    0.0087619502       9900.2164
0.375       289.52918    0.0084855179       10433.395
0.375       297.57166    0.0066073955       8820.1353
0.375       305.61413    0.0071902408       10397.621
0.375       313.65661    0.0065723110       10274.287
0.375       321.69909    0.0061222753       10326.011
0.375       329.74156    0.0051014450       9265.8347
0.375       337.78404    0.0052624896       10274.930
0.375       345.82652    0.0055226037       11571.483
0.375       353.86900    0.0047942460       10762.623
0.375       361.91147    0.0043096359       10349.465
0.375       369.95395    0.0035997842       9233.9972
0.375       377.99643    0.0033872181       9267.7969
0.375       386.03891    0.0030642786       8930.8281
0.375       394.08138    0.0031006538       9613.4947
0.375       402.12386    0.0036045264       11874.026
0.375       410.16634    0.0027691042       9680.3173
0.375       418.20881    0.0030635899       11352.210
0.375       426.25129    0.0032548371       12770.169
0.375       434.29377    0.0024262912       10068.482
0.375       442.33625    0.0028161380       12347.578
0.375       450.37872    0.0025407616       11758.929
0.375       458.42120    0.0024099990       11762.001
0.375       466.46368    0.0019954915       10260.621
0.375       474.50615    0.0017738739       9601.0460
0.375       482.54863    0.0025168623       14326.925
0.375       490.59111    0.0017176955       10274.849
0.375       498.63359    0.0018349576       11524.999
0.375       506.67606    0.0022382517       14749.264
0.375       514.71854    0.0015969687       11032.555
0.250     0.015707963       7125.5797    0.0013991043
0.250     0.031415927       18397.881     0.028899324
0.250     0.047123890       9588.9182     0.050835052
0.250     0.062831853       7902.9471     0.099311362
0.250     0.078539816       6015.5336      0.14764341
0.250     0.094247780       4891.5253      0.20745693
0.250      0.10995574       3988.7387      0.26863315
0.250      0.12566371       3304.0355      0.33215788
0.250      0.14137167       2635.0535      0.37717844
0.250      0.15707963       2437.0846      0.47852045
0.250      0.17278760       2162.7349      0.56521182
0.250      0.18849556       1840.7041      0.62453618
0.250      0.20420352       1712.1567      0.73859005
0.250      0.21991149       1557.9670      0.83940634
0.250      0.23561945       1391.8782      0.92236943
0.250      0.25132741       1307.5045       1.0515575
0.250      0.26703538       1161.7871       1.1207357
0.250      0.28274334       1103.5007       1.2636303
0.250      0.29845130       1016.3434       1.3687722
0.250      0.31415927       954.58421       1.4994574
0.250      0.32986723       893.55760       1.6248390
0.250      0.34557519       825.18461       1.7252381
0.250      0.36128316       793.58682       1.8958669
0.250      0.37699112       755.63651       2.0510514
0.250      0.39269908       709.97555       2.1781777
0.250      0.40840704       674.71039       2.3284522
0.250      0.42411501       649.93753       2.5118448
0.250      0.43982297       620.14225       2.6729775
0.250      0.45553093       575.42044       2.7555555
0.250      0.47123890       570.00634       3.0218530
0.250      0.48694686       532.75494       3.1163229
0.250      0.50265482       524.14763       3.3723563
0.250      0.51836279       503.68169       3.5540855
0.250      0.53407075       483.66918       3.7326310
0.250      0.54977871       461.44681       3.8846838
0.250      0.56548668       447.31056       4.0977602
0.250      0.58119464       447.67966       4.4524846
0.250      0.59690260       428.42409       4.6158806
0.250      0.61261057       423.70762       4.9350321
0.250      0.62831853       408.87427       5.1380656
0.250      0.64402649       395.03935       5.3459122
0.250      0.65973446       387.89463       5.6427593
0.250      0.67544242       378.66419       5.9113884
0.250      0.69115038       369.01759       6.1721289
0.250      0.70685835       359.12856       6.4256546
0.250      0.72256631       346.54397       6.6231064
0.250      0.73827427       334.13091       6.8114585
0.250      0.75398224       330.18266       7.1698136
0.250      0.76969020       321.23043       7.4205279
0.250      0.78539816       319.70267       7.8466841
0.250      0.80110613       311.28552       8.1077310
0.250      0.81681409       302.61198       8.3546072
0.250      0.83252205       297.43182       8.6945064
0.250      0.84823002       294.47152       9.1044659
0.250      0.86393798       285.29653       9.3199685
0.250      0.87964594       276.75412       9.5430690
0.250      0.89535391       272.02961       9.8916931
0.250      0.91106187       269.24782       10.314925
0.250      0.92676983       264.53054       10.667478
0.250      0.94247780       258.60173       10.967688
0.250      0.95818576       254.05809       11.322763
0.250      0.97389372       250.40616       11.717905
0.250      0.98960169       245.13452       12.035275
0.250       1.0053096       241.71172       12.441350
0.250       1.0367256       231.68639       13.078629
0.250       1.0681415       225.27659       13.908257
0.250       1.0995574       220.23604       14.832433
0.250       1.1309734       214.34254       15.708538
0.250       1.1623893       208.20881       16.566247
0.250       1.1938052       197.86541       17.054561
0.250       1.2252211       193.00127       17.983486
0.250       1.2566371       187.14393       18.813759
0.250       1.2880530       182.68842       19.778004
0.250       1.3194689       176.70435       20.564350
0.250       1.3508848       174.49832       21.792973
0.250       1.3823008       169.33682       22.658403
0.250       1.4137167       165.15941       23.640723
0.250       1.4451326       158.98472       24.307973
0.250       1.4765485       154.74699       25.236880
0.250       1.5079645       149.38174       25.950223
0.250       1.5393804       146.09195       26.998175
0.250       1.5707963       144.19928       28.313463
0.250       1.6022123       139.30211       29.026061
0.250       1.6336282       134.53148       29.713501
0.250       1.6650441       132.59887       31.008968
0.250       1.6964600       128.74050       31.843173
0.250       1.7278760       123.61319       32.305224
0.250       1.7592919       122.29517       33.735976
0.250       1.7907078       120.54226       35.065802
0.250       1.8221237       115.21784       35.312104
0.250       1.8535397       114.51397       36.943188
0.250       1.8849556       111.27423       37.754458
0.250       1.9163715       108.49048       38.681294
0.250       1.9477874       105.18785       39.378622
0.250       1.9792034       102.82238       40.385845
0.250       2.0106193       101.17184       41.660018
0.250       2.0734512       97.335478       43.956474
0.250       2.1362830       92.591523       45.731752
0.250       2.1991149       87.343011       47.058942
0.250       2.2619467       83.197366       48.778332
0.250       2.3247786       80.686439       51.358885
0.250       2.3876104       76.522194       52.765258
0.250       2.4504423       73.249257       54.601794
0.250       2.5132741       70.614095       56.791225
0.250       2.5761060       68.359664       59.205405
0.250       2.6389378       64.862599       60.388199
0.250       2.7017697       61.677443       61.622823
0.250       2.7646015       60.399399       64.654761
0.250       2.8274334       56.753512       64.989044
0.250       2.8902652       56.327128       68.897105
0.250       2.9530971       54.047173       70.514173
0.250       3.0159289       51.304082       71.299337
0.250       3.0787608       50.022187       73.953848
0.250       3.1415927       48.035220       75.453547
0.250       3.2044245       46.290110       77.162912
0.250       3.2672564       44.879967       79.299860
0.250       3.3300882       43.291628       80.991863
0.250       3.3929201       42.133112       83.370938
0.250       3.4557519       40.047330       83.728150
0.250       3.5185838       39.170131       86.442828
0.250       3.5814156       38.165619       88.819176
0.250       3.6442475       37.039509       90.815309
0.250       3.7070793       35.639379       91.980556
0.250       3.7699112       34.822821       94.520839
0.250       3.8327430       33.486503       95.514468
0.250       3.8955749       32.197204       96.427984
0.250       3.9584067       31.604351       99.306663
0.250       4.0212386       30.912981       101.83350
0.250       4.1469023       29.418731       106.28344
0.250       4.2725660       27.402622       108.27513
0.250       4.3982297       25.200225       108.61965
0.250       4.5238934       24.440124       114.63329
0.250       4.6495571       22.930182       116.76496
0.250       4.7752208       21.784425       120.17019
0.250       4.9008845       20.847035       124.31913
0.250       5.0265482       20.036431       128.91403
0.250       5.1522120       19.007977       131.70047
0.250       5.2778757       18.464637       137.52717
0.250       5.4035394       17.545449       140.23929
0.250       5.5292031       16.908024       144.79406
0.250       5.6548668       16.090444       147.40270
0.250       5.7805305       15.310799       149.82049
0.250       5.9061942       14.927711       155.80689
0.250       6.0318579       14.027635       155.95813
0.250       6.1575216       13.506784       159.74970
0.250       6.2831853       13.008830       163.47377
0.250       6.4088490       12.580161       167.76315
0.250       6.5345127       12.114173       171.23938
0.250       6.6601764       11.564386       173.08126
0.250       6.7858401       11.163684       176.72121
0.250       6.9115038       10.774933       180.21980
0.250       7.0371675       10.503998       185.44646
0.250       7.1628313       10.084582       187.75103
0.250       7.2884950       9.8406962       193.02327
0.250       7.4141587       9.3963169       194.00528
0.250       7.5398224       9.1583191       198.87005
0.250       7.6654861       8.7691666       200.10027
0.250       7.7911498       8.5681961       205.28836
0.250       7.9168135       8.3206094       209.15904
0.250       8.0424772       8.0454907       212.02756
0.250       8.2938046       7.4778463       216.12658
0.250       8.5451320       6.9858855       220.82491
0.250       8.7964594       6.6164772       228.15017
0.250       9.0477868       6.4291776       241.24191
0.250       9.2991143       6.0449570       246.25680
0.250       9.5504417       5.8066207       256.25012
0.250       9.8017691       5.4450868       259.76968
0.250       10.053096       5.1653952       265.87247
0.250       10.304424       4.8977551       271.48040
0.250       10.555751       4.7166642       281.04293
0.250       10.807079       4.4359569       283.64983
0.250       11.058406       4.3428346       297.52342
0.250       11.309734       4.0680318       298.13415
0.250       11.561061       3.9408611       308.49950
0.250       11.812388       3.7910942       316.55413
0.250       12.063716       3.6135660       321.40272
0.250       12.315043       3.4489615       326.33709
0.250       12.566371       3.3071753       332.47352
0.250       12.817698       3.2125450       342.72799
0.250       13.069025       3.0853605       348.90387
0.250       13.320353       2.9724679       355.90544
0.250       13.571680       2.8328662       358.75436
0.250       13.823008       2.7449265       367.28960
0.250       14.074335       2.6418988       373.13854
0.250       14.325663       2.5624935       381.66046
0.250       14.576990       2.4939884       391.35262
0.250       14.828317       2.4114231       398.30824
0.250       15.079645       2.3227090       403.49521
0.250       15.330972       2.2793850       416.09933
0.250       15.582300       2.2004448       421.76970
0.250       15.833627       2.1045093       423.21625
0.250       16.084954       2.0671003       435.80410
0.250       16.587609       1.9510585       451.11984
0.250       17.090264       1.7818370       450.59311
0.250       17.592919       1.7331642       478.10543
0.250       18.095574       1.6174362       485.52823
0.250       18.598229       1.5223479       496.13389
0.250       19.100883       1.4661606       517.62131
0.250       19.603538       1.4169269       540.78059
0.250       20.106193       1.3006524       535.57591
0.250       20.608848       1.2678521       562.21186
0.250       21.111503       1.2066113       575.16850
0.250       21.614157       1.1614681       594.14506
0.250       22.116812       1.1097030       608.19750
0.250       22.619467       1.0596231       621.25341
0.250       23.122122       1.0085530       631.61441
0.250       23.624777      0.97315860       650.06536
0.250       24.127432      0.93379543       664.43925
0.250       24.630086      0.90024439       681.44136
0.250       25.132741      0.88280918       709.99727
0.250       25.635396      0.84068880       717.50613
0.250       26.138051      0.81192674       734.52520
0.250       26.640706      0.78085625       747.96026
0.250       27.143361      0.75212332       761.99156
0.250       27.646015      0.73135798       782.88486
0.250       28.148670      0.69859247       789.34672
0.250       28.651325      0.68248357       813.19854
0.250       29.153980      0.66380225       833.30220
0.250       29.656635      0.63874058       844.03482
0.250       30.159289      0.62560237       869.42468
0.250       30.661944      0.60461048       882.96808
0.250       31.164599      0.58203577       892.49249
0.250       31.667254      0.55809511       897.86221
0.250       32.169909      0.55522935       936.46632
0.250       33.175218      0.53030927       980.93640
0.250       34.180528      0.49542749       1002.2745
0.250       35.185838      0.46665060       1029.8306
0.250       36.191147      0.44766069       1075.0441
0.250       37.196457      0.41828746       1090.5607
0.250       38.201767      0.41393867       1169.1133
0.250       39.207076      0.38216954       1166.8625
0.250       40.212386      0.36721758       1209.6877
0.250       41.217696      0.34894919       1237.8943
0.250       42.223005      0.33907632       1293.0495
0.250       43.228315      0.32637394       1335.6438
0.250       44.233625      0.31367607       1375.3373
0.250       45.238934      0.30410549       1426.3681
0.250       46.244244      0.28931380       1449.4808
0.250       47.249554      0.28024332       1497.6097
0.250       48.254863      0.27175396       1546.9255
0.250       49.260173      0.26280219       1591.4281
0.250       50.265482      0.25378001       1632.8159
0.250       51.270792      0.24862418       1697.5544
0.250       52.276102      0.23598171       1707.8833
0.250       53.281411      0.23071871       1767.9918
0.250       54.286721      0.22210517       1800.1544
0.250       55.292031      0.21703027       1858.5669
0.250       56.297340      0.20784502       1878.7695
0.250       57.302650      0.20848826       1987.3575
0.250       58.307960      0.19743359       1982.7814
0.250       59.313269      0.19202451       2029.9368
0.250       60.318579      0.18648595       2073.3359
0.250       61.323889      0.18215755       2128.1709
0.250       62.329198      0.17726174       2174.5024
0.250       63.334508      0.17306588       2227.4241
0.250       64.339818      0.17011502       2295.3683
0.250       66.350437      0.16041768       2373.8532
0.250       68.361056      0.15392206       2491.1359
0.250       70.371675      0.14531304       2565.4794
0.250       72.382295      0.13834420       2657.8364
0.250       74.392914      0.13355434       2785.6271
0.250       76.403533      0.12772724       2885.9853
0.250       78.414153      0.12263379       2995.4618
0.250       80.424772      0.11932921       3144.7530
0.250       82.435391      0.11425916       3242.6675
0.250       84.446011      0.10860229       3313.1925
0.250       86.456630      0.10391071       3401.9309
0.250       88.467249      0.10074675       3533.8561
0.250       90.477868     0.097436501       3656.1080
0.250       92.488488     0.094135233       3772.9886
0.250       94.499107     0.087977412       3761.1838
0.250       96.509726     0.087104767       3966.6642
0.250       98.520346     0.085667325       4150.1447
0.250       100.53096     0.081197884       4179.4056
0.250       102.54158     0.078777216       4302.9961
0.250       104.55220     0.075749641       4385.8160
0.250       106.56282     0.072026399       4415.4921
0.250       108.57344     0.072806900       4720.7784
0.250       110.58406     0.067252681       4607.4165
0.250       112.59468     0.066840846       4833.5456
0.250       114.60530     0.065149479       4968.1570
0.250       116.61592     0.063164660       5074.7885
0.250       118.62654     0.061958911       5239.8591
0.250       120.63716     0.060718782       5400.5327
0.250       122.64778     0.057918229       5413.3310
0.250       124.65840     0.056507585       5545.5115
0.250       126.66902     0.055351920       5699.2032
0.250       128.67964     0.053723574       5799.1537
0.250       132.70087     0.051544457       6102.0193
0.250       136.72211     0.046687808       6044.9125
0.250       140.74335     0.045753556       6462.1758
0.250       144.76459     0.044545612       6846.3991
0.250       148.78583     0.042933703       7163.9624
0.250       152.80707     0.040269426       7279.0721
0.250       156.82831     0.039357392       7690.7717
0.250       160.84954     0.037102760       7822.3271
0.250       164.87078     0.033550789       7617.3532
0.250       168.89202     0.033063501       8069.4975
0.250       172.91326     0.030570181       8006.6926
0.250       176.93450     0.030384795       8526.3689
0.250       180.95574     0.028973043       8697.2398
0.250       184.97698     0.027926292       8954.4014
0.250       188.99821     0.026410773       9032.8432
0.250       193.01945     0.026786123       9758.5065
0.250       197.04069     0.025909942       10041.636
0.250       201.06193     0.023691344       9755.4994
0.250       205.08317     0.022285958       9738.4898
0.250       209.10441     0.021999011       10189.737
0.250       213.12565     0.021118701       10357.253
0.250       217.14688     0.020004593       10376.737
0.250       221.16812     0.019496031       10685.234
0.250       225.18936     0.018138929       10493.624
0.250       229.21060     0.018020772       10993.798
0.250       233.23184     0.016862356       10838.072
0.250       237.25308     0.016750804       11332.911
0.250       241.27432     0.015132843       10767.728
0.250       245.29555     0.015702017       11740.720
0.250       249.31679     0.015111404       11863.960
0.250       253.33803     0.014788707       12181.524
0.250       257.35927     0.014378862       12416.930
0.250       265.40175     0.013400007       12690.731
0.250       273.44422     0.012959276       13423.237
0.250       281.48670     0.011058350       12494.942
0.250       289.52918     0.010164857       12498.231
0.250       297.57166     0.010182529       13592.539
0.250       305.61413    0.0094460342       13659.666
0.250       313.65661    0.0078314517       12242.662
0.250       321.69909    0.0067037074       11306.672
0.250       329.74156    0.0082696044       15020.213
0.250       337.78404    0.0075843809       14808.388
0.250       345.82652    0.0075205213       15757.709
0.250       353.86900    0.0068857885       15457.935
0.250       361.91147    0.0057824765       13886.449
0.250       369.95395    0.0053039437       13605.427
0.250       377.99643    0.0054553602       14926.458
0.250       386.03891    0.0050463673       14707.618
0.250       394.08138    0.0050432747       15636.539
0.250       402.12386    0.0044781208       14751.819
0.250       410.16634    0.0041433592       14484.479
0.250       418.20881    0.0036245891       13431.007
0.250       426.25129    0.0038691010       15180.199
0.250       434.29377    0.0035916389       14904.373
0.250       442.33625    0.0026450809       11597.565
0.250       450.37872    0.0032398908       14994.577
0.250       458.42120    0.0030890058       15075.893
0.250       466.46368    0.0026844833       13803.349
0.250       474.50615    0.0026224108       14193.730
0.250       482.54863    0.0025505435       14518.651
0.250       490.59111    0.0030873378       18467.726
0.250       498.63359    0.0023815168       14957.826
0.250       506.67606    0.0016312966       10749.650
0.250       514.71854    0.0015608136       10782.780
0.125     0.015707963       8129.2900    0.0015961824
0.125     0.031415927       20995.365     0.032979442
0.125     0.047123890       10920.733     0.057895584
0.125     0.062831853       9026.7398      0.11343336
0.125     0.078539816       6878.5267      0.16882444
0.125     0.094247780       5587.1267      0.23695843
0.125      0.10995574       4563.3009      0.30732870
0.125      0.12566371       3766.3258      0.37863237
0.125      0.14137167       3032.6576      0.43409102
0.125      0.15707963       2812.9388      0.55231923
0.125      0.17278760       2503.4968      0.65426695
0.125      0.18849556       2121.8971      0.71994274
0.125      0.20420352       1989.6592      0.85829908
0.125      0.21991149       1803.8422      0.97187976
0.125      0.23561945       1622.4404       1.0751583
0.125      0.25132741       1524.7615       1.2262859
0.125      0.26703538       1363.3180       1.3151456
0.125      0.28274334       1294.2198       1.4820247
0.125      0.29845130       1201.6802       1.6183766
0.125      0.31415927       1127.3301       1.7708059
0.125      0.32986723       1057.9160       1.9237072
0.125      0.34557519       988.10864       2.0658683
0.125      0.36128316       945.82723       2.2595669
0.125      0.37699112       903.60614       2.4526907
0.125      0.39269908       852.77767       2.6162891
0.125      0.40840704       810.58036       2.7973449
0.125      0.42411501       784.75114       3.0328654
0.125      0.43982297       753.37514       3.2472466
0.125      0.45553093       697.49324       3.3401340
0.125      0.47123890       693.85527       3.6784304
0.125      0.48694686       647.39154       3.7868839
0.125      0.50265482       639.06995       4.1117644
0.125      0.51836279       616.23933       4.3483163
0.125      0.53407075       591.75431       4.5667588
0.125      0.54977871       561.42857       4.7263788
0.125      0.56548668       546.22644       5.0039171
0.125      0.58119464       548.88444       5.4590363
0.125      0.59690260       523.52191       5.6404732
0.125      0.61261057       520.06323       6.0573108
0.125      0.62831853       504.29640       6.3371755
0.125      0.64402649       486.69187       6.5862097
0.125      0.65973446       481.07265       6.9982335
0.125      0.67544242       468.78349       7.3182555
0.125      0.69115038       456.32114       7.6323541
0.125      0.70685835       443.86020       7.9417030
0.125      0.72256631       429.20031       8.2028243
0.125      0.73827427       415.65039       8.4732819
0.125      0.75398224       411.58474       8.9374344
0.125      0.76969020       398.52653       9.2060933
0.125      0.78539816       394.44589       9.6811587
0.125      0.80110613       386.15599       10.057805
0.125      0.81681409       378.64251       10.453682
0.125      0.83252205       372.22535       10.880866
0.125      0.84823002       366.61745       11.335072
0.125      0.86393798       355.78646       11.622709
0.125      0.87964594       344.93457       11.894075
0.125      0.89535391       341.57113       12.420401
0.125      0.91106187       337.38341       12.925209
0.125      0.92676983       330.63109       13.333053
0.125      0.94247780       323.00636       13.699185
0.125      0.95818576       316.67306       14.113363
0.125      0.97389372       313.94225       14.691114
0.125      0.98960169       306.80178       15.062928
0.125       1.0053096       300.55530       15.470139
0.125       1.0367256       291.29466       16.443498
0.125       1.0681415       281.46484       17.377239
0.125       1.0995574       277.69595       18.702237
0.125       1.1309734       264.37829       19.375511
0.125       1.1623893       258.78342       20.590244
0.125       1.1938052       247.95338       21.371780
0.125       1.2252211       242.82522       22.625984
0.125       1.2566371       234.78973       23.603638
0.125       1.2880530       226.09782       24.477543
0.125       1.3194689       220.27278       25.634720
0.125       1.3508848       217.00814       27.101996
0.125       1.3823008       210.20955       28.127450
0.125       1.4137167       207.19862       29.658165
0.125       1.4451326       199.00498       30.426873
0.125       1.4765485       193.59803       31.572893
0.125       1.5079645       187.54224       32.579370
0.125       1.5393804       181.28930       33.502736
0.125       1.5707963       179.66065       35.276287
0.125       1.6022123       173.72420       36.198513
0.125       1.6336282       168.03129       37.112488
0.125       1.6650441       166.14230       38.853282
0.125       1.6964600       161.74336       40.006230
0.125       1.7278760       155.72508       40.697384
0.125       1.7592919       153.81065       42.429739
0.125       1.7907078       151.30303       44.014125
0.125       1.8221237       146.23237       44.817475
0.125       1.8535397       142.70942       46.039284
0.125       1.8849556       138.95013       47.144668
0.125       1.9163715       135.80350       48.419504
0.125       1.9477874       130.40947       48.820707
0.125       1.9792034       127.78190       50.189270
0.125       2.0106193       126.50899       52.093218
0.125       2.0734512       121.58652       54.908186
0.125       2.1362830       116.55480       57.567419
0.125       2.1991149       108.92883       58.689015
0.125       2.2619467       103.27913       60.552200
0.125       2.3247786       98.660295       62.799682
0.125       2.3876104       95.385145       65.772053
0.125       2.4504423       92.117121       68.666363
0.125       2.5132741       88.580722       71.240844
0.125       2.5761060       84.596402       73.267830
0.125       2.6389378       80.742035       75.172229
0.125       2.7017697       77.247858       77.179449
0.125       2.7646015       73.715645       78.909186
0.125       2.8274334       70.558716       80.797528
0.125       2.8902652       69.367722       84.847840
0.125       2.9530971       66.188026       86.354081
0.125       3.0159289       63.470053       88.206875
0.125       3.0787608       61.436308       90.828724
0.125       3.1415927       59.610206       93.635493
0.125       3.2044245       56.945117       94.924186
0.125       3.2672564       55.736491       98.482603
0.125       3.3300882       53.799446       100.65035
0.125       3.3929201       51.538161       101.98119
0.125       3.4557519       49.572516       103.64274
0.125       3.5185838       48.536684       107.11346
0.125       3.5814156       47.297595       110.07115
0.125       3.6442475       45.540485       111.65843
0.125       3.7070793       44.050179       113.68773
0.125       3.7699112       42.775154       116.10614
0.125       3.8327430       41.241954       117.63555
0.125       3.8955749       40.230893       120.48822
0.125       3.9584067       39.021385       122.61234
0.125       4.0212386       37.907753       124.87567
0.125       4.1469023       35.816251       129.39628
0.125       4.2725660       33.839606       133.70939
0.125       4.3982297       32.125178       138.46804
0.125       4.5238934       29.215911       137.03351
0.125       4.6495571       28.762382       146.46366
0.125       4.7752208       26.931825       148.56497
0.125       4.9008845       26.071298       155.47348
0.125       5.0265482       24.743497       159.19921
0.125       5.1522120       23.415173       162.23659
0.125       5.2778757       22.539966       167.88078
0.125       5.4035394       21.537135       172.14450
0.125       5.5292031       20.574413       176.19166
0.125       5.6548668       19.546427       179.06255
0.125       5.7805305       18.843245       184.38647
0.125       5.9061942       18.211206       190.07812
0.125       6.0318579       17.238772       191.65930
0.125       6.1575216       16.770992       198.35668
0.125       6.2831853       16.088987       202.18018
0.125       6.4088490       15.629481       208.42746
0.125       6.5345127       14.930520       211.04974
0.125       6.6601764       14.420421       215.82681
0.125       6.7858401       13.850315       219.25059
0.125       6.9115038       13.259214       221.77148
0.125       7.0371675       12.925542       228.19846
0.125       7.1628313       12.498945       232.70075
0.125       7.2884950       12.097129       237.28274
0.125       7.4141587       11.634704       240.22115
0.125       7.5398224       11.368351       246.86020
0.125       7.6654861       11.000367       251.01319
0.125       7.7911498       10.478560       251.05943
0.125       7.9168135       10.166974       255.57196
0.125       8.0424772       9.8275959       258.99243
0.125       8.2938046       9.4025039       271.75352
0.125       8.5451320       8.9451717       282.75824
0.125       8.7964594       8.3318946       287.30140
0.125       9.0477868       8.0447180       301.86181
0.125       9.2991143       7.4535329       303.63874
0.125       9.5504417       7.1041972       313.51306
0.125       9.8017691       6.6878770       319.05969
0.125       10.053096       6.3434301       326.50811
0.125       10.304424       6.1912810       343.17996
0.125       10.555751       5.7977778       345.46120
0.125       10.807079       5.5075543       352.17133
0.125       11.058406       5.2060567       356.66193
0.125       11.309734       5.0466557       369.85462
0.125       11.561061       4.8007614       375.81443
0.125       11.812388       4.6952446       392.05016
0.125       12.063716       4.4339383       394.36939
0.125       12.315043       4.2215672       399.44021
0.125       12.566371       4.0753225       409.69610
0.125       12.817698       3.9757924       424.15449
0.125       13.069025       3.7052068       418.99836
0.125       13.320353       3.6475400       436.73451
0.125       13.571680       3.5506386       449.65309
0.125       13.823008       3.3873580       453.25125
0.125       14.074335       3.2457093       458.41998
0.125       14.325663       3.1666556       471.64501
0.125       14.576990       3.0504217       478.66723
0.125       14.828317       2.9599920       488.91844
0.125       15.079645       2.8735611       499.18788
0.125       15.330972       2.7811412       507.69440
0.125       15.582300       2.6639664       510.61509
0.125       15.833627       2.5764372       518.12081
0.125       16.084954       2.5135270       529.92366
0.125       16.587609       2.3417424       541.45300
0.125       17.090264       2.2083248       558.44388
0.125       17.592919       2.0877845       575.92991
0.125       18.095574       2.0018597       600.92597
0.125       18.598229       1.8817163       613.25224
0.125       19.100883       1.8268181       644.94980
0.125       19.603538       1.7327795       661.32804
0.125       20.106193       1.6105881       663.19963
0.125       20.608848       1.5530181       688.66483
0.125       21.111503       1.4840883       707.43645
0.125       21.614157       1.3943707       713.28557
0.125       22.116812       1.3360086       732.22929
0.125       22.619467       1.3056960       765.52510
0.125       23.122122       1.2226308       765.68235
0.125       23.624777       1.1823106       789.77791
0.125       24.127432       1.1284110       802.91736
0.125       24.630086       1.0928534       827.23704
0.125       25.132741       1.0520501       846.10888
0.125       25.635396       1.0157154       866.88678
0.125       26.138051      0.96415511       872.24154
0.125       26.640706      0.93981967       900.22685
0.125       27.143361      0.90177636       913.60812
0.125       27.646015      0.87912547       941.06313
0.125       28.148670      0.84572629       955.59471
0.125       28.651325      0.83048176       989.54259
0.125       29.153980      0.79320336       995.74550
0.125       29.656635      0.77520096       1024.3542
0.125       30.159289      0.75377874       1047.5565
0.125       30.661944      0.72542285       1059.4014
0.125       31.164599      0.70200816       1076.4579
0.125       31.667254      0.68202009       1097.2324
0.125       32.169909      0.66013213       1113.3985
0.125       33.175218      0.62720277       1160.1646
0.125       34.180528      0.58824444       1190.0478
0.125       35.185838      0.56285522       1242.1403
0.125       36.191147      0.52625729       1263.7915
0.125       37.196457      0.51165677       1333.9935
0.125       38.201767      0.48482779       1369.3299
0.125       39.207076      0.46124876       1408.3119
0.125       40.212386      0.43584675       1435.7658
0.125       41.217696      0.42177118       1496.2297
0.125       42.223005      0.40162412       1531.5722
0.125       43.228315      0.38823219       1588.7908
0.125       44.233625      0.37941203       1663.5618
0.125       45.238934      0.36418874       1708.1809
0.125       46.244244      0.34865138       1746.7659
0.125       47.249554      0.33505539       1790.5234
0.125       48.254863      0.32069105       1825.4938
0.125       49.260173      0.31588669       1912.8873
0.125       50.265482      0.30259751       1946.9068
0.125       51.270792      0.29312670       2001.4084
0.125       52.276102      0.27761671       2009.2105
0.125       53.281411      0.27616036       2116.2100
0.125       54.286721      0.26331815       2134.1841
0.125       55.292031      0.25684059       2199.4877
0.125       56.297340      0.25126013       2271.2109
0.125       57.302650      0.24080914       2295.4474
0.125       58.307960      0.23847177       2394.9186
0.125       59.313269      0.22856734       2416.2397
0.125       60.318579      0.22163668       2464.1390
0.125       61.323889      0.21621293       2526.0444
0.125       62.329198      0.21167525       2596.6592
0.125       63.334508      0.20278671       2609.9426
0.125       64.339818      0.20173562       2722.0264
0.125       66.350437      0.18908087       2798.0097
0.125       68.361056      0.18354455       2970.5580
0.125       70.371675      0.17277097       3050.2448
0.125       72.382295      0.16305693       3132.6117
0.125       74.392914      0.15802572       3296.0421
0.125       76.403533      0.15387248       3476.7347
0.125       78.414153      0.14591737       3564.1882
0.125       80.424772      0.14329414       3776.3150
0.125       82.435391      0.13303513       3775.5282
0.125       84.446011      0.12887053       3931.5271
0.125       86.456630      0.12132981       3972.2145
0.125       88.467249      0.11970416       4198.8182
0.125       90.477868      0.11372297       4267.2249
0.125       92.488488      0.11198162       4488.2810
0.125       94.499107      0.10982100       4695.0341
0.125       96.509726      0.10584812       4820.2176
0.125       98.520346     0.099627643       4826.4509
0.125       100.53096     0.097801015       5033.9996
0.125       102.54158     0.094808378       5178.6558
0.125       104.55220     0.093370181       5406.0248
0.125       106.56282     0.089242124       5470.8815
0.125       108.57344     0.086555579       5612.2388
0.125       110.58406     0.083478067       5719.0021
0.125       112.59468     0.080748118       5839.2395
0.125       114.60530     0.078855446       6013.3441
0.125       116.61592     0.076853024       6174.5419
0.125       118.62654     0.074267892       6280.8285
0.125       120.63716     0.072055359       6408.8460
0.125       122.64778     0.070772457       6614.7522
0.125       124.65840     0.068518574       6724.2396
0.125       126.66902     0.066319380       6828.4464
0.125       128.67964     0.064498259       6962.2195
0.125       132.70087     0.062107550       7352.5164
0.125       136.72211     0.059178578       7662.1573
0.125       140.74335     0.056325143       7955.2938
0.125       144.76459     0.052847526       8122.3547
0.125       148.78583     0.051551076       8601.8664
0.125       152.80707     0.049835157       9008.1665
0.125       156.82831     0.048675099       9511.5316
0.125       160.84954     0.043873958       9249.8900
0.125       164.87078     0.043373577       9847.5138
0.125       168.89202     0.039628655       9671.7929
0.125       172.91326     0.038549862       10096.666
0.125       176.93450     0.037185870       10434.839
0.125       180.95574     0.036088835       10833.286
0.125       184.97698     0.035027207       11231.268
0.125       188.99821     0.032770472       11207.947
0.125       193.01945     0.032945766       12002.538
0.125       197.04069     0.030845101       11954.302
0.125       201.06193     0.028422351       11703.609
0.125       205.08317     0.028467523       12439.702
0.125       209.10441     0.027113547       12558.743
0.125       213.12565     0.025244090       12380.470
0.125       217.14688     0.026138441       13558.472
0.125       221.16812     0.024991602       13697.205
0.125       225.18936     0.023862629       13804.865
0.125       229.21060     0.022013175       13429.413
0.125       233.23184     0.021769059       13991.795
0.125       237.25308     0.020396617       13799.520
0.125       241.27432     0.020595094       14654.375
0.125       245.29555     0.020007348       14959.905
0.125       249.31679     0.019880203       15607.943
0.125       253.33803     0.019105430       15737.228
0.125       257.35927     0.017724978       15306.483
0.125       265.40175     0.017234891       16322.630
0.125       273.44422     0.015367750       15917.938
0.125       281.48670     0.014469498       16349.232
0.125       289.52918     0.013717272       16866.114
0.125       297.57166     0.013548512       18085.751
0.125       305.61413     0.012448228       18001.061
0.125       313.65661     0.011237437       17567.132
0.125       321.69909     0.011424811       19269.426
0.125       329.74156     0.010212131       18548.454
0.125       337.78404    0.0094244289       18401.053
0.125       345.82652    0.0092300456       19339.667
0.125       353.86900    0.0089026236       19985.537
0.125       361.91147    0.0084941209       20398.384
0.125       369.95395    0.0069749991       17891.940
0.125       377.99643    0.0073294722       20054.233
0.125       386.03891    0.0062070376       18090.387
0.125       394.08138    0.0068856038       21348.632
0.125       402.12386    0.0058453959       19255.895
0.125       410.16634    0.0051772273       18098.706
0.125       418.20881    0.0046388855       17189.508
0.125       426.25129    0.0051125157       20058.665
0.125       434.29377    0.0048978563       20324.838
0.125       442.33625    0.0040663751       17829.341
0.125       450.37872    0.0047929052       22182.102
0.125       458.42120    0.0042260952       20625.459
0.125       466.46368    0.0035760485       18387.689
0.125       474.50615    0.0035429863       19176.320
0.125       482.54863    0.0037137893       21140.283
0.125       490.59111    0.0041636544       24905.998
0.125       498.63359    0.0029744795       18682.106
0.125       506.67606    0.0033199891       21877.520
0.125       514.71854    0.0031282545       21611.344
0.000     0.015707963       9271.5063    0.0018204560
0.000     0.031415927       23950.271     0.037620998
0.000     0.047123890       12432.042     0.065907693
0.000     0.062831853       10306.615      0.12951674
0.000     0.078539816       7864.6868      0.19302845
0.000     0.094247780       6380.7115      0.27061555
0.000      0.10995574       5221.3886      0.35164952
0.000      0.12566371       4294.5251      0.43173275
0.000      0.14137167       3492.1535      0.49986272
0.000      0.15707963       3249.6940      0.63807593
0.000      0.17278760       2900.3684      0.75798587
0.000      0.18849556       2448.9822      0.83092009
0.000      0.20420352       2316.2161      0.99916915
0.000      0.21991149       2089.6209       1.1258525
0.000      0.23561945       1894.5310       1.2554672
0.000      0.25132741       1780.1049       1.4316453
0.000      0.26703538       1604.2010       1.5475170
0.000      0.28274334       1520.9711       1.7416800
0.000      0.29845130       1425.6170       1.9199661
0.000      0.31415927       1332.8053       2.0935656
0.000      0.32986723       1254.5100       2.2811923
0.000      0.34557519       1185.5378       2.4786392
0.000      0.36128316       1129.9239       2.6993710
0.000      0.37699112       1084.3020       2.9431600
0.000      0.39269908       1025.6965       3.1467975
0.000      0.40840704       978.32961       3.3762541
0.000      0.42411501       950.28991       3.6726311
0.000      0.43982297       916.45150       3.9501489
0.000      0.45553093       850.13280       4.0710896
0.000      0.47123890       847.11017       4.4909017
0.000      0.48694686       790.95436       4.6266473
0.000      0.50265482       782.13024       5.0322117
0.000      0.51836279       756.84703       5.3404742
0.000      0.53407075       728.35393       5.6209421
0.000      0.54977871       689.27161       5.8026238
0.000      0.56548668       670.49605       6.1423367
0.000      0.58119464       674.61042       6.7094684
0.000      0.59690260       641.73813       6.9141457
0.000      0.61261057       639.16070       7.4444698
0.000      0.62831853       623.53192       7.8355332
0.000      0.64402649       602.21155       8.1494920
0.000      0.65973446       598.31344       8.7037523
0.000      0.67544242       581.93839       9.0847350
0.000      0.69115038       566.63800       9.4774961
0.000      0.70685835       550.33665       9.8468170
0.000      0.72256631       533.16695       10.189822
0.000      0.73827427       519.90718       10.598619
0.000      0.75398224       515.31624       11.189932
0.000      0.76969020       497.13699       11.484027
0.000      0.78539816       488.46435       11.988719
0.000      0.80110613       479.73218       12.495087
0.000      0.81681409       475.02552       13.114655
0.000      0.83252205       466.81880       13.646015
0.000      0.84823002       456.79024       14.123033
0.000      0.86393798       444.80919       14.530873
0.000      0.87964594       432.42993       14.911101
0.000      0.89535391       429.87310       15.631287
0.000      0.91106187       422.67067       16.192577
0.000      0.92676983       415.32162       16.748290
0.000      0.94247780       403.41383       17.109386
0.000      0.95818576       396.78774       17.683883
0.000      0.97389372       394.90655       18.479886
0.000      0.98960169       387.24188       19.012265
0.000       1.0053096       376.39827       19.373917
0.000       1.0367256       367.98380       20.772578
0.000       1.0681415       354.32218       21.875348
0.000       1.0995574       349.04293       23.507306
0.000       1.1309734       328.89791       24.103965
0.000       1.1623893       320.99899       25.540460
0.000       1.1938052       312.62921       26.946367
0.000       1.2252211       305.12114       28.430598
0.000       1.2566371       293.83725       29.539742
0.000       1.2880530       281.31317       30.455203
0.000       1.3194689       275.02144       32.006213
0.000       1.3508848       267.67260       33.429444
0.000       1.3823008       260.66732       34.879037
0.000       1.4137167       256.57989       36.726542
0.000       1.4451326       246.64611       37.710965
0.000       1.4765485       239.55608       39.067953
0.000       1.5079645       233.04419       40.483856
0.000       1.5393804       225.53732       41.679887
0.000       1.5707963       222.37313       43.662861
0.000       1.6022123       214.45471       44.685436
0.000       1.6336282       207.47669       45.824657
0.000       1.6650441       205.81146       48.130129
0.000       1.6964600       201.06651       49.732570
0.000       1.7278760       193.86963       50.666128
0.000       1.7592919       188.86812       52.100586
0.000       1.7907078       185.24150       53.886841
0.000       1.8221237       181.64902       55.672012
0.000       1.8535397       175.61418       56.654641
0.000       1.8849556       172.20155       58.426609
0.000       1.9163715       168.36537       60.029143
0.000       1.9477874       161.88741       60.604938
0.000       1.9792034       159.21918       62.536980
0.000       2.0106193       156.56332       64.468834
0.000       2.0734512       149.93214       67.709003
0.000       2.1362830       142.40822       70.336648
0.000       2.1991149       134.88039       72.671280
0.000       2.2619467       128.85880       75.549472
0.000       2.3247786       122.63955       78.063063
0.000       2.3876104       117.20590       80.818379
0.000       2.4504423       113.01474       84.243958
0.000       2.5132741       108.30699       87.105647
0.000       2.5761060       105.05234       90.984451
0.000       2.6389378       101.05661       94.085449
0.000       2.7017697       96.469938       96.384507
0.000       2.7646015       94.261401       100.90247
0.000       2.8274334       89.414105       102.38903
0.000       2.8902652       86.285307       105.54076
0.000       2.9530971       82.386062       107.48731
0.000       3.0159289       79.916779       111.06355
0.000       3.0787608       77.352150       114.35904
0.000       3.1415927       73.872520       116.03868
0.000       3.2044245       71.668218       119.46674
0.000       3.2672564       69.359950       122.55433
0.000       3.3300882       66.481132       124.37580
0.000       3.3929201       64.920583       128.46167
0.000       3.4557519       61.838343       129.28727
0.000       3.5185838       61.442219       135.59411
0.000       3.5814156       58.390355       135.88626
0.000       3.6442475       56.699805       139.01940
0.000       3.7070793       55.234468       142.55291
0.000       3.7699112       53.408576       144.96882
0.000       3.8327430       51.481718       146.84271
0.000       3.8955749       50.427473       151.02615
0.000       3.9584067       48.710171       153.05628
0.000       4.0212386       47.771933       157.37024
0.000       4.1469023       44.770478       161.74595
0.000       4.2725660       43.142093       170.46602
0.000       4.3982297       40.400519       174.13695
0.000       4.5238934       37.769186       177.15156
0.000       4.6495571       36.281720       184.75359
0.000       4.7752208       33.997979       187.54424
0.000       4.9008845       32.434734       193.42117
0.000       5.0265482       30.930998       199.00948
0.000       5.1522120       29.530200       204.60574
0.000       5.2778757       28.309035       210.84960
0.000       5.4035394       27.439755       219.32364
0.000       5.5292031       25.725944       220.30746
0.000       5.6548668       24.834013       227.50151
0.000       5.7805305       23.769004       232.58640
0.000       5.9061942       22.601830       235.90494
0.000       6.0318579       21.648738       240.68894
0.000       6.1575216       21.105609       249.62380
0.000       6.2831853       19.980053       251.07674
0.000       6.4088490       19.513923       260.22856
0.000       6.5345127       18.699881       264.33138
0.000       6.6601764       17.961734       268.82875
0.000       6.7858401       17.444155       276.14111
0.000       6.9115038       16.936169       283.27164
0.000       7.0371675       16.310893       287.96631
0.000       7.1628313       15.621021       290.82640
0.000       7.2884950       15.228659       298.70706
0.000       7.4141587       14.489458       299.16310
0.000       7.5398224       14.240051       309.21828
0.000       7.6654861       13.660444       311.71247
0.000       7.7911498       13.252459       317.52022
0.000       7.9168135       12.870362       323.52830
0.000       8.0424772       12.459100       328.34201
0.000       8.2938046       11.675566       337.45012
0.000       8.5451320       11.173931       353.20966
0.000       8.7964594       10.425731       359.50132
0.000       9.0477868       9.8080919       368.02885
0.000       9.2991143       9.2745355       377.82194
0.000       9.5504417       8.8089272       388.74396
0.000       9.8017691       8.4399928       402.64817
0.000       10.053096       8.0517257       414.43725
0.000       10.304424       7.7767095       431.05956
0.000       10.555751       7.2304496       430.82710
0.000       10.807079       6.9561043       444.79642
0.000       11.058406       6.6907161       458.37452
0.000       11.309734       6.3837672       467.84762
0.000       11.561061       5.9804534       468.16338
0.000       11.812388       5.9083071       493.34016
0.000       12.063716       5.5016851       489.33838
0.000       12.315043       5.4169528       512.54633
0.000       12.566371       5.2311287       525.89042
0.000       12.817698       4.9392022       526.93515
0.000       13.069025       4.7725085       539.69275
0.000       13.320353       4.5503487       544.83140
0.000       13.571680       4.4060495       557.98238
0.000       13.823008       4.2655323       570.75687
0.000       14.074335       4.1536120       586.65104
0.000       14.325663       3.9551144       589.07888
0.000       14.576990       3.8269593       600.52025
0.000       14.828317       3.6646939       605.31798
0.000       15.079645       3.5441149       615.67481
0.000       15.330972       3.4667484       632.85129
0.000       15.582300       3.3310566       638.47943
0.000       15.833627       3.2511658       653.80856
0.000       16.084954       3.1521160       664.55655
0.000       16.587609       2.9238097       676.03743
0.000       17.090264       2.6949633       681.50561
0.000       17.592919       2.5945565       715.72648
0.000       18.095574       2.4257653       728.17557
0.000       18.598229       2.3322114       760.06881
0.000       19.100883       2.2370407       789.77702
0.000       19.603538       2.1369820       815.59490
0.000       20.106193       1.9790510       814.92339
0.000       20.608848       1.9366930       858.80029
0.000       21.111503       1.8142952       864.83977
0.000       21.614157       1.7649960       902.87767
0.000       22.116812       1.6929888       927.88027
0.000       22.619467       1.5820694       927.56186
0.000       23.122122       1.5533094       972.77251
0.000       23.624777       1.4641349       978.03520
0.000       24.127432       1.3952261       992.76885
0.000       24.630086       1.3698044       1036.8755
0.000       25.132741       1.3039203       1048.6749
0.000       25.635396       1.2471793       1064.4352
0.000       26.138051       1.2005238       1086.0771
0.000       26.640706       1.1664024       1117.2641
0.000       27.143361       1.1298856       1144.7103
0.000       27.646015       1.0968401       1174.1166
0.000       28.148670       1.0547457       1191.7678
0.000       28.651325       1.0211195       1216.6928
0.000       29.153980      0.98368662       1234.8681
0.000       29.656635      0.95116489       1256.8738
0.000       30.159289      0.91198780       1267.4260
0.000       30.661944      0.90202915       1317.3158
0.000       31.164599      0.86743215       1330.1187
0.000       31.667254      0.84313823       1356.4390
0.000       32.169909      0.82123835       1385.1250
0.000       33.175218      0.75604890       1398.4969
0.000       34.180528      0.72012779       1456.8543
0.000       35.185838      0.69407623       1531.7261
0.000       36.191147      0.65464229       1572.1044
0.000       37.196457      0.61916980       1614.3019
0.000       38.201767      0.59657114       1684.9338
0.000       39.207076      0.57011151       1740.6980
0.000       40.212386      0.54177845       1784.7259
0.000       41.217696      0.51465043       1825.7181
0.000       42.223005      0.49284831       1879.4508
0.000       43.228315      0.48054285       1966.5604
0.000       44.233625      0.46265391       2028.5424
0.000       45.238934      0.43574176       2043.7913
0.000       46.244244      0.42075226       2107.9959
0.000       47.249554      0.40055787       2140.5661
0.000       48.254863      0.38845378       2211.2247
0.000       49.260173      0.38167224       2311.2591
0.000       50.265482      0.36970798       2378.6944
0.000       51.270792      0.35902944       2451.3787
0.000       52.276102      0.34371236       2487.5682
0.000       53.281411      0.33156560       2540.7790
0.000       54.286721      0.32094289       2601.2306
0.000       55.292031      0.31101168       2663.3889
0.000       56.297340      0.30571612       2763.4539
0.000       57.302650      0.29167934       2780.3537
0.000       58.307960      0.28808301       2893.1533
0.000       59.313269      0.27822771       2941.2114
0.000       60.318579      0.27025173       3004.6373
0.000       61.323889      0.26688390       3118.0401
0.000       62.329198      0.25387391       3114.3179
0.000       63.334508      0.24806369       3192.6746
0.000       64.339818      0.24098334       3251.5973
0.000       66.350437      0.23422271       3466.0164
0.000       68.361056      0.22205440       3593.8167
0.000       70.371675      0.21129829       3730.4388
0.000       72.382295      0.19757593       3795.7827
0.000       74.392914      0.19260641       4017.3133
0.000       76.403533      0.18418722       4161.6933
0.000       78.414153      0.17837066       4356.8944
0.000       80.424772      0.16629138       4382.3746
0.000       82.435391      0.16605802       4712.7156
0.000       84.446011      0.15830252       4829.4257
0.000       86.456630      0.15000373       4910.9693
0.000       88.467249      0.14695431       5154.6615
0.000       90.477868      0.14064530       5277.4309
0.000       92.488488      0.13429110       5382.4563
0.000       94.499107      0.13278534       5676.7988
0.000       96.509726      0.12703392       5784.9979
0.000       98.520346      0.12322687       5969.7133
0.000       100.53096      0.11677319       6010.5325
0.000       102.54158      0.11519953       6292.4684
0.000       104.55220      0.11200457       6484.9342
0.000       106.56282      0.10785145       6611.7037
0.000       108.57344      0.10469655       6788.4940
0.000       110.58406      0.10361110       7098.2966
0.000       112.59468     0.099068603       7164.0717
0.000       114.60530     0.098462557       7508.5396
0.000       116.61592     0.093613615       7521.1249
0.000       118.62654     0.092570802       7828.7038
0.000       120.63716     0.090253406       8027.4415
0.000       122.64778     0.086823626       8114.9757
0.000       124.65840     0.085222064       8363.4779
0.000       126.66902     0.081980994       8441.0142
0.000       128.67964     0.081136204       8758.1909
0.000       132.70087     0.077049626       9121.4134
0.000       136.72211     0.071798053       9296.0662
0.000       140.74335     0.068217225       9634.9168
0.000       144.76459     0.065593276       10081.302
0.000       148.78583     0.063557933       10605.343
0.000       152.80707     0.061279282       11076.798
0.000       156.82831     0.057747840       11284.423
0.000       160.84954     0.054819948       11557.619
0.000       164.87078     0.054035523       12268.196
0.000       168.89202     0.050464958       12316.508
0.000       172.91326     0.050136518       13131.348
0.000       176.93450     0.047311273       13276.159
0.000       180.95574     0.045379293       13622.131
0.000       184.97698     0.043137593       13831.815
0.000       188.99821     0.041290309       14121.847
0.000       193.01945     0.040165556       14632.795
0.000       197.04069     0.038011994       14731.897
0.000       201.06193     0.037175109       15307.774
0.000       205.08317     0.037008930       16172.116
0.000       209.10441     0.034863661       16148.523
0.000       213.12565     0.034044125       16696.274
0.000       217.14688     0.032703134       16963.694
0.000       221.16812     0.032508355       17816.929
0.000       225.18936     0.031083957       17982.504
0.000       229.21060     0.028534650       17407.921
0.000       233.23184     0.028569199       18362.501
0.000       237.25308     0.028051754       18978.673
0.000       241.27432     0.027042243       19241.825
0.000       245.29555     0.026872096       20092.817
0.000       249.31679     0.025226110       19805.014
0.000       253.33803     0.023799354       19603.635
0.000       257.35927     0.023519470       20310.342
0.000       265.40175     0.021555589       20414.629
0.000       273.44422     0.019946226       20660.330
0.000       281.48670     0.019517314       22052.811
0.000       289.52918     0.018413696       22640.616
0.000       297.57166     0.017723178       23658.464
0.000       305.61413     0.015682926       22678.674
0.000       313.65661     0.015186169       23740.061
0.000       321.69909     0.014675008       24751.305
0.000       329.74156     0.014060703       25538.675
0.000       337.78404     0.013528663       26414.507
0.000       345.82652     0.011780433       24683.480
0.000       353.86900     0.011774348       26432.283
0.000       361.91147     0.010711573       25723.529
0.000       369.95395     0.010646177       27309.073
0.000       377.99643    0.0094365271       25819.364
0.000       386.03891    0.0084451955       24613.490
0.000       394.08138    0.0096075385       29787.918
0.000       402.12386    0.0080953899       26667.822
0.000       410.16634    0.0073281870       25618.096
0.000       418.20881    0.0078268132       29002.456
0.000       426.25129    0.0073530010       28849.082
0.000       434.29377    0.0062441571       25911.639
0.000       442.33625    0.0064629242       28337.198
0.000       450.37872    0.0063431285       29356.709
0.000       458.42120    0.0059235939       28910.102
0.000       466.46368    0.0058093985       29871.355
0.000       474.50615    0.0050624067       27400.144
0.000       482.54863    0.0053473080       30438.884
0.000       490.59111    0.0043747747       26168.870
0.000       498.63359    0.0049959207       31378.370
0.000       506.67606    0.0043502213       28666.375
0.000       514.71854    0.0041182113       28450.396