# z        k [h/Mpc]   P(k) [(Mpc/h)^3]    Delta^2(k)   
3.000     0.015707963       933.60783   0.00018331347
3.000     0.031415927       2392.4441    0.0037580425
3.000     0.047123890       1274.1528    0.0067548416
3.000     0.062831853       1016.5453     0.012774285
3.000     0.078539816       770.98003     0.018922697
3.000     0.094247780       630.91654     0.026758117
3.000      0.10995574       516.37767     0.034776948
3.000      0.12566371       444.31590     0.044667506
3.000      0.14137167       322.25165     0.046126719
3.000      0.15707963       291.44248     0.057224597
3.000      0.17278760       252.35152     0.065949859
3.000      0.18849556       223.88414     0.075962098
3.000      0.20420352       198.30411     0.085544414
3.000      0.21991149       179.50486     0.096714194
3.000      0.23561945       155.99329      0.10337359
3.000      0.25132741       142.08518      0.11427168
3.000      0.26703538       122.86575      0.11852432
3.000      0.28274334       111.28069      0.12742869
3.000      0.29845130       99.781680      0.13438213
3.000      0.31415927       89.689932      0.14088462
3.000      0.32986723       82.412519      0.14985836
3.000      0.34557519       74.592658      0.15595310
3.000      0.36128316       70.416450      0.16822383
3.000      0.37699112       63.599885      0.17263146
3.000      0.39269908       59.491106      0.18251643
3.000      0.40840704       56.471370      0.19488493
3.000      0.42411501       52.256205      0.20195706
3.000      0.43982297       49.254185      0.21229859
3.000      0.45553093       45.560230      0.21817742
3.000      0.47123890       43.162272      0.22882209
3.000      0.48694686       39.672073      0.23205977
3.000      0.50265482       38.048579      0.24480386
3.000      0.51836279       35.704715      0.25194009
3.000      0.53407075       33.994838      0.26234912
3.000      0.54977871       32.344185      0.27228909
3.000      0.56548668       31.111807      0.28501166
3.000      0.58119464       29.069785      0.28911916
3.000      0.59690260       27.609068      0.29746263
3.000      0.61261057       26.347695      0.30687841
3.000      0.62831853       25.049602      0.31478259
3.000      0.64402649       23.898831      0.32341348
3.000      0.65973446       22.580411      0.32848050
3.000      0.67544242       22.077247      0.34465150
3.000      0.69115038       21.175690      0.35418118
3.000      0.70685835       20.605348      0.36867814
3.000      0.72256631       19.211428      0.36716649
3.000      0.73827427       18.878316      0.38484576
3.000      0.75398224       18.082512      0.39265611
3.000      0.76969020       17.619808      0.40702333
3.000      0.78539816       16.830016      0.41307074
3.000      0.80110613       16.244148      0.42309448
3.000      0.81681409       15.686211      0.43306988
3.000      0.83252205       15.072672      0.44060329
3.000      0.84823002       14.646753      0.45284808
3.000      0.86393798       14.110433      0.46095476
3.000      0.87964594       13.625117      0.46982294
3.000      0.89535391       13.247319      0.48170644
3.000      0.91106187       12.961615      0.49656145
3.000      0.92676983       12.389596      0.49962373
3.000      0.94247780       11.976848      0.50795608
3.000      0.95818576       11.665683      0.51991167
3.000      0.97389372       11.475858      0.53701961
3.000      0.98960169       11.130834      0.54648624
3.000       1.0053096       10.760406      0.55385804
3.000       1.0367256       10.412137      0.58776207
3.000       1.0681415       9.5578512      0.59008815
3.000       1.0995574       9.2778824      0.62484582
3.000       1.1309734       8.6075137      0.63081949
3.000       1.1623893       8.2456950      0.65607323
3.000       1.1938052       8.0172764      0.69103099
3.000       1.2252211       7.6800034      0.71560788
3.000       1.2566371       7.3558007      0.73948574
3.000       1.2880530       7.0020848      0.75805168
3.000       1.3194689       6.6846875      0.77794493
3.000       1.3508848       6.5203401      0.81432074
3.000       1.3823008       6.2430770      0.83536562
3.000       1.4137167       6.0887567      0.87153742
3.000       1.4451326       5.7434435      0.87814398
3.000       1.4765485       5.5226495      0.90066011
3.000       1.5079645       5.4708262      0.95037829
3.000       1.5393804       5.2192884      0.96453816
3.000       1.5707963       5.0877450      0.99897639
3.000       1.6022123       4.8357448       1.0076130
3.000       1.6336282       4.6743701       1.0324119
3.000       1.6650441       4.5368365       1.0609639
3.000       1.6964600       4.4700682       1.1056440
3.000       1.7278760       4.3662145       1.1410719
3.000       1.7592919       4.1747598       1.1516366
3.000       1.7907078       4.1142472       1.1968365
3.000       1.8221237       3.9728919       1.2176167
3.000       1.8535397       3.8755454       1.2502842
3.000       1.8849556       3.7581734       1.2751182
3.000       1.9163715       3.6557221       1.3034145
3.000       1.9477874       3.5874559       1.3430170
3.000       1.9792034       3.4599313       1.3589673
3.000       2.0106193       3.3904401       1.3960979
3.000       2.0734512       3.1699752       1.4315534
3.000       2.1362830       3.1327859       1.5473100
3.000       2.1991149       2.9594840       1.5945201
3.000       2.2619467       2.8170346       1.6516178
3.000       2.3247786       2.7591303       1.7562537
3.000       2.3876104       2.5960515       1.7900863
3.000       2.4504423       2.4919688       1.8575747
3.000       2.5132741       2.4241336       1.9496039
3.000       2.5761060       2.3352985       2.0225712
3.000       2.6389378       2.2259704       2.0724169
3.000       2.7017697       2.1428225       2.1409249
3.000       2.7646015       2.1259167       2.2756954
3.000       2.8274334       2.0156242       2.3081124
3.000       2.8902652       1.9814767       2.4236635
3.000       2.9530971       1.8851465       2.4595097
3.000       3.0159289       1.8634518       2.5897136
3.000       3.0787608       1.7734271       2.6218717
3.000       3.1415927       1.7437983       2.7391520
3.000       3.2044245       1.7006487       2.8348822
3.000       3.2672564       1.6548457       2.9240001
3.000       3.3300882       1.5813348       2.9584300
3.000       3.3929201       1.5372899       3.0419140
3.000       3.4557519       1.5052828       3.1471397
3.000       3.5185838       1.4944503       3.2980363
3.000       3.5814156       1.4208521       3.3066125
3.000       3.6442475       1.4029182       3.4397445
3.000       3.7070793       1.3641761       3.5207592
3.000       3.7699112       1.3492575       3.6623384
3.000       3.8327430       1.3059869       3.7251023
3.000       3.8955749       1.2717567       3.8088070
3.000       3.9584067       1.2490372       3.9247038
3.000       4.0212386       1.2170568       4.0092270
3.000       4.1469023       1.1681599       4.2203061
3.000       4.2725660       1.1290157       4.4610447
3.000       4.3982297       1.0725925       4.6231580
3.000       4.5238934       1.0330597       4.8454349
3.000       4.6495571      0.98801994       5.0311902
3.000       4.7752208      0.94201525       5.1964718
3.000       4.9008845      0.93362472       5.5675742
3.000       5.0265482      0.88890317       5.7191868
3.000       5.1522120      0.84428757       5.8498107
3.000       5.2778757      0.81930847       6.1023226
3.000       5.4035394      0.79367935       6.3438119
3.000       5.5292031      0.76171936       6.5230825
3.000       5.6548668      0.74632919       6.8370353
3.000       5.7805305      0.72407388       7.0852671
3.000       5.9061942      0.70593889       7.3681852
3.000       6.0318579      0.68710694       7.6392004
3.000       6.1575216      0.66245526       7.8351018
3.000       6.2831853      0.64371217       8.0891257
3.000       6.4088490      0.61591356       8.2135356
3.000       6.5345127      0.59991701       8.4801016
3.000       6.6601764      0.57788416       8.6490469
3.000       6.7858401      0.57021674       9.0265355
3.000       6.9115038      0.56200484       9.4000027
3.000       7.0371675      0.54193937       9.5678561
3.000       7.1628313      0.52861313       9.8415242
3.000       7.2884950      0.51956814       10.191224
3.000       7.4141587      0.49256255       10.169914
3.000       7.5398224      0.48808388       10.598589
3.000       7.6654861      0.46989158       10.722277
3.000       7.7911498      0.46770799       11.205977
3.000       7.9168135      0.45954336       11.551756
3.000       8.0424772      0.44245628       11.660311
3.000       8.2938046      0.42780817       12.364619
3.000       8.5451320      0.40293593       12.736866
3.000       8.7964594      0.38495720       13.274141
3.000       9.0477868      0.38699109       14.521060
3.000       9.2991143      0.36671029       14.938882
3.000       9.5504417      0.34925108       15.412688
3.000       9.8017691      0.34000182       16.220525
3.000       10.053096      0.32160197       16.553450
3.000       10.304424      0.31227889       17.309481
3.000       10.555751      0.30246403       18.022351
3.000       10.807079      0.30027561       19.200621
3.000       11.058406      0.29450550       20.176289
3.000       11.309734      0.27968473       20.497276
3.000       11.561061      0.27391976       21.443057
3.000       11.812388      0.26409500       22.051777
3.000       12.063716      0.25910553       23.045718
3.000       12.315043      0.24977983       23.633903
3.000       12.566371      0.24099005       24.226962
3.000       12.817698      0.23384312       24.947381
3.000       13.069025      0.22710217       25.681545
3.000       13.320353      0.22458102       26.889981
3.000       13.571680      0.21832364       27.648519
3.000       13.823008      0.21302314       28.503926
3.000       14.074335      0.20409202       28.825706
3.000       14.325663      0.20018905       29.816366
3.000       14.576990      0.19741931       30.978719
3.000       14.828317      0.18808369       31.066836
3.000       15.079645      0.18695649       32.477616
3.000       15.330972      0.18254494       33.323388
3.000       15.582300      0.17777569       34.075112
3.000       15.833627      0.17152294       34.493216
3.000       16.084954      0.16851477       35.527753
3.000       16.587609      0.15856841       36.663870
3.000       17.090264      0.15229141       38.511637
3.000       17.592919      0.14674037       40.479353
3.000       18.095574      0.14091791       42.301280
3.000       18.598229      0.13612682       44.363796
3.000       19.100883      0.12617551       44.545690
3.000       19.603538      0.12190212       46.524840
3.000       20.106193      0.11740117       48.342849
3.000       20.608848      0.11224170       49.772063
3.000       21.111503      0.11050820       52.677140
3.000       21.614157      0.10421177       53.309176
3.000       22.116812      0.10084971       55.272933
3.000       22.619467     0.097190897       56.982691
3.000       23.122122     0.094479596       59.168607
3.000       23.624777     0.090843501       60.683031
3.000       24.127432     0.088472568       62.952382
3.000       24.630086     0.085671320       64.849036
3.000       25.132741     0.083095203       66.829127
3.000       25.635396     0.079516493       67.865268
3.000       26.138051     0.077356576       69.982120
3.000       26.640706     0.074499162       71.360654
3.000       27.143361     0.073327155       74.289244
3.000       27.646015     0.070931052       75.928408
3.000       28.148670     0.068875897       77.823574
3.000       28.651325     0.065462311       78.000201
3.000       29.153980     0.065000999       81.598813
3.000       29.656635     0.062907717       83.126555
3.000       30.159289     0.060493041       84.069602
3.000       30.661944     0.058837518       85.925818
3.000       31.164599     0.059238141       90.835647
3.000       31.667254     0.056699930       91.218725
3.000       32.169909     0.054820156       92.461304
3.000       33.175218     0.050559581       93.522282
3.000       34.180528     0.048993302       99.115888
3.000       35.185838     0.045657487       100.75949
3.000       36.191147     0.044913392       107.85820
3.000       37.196457     0.042488228       110.77547
3.000       38.201767     0.041336270       116.74866
3.000       39.207076     0.039654748       121.07621
3.000       40.212386     0.035063112       115.50486
3.000       41.217696     0.034775669       123.36639
3.000       42.223005     0.035623255       135.84739
3.000       43.228315     0.032987886       134.99873
3.000       44.233625     0.032508238       142.53492
3.000       45.238934     0.030887578       144.87425
3.000       46.244244     0.029525808       147.92620
3.000       47.249554     0.028511494       152.36435
3.000       48.254863     0.027656622       157.43187
3.000       49.260173     0.024927154       150.94917
3.000       50.265482     0.025082066       161.37755
3.000       51.270792     0.024229476       165.43385
3.000       52.276102     0.023634748       171.05305
3.000       53.281411     0.024082709       184.54520
3.000       54.286721     0.022493538       182.30931
3.000       55.292031     0.020692695       177.20458
3.000       56.297340     0.020654474       186.70159
3.000       57.302650     0.020497357       195.38546
3.000       58.307960     0.019493572       195.76959
3.000       59.313269     0.018975005       200.58929
3.000       60.318579     0.018735419       208.29890
3.000       61.323889     0.017946800       209.67485
3.000       62.329198     0.018003171       220.84821
3.000       63.334508     0.017393049       223.85520
3.000       64.339818     0.016760779       226.15383
3.000       66.350437     0.016096629       238.19715
3.000       68.361056     0.014127572       228.64624
3.000       70.371675     0.014822633       261.69129
3.000       72.382295     0.013372381       256.90706
3.000       74.392914     0.013770468       287.21934
3.000       76.403533     0.011822172       267.12089
3.000       78.414153     0.011083243       270.72009
3.000       80.424772     0.010783403       284.18137
3.000       82.435391     0.010654321       302.36891
3.000       84.446011     0.010704250       326.56071
3.000       86.456630     0.010206921       334.16420
3.000       88.467249    0.0084237504       295.47675
3.000       90.477868    0.0082872685       310.96302
3.000       92.488488    0.0074857503       300.03273
3.000       94.499107    0.0073848163       315.71344
3.000       96.509726    0.0089494788       407.55033
3.000       98.520346    0.0075287105       364.72761
3.000       100.53096    0.0078944818       406.34362
3.000       102.54158    0.0073490294       401.42120
3.000       104.55220    0.0069191522       400.61086
3.000       106.56282    0.0063165338       387.22753
3.000       108.57344    0.0062317175       404.06277
3.000       110.58406    0.0061687765       422.61694
3.000       112.59468    0.0052707979       381.15379
3.000       114.60530    0.0053770684       410.04349
3.000       116.61592    0.0053656790       431.09052
3.000       118.62654    0.0053550984       452.88015
3.000       120.63716    0.0040206759       357.61244
3.000       122.64778    0.0046856464       437.94424
3.000       124.65840    0.0047648411       467.60946
3.000       126.66902    0.0047889511       493.08506
3.000       128.67964    0.0042777706       461.76096
3.000       132.70087    0.0033802130       400.16184
3.000       136.72211    0.0034507461       446.78599
3.000       140.74335    0.0044161837       623.73634
3.000       144.76459    0.0026224109       403.04917
3.000       148.78583    0.0040497098       675.73881
3.000       152.80707    0.0018222449       329.38765
3.000       156.82831    0.0022371265       437.15369
3.000       160.84954    0.0025549194       538.65037
3.000       164.87078    0.0017783440       403.75426
3.000       168.89202    0.0023902755       583.37205
3.000       172.91326    0.0023068468       604.19052
3.000       176.93450    0.0018393853       516.15547
3.000       180.95574    0.0023116750       693.92750
3.000       184.97698    0.0023018860       738.08622
3.000       188.99821    0.0016481351       563.68461
3.000       193.01945    0.0013925435       507.32034
3.000       197.04069    0.0024232284       939.14442
3.000       201.06193    0.0016830400       693.03351
3.000       205.08317    0.0020464529       894.25643
3.000       209.10441    0.0018585615       860.86837
3.000       213.12565    0.0010690325       524.28607
3.000       217.14688    0.0020270589       1051.4713
3.000       221.16812    0.0021962006       1203.6767
3.000       225.18936    0.0017325222       1002.2884
3.000       229.21060    0.0014903311       909.19516
3.000       233.23184    0.0016157623       1038.5113
3.000       237.25308    0.0012944263       875.75603
3.000       241.27432    0.0017439614       1240.9104
3.000       245.29555    0.0012895065       964.19048
3.000       249.31679    0.0011769707       924.03942
3.000       253.33803   0.00095592345       787.39844
3.000       257.35927   0.00086487134       746.86346
3.000       265.40175   0.00093336802       883.96386
3.000       273.44422    0.0012857905       1331.8237
3.000       281.48670   0.00025808721       291.61535
3.000       289.52918   0.00070962389       872.52023
3.000       297.57166    0.0021287119       2841.5927
3.000       305.61413    0.0016831545       2433.9662
3.000       313.65661    0.0017349062       2712.1243
3.000       321.69909    0.0016649764       2808.1987
3.000       329.74156   0.00024157654       438.77926
3.000       337.78404    0.0013111270       2559.9554
3.000       345.82652   0.00052317933       1096.2149
3.000       353.86900    0.0010332903       2319.6376
3.000       361.91147    0.0013588687       3263.2835
3.000       369.95395    0.0016161224       4145.6011
3.000       377.99643    0.0014280099       3907.1902
3.000       386.03891    0.0011642592       3393.2289
3.000       394.08138   0.00074925884       2323.0571
3.000       402.12386   0.00052900701       1742.6542
3.000       410.16634    0.0010446325       3651.8574
3.000       418.20881   0.00080404356       2979.4039
3.000       426.25129   0.00047660160       1869.9194
3.000       434.29377    0.0010152124       4212.8693
3.000       442.33625   0.00083479847       3660.2394
3.000       450.37872   0.00065865599       3048.3336
3.000       458.42120   0.00071655350       3497.1395
3.000       466.46368   0.00047227323       2428.3824
3.000       474.50615   0.00047940151       2594.7481
3.000       482.54863   0.00027255475       1551.4839
3.000       490.59111   0.00023738206       1419.9635
3.000       498.63359   0.00089607100       5628.0411
3.000       506.67606    0.0013181284       8685.9859
3.000       514.71854    0.0016227413       11210.604
2.750     0.015707963       1059.1799   0.00020796948
2.750     0.031415927       2715.4562    0.0042654286
2.750     0.047123890       1444.9510    0.0076603177
2.750     0.062831853       1154.4167     0.014506829
2.750     0.078539816       875.51120     0.021488278
2.750     0.094247780       716.48208     0.030387080
2.750      0.10995574       585.88819     0.039458335
2.750      0.12566371       503.48390     0.050615722
2.750      0.14137167       366.43378     0.052450897
2.750      0.15707963       331.63684     0.065116741
2.750      0.17278760       287.25849     0.075072491
2.750      0.18849556       254.64423     0.086398752
2.750      0.20420352       225.67730     0.097352662
2.750      0.21991149       204.62720      0.11024969
2.750      0.23561945       177.81024      0.11783124
2.750      0.25132741       162.26787      0.13050356
2.750      0.26703538       140.42186      0.13546010
2.750      0.28274334       127.60165      0.14611799
2.750      0.29845130       114.23169      0.15384284
2.750      0.31415927       102.85918      0.16157082
2.750      0.32986723       94.520773      0.17187592
2.750      0.34557519       85.536680      0.17883409
2.750      0.36128316       80.959477      0.19341097
2.750      0.37699112       73.246727      0.19881623
2.750      0.39269908       68.470273      0.21006417
2.750      0.40840704       65.077954      0.22458659
2.750      0.42411501       60.215343      0.23271713
2.750      0.43982297       56.747049      0.24459483
2.750      0.45553093       52.748857      0.25260209
2.750      0.47123890       49.940274      0.26475525
2.750      0.48694686       45.919258      0.26860237
2.750      0.50265482       44.081224      0.28361779
2.750      0.51836279       41.418414      0.29225717
2.750      0.53407075       39.495937      0.30480288
2.750      0.54977871       37.646850      0.31692950
2.750      0.56548668       36.177508      0.33141796
2.750      0.58119464       33.912954      0.33728784
2.750      0.59690260       32.181279      0.34672406
2.750      0.61261057       30.748567      0.35813651
2.750      0.62831853       29.314034      0.36837101
2.750      0.64402649       27.973349      0.37855233
2.750      0.65973446       26.430023      0.38448137
2.750      0.67544242       25.890877      0.40418671
2.750      0.69115038       24.820904      0.41515045
2.750      0.70685835       24.202553      0.43304059
2.750      0.72256631       22.592579      0.43178663
2.750      0.73827427       22.206862      0.45270017
2.750      0.75398224       21.290044      0.46230667
2.750      0.76969020       20.773561      0.47987605
2.750      0.78539816       19.862347      0.48749534
2.750      0.80110613       19.172164      0.49935747
2.750      0.81681409       18.548913      0.51210427
2.750      0.83252205       17.863567      0.52218655
2.750      0.84823002       17.313757      0.53530647
2.750      0.86393798       16.769848      0.54783159
2.750      0.87964594       16.181753      0.55798115
2.750      0.89535391       15.723651      0.57175222
2.750      0.91106187       15.414768      0.59054208
2.750      0.92676983       14.773244      0.59574690
2.750      0.94247780       14.285681      0.60587718
2.750      0.95818576       13.899800      0.61948092
2.750      0.97389372       13.694682      0.64085078
2.750      0.98960169       13.282157      0.65210894
2.750       1.0053096       12.881790      0.66304959
2.750       1.0367256       12.470076      0.70393215
2.750       1.0681415       11.473473      0.70835589
2.750       1.0995574       11.143764      0.75050905
2.750       1.1309734       10.360016      0.75925527
2.750       1.1623893       9.9514975      0.79179634
2.750       1.1938052       9.6634818      0.83292194
2.750       1.2252211       9.2834126      0.86501044
2.750       1.2566371       8.9102731      0.89575836
2.750       1.2880530       8.4743903      0.91744472
2.750       1.3194689       8.1185847      0.94481782
2.750       1.3508848       7.9529797      0.99324210
2.750       1.3823008       7.6130904       1.0186826
2.750       1.4137167       7.4530037       1.0668141
2.750       1.4451326       7.0239359       1.0739249
2.750       1.4765485       6.7702442       1.1041238
2.750       1.5079645       6.6776767       1.1600293
2.750       1.5393804       6.3974540       1.1822662
2.750       1.5707963       6.2555251       1.2282695
2.750       1.6022123       5.9690739       1.2437622
2.750       1.6336282       5.7678011       1.2739142
2.750       1.6650441       5.6077777       1.3114094
2.750       1.6964600       5.5190615       1.3651061
2.750       1.7278760       5.4046661       1.4124621
2.750       1.7592919       5.1521221       1.4212488
2.750       1.7907078       5.1202932       1.4894958
2.750       1.8221237       4.9424659       1.5147730
2.750       1.8535397       4.8256481       1.5567955
2.750       1.8849556       4.6835917       1.5891052
2.750       1.9163715       4.5719882       1.6301009
2.750       1.9477874       4.4744508       1.6750766
2.750       1.9792034       4.3280300       1.6999329
2.750       2.0106193       4.2532417       1.7513779
2.750       2.0734512       3.9872247       1.8006214
2.750       2.1362830       3.9248655       1.9385250
2.750       2.1991149       3.7242725       2.0065752
2.750       2.2619467       3.5482734       2.0803406
2.750       2.3247786       3.4873816       2.2198034
2.750       2.3876104       3.2676823       2.2532038
2.750       2.4504423       3.1376486       2.3388803
2.750       2.5132741       3.0715603       2.4702954
2.750       2.5761060       2.9643683       2.5674003
2.750       2.6389378       2.8322224       2.6368480
2.750       2.7017697       2.7430970       2.7406678
2.750       2.7646015       2.6988926       2.8890396
2.750       2.8274334       2.5871263       2.9625456
2.750       2.8902652       2.5358528       3.1017543
2.750       2.9530971       2.4167411       3.1530697
2.750       3.0159289       2.3891971       3.3203630
2.750       3.0787608       2.2825647       3.3745914
2.750       3.1415927       2.2608006       3.5512573
2.750       3.2044245       2.1948947       3.6587613
2.750       3.2672564       2.1290451       3.7618785
2.750       3.3300882       2.0451404       3.8261378
2.750       3.3929201       1.9909896       3.9396727
2.750       3.4557519       1.9342976       4.0440938
2.750       3.5185838       1.9163513       4.2291108
2.750       3.5814156       1.8551136       4.3172277
2.750       3.6442475       1.8183872       4.4584121
2.750       3.7070793       1.7678660       4.5626300
2.750       3.7699112       1.7507778       4.7521993
2.750       3.8327430       1.6940944       4.8321118
2.750       3.8955749       1.6493888       4.9397842
2.750       3.9584067       1.6103417       5.0599887
2.750       4.0212386       1.5819054       5.2111108
2.750       4.1469023       1.5180251       5.4842928
2.750       4.2725660       1.4710082       5.8123493
2.750       4.3982297       1.3864227       5.9758492
2.750       4.5238934       1.3583472       6.3711545
2.750       4.6495571       1.2863983       6.5505911
2.750       4.7752208       1.2522442       6.9077984
2.750       4.9008845       1.2167529       7.2559799
2.750       5.0265482       1.1619518       7.4759766
2.750       5.1522120       1.1211019       7.7677726
2.750       5.2778757       1.0694794       7.9656306
2.750       5.4035394       1.0415611       8.3251096
2.750       5.5292031       1.0099034       8.6484387
2.750       5.6548668      0.98274558       9.0028184
2.750       5.7805305      0.95822572       9.3765089
2.750       5.9061942      0.91695219       9.5706210
2.750       6.0318579      0.89855858       9.9901028
2.750       6.1575216      0.86776389       10.263362
2.750       6.2831853      0.83411088       10.481746
2.750       6.4088490      0.80875486       10.785177
2.750       6.5345127      0.79144125       11.187385
2.750       6.6601764      0.76282086       11.416948
2.750       6.7858401      0.75250966       11.912234
2.750       6.9115038      0.73122659       12.230378
2.750       7.0371675      0.72444163       12.789905
2.750       7.1628313      0.69934237       13.020098
2.750       7.2884950      0.67907517       13.319922
2.750       7.4141587      0.64726749       13.364099
2.750       7.5398224      0.63941192       13.884631
2.750       7.6654861      0.62147332       14.181163
2.750       7.7911498      0.61114282       14.642581
2.750       7.9168135      0.60820945       15.288844
2.750       8.0424772      0.57559723       15.169053
2.750       8.2938046      0.56639424       16.370068
2.750       8.5451320      0.52669651       16.648957
2.750       8.7964594      0.50781076       17.510392
2.750       9.0477868      0.48774044       18.301476
2.750       9.2991143      0.46781760       19.057747
2.750       9.5504417      0.45287116       19.985513
2.750       9.8017691      0.43573169       20.787526
2.750       10.053096      0.42064052       21.651147
2.750       10.304424      0.40715484       22.568412
2.750       10.555751      0.38591950       22.995054
2.750       10.807079      0.37668083       24.086224
2.750       11.058406      0.36328727       24.888462
2.750       11.309734      0.35838135       26.264721
2.750       11.561061      0.34286328       26.840111
2.750       11.812388      0.33033859       27.583078
2.750       12.063716      0.32553281       28.953983
2.750       12.315043      0.31669717       29.965550
2.750       12.566371      0.30117625       30.277539
2.750       12.817698      0.29508315       31.480729
2.750       13.069025      0.28294912       31.996923
2.750       13.320353      0.28343605       33.936929
2.750       13.571680      0.27050057       34.256210
2.750       13.823008      0.26173387       35.021749
2.750       14.074335      0.25186956       35.573746
2.750       14.325663      0.24478527       36.458575
2.750       14.576990      0.24141734       37.882818
2.750       14.828317      0.23541829       38.885355
2.750       15.079645      0.22738755       39.501198
2.750       15.330972      0.22546283       41.158002
2.750       15.582300      0.21423498       41.063436
2.750       15.833627      0.21088881       42.409682
2.750       16.084954      0.20618887       43.470534
2.750       16.587609      0.19409252       44.877684
2.750       17.090264      0.18631739       47.116169
2.750       17.592919      0.17764076       49.003441
2.750       18.095574      0.16744201       50.263387
2.750       18.598229      0.16062551       52.347931
2.750       19.100883      0.15439780       54.509440
2.750       19.603538      0.14595811       55.705989
2.750       20.106193      0.14107193       58.089870
2.750       20.608848      0.13633245       60.454778
2.750       21.111503      0.13474496       64.230342
2.750       21.614157      0.12978728       66.392243
2.750       22.116812      0.12277279       67.288364
2.750       22.619467      0.11679470       68.476332
2.750       23.122122      0.11047178       69.183844
2.750       23.624777      0.10972348       73.294769
2.750       24.127432      0.10468304       74.486893
2.750       24.630086      0.10113656       76.555471
2.750       25.132741     0.097217810       78.187202
2.750       25.635396     0.096824950       82.637588
2.750       26.138051     0.093237289       84.348913
2.750       26.640706     0.090757430       86.933992
2.750       27.143361     0.085975591       87.103634
2.750       27.646015     0.082781221       88.613466
2.750       28.148670     0.080728440       91.215883
2.750       28.651325     0.077178970       91.960933
2.750       29.153980     0.076599584       96.159062
2.750       29.656635     0.075432968       99.677482
2.750       30.159289     0.072364515       100.56787
2.750       30.661944     0.067790842       99.001177
2.750       31.164599     0.067459500       103.44226
2.750       31.667254     0.066963275       107.73037
2.750       32.169909     0.064106825       108.12448
2.750       33.175218     0.059383953       109.84511
2.750       34.180528     0.057438276       116.20049
2.750       35.185838     0.055628624       122.76435
2.750       36.191147     0.053692462       128.94088
2.750       37.196457     0.049684362       129.53726
2.750       38.201767     0.049713222       140.40821
2.750       39.207076     0.046494611       141.96008
2.750       40.212386     0.043552641       143.47105
2.750       41.217696     0.040345039       143.12369
2.750       42.223005     0.039091107       149.07185
2.750       43.228315     0.038963165       159.45179
2.750       44.233625     0.036085549       158.21992
2.750       45.238934     0.035584047       166.90244
2.750       46.244244     0.033414611       167.40935
2.750       47.249554     0.032480671       173.57548
2.750       48.254863     0.031606461       179.91584
2.750       49.260173     0.030888606       187.04942
2.750       50.265482     0.029761552       191.48528
2.750       51.270792     0.027494059       187.72374
2.750       52.276102     0.027318272       197.71202
2.750       53.281411     0.026795518       205.33339
2.750       54.286721     0.025987398       210.62692
2.750       55.292031     0.024877565       213.04225
2.750       56.297340     0.024540347       221.82710
2.750       57.302650     0.023469422       223.71586
2.750       58.307960     0.022978823       230.77118
2.750       59.313269     0.021927318       231.79889
2.750       60.318579     0.020737531       230.55822
2.750       61.323889     0.020596881       240.63610
2.750       62.329198     0.019403963       238.03198
2.750       63.334508     0.019077745       245.53788
2.750       64.339818     0.018687375       252.14946
2.750       66.350437     0.017730482       262.37482
2.750       68.361056     0.018054237       292.19696
2.750       70.371675     0.015813577       279.18626
2.750       72.382295     0.015318517       294.29577
2.750       74.392914     0.014875469       310.26704
2.750       76.403533     0.013662026       308.69224
2.750       78.414153     0.013508250       329.95348
2.750       80.424772     0.012729224       335.46073
2.750       82.435391     0.012066967       342.45971
2.750       84.446011     0.011651590       355.46175
2.750       86.456630     0.010197821       333.86627
2.750       88.467249     0.010941700       383.79793
2.750       90.477868     0.010085189       378.42634
2.750       92.488488    0.0097238539       389.73707
2.750       94.499107    0.0090760373       388.01601
2.750       96.509726    0.0088841745       404.57644
2.750       98.520346    0.0079055157       382.98190
2.750       100.53096    0.0081130456       417.59350
2.750       102.54158    0.0079526980       434.39500
2.750       104.55220    0.0069026729       399.65673
2.750       106.56282    0.0072476235       444.30687
2.750       108.57344    0.0069226823       448.86473
2.750       110.58406    0.0069456233       475.83797
2.750       112.59468    0.0071283642       515.48231
2.750       114.60530    0.0056014370       427.15335
2.750       116.61592    0.0053383509       428.89491
2.750       118.62654    0.0058961062       498.63313
2.750       120.63716    0.0053141589       472.65916
2.750       122.64778    0.0050045865       467.75399
2.750       124.65840    0.0049474736       485.53255
2.750       126.66902    0.0051070216       525.83458
2.750       128.67964    0.0045335288       489.36860
2.750       132.70087    0.0047535761       562.74553
2.750       136.72211    0.0042590281       551.43844
2.750       140.74335    0.0030124204       425.47055
2.750       144.76459    0.0039123238       601.30122
2.750       148.78583    0.0030303203       505.64241
2.750       152.80707    0.0031018802       560.69359
2.750       156.82831    0.0031085965       607.44639
2.750       160.84954    0.0017274669       364.19962
2.750       164.87078    0.0027147505       616.35551
2.750       168.89202    0.0025655934       626.16023
2.750       172.91326    0.0022871294       599.02629
2.750       176.93450    0.0024347226       683.21485
2.750       180.95574    0.0025745595       772.84120
2.750       184.97698    0.0020360757       652.85571
2.750       188.99821    0.0020289130       693.91581
2.750       193.01945    0.0023424685       853.38943
2.750       197.04069    0.0021731020       842.20561
2.750       201.06193    0.0021301923       877.15958
2.750       205.08317    0.0013384801       584.88734
2.750       209.10441    0.0018390574       851.83425
2.750       213.12565    0.0015552215       762.72795
2.750       217.14688    0.0016511466       856.47895
2.750       221.16812    0.0017548423       961.78047
2.750       225.18936   0.00096174055       556.38036
2.750       229.21060    0.0020048840       1223.1046
2.750       233.23184    0.0014075223       904.66764
2.750       237.25308   0.00093781300       634.48604
2.750       241.27432    0.0012869204       915.70426
2.750       245.29555    0.0011330305       847.19014
2.750       249.31679    0.0010612281       833.16996
2.750       253.33803    0.0015090278       1242.9929
2.750       257.35927   0.00093454738       807.03252
2.750       265.40175    0.0010027950       949.71604
2.750       273.44422    0.0022703139       2351.5944
2.750       281.48670   0.00069720006       787.77342
2.750       289.52918    0.0012941446       1591.2195
2.750       297.57166   0.00089883247       1199.8410
2.750       305.61413   0.00079352618       1147.4977
2.750       313.65661    0.0014407932       2252.3467
2.750       321.69909    0.0012199185       2057.5508
2.750       329.74156   0.00078303822       1422.2446
2.750       337.78404    0.0011323032       2210.8047
2.750       345.82652    0.0014925087       3127.2457
2.750       353.86900   0.00061713591       1385.4110
2.750       361.91147   0.00093627021       2248.4256
2.750       369.95395    0.0011804661       3028.0760
2.750       377.99643    0.0013485426       3689.7592
2.750       386.03891   0.00083477770       2432.9564
2.750       394.08138    0.0011509439       3568.4710
2.750       402.12386   0.00093370441       3075.8078
2.750       410.16634    0.0010992902       3842.9316
2.750       418.20881   0.00074121762       2746.6008
2.750       426.25129   0.00034312557       1346.2337
2.750       434.29377   0.00090231097       3744.3574
2.750       442.33625   0.00094809796       4157.0099
2.750       450.37872    0.0010340626       4785.7577
2.750       458.42120   0.00090363910       4410.2109
2.750       466.46368    0.0011699909       6015.9778
2.750       474.50615   0.00082456199       4462.9202
2.750       482.54863    0.0013075898       7443.2920
2.750       490.59111   0.00053519686       3201.4213
2.750       498.63359   0.00088416735       5553.2767
2.750       506.67606   0.00057915544       3816.4235
2.750       514.71854    0.0010062935       6951.9137
2.500     0.015707963       1211.4315   0.00023786402
2.500     0.031415927       3107.3311    0.0048809843
2.500     0.047123890       1651.8846    0.0087573630
2.500     0.062831853       1321.8132     0.016610395
2.500     0.078539816       1002.4370     0.024603505
2.500     0.094247780       820.36073     0.034792730
2.500      0.10995574       670.20998     0.045137230
2.500      0.12566371       575.10155     0.057815514
2.500      0.14137167       420.22425     0.060150402
2.500      0.15707963       380.63413     0.074737337
2.500      0.17278760       329.86662     0.086207750
2.500      0.18849556       292.10888     0.099110210
2.500      0.20420352       259.08636      0.11176466
2.500      0.21991149       235.33274      0.12679331
2.500      0.23561945       204.49832      0.13551689
2.500      0.25132741       187.02995      0.15041841
2.500      0.26703538       161.98871      0.15626489
2.500      0.28274334       147.74745      0.16918716
2.500      0.29845130       132.05992      0.17785321
2.500      0.31415927       119.16829      0.18718911
2.500      0.32986723       109.52955      0.19916778
2.500      0.34557519       99.077316      0.20714391
2.500      0.36128316       94.056987      0.22470072
2.500      0.37699112       85.278980      0.23147581
2.500      0.39269908       79.640766      0.24433481
2.500      0.40840704       75.807017      0.26161301
2.500      0.42411501       70.133089      0.27104671
2.500      0.43982297       66.078299      0.28481499
2.500      0.45553093       61.753490      0.29572320
2.500      0.47123890       58.452945      0.30988464
2.500      0.48694686       53.761293      0.31447395
2.500      0.50265482       51.657513      0.33236350
2.500      0.51836279       48.619323      0.34306832
2.500      0.53407075       46.430639      0.35832021
2.500      0.54977871       44.344921      0.37331712
2.500      0.56548668       42.565037      0.38993337
2.500      0.58119464       40.075534      0.39857897
2.500      0.59690260       37.965080      0.40903926
2.500      0.61261057       36.337098      0.42322756
2.500      0.62831853       34.742148      0.43658271
2.500      0.64402649       33.162620      0.44877670
2.500      0.65973446       31.345151      0.45598245
2.500      0.67544242       30.764222      0.48026528
2.500      0.69115038       29.477284      0.49303231
2.500      0.70685835       28.781142      0.51496232
2.500      0.72256631       26.935854      0.51479479
2.500      0.73827427       26.472451      0.53965675
2.500      0.75398224       25.404728      0.55165576
2.500      0.76969020       24.825212      0.57347053
2.500      0.78539816       23.761043      0.58318374
2.500      0.80110613       22.941104      0.59752314
2.500      0.81681409       22.238176      0.61395861
2.500      0.83252205       21.458515      0.62727383
2.500      0.84823002       20.749293      0.64152631
2.500      0.86393798       20.213532      0.66032869
2.500      0.87964594       19.491879      0.67212134
2.500      0.89535391       18.931595      0.68840126
2.500      0.91106187       18.599500      0.71254968
2.500      0.92676983       17.870528      0.72064819
2.500      0.94247780       17.293119      0.73342715
2.500      0.95818576       16.807788      0.74908303
2.500      0.97389372       16.583717      0.77604488
2.500      0.98960169       16.080662      0.78950606
2.500       1.0053096       15.656049      0.80584586
2.500       1.0367256       15.162244      0.85590427
2.500       1.0681415       13.989604      0.86369827
2.500       1.0995574       13.586204      0.91500222
2.500       1.1309734       12.669542      0.92851365
2.500       1.1623893       12.205176      0.97111146
2.500       1.1938052       11.829731       1.0196369
2.500       1.2252211       11.381080       1.0604671
2.500       1.2566371       10.971364       1.1029618
2.500       1.2880530       10.428314       1.1289781
2.500       1.3194689       10.036950       1.1680717
2.500       1.3508848       9.8479196       1.2298998
2.500       1.3823008       9.4285472       1.2616029
2.500       1.4137167       9.2677793       1.3265789
2.500       1.4451326       8.7287264       1.3345789
2.500       1.4765485       8.4532633       1.3785986
2.500       1.5079645       8.2773386       1.4379186
2.500       1.5393804       7.9648113       1.4719180
2.500       1.5707963       7.8106730       1.5336221
2.500       1.6022123       7.5102604       1.5648957
2.500       1.6336282       7.2570828       1.6028467
2.500       1.6650441       7.0532970       1.6494519
2.500       1.6964600       6.9216613       1.7120305
2.500       1.7278760       6.7956124       1.7759738
2.500       1.7592919       6.4760487       1.7864632
2.500       1.7907078       6.4629986       1.8800894
2.500       1.8221237       6.2502825       1.9155942
2.500       1.8535397       6.1186363       1.9739246
2.500       1.8849556       5.9327659       2.0129401
2.500       1.9163715       5.8173139       2.0741104
2.500       1.9477874       5.6639379       2.1203787
2.500       1.9792034       5.5002351       2.1603433
2.500       2.0106193       5.4275210       2.2349165
2.500       2.0734512       5.1018432       2.3039805
2.500       2.1362830       4.9875245       2.4633814
2.500       2.1991149       4.7675789       2.5686911
2.500       2.2619467       4.5530710       2.6694500
2.500       2.3247786       4.4614193       2.8398021
2.500       2.3876104       4.1880250       2.8878187
2.500       2.4504423       3.9974557       2.9798016
2.500       2.5132741       3.9467721       3.1741825
2.500       2.5761060       3.8338709       3.3204650
2.500       2.6389378       3.6559562       3.4037584
2.500       2.7017697       3.5682053       3.5650454
2.500       2.7646015       3.4573127       3.7008933
2.500       2.8274334       3.3658382       3.8542567
2.500       2.8902652       3.2804516       4.0125180
2.500       2.9530971       3.1511125       4.1111881
2.500       3.0159289       3.0965881       4.3034525
2.500       3.0787608       2.9646315       4.3829732
2.500       3.1415927       2.9531137       4.6387401
2.500       3.2044245       2.8654447       4.7765290
2.500       3.2672564       2.7718712       4.8977085
2.500       3.3300882       2.6867685       5.0265235
2.500       3.3929201       2.6111806       5.1668763
2.500       3.4557519       2.5326217       5.2950280
2.500       3.5185838       2.4775167       5.4675219
2.500       3.5814156       2.4491890       5.6997621
2.500       3.6442475       2.4012836       5.8875866
2.500       3.7070793       2.3211661       5.9906247
2.500       3.7699112       2.2813328       6.1923039
2.500       3.8327430       2.2099184       6.3034107
2.500       3.8955749       2.1588768       6.4656590
2.500       3.9584067       2.1093711       6.6280306
2.500       4.0212386       2.0817570       6.8577211
2.500       4.1469023       1.9928224       7.1996315
2.500       4.2725660       1.9444518       7.6830520
2.500       4.3982297       1.8031261       7.7719515
2.500       4.5238934       1.7976020       8.4314233
2.500       4.6495571       1.6959639       8.6361789
2.500       4.7752208       1.6428457       9.0624872
2.500       4.9008845       1.5858813       9.4572387
2.500       5.0265482       1.5223034       9.7944725
2.500       5.1522120       1.4835682       10.279191
2.500       5.2778757       1.4111775       10.510645
2.500       5.4035394       1.3847331       11.068054
2.500       5.5292031       1.3264358       11.359105
2.500       5.6548668       1.2938230       11.852563
2.500       5.7805305       1.2696436       12.423820
2.500       5.9061942       1.2114810       12.644743
2.500       6.0318579       1.1731189       13.042642
2.500       6.1575216       1.1296362       13.360623
2.500       6.2831853       1.0935372       13.741794
2.500       6.4088490       1.0693024       14.259718
2.500       6.5345127       1.0361732       14.646783
2.500       6.6601764       1.0123722       15.151919
2.500       6.7858401      0.98627258       15.612703
2.500       6.9115038      0.95984160       16.054156
2.500       7.0371675      0.93580424       16.521480
2.500       7.1628313      0.91956880       17.120193
2.500       7.2884950      0.87699167       17.202014
2.500       7.4141587      0.85995319       17.755410
2.500       7.5398224      0.83533145       18.138962
2.500       7.6654861      0.81246195       18.539260
2.500       7.7911498      0.80048014       19.178979
2.500       7.9168135      0.77414584       19.460065
2.500       8.0424772      0.76131831       20.063470
2.500       8.2938046      0.71986290       20.805658
2.500       8.5451320      0.69306041       21.907745
2.500       8.7964594      0.64549388       22.257998
2.500       9.0477868      0.62039033       23.278895
2.500       9.2991143      0.59907778       24.404967
2.500       9.5504417      0.58257840       25.709582
2.500       9.8017691      0.56501713       26.955369
2.500       10.053096      0.54453234       28.028089
2.500       10.304424      0.51439714       28.512806
2.500       10.555751      0.50027188       29.808753
2.500       10.807079      0.47830336       30.584307
2.500       11.058406      0.45245501       30.997257
2.500       11.309734      0.45608525       33.425153
2.500       11.561061      0.43450979       34.014407
2.500       11.812388      0.41732590       34.846466
2.500       12.063716      0.40001899       35.579034
2.500       12.315043      0.39028741       36.928581
2.500       12.566371      0.37960250       38.161806
2.500       12.817698      0.37000225       39.473418
2.500       13.069025      0.35861250       40.553215
2.500       13.320353      0.34473422       41.276403
2.500       13.571680      0.33461128       42.375194
2.500       13.823008      0.32334934       43.266313
2.500       14.074335      0.31058925       43.867243
2.500       14.325663      0.30866209       45.972455
2.500       14.576990      0.29874253       46.878194
2.500       14.828317      0.28857913       47.666229
2.500       15.079645      0.28149226       48.900133
2.500       15.330972      0.27242399       49.730714
2.500       15.582300      0.26178982       50.178498
2.500       15.833627      0.25658620       51.599415
2.500       16.084954      0.25224676       53.180860
2.500       16.587609      0.23382799       54.065242
2.500       17.090264      0.22008054       55.654235
2.500       17.592919      0.21711488       59.892653
2.500       18.095574      0.20711112       62.171413
2.500       18.598229      0.19721056       64.271014
2.500       19.100883      0.18704896       66.036782
2.500       19.603538      0.17900000       68.316668
2.500       20.106193      0.17204766       70.844895
2.500       20.608848      0.16276857       72.177518
2.500       21.111503      0.15763415       75.141178
2.500       21.614157      0.15493227       79.255076
2.500       22.116812      0.14697309       80.551877
2.500       22.619467      0.14370264       84.252366
2.500       23.122122      0.13790935       86.366842
2.500       23.624777      0.13275976       88.682891
2.500       24.127432      0.12859011       91.497892
2.500       24.630086      0.12118333       91.729905
2.500       25.132741      0.11807562       94.962051
2.500       25.635396      0.11472050       97.910976
2.500       26.138051      0.11034791       99.828363
2.500       26.640706      0.10696917       102.46276
2.500       27.143361      0.10170007       103.03442
2.500       27.646015      0.10060030       107.68797
2.500       28.148670     0.098515845       111.31405
2.500       28.651325     0.093454378       111.35354
2.500       29.153980     0.092517872       116.14204
2.500       29.656635     0.088404148       116.81766
2.500       30.159289     0.086412345       120.09070
2.500       30.661944     0.083038392       121.26857
2.500       31.164599     0.082271711       126.15528
2.500       31.667254     0.081570571       131.23056
2.500       32.169909     0.076389061       128.84006
2.500       33.175218     0.074485230       137.77861
2.500       34.180528     0.068382223       138.34064
2.500       35.185838     0.067594328       149.17093
2.500       36.191147     0.061265781       147.12799
2.500       37.196457     0.060149071       156.82089
2.500       38.201767     0.058470497       165.14194
2.500       39.207076     0.054864781       167.51638
2.500       40.212386     0.053185172       175.20252
2.500       41.217696     0.050559361       179.35891
2.500       42.223005     0.047719821       181.97700
2.500       43.228315     0.046021188       188.33585
2.500       44.233625     0.043399350       190.28785
2.500       45.238934     0.042286178       198.33794
2.500       46.244244     0.040791674       204.36891
2.500       47.249554     0.037924814       202.66878
2.500       48.254863     0.038275786       217.88014
2.500       49.260173     0.036549341       221.32863
2.500       50.265482     0.035377525       227.61835
2.500       51.270792     0.034081551       232.70177
2.500       52.276102     0.033025944       239.02047
2.500       53.281411     0.032374621       248.08592
2.500       54.286721     0.030897134       250.42016
2.500       55.292031     0.029877931       255.86353
2.500       56.297340     0.027991354       253.02172
2.500       57.302650     0.027588035       262.97541
2.500       58.307960     0.027176025       272.92274
2.500       59.313269     0.025989857       274.74496
2.500       60.318579     0.024643125       273.98030
2.500       61.323889     0.024644445       287.92433
2.500       62.329198     0.023798759       291.94375
2.500       63.334508     0.023338857       300.38002
2.500       64.339818     0.022727356       306.66107
2.500       66.350437     0.021324314       315.55618
2.500       68.361056     0.020277392       328.17738
2.500       70.371675     0.019311754       340.94603
2.500       72.382295     0.017346082       333.24888
2.500       74.392914     0.017331968       361.50379
2.500       76.403533     0.016832189       380.32178
2.500       78.414153     0.015368469       375.39132
2.500       80.424772     0.014690976       387.15996
2.500       82.435391     0.013656871       387.58108
2.500       84.446011     0.014336620       437.37549
2.500       86.456630     0.013575271       444.44054
2.500       88.467249     0.012111204       424.82019
2.500       90.477868     0.011881007       445.81081
2.500       92.488488     0.011819001       473.71165
2.500       94.499107     0.011339154       484.76810
2.500       96.509726     0.011526478       524.90429
2.500       98.520346     0.010243421       496.24149
2.500       100.53096    0.0095834774       493.27935
2.500       102.54158    0.0093121200       508.64982
2.500       104.55220    0.0084894915       491.53167
2.500       106.56282    0.0087505156       536.43987
2.500       108.57344    0.0081409934       527.85967
2.500       110.58406    0.0078068503       534.83980
2.500       112.59468    0.0078082702       564.64920
2.500       114.60530    0.0069702154       531.53341
2.500       116.61592    0.0074428562       597.97553
2.500       118.62654    0.0065759361       556.12628
2.500       120.63716    0.0066661306       592.90808
2.500       122.64778    0.0065135943       608.79350
2.500       124.65840    0.0064739026       635.33244
2.500       126.66902    0.0056237366       579.03713
2.500       128.67964    0.0058720320       633.85239
2.500       132.70087    0.0056283591       666.30551
2.500       136.72211    0.0047740527       618.12136
2.500       140.74335    0.0039354833       555.84281
2.500       144.76459    0.0038304844       588.72298
2.500       148.78583    0.0047977634       800.55981
2.500       152.80707    0.0034651075       626.35029
2.500       156.82831    0.0035858583       700.70744
2.500       160.84954    0.0034377009       724.76606
2.500       164.87078    0.0035977059       816.82123
2.500       168.89202    0.0028260607       689.73005
2.500       172.91326    0.0020400655       534.31734
2.500       176.93450    0.0029595925       830.50017
2.500       180.95574    0.0015856164       475.97644
2.500       184.97698    0.0026213638       840.52489
2.500       188.99821    0.0021753336       743.99365
2.500       193.01945    0.0029409857       1071.4364
2.500       197.04069    0.0017762471       688.40087
2.500       201.06193    0.0012622973       519.78225
2.500       205.08317    0.0015203891       664.37773
2.500       209.10441    0.0020101832       931.09813
2.500       213.12565    0.0020705094       1015.4408
2.500       217.14688    0.0014503781       752.33678
2.500       221.16812    0.0020926963       1146.9489
2.500       225.18936    0.0017181422       993.96932
2.500       229.21060    0.0016074175       980.62518
2.500       233.23184    0.0022647254       1455.6243
2.500       237.25308    0.0019339155       1308.4084
2.500       241.27432    0.0010931412       777.82126
2.500       245.29555    0.0010263291       767.40733
2.500       249.31679    0.0013055600       1024.9949
2.500       253.33803   0.00089096543       733.89223
2.500       257.35927    0.0014852064       1282.5565
2.500       265.40175    0.0010090554       955.64505
2.500       273.44422   0.00097589354       1010.8320
2.500       281.48670   0.00051790912       585.19077
2.500       289.52918    0.0012611771       1550.6841
2.500       297.57166    0.0010183764       1359.4188
2.500       305.61413   0.00062214895       899.67351
2.500       313.65661   0.00086670015       1354.8851
2.500       321.69909   0.00086739821       1462.9796
2.500       329.74156   0.00086360272       1568.5752
2.500       337.78404    0.0011631108       2270.9560
2.500       345.82652   0.00078812260       1651.3492
2.500       353.86900   0.00073751415       1655.6486
2.500       361.91147    0.0010431102       2504.9986
2.500       369.95395    0.0016702304       4284.3964
2.500       377.99643    0.0010451342       2859.6008
2.500       386.03891   0.00083555682       2435.2271
2.500       394.08138   0.00094742701       2937.4723
2.500       402.12386    0.0010441296       3439.5703
2.500       410.16634   4.5723989e-05       159.84329
2.500       418.20881   0.00066586879       2467.3938
2.500       426.25129   0.00062811483       2464.3729
2.500       434.29377    0.0010113320       4196.7663
2.500       442.33625    0.0010724029       4702.0348
2.500       450.37872   0.00056341756       2607.5595
2.500       458.42120   0.00056955670       2779.7216
2.500       466.46368    0.0010310331       5301.4704
2.500       474.50615   0.00097813846       5294.1488
2.500       482.54863   0.00066484273       3784.5343
2.500       490.59111   0.00060670357       3629.1576
2.500       498.63359   0.00031941731       2006.1957
2.500       506.67606   0.00064403476       4243.9546
2.500       514.71854   0.00076785309       5304.6634
2.250     0.015707963       1398.2618   0.00027454806
2.250     0.031415927       3588.5243    0.0056368408
2.250     0.047123890       1905.6012     0.010102426
2.250     0.062831853       1527.5429     0.019195670
2.250     0.078539816       1158.4445     0.028432507
2.250     0.094247780       948.00950     0.040206506
2.250      0.10995574       773.74990     0.052110425
2.250      0.12566371       662.81744     0.066633676
2.250      0.14137167       486.54615     0.069643639
2.250      0.15707963       441.13589     0.086616830
2.250      0.17278760       382.56550     0.099980143
2.250      0.18849556       338.32389      0.11479059
2.250      0.20420352       300.40711      0.12958960
2.250      0.21991149       273.35946      0.14728147
2.250      0.23561945       237.58995      0.15744603
2.250      0.25132741       217.83208      0.17519095
2.250      0.26703538       188.85450      0.18218138
2.250      0.28274334       172.97162      0.19807162
2.250      0.29845130       154.38863      0.20792466
2.250      0.31415927       139.68310      0.21941370
2.250      0.32986723       128.43529      0.23354584
2.250      0.34557519       116.09323      0.24271958
2.250      0.36128316       110.59013      0.26419814
2.250      0.37699112       100.54064      0.27290108
2.250      0.39269908       93.762991      0.28766125
2.250      0.40840704       89.405045      0.30854034
2.250      0.42411501       82.700108      0.31961508
2.250      0.43982297       77.890241      0.33572759
2.250      0.45553093       73.212600      0.35059822
2.250      0.47123890       69.328124      0.36753872
2.250      0.48694686       63.780191      0.37307899
2.250      0.50265482       61.340055      0.39466080
2.250      0.51836279       57.857810      0.40825706
2.250      0.53407075       55.323526      0.42694948
2.250      0.54977871       52.956285      0.44581177
2.250      0.56548668       50.760026      0.46500672
2.250      0.58119464       48.065144      0.47804118
2.250      0.59690260       45.413187      0.48928586
2.250      0.61261057       43.569991      0.50747094
2.250      0.62831853       41.778140      0.52499959
2.250      0.64402649       39.893776      0.53986678
2.250      0.65973446       37.745123      0.54908376
2.250      0.67544242       37.104327      0.57924170
2.250      0.69115038       35.545543      0.59452904
2.250      0.70685835       34.709361      0.62103209
2.250      0.72256631       32.623635      0.62349896
2.250      0.73827427       32.042568      0.65320693
2.250      0.75398224       30.784477      0.66847532
2.250      0.76969020       30.126126      0.69592336
2.250      0.78539816       28.870432      0.70858700
2.250      0.80110613       27.891993      0.72647382
2.250      0.81681409       27.083971      0.74774284
2.250      0.83252205       26.170801      0.76502305
2.250      0.84823002       25.263610      0.78109988
2.250      0.86393798       24.747625      0.80844688
2.250      0.87964594       23.854115      0.82254048
2.250      0.89535391       23.169913      0.84251735
2.250      0.91106187       22.812455      0.87394859
2.250      0.92676983       21.966946      0.88584064
2.250      0.94247780       21.285705      0.90275872
2.250      0.95818576       20.669841      0.92120553
2.250      0.97389372       20.417972      0.95547113
2.250      0.98960169       19.790590      0.97165095
2.250       1.0053096       19.352265      0.99609697
2.250       1.0367256       18.752810       1.0585907
2.250       1.0681415       17.372788       1.0725713
2.250       1.0995574       16.849372       1.1347697
2.250       1.1309734       15.774898       1.1560961
2.250       1.1623893       15.243287       1.2128404
2.250       1.1938052       14.746948       1.2710798
2.250       1.2252211       14.182749       1.3215212
2.250       1.2566371       13.770417       1.3843533
2.250       1.2880530       13.083957       1.4164803
2.250       1.3194689       12.665312       1.4739530
2.250       1.3508848       12.392256       1.5476603
2.250       1.3823008       11.886643       1.5905126
2.250       1.4137167       11.719644       1.6775360
2.250       1.4451326       11.043167       1.6884453
2.250       1.4765485       10.775511       1.7573219
2.250       1.5079645       10.458120       1.8167586
2.250       1.5393804       10.102005       1.8668770
2.250       1.5707963       9.9149174       1.9467895
2.250       1.6022123       9.6329981       2.0072057
2.250       1.6336282       9.3217535       2.0588633
2.250       1.6650441       9.0277104       2.1111792
2.250       1.6964600       8.8297504       2.1839847
2.250       1.7278760       8.6874582       2.2703911
2.250       1.7592919       8.3056937       2.2911835
2.250       1.7907078       8.2841284       2.4098570
2.250       1.8221237       8.0420041       2.4647232
2.250       1.8535397       7.9030186       2.5495816
2.250       1.8849556       7.6434810       2.5933720
2.250       1.9163715       7.5206688       2.6814262
2.250       1.9477874       7.2928672       2.7301924
2.250       1.9792034       7.1209131       2.7969017
2.250       2.0106193       7.0391202       2.8985325
2.250       2.0734512       6.6354757       2.9965653
2.250       2.1362830       6.4354802       3.1785392
2.250       2.1991149       6.2210569       3.3518006
2.250       2.2619467       5.9686970       3.4994267
2.250       2.3247786       5.7750659       3.6759702
2.250       2.3876104       5.4739123       3.7744919
2.250       2.4504423       5.1797805       3.8611355
2.250       2.5132741       5.1438004       4.1368897
2.250       2.5761060       5.0561260       4.3790441
2.250       2.6389378       4.7897071       4.4593000
2.250       2.7017697       4.6849482       4.6807993
2.250       2.7646015       4.5289282       4.8480080
2.250       2.8274334       4.4450934       5.0901232
2.250       2.8902652       4.3290007       5.2950616
2.250       2.9530971       4.1741458       5.4459174
2.250       3.0159289       4.0662566       5.6510397
2.250       3.0787608       3.9064001       5.7753037
2.250       3.1415927       3.8775305       6.0908107
2.250       3.2044245       3.7703835       6.2850093
2.250       3.2672564       3.6672838       6.4798420
2.250       3.3300882       3.5782122       6.6942753
2.250       3.3929201       3.4502622       6.8272098
2.250       3.4557519       3.3802655       7.0672221
2.250       3.5185838       3.2678280       7.2116250
2.250       3.5814156       3.2443607       7.5502887
2.250       3.6442475       3.1910659       7.8240139
2.250       3.7070793       3.0842876       7.9601411
2.250       3.7699112       3.0110101       8.1728931
2.250       3.8327430       2.9321224       8.3633731
2.250       3.8955749       2.8604678       8.5668665
2.250       3.9584067       2.8211533       8.8645808
2.250       4.0212386       2.7467758       9.0484253
2.250       4.1469023       2.6584442       9.6043774
2.250       4.2725660       2.5501539       10.076344
2.250       4.3982297       2.4135103       10.402869
2.250       4.5238934       2.3638339       11.087262
2.250       4.6495571       2.2443481       11.428658
2.250       4.7752208       2.1356125       11.780754
2.250       4.9008845       2.0648458       12.313494
2.250       5.0265482       2.0354183       13.095844
2.250       5.1522120       1.9213321       13.312324
2.250       5.2778757       1.8611282       13.861940
2.250       5.4035394       1.8378128       14.689483
2.250       5.5292031       1.7470295       14.960914
2.250       5.6548668       1.7083843       15.650311
2.250       5.7805305       1.6253251       15.904265
2.250       5.9061942       1.5606055       16.288705
2.250       6.0318579       1.5246250       16.950659
2.250       6.1575216       1.4601730       17.270002
2.250       6.2831853       1.4499447       18.220543
2.250       6.4088490       1.4041533       18.725132
2.250       6.5345127       1.3403317       18.946203
2.250       6.6601764       1.3060422       19.547206
2.250       6.7858401       1.2690498       20.089068
2.250       6.9115038       1.2417701       20.769648
2.250       7.0371675       1.1979839       21.150221
2.250       7.1628313       1.1687237       21.758867
2.250       7.2884950       1.1283007       22.131390
2.250       7.4141587       1.1073578       22.863561
2.250       7.5398224       1.0800879       23.453772
2.250       7.6654861       1.0324735       23.559619
2.250       7.7911498       1.0188493       24.410960
2.250       7.9168135      0.99086141       24.907745
2.250       8.0424772      0.98123900       25.859170
2.250       8.2938046      0.94716098       27.375084
2.250       8.5451320      0.87817632       27.759287
2.250       8.7964594      0.83538529       28.805857
2.250       9.0477868      0.81751863       30.675737
2.250       9.2991143      0.77312040       31.495039
2.250       9.5504417      0.73612516       32.485705
2.250       9.8017691      0.70012133       33.400808
2.250       10.053096      0.66826026       34.396595
2.250       10.304424      0.64399659       35.696446
2.250       10.555751      0.62000262       36.942921
2.250       10.807079      0.60158139       38.467114
2.250       11.058406      0.58779031       40.268949
2.250       11.309734      0.57003810       41.776424
2.250       11.561061      0.53029750       41.512885
2.250       11.812388      0.52897218       44.168866
2.250       12.063716      0.50705081       45.098805
2.250       12.315043      0.49007800       46.370661
2.250       12.566371      0.46423950       46.670445
2.250       12.817698      0.45708855       48.764156
2.250       13.069025      0.44184738       49.965721
2.250       13.320353      0.42648547       51.064806
2.250       13.571680      0.41495577       52.550025
2.250       13.823008      0.39862313       53.338452
2.250       14.074335      0.39189615       55.350930
2.250       14.325663      0.37452044       55.781466
2.250       14.576990      0.36585560       57.409469
2.250       14.828317      0.35749222       59.048990
2.250       15.079645      0.34807547       60.466803
2.250       15.330972      0.33591674       61.321249
2.250       15.582300      0.32480017       62.255992
2.250       15.833627      0.32199099       64.752301
2.250       16.084954      0.30822599       64.982889
2.250       16.587609      0.28995819       67.043552
2.250       17.090264      0.27945729       70.669500
2.250       17.592919      0.26344242       72.672427
2.250       18.095574      0.25160637       75.528170
2.250       18.598229      0.24498464       79.840610
2.250       19.100883      0.22918821       80.913853
2.250       19.603538      0.22217453       84.794545
2.250       20.106193      0.20313595       83.646270
2.250       20.608848      0.20034195       88.838923
2.250       21.111503      0.19237218       91.700131
2.250       21.614157      0.18415322       94.202950
2.250       22.116812      0.17850178       97.831879
2.250       22.619467      0.17343557       101.68468
2.250       23.122122      0.16720357       104.71258
2.250       23.624777      0.16015838       106.98504
2.250       24.127432      0.15558546       110.70635
2.250       24.630086      0.15045585       113.88779
2.250       25.132741      0.14408812       115.88254
2.250       25.635396      0.13926181       118.85635
2.250       26.138051      0.13238151       119.76149
2.250       26.640706      0.12671819       121.37980
2.250       27.143361      0.12742787       129.09979
2.250       27.646015      0.12147875       130.03738
2.250       28.148670      0.11661565       131.76521
2.250       28.651325      0.11382458       135.62522
2.250       29.153980      0.11198882       140.58484
2.250       29.656635      0.10754265       142.10737
2.250       30.159289      0.10617300       147.55287
2.250       30.661944      0.10419519       152.16578
2.250       31.164599     0.099554242       152.65628
2.250       31.667254     0.096436961       155.14757
2.250       32.169909     0.094408709       159.23253
2.250       33.175218     0.083392246       154.25431
2.250       34.180528     0.084692468       171.33708
2.250       35.185838     0.080995382       178.74512
2.250       36.191147     0.076129351       182.82241
2.250       37.196457     0.074009943       192.95901
2.250       38.201767     0.068952832       194.74787
2.250       39.207076     0.065237971       199.18842
2.250       40.212386     0.062378560       205.48737
2.250       41.217696     0.059968861       212.73903
2.250       42.223005     0.057303217       218.52276
2.250       43.228315     0.054477321       222.94150
2.250       44.233625     0.052414531       229.81562
2.250       45.238934     0.051873936       243.30809
2.250       46.244244     0.048204569       241.50799
2.250       47.249554     0.046634099       249.21087
2.250       48.254863     0.046862726       266.76023
2.250       49.260173     0.044050741       266.75420
2.250       50.265482     0.042730830       274.92938
2.250       51.270792     0.041365345       282.43401
2.250       52.276102     0.039635973       286.85959
2.250       53.281411     0.038404367       294.29171
2.250       54.286721     0.035488693       287.63458
2.250       55.292031     0.035342096       302.65662
2.250       56.297340     0.033966206       307.03009
2.250       57.302650     0.034040447       324.48127
2.250       58.307960     0.031885080       320.21473
2.250       59.313269     0.031114803       328.92199
2.250       60.318579     0.029552416       328.56142
2.250       61.323889     0.029053744       339.43875
2.250       62.329198     0.028672663       351.73284
2.250       63.334508     0.027919652       359.33661
2.250       64.339818     0.026962448       363.80533
2.250       66.350437     0.025530293       377.79606
2.250       68.361056     0.025179547       407.51581
2.250       70.371675     0.022831570       403.08785
2.250       72.382295     0.022503706       432.33594
2.250       74.392914     0.020018422       417.53684
2.250       76.403533     0.019431859       439.06108
2.250       78.414153     0.019120398       467.03621
2.250       80.424772     0.016825405       443.40982
2.250       82.435391     0.017155703       486.87771
2.250       84.446011     0.016668173       508.50553
2.250       86.456630     0.014446318       472.95775
2.250       88.467249     0.014296284       501.46542
2.250       90.477868     0.014538038       545.51052
2.250       92.488488     0.013818066       553.83521
2.250       94.499107     0.012565139       537.18104
2.250       96.509726     0.012849038       585.13235
2.250       98.520346     0.011612004       562.54232
2.250       100.53096     0.010768779       554.28902
2.250       102.54158     0.010796814       589.74728
2.250       104.55220     0.010937673       633.27850
2.250       106.56282    0.0097692369       598.89136
2.250       108.57344    0.0094166086       610.57019
2.250       110.58406    0.0095173882       652.02711
2.250       112.59468    0.0095141132       688.00595
2.250       114.60530    0.0086521630       659.79505
2.250       116.61592    0.0079551238       639.13223
2.250       118.62654    0.0083820448       708.86872
2.250       120.63716    0.0078907640       701.83109
2.250       122.64778    0.0073619219       688.08249
2.250       124.65840    0.0075689779       742.80036
2.250       126.66902    0.0075891728       781.40446
2.250       128.67964    0.0067306059       726.53056
2.250       132.70087    0.0065671577       777.44388
2.250       136.72211    0.0068134025       882.16655
2.250       140.74335    0.0056135932       792.85698
2.250       144.76459    0.0040847065       627.79542
2.250       148.78583    0.0042856752       715.11223
2.250       152.80707    0.0044099564       797.14050
2.250       156.82831    0.0046952202       917.48627
2.250       160.84954    0.0045206403       953.08079
2.250       164.87078    0.0044055868       1000.2421
2.250       168.89202    0.0036481273       890.36410
2.250       172.91326    0.0046328279       1213.3925
2.250       176.93450    0.0034583544       970.45927
2.250       180.95574    0.0025193271       756.26132
2.250       184.97698    0.0032308626       1035.9571
2.250       188.99821    0.0023438773       801.63790
2.250       193.01945    0.0025681520       935.60863
2.250       197.04069    0.0026238669       1016.9037
2.250       201.06193    0.0020884757       859.98172
2.250       205.08317    0.0028800712       1258.5299
2.250       209.10441    0.0019600368       907.87078
2.250       213.12565    0.0018140663       889.67329
2.250       217.14688    0.0017998478       933.61292
2.250       221.16812    0.0026347008       1444.0065
2.250       225.18936    0.0018874216       1091.8998
2.250       229.21060    0.0021551862       1314.7984
2.250       233.23184    0.0013294375       854.47957
2.250       237.25308    0.0016122151       1090.7590
2.250       241.27432    0.0016069210       1143.3997
2.250       245.29555    0.0012001620       897.38573
2.250       249.31679    0.0010022730       786.88434
2.250       253.33803    0.0017315748       1426.3059
2.250       257.35927    0.0014521312       1253.9943
2.250       265.40175    0.0021075702       1996.0143
2.250       273.44422   0.00095904383       993.37901
2.250       281.48670    0.0019137755       2162.3944
2.250       289.52918    0.0014014578       1723.1667
2.250       297.57166    0.0014755307       1969.6688
2.250       305.61413    0.0011478851       1659.9270
2.250       313.65661   0.00082423588       1288.5020
2.250       321.69909   0.00061014163       1029.0830
2.250       329.74156    0.0018083247       3284.4887
2.250       337.78404   0.00078439057       1531.5106
2.250       345.82652   0.00067159130       1407.1818
2.250       353.86900    0.0011470972       2575.1234
2.250       361.91147    0.0015595472       3745.2071
2.250       369.95395    0.0011353645       2912.3837
2.250       377.99643    0.0013396391       3665.3982
2.250       386.03891   0.00099033659       2886.3322
2.250       394.08138    0.0010442366       3237.6277
2.250       402.12386   0.00065303048       2151.2121
2.250       410.16634   0.00058978218       2061.7782
2.250       418.20881    0.0010636349       3941.3262
2.250       426.25129    0.0010816221       4243.6828
2.250       434.29377    0.0010094820       4189.0895
2.250       442.33625   0.00097878584       4291.5633
2.250       450.37872    0.0010241512       4739.8862
2.250       458.42120    0.0010115695       4936.9652
2.250       466.46368    0.0011383756       5853.4151
2.250       474.50615   0.00084634463       4580.8181
2.250       482.54863    0.0013658090       7774.6971
2.250       490.59111    0.0014561339       8710.2493
2.250       498.63359   0.00071535181       4492.9804
2.250       506.67606   0.00047287725       3116.0889
2.250       514.71854   0.00098959966       6836.5852
2.000     0.015707963       1630.4977   0.00032014748
2.000     0.031415927       4187.0873    0.0065770613
2.000     0.047123890       2220.6611     0.011772696
2.000     0.062831853       1783.6968     0.022414595
2.000     0.078539816       1352.7219     0.033200791
2.000     0.094247780       1106.9123     0.046945811
2.000      0.10995574       902.55924     0.060785463
2.000      0.12566371       771.61704     0.077571406
2.000      0.14137167       569.44331     0.081509440
2.000      0.15707963       516.89082      0.10149127
2.000      0.17278760       448.68707      0.11726044
2.000      0.18849556       396.11953      0.13440019
2.000      0.20420352       352.25796      0.15195702
2.000      0.21991149       321.12769      0.17301819
2.000      0.23561945       279.23041      0.18504033
2.000      0.25132741       256.72516      0.20647062
2.000      0.26703538       222.83048      0.21495683
2.000      0.28274334       205.04411      0.23479817
2.000      0.29845130       182.81827      0.24621261
2.000      0.31415927       165.93343      0.26064762
2.000      0.32986723       152.67603      0.27762504
2.000      0.34557519       137.84796      0.28820286
2.000      0.36128316       131.83063      0.31494138
2.000      0.37699112       120.26037      0.32642706
2.000      0.39269908       111.94066      0.34342965
2.000      0.40840704       106.95783      0.36911569
2.000      0.42411501       98.926838      0.38232730
2.000      0.43982297       93.119999      0.40137189
2.000      0.45553093       88.047959      0.42164133
2.000      0.47123890       83.482694      0.44257829
2.000      0.48694686       76.833670      0.44943465
2.000      0.50265482       73.960635      0.47586138
2.000      0.51836279       69.944429      0.49354282
2.000      0.53407075       66.945302      0.51663847
2.000      0.54977871       64.248370      0.54087404
2.000      0.56548668       61.477695      0.56319004
2.000      0.58119464       58.633830      0.58315409
2.000      0.59690260       55.201798      0.59474925
2.000      0.61261057       53.133854      0.61886373
2.000      0.62831853       51.084317      0.64194446
2.000      0.64402649       48.803349      0.66043653
2.000      0.65973446       46.260820      0.67296285
2.000      0.67544242       45.515905      0.71055621
2.000      0.69115038       43.632371      0.72978803
2.000      0.70685835       42.536038      0.76106976
2.000      0.72256631       40.231979      0.76890871
2.000      0.73827427       39.466734      0.80455299
2.000      0.75398224       37.969033      0.82448571
2.000      0.76969020       37.200364      0.85934058
2.000      0.78539816       35.706604      0.87637191
2.000      0.80110613       34.543765      0.89972564
2.000      0.81681409       33.586162      0.92725737
2.000      0.83252205       32.471285      0.94919835
2.000      0.84823002       31.332256      0.96873020
2.000      0.86393798       30.819076       1.0067869
2.000      0.87964594       29.712211       1.0245400
2.000      0.89535391       28.892757       1.0506146
2.000      0.91106187       28.494261       1.0916194
2.000      0.92676983       27.485124       1.1083671
2.000      0.94247780       26.695290       1.1321873
2.000      0.95818576       25.910545       1.1547712
2.000      0.97389372       25.605713       1.1982345
2.000      0.98960169       24.809398       1.2180574
2.000       1.0053096       24.371825       1.2544630
2.000       1.0367256       23.636726       1.3342862
2.000       1.0681415       22.039221       1.3606702
2.000       1.0995574       21.308703       1.4350962
2.000       1.1309734       20.041045       1.4687495
2.000       1.1623893       19.418629       1.5450538
2.000       1.1938052       18.784630       1.6190987
2.000       1.2252211       18.014836       1.6785876
2.000       1.2566371       17.647658       1.7741361
2.000       1.2880530       16.773318       1.8158938
2.000       1.3194689       16.330401       1.9004856
2.000       1.3508848       15.856218       1.9802720
2.000       1.3823008       15.291581       2.0461162
2.000       1.4137167       15.065154       2.1564083
2.000       1.4451326       14.254144       2.1793877
2.000       1.4765485       14.036675       2.2891682
2.000       1.5079645       13.513052       2.3474538
2.000       1.5393804       13.103711       2.4216000
2.000       1.5707963       12.821049       2.5174070
2.000       1.6022123       12.582402       2.6217663
2.000       1.6336282       12.199608       2.6944850
2.000       1.6650441       11.739711       2.7453952
2.000       1.6964600       11.472045       2.8375402
2.000       1.7278760       11.306015       2.9547280
2.000       1.7592919       10.854570       2.9943086
2.000       1.7907078       10.794657       3.1401711
2.000       1.8221237       10.526366       3.2261333
2.000       1.8535397       10.387875       3.3512176
2.000       1.8849556       10.020135       3.3997519
2.000       1.9163715       9.8377076       3.5075453
2.000       1.9477874       9.5727881       3.5837144
2.000       1.9792034       9.4127301       3.6970654
2.000       2.0106193       9.2502571       3.8090231
2.000       2.0734512       8.7762213       3.9633210
2.000       2.1362830       8.4745476       4.1856522
2.000       2.1991149       8.2788808       4.4605214
2.000       2.2619467       7.9622765       4.6682556
2.000       2.3247786       7.5888204       4.8304691
2.000       2.3876104       7.2517658       5.0003963
2.000       2.4504423       6.9073403       5.1489010
2.000       2.5132741       6.7793623       5.4522867
2.000       2.5761060       6.7318662       5.8303806
2.000       2.6389378       6.3644842       5.9254447
2.000       2.7017697       6.1740163       6.1685488
2.000       2.7646015       6.0610617       6.4880861
2.000       2.8274334       5.8941160       6.7494143
2.000       2.8902652       5.7741344       7.0626917
2.000       2.9530971       5.5792619       7.2791419
2.000       3.0159289       5.4052528       7.5118963
2.000       3.0787608       5.2806402       7.8070090
2.000       3.1415927       5.1323340       8.0618513
2.000       3.2044245       5.0170719       8.3631660
2.000       3.2672564       4.9202312       8.6937151
2.000       3.3300882       4.7697642       8.9234827
2.000       3.3929201       4.5869746       9.0764805
2.000       3.4557519       4.5200411       9.4501852
2.000       3.5185838       4.3610590       9.6242280
2.000       3.5814156       4.2823851       9.9659832
2.000       3.6442475       4.1900805       10.273448
2.000       3.7070793       4.1078530       10.601829
2.000       3.7699112       4.0371905       10.958292
2.000       3.8327430       3.9192720       11.179047
2.000       3.8955749       3.8152816       11.426455
2.000       3.9584067       3.7863665       11.897458
2.000       4.0212386       3.6529339       12.033490
2.000       4.1469023       3.5294165       12.751010
2.000       4.2725660       3.3252517       13.138964
2.000       4.3982297       3.2598329       14.050744
2.000       4.5238934       3.0970551       14.526343
2.000       4.6495571       2.9941196       15.246641
2.000       4.7752208       2.8393196       15.662639
2.000       4.9008845       2.7690732       16.513081
2.000       5.0265482       2.6477055       17.035289
2.000       5.1522120       2.5153101       17.427816
2.000       5.2778757       2.4443855       18.206121
2.000       5.4035394       2.3772580       19.001222
2.000       5.5292031       2.2683312       19.425148
2.000       5.6548668       2.2000586       20.154482
2.000       5.7805305       2.1101770       20.648677
2.000       5.9061942       2.0470570       21.366007
2.000       6.0318579       1.9960181       22.191571
2.000       6.1575216       1.9094604       22.583890
2.000       6.2831853       1.8621845       23.400900
2.000       6.4088490       1.8369841       24.497162
2.000       6.5345127       1.7149956       24.242247
2.000       6.6601764       1.7032749       25.492487
2.000       6.7858401       1.6611536       26.296074
2.000       6.9115038       1.5835842       26.486774
2.000       7.0371675       1.5668610       27.662690
2.000       7.1628313       1.5140320       28.187690
2.000       7.2884950       1.4555122       28.549576
2.000       7.4141587       1.4247538       29.416819
2.000       7.5398224       1.3839255       30.051512
2.000       7.6654861       1.3438074       30.663829
2.000       7.7911498       1.3047335       31.260559
2.000       7.9168135       1.2642467       31.779959
2.000       8.0424772       1.2417839       32.725462
2.000       8.2938046       1.1859827       34.277570
2.000       8.5451320       1.1042000       34.903930
2.000       8.7964594       1.0638707       36.684517
2.000       9.0477868       1.0273010       38.547395
2.000       9.2991143      0.97412198       39.683352
2.000       9.5504417      0.94134080       41.542010
2.000       9.8017691      0.88495804       42.218844
2.000       10.053096      0.85115998       43.810782
2.000       10.304424      0.81603920       45.232691
2.000       10.555751      0.78048887       46.505511
2.000       10.807079      0.75436979       48.236912
2.000       11.058406      0.72560916       49.710785
2.000       11.309734      0.69662695       51.053751
2.000       11.561061      0.66587620       52.126291
2.000       11.812388      0.65210373       54.450277
2.000       12.063716      0.62312679       55.422993
2.000       12.315043      0.59880951       56.658721
2.000       12.566371      0.58121527       58.430132
2.000       12.817698      0.56162656       59.916717
2.000       13.069025      0.54605367       61.749750
2.000       13.320353      0.52433216       62.780380
2.000       13.571680      0.50519838       63.978355
2.000       13.823008      0.49291185       65.954915
2.000       14.074335      0.47313015       66.824319
2.000       14.325663      0.45737334       68.121665
2.000       14.576990      0.44344973       69.585414
2.000       14.828317      0.43358572       71.617778
2.000       15.079645      0.42155923       73.232219
2.000       15.330972      0.41072206       74.976881
2.000       15.582300      0.40023937       76.715781
2.000       15.833627      0.38907168       78.242209
2.000       16.084954      0.37303104       78.645655
2.000       16.587609      0.36503076       84.401683
2.000       17.090264      0.34510219       87.269862
2.000       17.592919      0.33036955       91.134742
2.000       18.095574      0.29876699       89.685026
2.000       18.598229      0.29652089       96.636299
2.000       19.100883      0.27125158       95.764137
2.000       19.603538      0.26323559       100.46580
2.000       20.106193      0.25411956       104.64004
2.000       20.608848      0.24631382       109.22453
2.000       21.111503      0.23359682       111.35113
2.000       21.614157      0.22364389       114.40427
2.000       22.116812      0.21928885       120.18614
2.000       22.619467      0.20851235       122.25008
2.000       23.122122      0.19982660       125.14301
2.000       23.624777      0.19464583       130.02250
2.000       24.127432      0.18518324       131.76656
2.000       24.630086      0.18044229       136.58607
2.000       25.132741      0.17495241       140.70507
2.000       25.635396      0.16535265       141.12421
2.000       26.138051      0.16224311       146.77636
2.000       26.640706      0.15890308       152.20880
2.000       27.143361      0.15058397       152.55971
2.000       27.646015      0.14823415       158.67780
2.000       28.148670      0.14490401       163.72851
2.000       28.651325      0.13844082       164.95617
2.000       29.153980      0.13602241       170.75533
2.000       29.656635      0.13058613       172.55714
2.000       30.159289      0.12515142       173.92794
2.000       30.661944      0.12272649       179.22874
2.000       31.164599      0.11984877       183.77587
2.000       31.667254      0.11483379       184.74435
2.000       32.169909      0.11422916       192.66230
2.000       33.175218      0.10770631       199.22911
2.000       34.180528      0.10169492       205.73387
2.000       35.185838     0.097707565       215.62650
2.000       36.191147     0.091161004       218.92049
2.000       37.196457     0.088362864       230.38000
2.000       38.201767     0.084342301       238.21332
2.000       39.207076     0.078837376       240.71092
2.000       40.212386     0.077132813       254.09081
2.000       41.217696     0.072599516       257.54618
2.000       42.223005     0.069700004       265.79725
2.000       43.228315     0.069039129       282.53385
2.000       44.233625     0.065100427       285.43793
2.000       45.238934     0.063167906       296.28102
2.000       46.244244     0.059352277       297.35873
2.000       47.249554     0.057440263       306.95860
2.000       48.254863     0.054313914       309.17518
2.000       49.260173     0.054429464       329.60372
2.000       50.265482     0.050551607       325.24812
2.000       51.270792     0.050391419       344.06217
2.000       52.276102     0.048072279       347.91612
2.000       53.281411     0.046379483       355.40483
2.000       54.286721     0.044370190       359.61880
2.000       55.292031     0.042634430       365.10547
2.000       56.297340     0.042084800       380.41634
2.000       57.302650     0.041200472       392.73226
2.000       58.307960     0.039404813       395.73373
2.000       59.313269     0.037984013       401.53804
2.000       60.318579     0.036415885       404.86892
2.000       61.323889     0.036297448       424.06791
2.000       62.329198     0.034575659       424.14597
2.000       63.334508     0.033467548       430.74015
2.000       64.339818     0.032978891       444.98541
2.000       66.350437     0.030646556       453.50627
2.000       68.361056     0.029416604       476.09002
2.000       70.371675     0.028137434       496.76207
2.000       72.382295     0.026140050       502.19655
2.000       74.392914     0.025110141       523.73804
2.000       76.403533     0.022958913       518.75454
2.000       78.414153     0.022678076       553.93629
2.000       80.424772     0.021696857       571.79006
2.000       82.435391     0.020488697       581.46785
2.000       84.446011     0.019878870       606.45608
2.000       86.456630     0.018104977       592.73850
2.000       88.467249     0.017421399       611.08391
2.000       90.477868     0.017384804       652.32969
2.000       92.488488     0.016116470       645.95643
2.000       94.499107     0.015619652       667.76666
2.000       96.509726     0.015021767       684.07628
2.000       98.520346     0.013928241       674.75219
2.000       100.53096     0.014054941       723.43385
2.000       102.54158     0.013107159       715.94373
2.000       104.55220     0.012512300       724.44761
2.000       106.56282     0.012707414       779.01280
2.000       108.57344     0.011916748       772.67851
2.000       110.58406     0.011342538       777.06635
2.000       112.59468     0.011404224       824.68792
2.000       114.60530     0.010255293       782.04622
2.000       116.61592    0.0099847425       802.19629
2.000       118.62654    0.0092461256       781.94395
2.000       120.63716    0.0095211172       846.84019
2.000       122.64778    0.0091301901       853.35380
2.000       124.65840    0.0087824328       861.88575
2.000       126.66902    0.0081603680       840.21647
2.000       128.67964    0.0083344129       899.65238
2.000       132.70087    0.0072667218       860.26081
2.000       136.72211    0.0069163600       895.49699
2.000       140.74335    0.0065028858       918.45957
2.000       144.76459    0.0064192187       986.59626
2.000       148.78583    0.0054481426       909.08276
2.000       152.80707    0.0058510119       1057.6246
2.000       156.82831    0.0058393723       1141.0634
2.000       160.84954    0.0041520566       875.37275
2.000       164.87078    0.0045681080       1037.1408
2.000       168.89202    0.0054010626       1318.1865
2.000       172.91326    0.0036456997       954.85196
2.000       176.93450    0.0037640859       1056.2515
2.000       180.95574    0.0045322798       1360.5172
2.000       184.97698    0.0034105020       1093.5574
2.000       188.99821    0.0032008955       1094.7497
2.000       193.01945    0.0033135189       1207.1548
2.000       197.04069    0.0022251371       862.37229
2.000       201.06193    0.0030191315       1243.2024
2.000       205.08317    0.0025913530       1132.3662
2.000       209.10441    0.0026318407       1219.0441
2.000       213.12565    0.0021216086       1040.5014
2.000       217.14688    0.0025189737       1306.6363
2.000       221.16812    0.0021483204       1177.4349
2.000       225.18936    0.0023847045       1379.5849
2.000       229.21060    0.0010602095       646.79412
2.000       233.23184    0.0018152431       1166.7251
2.000       237.25308    0.0022242937       1504.8664
2.000       241.27432    0.0020668543       1470.6638
2.000       245.29555    0.0020226194       1512.3540
2.000       249.31679    0.0016350784       1283.6997
2.000       253.33803    0.0015486705       1275.6469
2.000       257.35927    0.0017209420       1486.1271
2.000       265.40175    0.0010806181       1023.4199
2.000       273.44422    0.0013268499       1374.3531
2.000       281.48670    0.0018037024       2038.0216
2.000       289.52918    0.0011710156       1439.8258
2.000       297.57166   0.00094093407       1256.0419
2.000       305.61413   0.00062965932       910.53406
2.000       313.65661    0.0013448392       2102.3448
2.000       321.69909   0.00033191498       559.81766
2.000       329.74156   0.00061095079       1109.6795
2.000       337.78404    0.0017212926       3360.7975
2.000       345.82652   0.00086072632       1803.4754
2.000       353.86900   0.00095367979       2140.9197
2.000       361.91147   0.00064966189       1560.1441
2.000       369.95395  -6.9935599e-05      -179.39551
2.000       377.99643   0.00062021823       1696.9845
2.000       386.03891   0.00064995178       1894.2820
2.000       394.08138    0.0016421176       5091.3419
2.000       402.12386    0.0010906132       3592.6965
2.000       410.16634   0.00077915235       2723.7841
2.000       418.20881    0.0015543571       5759.7097
2.000       426.25129    0.0012713796       4988.1858
2.000       434.29377    0.0014558103       6041.2363
2.000       442.33625   0.00064643738       2834.3554
2.000       450.37872   0.00088143718       4079.3899
2.000       458.42120    0.0013088472       6387.8293
2.000       466.46368   0.00060594597       3115.7145
2.000       474.50615    0.0010839910       5867.0731
2.000       482.54863   0.00057079984       3249.2069
2.000       490.59111   0.00044885851       2684.9657
2.000       498.63359   0.00071959994       4519.6620
2.000       506.67606   0.00081445137       5366.9380
2.000       514.71854   0.00095914768       6626.2097
1.750     0.015707963       1923.5551   0.00037768915
1.750     0.031415927       4942.9940    0.0077644368
1.750     0.047123890       2617.7656     0.013877921
1.750     0.062831853       2107.5298     0.026484001
1.750     0.078539816       1598.3930     0.039230466
1.750     0.094247780       1307.7448     0.055463419
1.750      0.10995574       1065.2886     0.071744939
1.750      0.12566371       908.58787     0.091341215
1.750      0.14137167       674.73852     0.096581272
1.750      0.15707963       613.32047      0.12042519
1.750      0.17278760       533.07483      0.13931444
1.750      0.18849556       469.57905      0.15932442
1.750      0.20420352       418.45367      0.18051252
1.750      0.21991149       382.15439      0.20589834
1.750      0.23561945       332.55542      0.22037773
1.750      0.25132741       306.71495      0.24667480
1.750      0.26703538       266.57667      0.25715727
1.750      0.28274334       246.57135      0.28235145
1.750      0.29845130       219.73680      0.29593306
1.750      0.31415927       200.21530      0.31449746
1.750      0.32986723       184.42233      0.33535229
1.750      0.34557519       166.24836      0.34758041
1.750      0.36128316       159.69749      0.38151489
1.750      0.37699112       146.30847      0.39713036
1.750      0.39269908       135.85630      0.41680189
1.750      0.40840704       130.12344      0.44906114
1.750      0.42411501       120.37146      0.46520534
1.750      0.43982297       113.21125      0.48797052
1.750      0.45553093       107.65114      0.51551645
1.750      0.47123890       102.31559      0.54241969
1.750      0.48694686       94.249920      0.55131011
1.750      0.50265482       90.814892      0.58430136
1.750      0.51836279       86.135765      0.60779235
1.750      0.53407075       82.491975      0.63661716
1.750      0.54977871       79.419133      0.66858891
1.750      0.56548668       75.830875      0.69467786
1.750      0.58119464       72.944708      0.72548570
1.750      0.59690260       68.406439      0.73701727
1.750      0.61261057       66.120435      0.77012179
1.750      0.62831853       63.702582      0.80051026
1.750      0.64402649       60.893357      0.82404585
1.750      0.65973446       57.890922      0.84214762
1.750      0.67544242       56.954079      0.88911940
1.750      0.69115038       54.701111      0.91492199
1.750      0.70685835       53.136188      0.95073137
1.750      0.72256631       50.677790      0.96854779
1.750      0.73827427       49.605972       1.0112474
1.750      0.75398224       47.823627       1.0384752
1.750      0.76969020       46.877204       1.0828787
1.750      0.78539816       45.095165       1.1068019
1.750      0.80110613       43.727653       1.1389288
1.750      0.81681409       42.546604       1.1746401
1.750      0.83252205       41.125134       1.2021671
1.750      0.84823002       39.737717       1.2286101
1.750      0.86393798       39.126841       1.2781822
1.750      0.87964594       37.768738       1.3023462
1.750      0.89535391       36.839302       1.3395713
1.750      0.91106187       36.342962       1.3923044
1.750      0.92676983       35.097381       1.4153395
1.750      0.94247780       34.210486       1.4509180
1.750      0.95818576       33.215689       1.4803440
1.750      0.97389372       32.800157       1.5349028
1.750      0.98960169       31.774053       1.5599984
1.750       1.0053096       31.345987       1.6134361
1.750       1.0367256       30.442526       1.7184717
1.750       1.0681415       28.644667       1.7684810
1.750       1.0995574       27.564773       1.8564293
1.750       1.1309734       26.076683       1.9110838
1.750       1.1623893       25.298424       2.0128830
1.750       1.1938052       24.562977       2.1171502
1.750       1.2252211       23.413281       2.1816043
1.750       1.2566371       23.090026       2.3212626
1.750       1.2880530       21.990355       2.3806946
1.750       1.3194689       21.493630       2.5013676
1.750       1.3508848       20.703251       2.5856146
1.750       1.3823008       20.139046       2.6947396
1.750       1.4137167       19.712203       2.8215814
1.750       1.4451326       18.821217       2.8776706
1.750       1.4765485       18.697093       3.0492115
1.750       1.5079645       17.891928       3.1081411
1.750       1.5393804       17.474181       3.2292743
1.750       1.5707963       16.970250       3.3321007
1.750       1.6022123       16.767339       3.4937720
1.750       1.6336282       16.247465       3.5885213
1.750       1.6650441       15.565756       3.6401368
1.750       1.6964600       15.281426       3.7797671
1.750       1.7278760       15.058595       3.9354320
1.750       1.7592919       14.496737       3.9990260
1.750       1.7907078       14.379779       4.1830848
1.750       1.8221237       14.048859       4.3057115
1.750       1.8535397       13.925249       4.4924048
1.750       1.8849556       13.461429       4.5673551
1.750       1.9163715       13.089769       4.6670384
1.750       1.9477874       12.841716       4.8074856
1.750       1.9792034       12.735772       5.0022661
1.750       2.0106193       12.367676       5.0926977
1.750       2.0734512       11.915215       5.3808831
1.750       2.1362830       11.411605       5.6362902
1.750       2.1991149       11.207361       6.0383369
1.750       2.2619467       10.789762       6.3260004
1.750       2.3247786       10.243446       6.5202028
1.750       2.3876104       9.7969132       6.7553820
1.750       2.4504423       9.5055281       7.0856539
1.750       2.5132741       9.1537015       7.3618435
1.750       2.5761060       9.0821122       7.8658978
1.750       2.6389378       8.6155930       8.0212658
1.750       2.7017697       8.3999913       8.3925525
1.750       2.7646015       8.2820240       8.8655234
1.750       2.8274334       7.9598861       9.1149493
1.750       2.8902652       7.8018461       9.5429081
1.750       2.9530971       7.5272640       9.8206580
1.750       3.0159289       7.3582816       10.226099
1.750       3.0787608       7.1605709       10.586338
1.750       3.1415927       6.8802390       10.807454
1.750       3.2044245       6.7453151       11.244046
1.750       3.2672564       6.6120345       11.683017
1.750       3.3300882       6.3663527       11.910450
1.750       3.3929201       6.1769752       12.222696
1.750       3.4557519       6.0666683       12.683765
1.750       3.5185838       5.8344978       12.875895
1.750       3.5814156       5.7309648       13.337123
1.750       3.6442475       5.6447896       13.840176
1.750       3.7070793       5.4502532       14.066387
1.750       3.7699112       5.3535571       14.531353
1.750       3.8327430       5.2203182       14.890056
1.750       3.8955749       5.0748344       15.198713
1.750       3.9584067       5.0387484       15.832671
1.750       4.0212386       4.9089891       16.171185
1.750       4.1469023       4.6098189       16.654268
1.750       4.2725660       4.3974560       17.375532
1.750       4.3982297       4.3828377       18.891193
1.750       4.5238934       4.0531661       19.010860
1.750       4.6495571       3.9138491       19.930083
1.750       4.7752208       3.7592978       20.737546
1.750       4.9008845       3.6165234       21.566762
1.750       5.0265482       3.4917654       22.465955
1.750       5.1522120       3.3644890       23.311517
1.750       5.2778757       3.2085084       23.897414
1.750       5.4035394       3.1234922       24.965809
1.750       5.5292031       2.9697463       25.431807
1.750       5.6548668       2.8542805       26.147733
1.750       5.7805305       2.7754504       27.158565
1.750       5.9061942       2.6961212       28.140566
1.750       6.0318579       2.5955766       28.857415
1.750       6.1575216       2.4691563       29.203619
1.750       6.2831853       2.3971753       30.123794
1.750       6.4088490       2.3453579       31.276597
1.750       6.5345127       2.2700801       32.088621
1.750       6.6601764       2.1554611       32.260243
1.750       6.7858401       2.1217412       33.587181
1.750       6.9115038       2.0348363       34.034345
1.750       7.0371675       2.0032683       35.367392
1.750       7.1628313       1.8989039       35.353092
1.750       7.2884950       1.8506340       36.299811
1.750       7.4141587       1.8284498       37.751911
1.750       7.5398224       1.7527907       38.061305
1.750       7.6654861       1.7143540       39.119191
1.750       7.7911498       1.6427197       39.358486
1.750       7.9168135       1.6236662       40.814855
1.750       8.0424772       1.5829910       41.717494
1.750       8.2938046       1.4689436       42.455776
1.750       8.5451320       1.4132216       44.672149
1.750       8.7964594       1.3292703       45.836058
1.750       9.0477868       1.2709359       47.689305
1.750       9.2991143       1.1996964       48.872703
1.750       9.5504417       1.1452915       50.542492
1.750       9.8017691       1.1424863       54.504789
1.750       10.053096       1.0640876       54.770562
1.750       10.304424       1.0272162       56.938141
1.750       10.555751      0.97256144       57.950175
1.750       10.807079      0.92042743       58.855189
1.750       11.058406      0.92322720       63.249407
1.750       11.309734      0.86944721       63.719242
1.750       11.561061      0.82464919       64.555399
1.750       11.812388      0.81857799       68.350780
1.750       12.063716      0.77272067       68.728376
1.750       12.315043      0.74944056       70.911272
1.750       12.566371      0.72870217       73.257132
1.750       12.817698      0.69926252       74.600307
1.750       13.069025      0.65807880       74.417961
1.750       13.320353      0.64648523       77.406254
1.750       13.571680      0.62203276       78.774268
1.750       13.823008      0.59679658       79.855389
1.750       14.074335      0.58532213       82.670176
1.750       14.325663      0.57110744       85.061341
1.750       14.576990      0.55261058       86.714758
1.750       14.828317      0.53402512       88.207916
1.750       15.079645      0.51751544       89.901492
1.750       15.330972      0.51063085       93.215125
1.750       15.582300      0.49015908       93.951119
1.750       15.833627      0.47352143       95.225031
1.750       16.084954      0.46487072       98.008097
1.750       16.587609      0.43736173       101.12590
1.750       17.090264      0.40897389       103.42182
1.750       17.592919      0.39294013       108.39527
1.750       18.095574      0.37966249       113.96855
1.750       18.598229      0.36096437       117.63846
1.750       19.100883      0.33771898       119.23015
1.750       19.603538      0.32558382       124.26146
1.750       20.106193      0.31469404       129.58309
1.750       20.608848      0.29360158       130.19364
1.750       21.111503      0.28517938       135.93955
1.750       21.614157      0.27368813       140.00423
1.750       22.116812      0.26804402       146.90750
1.750       22.619467      0.25647500       150.37042
1.750       23.122122      0.24357691       152.54200
1.750       23.624777      0.23388469       156.23387
1.750       24.127432      0.22741131       161.81381
1.750       24.630086      0.22160164       167.74170
1.750       25.132741      0.21461328       172.60224
1.750       25.635396      0.20385546       173.98535
1.750       26.138051      0.19564218       176.99148
1.750       26.640706      0.19218281       184.08651
1.750       27.143361      0.18612841       188.57051
1.750       27.646015      0.17677235       189.22662
1.750       28.148670      0.17494774       197.67523
1.750       28.651325      0.16476545       196.32272
1.750       29.153980      0.16170740       202.99891
1.750       29.656635      0.15781960       208.54357
1.750       30.159289      0.15472821       215.03199
1.750       30.661944      0.15022269       219.38395
1.750       31.164599      0.14565777       223.35133
1.750       31.667254      0.14140880       227.49817
1.750       32.169909      0.13753965       231.97846
1.750       33.175218      0.13760573       254.53538
1.750       34.180528      0.12362430       250.09810
1.750       35.185838      0.12056287       266.06486
1.750       36.191147      0.11062955       265.67363
1.750       37.196457      0.10932867       285.04213
1.750       38.201767      0.10273139       290.15078
1.750       39.207076     0.099172955       302.80071
1.750       40.212386     0.092834423       305.81503
1.750       41.217696     0.089181932       316.37216
1.750       42.223005     0.084934971       323.89499
1.750       43.228315     0.083645275       342.30764
1.750       44.233625     0.079434727       348.28779
1.750       45.238934     0.074868194       351.15973
1.750       46.244244     0.073196045       366.71690
1.750       47.249554     0.069652247       372.21898
1.750       48.254863     0.068559635       390.26717
1.750       49.260173     0.063834292       386.55571
1.750       50.265482     0.063346531       407.57043
1.750       51.270792     0.061361797       418.96564
1.750       52.276102     0.058110616       420.56713
1.750       53.281411     0.057047821       437.15604
1.750       54.286721     0.055761588       451.94567
1.750       55.292031     0.052652233       450.89423
1.750       56.297340     0.050790905       459.11327
1.750       57.302650     0.050532532       481.68757
1.750       58.307960     0.046871580       470.72080
1.750       59.313269     0.046411703       490.62916
1.750       60.318579     0.044928181       499.50794
1.750       61.323889     0.044350952       518.15807
1.750       62.329198     0.042650685       523.20380
1.750       63.334508     0.041082390       528.74608
1.750       64.339818     0.039707234       535.77121
1.750       66.350437     0.039118505       578.87377
1.750       68.361056     0.036612036       592.54376
1.750       70.371675     0.033552010       592.35557
1.750       72.382295     0.033377559       641.24188
1.750       74.392914     0.031242078       651.63572
1.750       76.403533     0.028035585       633.46148
1.750       78.414153     0.026891534       656.85453
1.750       80.424772     0.026810731       706.55900
1.750       82.435391     0.025580851       725.98284
1.750       84.446011     0.024727541       754.37727
1.750       86.456630     0.021914400       717.45512
1.750       88.467249     0.021590677       757.32814
1.750       90.477868     0.021455123       805.06019
1.750       92.488488     0.020910793       838.11537
1.750       94.499107     0.018610676       795.63799
1.750       96.509726     0.018751347       853.91764
1.750       98.520346     0.018343017       888.62556
1.750       100.53096     0.016391419       843.69675
1.750       102.54158     0.016384123       894.93919
1.750       104.55220     0.014656343       848.58520
1.750       106.56282     0.015274934       936.41153
1.750       108.57344     0.014573929       944.96935
1.750       110.58406     0.014046834       962.33506
1.750       112.59468     0.014175665       1025.1026
1.750       114.60530     0.013370867       1019.6331
1.750       116.61592     0.012584688       1011.0817
1.750       118.62654     0.012048447       1018.9360
1.750       120.63716     0.011801941       1049.7044
1.750       122.64778     0.011802878       1103.1568
1.750       124.65840     0.011040473       1083.4841
1.750       126.66902     0.011006683       1133.2818
1.750       128.67964    0.0098344168       1061.5693
1.750       132.70087    0.0089130359       1055.1574
1.750       136.72211    0.0094205536       1219.7279
1.750       140.74335    0.0089202488       1259.8849
1.750       144.76459    0.0075679990       1163.1570
1.750       148.78583    0.0070234155       1171.9344
1.750       152.80707    0.0065954146       1192.1823
1.750       156.82831    0.0075883793       1482.8343
1.750       160.84954    0.0058395018       1231.1346
1.750       164.87078    0.0057756030       1311.2898
1.750       168.89202    0.0047827931       1167.2913
1.750       172.91326    0.0054973310       1439.8161
1.750       176.93450    0.0051083968       1433.4827
1.750       180.95574    0.0045422145       1363.4994
1.750       184.97698    0.0038410513       1231.6105
1.750       188.99821    0.0041673970       1425.3064
1.750       193.01945    0.0044247070       1611.9740
1.750       197.04069    0.0037207798       1442.0224
1.750       201.06193    0.0031388725       1292.5087
1.750       205.08317    0.0030454259       1330.7864
1.750       209.10441    0.0034114452       1580.1496
1.750       213.12565    0.0031943014       1566.5826
1.750       217.14688    0.0025579702       1326.8644
1.750       221.16812    0.0030011242       1644.8331
1.750       225.18936    0.0031977291       1849.9310
1.750       229.21060    0.0028994843       1768.8667
1.750       233.23184    0.0027649529       1777.1394
1.750       237.25308    0.0017819784       1205.6140
1.750       241.27432    0.0018980271       1350.5353
1.750       245.29555    0.0024873734       1859.8601
1.750       249.31679    0.0020135915       1580.8702
1.750       253.33803    0.0016166878       1331.6730
1.750       257.35927    0.0024698468       2132.8471
1.750       265.40175    0.0016700744       1581.6756
1.750       273.44422    0.0025077591       2597.5406
1.750       281.48670    0.0016883776       1907.7150
1.750       289.52918    0.0016011095       1968.6491
1.750       297.57166    0.0020699658       2763.1732
1.750       305.61413   0.00060833808       879.70198
1.750       313.65661    0.0014425700       2255.1244
1.750       321.69909    0.0018176978       3065.7831
1.750       329.74156   0.00095744324       1739.0192
1.750       337.78404    0.0010809520       2110.5423
1.750       345.82652    0.0020061550       4203.4862
1.750       353.86900   0.00089233910       2003.2157
1.750       361.91147    0.0015269252       3666.8663
1.750       369.95395    0.0011491218       2947.6731
1.750       377.99643    0.0010881963       2977.4234
1.750       386.03891    0.0021884546       6378.2426
1.750       394.08138   0.00099950960       3098.9529
1.750       402.12386   0.00067758052       2232.0848
1.750       410.16634    0.0011251780       3933.4310
1.750       418.20881   0.00082069441       3041.1041
1.750       426.25129    0.0011545198       4529.6930
1.750       434.29377   0.00095822980       3976.4061
1.750       442.33625   0.00075706019       3319.3898
1.750       450.37872   0.00092818977       4295.7661
1.750       458.42120   0.00086043936       4199.3745
1.750       466.46368   2.5508479e-05       131.16209
1.750       474.50615    0.0010703317       5793.1423
1.750       482.54863    0.0011853316       6747.3522
1.750       490.59111   0.00044436392       2658.0801
1.750       498.63359   0.00091635266       5755.4262
1.750       506.67606   0.00057073089       3760.9088
1.750       514.71854   0.00079257164       5475.4299
1.500     0.015707963       2299.2278   0.00045145233
1.500     0.031415927       5912.7325    0.0092876985
1.500     0.047123890       3126.0042     0.016572316
1.500     0.062831853       2523.4577     0.031710704
1.500     0.078539816       1914.0826     0.046978655
1.500     0.094247780       1565.5884     0.066398954
1.500      0.10995574       1274.2062     0.085815100
1.500      0.12566371       1083.7314      0.10894856
1.500      0.14137167       810.77725      0.11605370
1.500      0.15707963       738.21532      0.14494824
1.500      0.17278760       642.73871      0.16797413
1.500      0.18849556       564.54834      0.19154674
1.500      0.20420352       504.53264      0.21764526
1.500      0.21991149       461.51909      0.24865870
1.500      0.23561945       402.13278      0.26648523
1.500      0.25132741       372.18467      0.29932867
1.500      0.26703538       323.98267      0.31253484
1.500      0.28274334       301.37392      0.34510645
1.500      0.29845130       268.69657      0.36187020
1.500      0.31415927       245.96329      0.38635824
1.500      0.32986723       226.94753      0.41267982
1.500      0.34557519       204.18706      0.42690000
1.500      0.36128316       197.07813      0.47081668
1.500      0.37699112       181.52285      0.49271403
1.500      0.39269908       168.08569      0.51568045
1.500      0.40840704       161.43571      0.55712101
1.500      0.42411501       149.45431      0.57760325
1.500      0.43982297       140.40723      0.60519239
1.500      0.45553093       134.14187      0.64237441
1.500      0.47123890       127.96418      0.67839413
1.500      0.48694686       118.10371      0.69084164
1.500      0.50265482       113.93390      0.73304861
1.500      0.51836279       108.38009      0.76475303
1.500      0.53407075       103.83745      0.80134710
1.500      0.54977871       100.34472      0.84475069
1.500      0.56548668       95.578788      0.87558621
1.500      0.58119464       92.791613      0.92287692
1.500      0.59690260       86.777288      0.93494648
1.500      0.61261057       84.280519      0.98163698
1.500      0.62831853       81.293028       1.0215583
1.500      0.64402649       77.766264       1.0523803
1.500      0.65973446       74.224456       1.0797539
1.500      0.67544242       72.943664       1.1387354
1.500      0.69115038       70.294670       1.1757374
1.500      0.70685835       67.930180       1.2154307
1.500      0.72256631       65.436166       1.2506081
1.500      0.73827427       63.817247       1.3009528
1.500      0.75398224       61.731563       1.3404817
1.500      0.76969020       60.480205       1.3971125
1.500      0.78539816       58.366363       1.4325261
1.500      0.80110613       56.763121       1.4784501
1.500      0.81681409       55.256333       1.5255343
1.500      0.83252205       53.389144       1.5606678
1.500      0.84823002       51.779053       1.6009039
1.500      0.86393798       50.807466       1.6597608
1.500      0.87964594       49.165446       1.6953289
1.500      0.89535391       48.205540       1.7528769
1.500      0.91106187       47.486762       1.8192250
1.500      0.92676983       45.917209       1.8516607
1.500      0.94247780       44.959229       1.9067884
1.500      0.95818576       43.695285       1.9473946
1.500      0.97389372       43.081953       2.0160456
1.500      0.98960169       41.735497       2.0490716
1.500       1.0053096       41.267597       2.1241197
1.500       1.0367256       40.141295       2.2659644
1.500       1.0681415       38.154171       2.3555843
1.500       1.0995574       36.516477       2.4593077
1.500       1.1309734       34.894022       2.5572808
1.500       1.1623893       33.775790       2.6873892
1.500       1.1938052       32.948677       2.8399366
1.500       1.2252211       31.228233       2.9097864
1.500       1.2566371       30.750443       3.0913717
1.500       1.2880530       29.465462       3.1899561
1.500       1.3194689       28.776645       3.3489441
1.500       1.3508848       27.804764       3.4725176
1.500       1.3823008       27.175328       3.6362413
1.500       1.4137167       26.359446       3.7730599
1.500       1.4451326       25.400911       3.8836731
1.500       1.4765485       25.378624       4.1388676
1.500       1.5079645       24.204097       4.2046753
1.500       1.5393804       23.868557       4.4109718
1.500       1.5707963       23.047343       4.5253352
1.500       1.6022123       22.813737       4.7536460
1.500       1.6336282       22.035976       4.8670097
1.500       1.6650441       21.158179       4.9479554
1.500       1.6964600       20.898257       5.1690558
1.500       1.7278760       20.542184       5.3685197
1.500       1.7592919       19.891744       5.4872762
1.500       1.7907078       19.619769       5.7074002
1.500       1.8221237       19.142306       5.8667571
1.500       1.8535397       18.965907       6.1185643
1.500       1.8849556       18.528474       6.2865632
1.500       1.9163715       17.923656       6.3905167
1.500       1.9477874       17.614983       6.5944288
1.500       1.9792034       17.571744       6.9017052
1.500       2.0106193       16.931407       6.9719273
1.500       2.0734512       16.504543       7.4534131
1.500       2.1362830       15.544580       7.6776021
1.500       2.1991149       15.238836       8.2104281
1.500       2.2619467       14.710862       8.6249279
1.500       2.3247786       14.071217       8.9566728
1.500       2.3876104       13.508026       9.3143499
1.500       2.4504423       13.130523       9.7878139
1.500       2.5132741       12.753740       10.257166
1.500       2.5761060       12.477428       10.806536
1.500       2.6389378       11.865251       11.046753
1.500       2.7017697       11.708853       11.698484
1.500       2.7646015       11.455239       12.262303
1.500       2.8274334       10.930355       12.516464
1.500       2.8902652       10.737713       13.133944
1.500       2.9530971       10.296687       13.433864
1.500       3.0159289       10.056958       13.976557
1.500       3.0787608       9.7007398       14.341777
1.500       3.1415927       9.4466615       14.838781
1.500       3.2044245       9.2625896       15.440196
1.500       3.2672564       9.0911576       16.063459
1.500       3.3300882       8.7763258       16.419133
1.500       3.3929201       8.4099898       16.641276
1.500       3.4557519       8.2614622       17.272486
1.500       3.5185838       7.9408763       17.524368
1.500       3.5814156       7.7974036       18.146148
1.500       3.6442475       7.6162410       18.673878
1.500       3.7070793       7.4103883       19.125239
1.500       3.7699112       7.2209578       19.600106
1.500       3.8327430       7.0954741       20.238615
1.500       3.8955749       6.9170792       20.716085
1.500       3.9584067       6.7532101       21.219824
1.500       4.0212386       6.5747769       21.658621
1.500       4.1469023       6.2710515       22.655938
1.500       4.2725660       5.9167955       23.378851
1.500       4.3982297       5.7081864       24.603797
1.500       4.5238934       5.4898311       25.749354
1.500       4.6495571       5.1673990       26.313403
1.500       4.7752208       4.9246691       27.166125
1.500       4.9008845       4.7866395       28.544628
1.500       5.0265482       4.6534086       29.939946
1.500       5.1522120       4.4462983       30.807043
1.500       5.2778757       4.1681921       31.045271
1.500       5.4035394       3.9560305       31.620217
1.500       5.5292031       3.8424954       32.905708
1.500       5.6548668       3.7733103       34.566858
1.500       5.7805305       3.5523270       34.760521
1.500       5.9061942       3.4540984       36.051898
1.500       6.0318579       3.3301372       37.024201
1.500       6.1575216       3.2215980       38.103024
1.500       6.2831853       3.1269188       39.294020
1.500       6.4088490       3.0122717       40.170248
1.500       6.5345127       2.9003092       40.997198
1.500       6.6601764       2.8267969       42.307957
1.500       6.7858401       2.7383660       43.348356
1.500       6.9115038       2.6415023       44.181343
1.500       7.0371675       2.5511153       45.039548
1.500       7.1628313       2.4309010       45.257617
1.500       7.2884950       2.3868161       46.816914
1.500       7.4141587       2.3284612       48.075619
1.500       7.5398224       2.2673900       49.235668
1.500       7.6654861       2.1831651       49.816814
1.500       7.7911498       2.1223878       50.851018
1.500       7.9168135       2.0656046       51.924066
1.500       8.0424772       2.0061609       52.869540
1.500       8.2938046       1.8745922       54.179934
1.500       8.5451320       1.7673961       55.867659
1.500       8.7964594       1.6640947       57.381515
1.500       9.0477868       1.6050401       60.225891
1.500       9.2991143       1.5312552       62.379599
1.500       9.5504417       1.4600860       64.434591
1.500       9.8017691       1.3838457       66.019365
1.500       10.053096       1.3424736       69.099605
1.500       10.304424       1.2864498       71.307340
1.500       10.555751       1.2103364       72.118021
1.500       10.807079       1.1815861       75.554541
1.500       11.058406       1.1236658       76.981264
1.500       11.309734       1.0632256       77.920695
1.500       11.561061       1.0306359       80.680500
1.500       11.812388      0.97736272       81.609211
1.500       12.063716      0.95731416       85.146741
1.500       12.315043      0.92369081       87.398645
1.500       12.566371      0.89978438       90.456192
1.500       12.817698      0.86287721       92.055420
1.500       13.069025      0.82103305       92.845425
1.500       13.320353      0.80257662       96.095699
1.500       13.571680      0.77541376       98.198447
1.500       13.823008      0.75380223       100.86380
1.500       14.074335      0.72303056       102.11994
1.500       14.325663      0.69365964       103.31439
1.500       14.576990      0.67691801       106.22088
1.500       14.828317      0.67260977       111.09872
1.500       15.079645      0.64294926       111.69154
1.500       15.330972      0.62466968       114.03279
1.500       15.582300      0.60523160       116.00762
1.500       15.833627      0.57706678       116.04797
1.500       16.084954      0.56393929       118.89460
1.500       16.587609      0.52595057       121.60924
1.500       17.090264      0.51877366       131.18811
1.500       17.592919      0.48152182       132.83115
1.500       18.095574      0.46709408       140.21410
1.500       18.598229      0.43327374       141.20412
1.500       19.100883      0.42298749       149.33381
1.500       19.603538      0.39819909       151.97562
1.500       20.106193      0.37884755       155.99989
1.500       20.608848      0.36665606       162.58866
1.500       21.111503      0.34791449       165.84417
1.500       21.614157      0.33878702       173.30534
1.500       22.116812      0.32609610       178.72424
1.500       22.619467      0.30943229       181.41909
1.500       23.122122      0.29773036       186.45603
1.500       23.624777      0.29313147       195.81044
1.500       24.127432      0.27686738       197.00413
1.500       24.630086      0.27019490       204.52444
1.500       25.132741      0.26172641       210.49287
1.500       25.635396      0.24881860       212.36024
1.500       26.138051      0.24672410       223.20372
1.500       26.640706      0.23419216       224.32609
1.500       27.143361      0.22458192       227.52855
1.500       27.646015      0.21983368       235.32178
1.500       28.148670      0.21399558       241.79578
1.500       28.651325      0.20699912       246.64533
1.500       29.153980      0.20040233       251.57447
1.500       29.656635      0.19350580       255.69948
1.500       30.159289      0.18863307       262.15093
1.500       30.661944      0.17933664       261.90173
1.500       31.164599      0.17787548       272.75391
1.500       31.667254      0.17174812       276.30801
1.500       32.169909      0.16736968       282.29067
1.500       33.175218      0.16193797       299.54380
1.500       34.180528      0.14968262       302.81539
1.500       35.185838      0.14526573       320.58050
1.500       36.191147      0.13740464       329.97324
1.500       37.196457      0.13325566       347.42468
1.500       38.201767      0.12507480       353.25671
1.500       39.207076      0.12172885       371.66970
1.500       40.212386      0.11703275       385.52914
1.500       41.217696      0.10693289       379.34353
1.500       42.223005      0.10611134       404.64994
1.500       43.228315      0.10180588       416.62762
1.500       44.233625     0.095610519       419.21182
1.500       45.238934     0.092371915       433.25871
1.500       46.244244     0.089327551       447.53678
1.500       47.249554     0.087531415       467.76458
1.500       48.254863     0.083960656       477.93556
1.500       49.260173     0.080989312       490.43986
1.500       50.265482     0.078655372       506.06723
1.500       51.270792     0.075698852       516.85608
1.500       52.276102     0.071171597       515.09408
1.500       53.281411     0.070116012       537.29726
1.500       54.286721     0.068750473       557.22011
1.500       55.292031     0.065338472       559.53448
1.500       56.297340     0.063708279       575.87704
1.500       57.302650     0.060924191       580.74322
1.500       58.307960     0.058711943       589.63091
1.500       59.313269     0.057105844       603.67946
1.500       60.318579     0.055655620       618.77476
1.500       61.323889     0.054402013       635.58594
1.500       62.329198     0.051571411       632.63599
1.500       63.334508     0.051520272       663.08562
1.500       64.339818     0.050207438       677.45085
1.500       66.350437     0.048563744       718.64396
1.500       68.361056     0.045939878       743.50928
1.500       70.371675     0.042083658       742.98051
1.500       72.382295     0.040514265       778.35060
1.500       74.392914     0.037935547       791.24563
1.500       76.403533     0.036829751       832.16485
1.500       78.414153     0.034199331       835.35530
1.500       80.424772     0.032420982       854.40923
1.500       82.435391     0.030812680       874.46180
1.500       84.446011     0.029868769       911.22368
1.500       86.456630     0.029379021       961.83922
1.500       88.467249     0.026751018       938.33548
1.500       90.477868     0.026677315       1001.0124
1.500       92.488488     0.025609564       1026.4445
1.500       94.499107     0.024566298       1050.2510
1.500       96.509726     0.023405070       1065.8435
1.500       98.520346     0.022389913       1084.6770
1.500       100.53096     0.020628500       1061.7871
1.500       102.54158     0.021135462       1154.4684
1.500       104.55220     0.020203523       1169.7604
1.500       106.56282     0.018878085       1157.2984
1.500       108.57344     0.017816224       1155.1988
1.500       110.58406     0.017666239       1210.2971
1.500       112.59468     0.017078877       1235.0462
1.500       114.60530     0.016481672       1256.8563
1.500       116.61592     0.016834481       1352.5195
1.500       118.62654     0.015263602       1290.8414
1.500       120.63716     0.014930924       1328.0066
1.500       122.64778     0.014359519       1342.1133
1.500       124.65840     0.014309689       1404.3167
1.500       126.66902     0.013452868       1385.1485
1.500       128.67964     0.012920624       1394.7077
1.500       132.70087     0.013296340       1574.0688
1.500       136.72211     0.011216454       1452.2525
1.500       140.74335     0.010149977       1433.5702
1.500       144.76459    0.0091423929       1405.1321
1.500       148.78583    0.0096856111       1616.1512
1.500       152.80707    0.0087011946       1572.8216
1.500       156.82831    0.0088039812       1720.3734
1.500       160.84954    0.0071648054       1510.5467
1.500       164.87078    0.0064779520       1470.7508
1.500       168.89202    0.0070792910       1727.7759
1.500       172.91326    0.0069711024       1825.8144
1.500       176.93450    0.0059999166       1683.6547
1.500       180.95574    0.0061534680       1847.1717
1.500       184.97698    0.0049115017       1574.8442
1.500       188.99821    0.0048718806       1666.2494
1.500       193.01945    0.0049364279       1798.4000
1.500       197.04069    0.0046871798       1816.5596
1.500       201.06193    0.0051659011       2127.1881
1.500       205.08317    0.0040062099       1750.6286
1.500       209.10441    0.0041954745       1943.3047
1.500       213.12565    0.0034021918       1668.5383
1.500       217.14688    0.0046540669       2414.1469
1.500       221.16812    0.0037858758       2074.9337
1.500       225.18936    0.0041308560       2389.7580
1.500       229.21060    0.0026348781       1607.4404
1.500       233.23184    0.0025585208       1644.4577
1.500       237.25308    0.0027400103       1853.7792
1.500       241.27432    0.0031848053       2266.1384
1.500       245.29555    0.0032076252       2398.4071
1.500       249.31679    0.0029774534       2337.5980
1.500       253.33803    0.0023825930       1962.5526
1.500       257.35927    0.0025413849       2194.6242
1.500       265.40175    0.0024664351       2335.8841
1.500       273.44422    0.0021317072       2208.0254
1.500       281.48670    0.0023353971       2638.7888
1.500       289.52918    0.0022350519       2748.1149
1.500       297.57166    0.0013892259       1854.4615
1.500       305.61413    0.0013961153       2018.8863
1.500       313.65661    0.0018599337       2907.5759
1.500       321.69909    0.0014777274       2492.3790
1.500       329.74156    0.0017626752       3201.5747
1.500       337.78404    0.0016308361       3184.1826
1.500       345.82652    0.0019446353       4074.5842
1.500       353.86900    0.0018085267       4059.9691
1.500       361.91147    0.0011341270       2723.5729
1.500       369.95395   0.00070472147       1807.7184
1.500       377.99643   0.00080395544       2199.7095
1.500       386.03891   0.00092629997       2699.6977
1.500       394.08138    0.0015565009       4825.8896
1.500       402.12386    0.0013362016       4401.7136
1.500       410.16634   0.00064240160       2245.7268
1.500       418.20881   0.00075057708       2781.2825
1.500       426.25129   0.00087417920       3429.7925
1.500       434.29377   0.00092190405       3825.6636
1.500       442.33625   0.00040175725       1761.5362
1.500       450.37872   0.00092351861       4274.1475
1.500       458.42120    0.0015529242       7579.0471
1.500       466.46368    0.0011846270       6091.2355
1.500       474.50615   0.00070694143       3826.3020
1.500       482.54863   0.00083178368       4734.8249
1.500       490.59111   0.00082309651       4923.5691
1.500       498.63359   0.00095569128       6002.5041
1.500       506.67606    0.0014098732       9290.5508
1.500       514.71854   0.00086806656       5996.9817
1.250     0.015707963       2789.0333   0.00054762541
1.250     0.031415927       7178.1217     0.011275367
1.250     0.047123890       3787.4149     0.020078744
1.250     0.062831853       3066.8874     0.038539644
1.250     0.078539816       2326.8168     0.057108677
1.250     0.094247780       1902.3173     0.080680130
1.250      0.10995574       1547.1607      0.10419801
1.250      0.12566371       1311.4692      0.13184326
1.250      0.14137167       989.82083      0.14168178
1.250      0.15707963       903.09113      0.17732153
1.250      0.17278760       788.11590      0.20596719
1.250      0.18849556       689.64516      0.23399109
1.250      0.20420352       618.79222      0.26693455
1.250      0.21991149       566.78965      0.30537671
1.250      0.23561945       494.83456      0.32791682
1.250      0.25132741       459.72263      0.36973087
1.250      0.26703538       400.92824      0.38676156
1.250      0.28274334       375.21064      0.42965765
1.250      0.29845130       335.14876      0.45136545
1.250      0.31415927       308.48497      0.48456706
1.250      0.32986723       285.33128      0.51884443
1.250      0.34557519       256.23392      0.53571591
1.250      0.36128316       248.46044      0.59356824
1.250      0.37699112       230.34095      0.62522276
1.250      0.39269908       212.73138      0.65265170
1.250      0.40840704       204.85708      0.70696989
1.250      0.42411501       190.07811      0.73460400
1.250      0.43982297       178.35134      0.76874158
1.250      0.45553093       170.87065      0.81826007
1.250      0.47123890       163.79569      0.86835262
1.250      0.48694686       151.72553      0.88751076
1.250      0.50265482       146.61867      0.94334182
1.250      0.51836279       139.79098      0.98639497
1.250      0.53407075       134.03168       1.0343657
1.250      0.54977871       130.04430       1.0947762
1.250      0.56548668       123.61523       1.1324248
1.250      0.58119464       121.04575       1.2038839
1.250      0.59690260       113.29423       1.2206425
1.250      0.61261057       110.52566       1.2873209
1.250      0.62831853       106.62439       1.3398816
1.250      0.64402649       102.15741       1.3824561
1.250      0.65973446       97.904131       1.4242256
1.250      0.67544242       96.078614       1.4998989
1.250      0.69115038       93.010917       1.5556857
1.250      0.70685835       89.404535       1.5996574
1.250      0.72256631       86.998628       1.6627072
1.250      0.73827427       84.371497       1.7199634
1.250      0.75398224       82.040146       1.7814762
1.250      0.76969020       80.275770       1.8543966
1.250      0.78539816       77.811860       1.9097904
1.250      0.80110613       75.834771       1.9751896
1.250      0.81681409       73.882750       2.0397783
1.250      0.83252205       71.433664       2.0881439
1.250      0.84823002       69.735126       2.1560695
1.250      0.86393798       67.899011       2.2181015
1.250      0.87964594       65.932432       2.2734901
1.250      0.89535391       64.983852       2.3629793
1.250      0.91106187       63.924920       2.4489734
1.250      0.92676983       61.970751       2.4990370
1.250      0.94247780       60.905191       2.5830806
1.250      0.95818576       59.305671       2.6431123
1.250      0.97389372       58.446034       2.7350168
1.250      0.98960169       56.671103       2.7823593
1.250       1.0053096       55.904857       2.8775266
1.250       1.0367256       54.386066       3.0700775
1.250       1.0681415       52.103539       3.2167984
1.250       1.0995574       49.734673       3.3495254
1.250       1.1309734       48.288587       3.5389292
1.250       1.1623893       46.371665       3.6895869
1.250       1.1938052       45.160657       3.8925206
1.250       1.2252211       43.027866       4.0092534
1.250       1.2566371       41.858711       4.2080966
1.250       1.2880530       40.568310       4.3919598
1.250       1.3194689       39.328425       4.5769304
1.250       1.3508848       38.851450       4.8521305
1.250       1.3823008       37.564179       5.0263394
1.250       1.4137167       36.352475       5.2034503
1.250       1.4451326       35.275230       5.3934075
1.250       1.4765485       35.129263       5.7290484
1.250       1.5079645       33.470869       5.8144759
1.250       1.5393804       33.265978       6.1476398
1.250       1.5707963       32.082810       6.2994450
1.250       1.6022123       31.842968       6.6350461
1.250       1.6336282       30.584486       6.7550892
1.250       1.6650441       29.800744       6.9690662
1.250       1.6964600       29.241148       7.2326189
1.250       1.7278760       28.675160       7.4940018
1.250       1.7592919       27.910271       7.6992428
1.250       1.7907078       27.372755       7.9627476
1.250       1.8221237       26.686696       8.1789711
1.250       1.8535397       26.136048       8.4317134
1.250       1.8849556       25.836941       8.7662675
1.250       1.9163715       25.190928       8.9815966
1.250       1.9477874       24.543869       9.1883593
1.250       1.9792034       24.389663       9.5795987
1.250       2.0106193       23.715019       9.7652479
1.250       2.0734512       22.714068       10.257620
1.250       2.1362830       21.662064       10.699080
1.250       2.1991149       20.996665       11.312649
1.250       2.2619467       20.137508       11.806552
1.250       2.3247786       19.471541       12.394110
1.250       2.3876104       18.726322       12.912584
1.250       2.4504423       18.281973       13.627831
1.250       2.5132741       17.680105       14.219184
1.250       2.5761060       17.232093       14.924489
1.250       2.6389378       16.464073       15.328336
1.250       2.7017697       16.235777       16.221399
1.250       2.7646015       15.515276       16.608385
1.250       2.8274334       14.949859       17.119241
1.250       2.8902652       14.461775       17.689068
1.250       2.9530971       13.970214       18.226635
1.250       3.0159289       13.594775       18.893203
1.250       3.0787608       13.265427       19.611884
1.250       3.1415927       12.979326       20.387878
1.250       3.2044245       12.561840       20.939854
1.250       3.2672564       12.214683       21.582518
1.250       3.3300882       11.854821       22.178516
1.250       3.3929201       11.512958       22.781277
1.250       3.4557519       11.164481       23.341914
1.250       3.5185838       10.932578       24.126622
1.250       3.5814156       10.618765       24.712031
1.250       3.6442475       10.366226       25.416429
1.250       3.7070793       9.9987782       25.805533
1.250       3.7699112       9.8520432       26.741756
1.250       3.8327430       9.4878652       27.062498
1.250       3.8955749       9.3904431       28.123607
1.250       3.9584067       8.9353685       28.076565
1.250       4.0212386       8.7874387       28.947569
1.250       4.1469023       8.4863546       30.659343
1.250       4.2725660       7.9066283       31.241216
1.250       4.3982297       7.4970491       32.314269
1.250       4.5238934       7.2746007       34.120589
1.250       4.6495571       6.6993563       34.114428
1.250       4.7752208       6.5678730       36.230588
1.250       4.9008845       6.2590792       37.325370
1.250       5.0265482       6.0734647       39.076561
1.250       5.1522120       5.8704223       40.674364
1.250       5.2778757       5.5327844       41.208942
1.250       5.4035394       5.2543595       41.997651
1.250       5.5292031       5.0491565       43.239107
1.250       5.6548668       4.9280212       45.145031
1.250       5.7805305       4.6482766       45.484697
1.250       5.9061942       4.4902322       46.866468
1.250       6.0318579       4.4029859       48.952048
1.250       6.1575216       4.2071328       49.759305
1.250       6.2831853       4.0433944       50.810793
1.250       6.4088490       3.8447861       51.272272
1.250       6.5345127       3.7389902       52.852338
1.250       6.6601764       3.6165687       54.128275
1.250       6.7858401       3.4778382       55.054205
1.250       6.9115038       3.3815154       56.558683
1.250       7.0371675       3.2675212       57.687584
1.250       7.1628313       3.1347115       58.360902
1.250       7.2884950       3.0637563       60.094959
1.250       7.4141587       2.9567111       61.047064
1.250       7.5398224       2.8479816       61.843033
1.250       7.6654861       2.7988509       63.865913
1.250       7.7911498       2.7149430       65.048254
1.250       7.9168135       2.6340079       66.212285
1.250       8.0424772       2.5508767       67.224758
1.250       8.2938046       2.4072473       69.574864
1.250       8.5451320       2.2776707       71.997517
1.250       8.7964594       2.1433362       73.906777
1.250       9.0477868       2.0708639       77.704988
1.250       9.2991143       1.9387072       78.978200
1.250       9.5504417       1.8416950       81.275255
1.250       9.8017691       1.7704206       84.461759
1.250       10.053096       1.7052059       87.770111
1.250       10.304424       1.5949013       88.404673
1.250       10.555751       1.5396701       91.741404
1.250       10.807079       1.4651550       93.686879
1.250       11.058406       1.4301182       97.976019
1.250       11.309734       1.3307587       97.527408
1.250       11.561061       1.3102425       102.56874
1.250       11.812388       1.2366158       103.25669
1.250       12.063716       1.2047825       107.15741
1.250       12.315043       1.1390912       107.77961
1.250       12.566371       1.1145869       112.05050
1.250       12.817698       1.0788477       115.09607
1.250       13.069025       1.0350481       117.04703
1.250       13.320353       1.0002407       119.76280
1.250       13.571680      0.98178054       124.33275
1.250       13.823008      0.93344104       124.90068
1.250       14.074335      0.89435009       126.31690
1.250       14.325663      0.87370741       130.13090
1.250       14.576990      0.84467084       132.54438
1.250       14.828317      0.82096043       135.60263
1.250       15.079645      0.80243440       139.39690
1.250       15.330972      0.77903322       142.21170
1.250       15.582300      0.74612082       143.01252
1.250       15.833627      0.72875325       146.55208
1.250       16.084954      0.70997670       149.68347
1.250       16.587609      0.64986160       150.25970
1.250       17.090264      0.63530528       160.65677
1.250       17.592919      0.59696100       164.67585
1.250       18.095574      0.57259611       171.88411
1.250       18.598229      0.54786493       178.54944
1.250       19.100883      0.50964842       179.92906
1.250       19.603538      0.49390315       188.50178
1.250       20.106193      0.48119600       198.14440
1.250       20.608848      0.44582038       197.69301
1.250       21.111503      0.44167157       210.53638
1.250       21.614157      0.42351319       216.64673
1.250       22.116812      0.40100943       219.78216
1.250       22.619467      0.38165762       223.76456
1.250       23.122122      0.36860486       230.84176
1.250       23.624777      0.36116278       241.25503
1.250       24.127432      0.34350797       244.42204
1.250       24.630086      0.32678385       247.35953
1.250       25.132741      0.32306612       259.82519
1.250       25.635396      0.30410856       259.54878
1.250       26.138051      0.29582403       267.62292
1.250       26.640706      0.28803458       275.90023
1.250       27.143361      0.27759413       281.23630
1.250       27.646015      0.27435298       293.68216
1.250       28.148670      0.26504119       299.47273
1.250       28.651325      0.25362022       302.19569
1.250       29.153980      0.24699828       310.06857
1.250       29.656635      0.23733460       313.61506
1.250       30.159289      0.23075464       320.68897
1.250       30.661944      0.22683152       331.26286
1.250       31.164599      0.21819981       334.58716
1.250       31.667254      0.21482733       345.61374
1.250       32.169909      0.20892220       352.37439
1.250       33.175218      0.19591158       362.38628
1.250       34.180528      0.18561273       375.50379
1.250       35.185838      0.17910309       395.25468
1.250       36.191147      0.16910788       406.10763
1.250       37.196457      0.16122601       420.34908
1.250       38.201767      0.15529453       438.60821
1.250       39.207076      0.14626104       446.57284
1.250       40.212386      0.14303806       471.19577
1.250       41.217696      0.13850499       491.34531
1.250       42.223005      0.12983088       495.10313
1.250       43.228315      0.12624001       516.62116
1.250       44.233625      0.11962639       524.51130
1.250       45.238934      0.11769776       552.04635
1.250       46.244244      0.11046513       553.43742
1.250       47.249554      0.10733487       573.59350
1.250       48.254863      0.10406530       592.37871
1.250       49.260173     0.098942679       599.15849
1.250       50.265482     0.096457150       620.60355
1.250       51.270792     0.093264157       636.78835
1.250       52.276102     0.088658407       641.65232
1.250       53.281411     0.086810304       665.22521
1.250       54.286721     0.085077270       689.54821
1.250       55.292031     0.081349139       696.64391
1.250       56.297340     0.078495434       709.54230
1.250       57.302650     0.076950380       733.50849
1.250       58.307960     0.075101202       754.22458
1.250       59.313269     0.072752839       769.08757
1.250       60.318579     0.070617675       785.12170
1.250       61.323889     0.068301036       797.97008
1.250       62.329198     0.065412464       802.42673
1.250       63.334508     0.064380061       828.59602
1.250       64.339818     0.063000895       850.07345
1.250       66.350437     0.057044628       844.14367
1.250       68.361056     0.056090293       907.78762
1.250       70.371675     0.053785513       949.57495
1.250       72.382295     0.050535296       970.87232
1.250       74.392914     0.048003225       1001.2335
1.250       76.403533     0.046793561       1057.2962
1.250       78.414153     0.043913462       1072.6333
1.250       80.424772     0.040080137       1056.2555
1.250       82.435391     0.039102025       1109.7129
1.250       84.446011     0.038121285       1162.9879
1.250       86.456630     0.037595680       1230.8443
1.250       88.467249     0.034810412       1221.0318
1.250       90.477868     0.032535199       1220.8177
1.250       92.488488     0.031998945       1282.5342
1.250       94.499107     0.030680297       1311.6348
1.250       96.509726     0.029935625       1363.2385
1.250       98.520346     0.029739701       1440.7368
1.250       100.53096     0.027597716       1420.5056
1.250       102.54158     0.026783212       1462.9618
1.250       104.55220     0.026118592       1512.2361
1.250       106.56282     0.023891692       1464.6515
1.250       108.57344     0.022668710       1469.8326
1.250       110.58406     0.023273601       1594.4520
1.250       112.59468     0.022127678       1600.1464
1.250       114.60530     0.021049948       1605.2231
1.250       116.61592     0.021437296       1722.3198
1.250       118.62654     0.018949975       1602.5975
1.250       120.63716     0.019346956       1720.7833
1.250       122.64778     0.018019363       1684.1809
1.250       124.65840     0.018024363       1768.8654
1.250       126.66902     0.017747263       1827.3126
1.250       128.67964     0.016914553       1825.8297
1.250       132.70087     0.015284471       1809.4310
1.250       136.72211     0.015500153       2006.8852
1.250       140.74335     0.014584800       2059.9391
1.250       144.76459     0.014291086       2196.4561
1.250       148.78583     0.012666801       2113.5956
1.250       152.80707     0.010416524       1882.8832
1.250       156.82831     0.010863587       2122.8381
1.250       160.84954     0.010676078       2250.8238
1.250       164.87078    0.0099350502       2255.6485
1.250       168.89202    0.0086679297       2115.5000
1.250       172.91326    0.0097027837       2541.2741
1.250       176.93450    0.0090563148       2541.3198
1.250       180.95574    0.0087566864       2628.6158
1.250       184.97698    0.0070590326       2263.4373
1.250       188.99821    0.0069172533       2365.7946
1.250       193.01945    0.0063899499       2327.9356
1.250       197.04069    0.0064187334       2487.6390
1.250       201.06193    0.0057258076       2357.7434
1.250       205.08317    0.0057940914       2531.8948
1.250       209.10441    0.0051263760       2374.4896
1.250       213.12565    0.0055523865       2723.0592
1.250       217.14688    0.0051195270       2655.5893
1.250       221.16812    0.0053088330       2909.6243
1.250       225.18936    0.0041869949       2422.2351
1.250       229.21060    0.0043369457       2645.8081
1.250       233.23184    0.0041564976       2671.5376
1.250       237.25308    0.0039031864       2640.7368
1.250       241.27432    0.0036973651       2630.8487
1.250       245.29555    0.0040440200       3023.7967
1.250       249.31679    0.0036370232       2855.4261
1.250       253.33803    0.0026726641       2201.4854
1.250       257.35927    0.0036646300       3164.6074
1.250       265.40175    0.0025255222       2391.8436
1.250       273.44422    0.0023370501       2420.7199
1.250       281.48670    0.0024606498       2780.3132
1.250       289.52918    0.0024777617       3046.5395
1.250       297.57166    0.0021918319       2925.8509
1.250       305.61413    0.0028100380       4063.5233
1.250       313.65661    0.0019753551       3088.0105
1.250       321.69909    0.0019038397       3211.0727
1.250       329.74156    0.0024082530       4374.1478
1.250       337.78404    0.0018158672       3545.4529
1.250       345.82652    0.0010885745       2280.8845
1.250       353.86900   0.00082427031       1850.4078
1.250       361.91147    0.0018983611       4558.8588
1.250       369.95395   0.00097603202       2503.6714
1.250       377.99643   0.00099060956       2710.4154
1.250       386.03891    0.0016940920       4937.4245
1.250       394.08138    0.0010365955       3213.9367
1.250       402.12386    0.0014549739       4792.9732
1.250       410.16634    0.0014961552       5230.3041
1.250       418.20881   0.00057631079       2135.5343
1.250       426.25129    0.0010705292       4200.1608
1.250       434.29377    0.0013632397       5657.0924
1.250       442.33625   0.00069821625       3061.3839
1.250       450.37872    0.0010217409       4728.7311
1.250       458.42120   0.00073557617       3589.9797
1.250       466.46368    0.0010823658       5565.4185
1.250       474.50615   0.00091770429       4967.0504
1.250       482.54863   0.00075231826       4282.4779
1.250       490.59111   0.00070785681       4234.2324
1.250       498.63359   0.00093853454       5894.7461
1.250       506.67606   0.00080202209       5285.0336
1.250       514.71854   0.00070370391       4861.4930
1.000     0.015707963       3438.7413   0.00067519527
1.000     0.031415927       8857.9963     0.013914108
1.000     0.047123890       4662.7795     0.024719434
1.000     0.062831853       3789.3050     0.047617811
1.000     0.078539816       2876.0457     0.070588782
1.000     0.094247780       2349.7418     0.099656074
1.000      0.10995574       1910.2965      0.12865445
1.000      0.12566371       1612.6975      0.16212604
1.000      0.14137167       1230.0408      0.17606658
1.000      0.15707963       1125.1292      0.22091860
1.000      0.17278760       984.86144      0.25738491
1.000      0.18849556       857.67092      0.29100089
1.000      0.20420352       773.80522      0.33380405
1.000      0.21991149       709.32768      0.38217380
1.000      0.23561945       621.13139      0.41161116
1.000      0.25132741       579.33646      0.46593003
1.000      0.26703538       506.39237      0.48849915
1.000      0.28274334       476.82470      0.54601698
1.000      0.29845130       427.52880      0.57577932
1.000      0.31415927       396.01719      0.62206235
1.000      0.32986723       367.42912      0.66813058
1.000      0.34557519       329.75243      0.68942327
1.000      0.36128316       320.87902      0.76657512
1.000      0.37699112       299.68045      0.81343345
1.000      0.39269908       276.41092      0.84801809
1.000      0.40840704       266.53543      0.91982431
1.000      0.42411501       248.60053      0.96077840
1.000      0.43982297       233.09199       1.0046883
1.000      0.45553093       223.18698       1.0687909
1.000      0.47123890       215.15327       1.1406217
1.000      0.48694686       200.42386       1.1723692
1.000      0.50265482       194.20063       1.2494833
1.000      0.51836279       185.32531       1.3076949
1.000      0.53407075       178.03744       1.3739723
1.000      0.54977871       173.29149       1.4588521
1.000      0.56548668       164.64756       1.5083172
1.000      0.58119464       162.24096       1.6135989
1.000      0.59690260       152.94909       1.6478875
1.000      0.61261057       149.59292       1.7423474
1.000      0.62831853       144.24912       1.8126879
1.000      0.64402649       138.63601       1.8761066
1.000      0.65973446       133.26954       1.9386913
1.000      0.67544242       130.80072       2.0419514
1.000      0.69115038       127.20059       2.1275366
1.000      0.70685835       121.93688       2.1817377
1.000      0.72256631       119.44680       2.2828527
1.000      0.73827427       115.08651       2.3461073
1.000      0.75398224       112.67624       2.4467293
1.000      0.76969020       110.16563       2.5448621
1.000      0.78539816       107.37384       2.6353505
1.000      0.80110613       104.65948       2.7259570
1.000      0.81681409       101.94438       2.8145126
1.000      0.83252205       98.877601       2.8903832
1.000      0.84823002       97.454306       3.0130907
1.000      0.86393798       94.106179       3.0742282
1.000      0.87964594       91.667971       3.1609061
1.000      0.89535391       90.300259       3.2835486
1.000      0.91106187       89.060814       3.4119333
1.000      0.92676983       86.798091       3.5002261
1.000      0.94247780       85.363358       3.6203881
1.000      0.95818576       83.519302       3.7222561
1.000      0.97389372       82.319123       3.8521722
1.000      0.98960169       80.287843       3.9418612
1.000       1.0053096       78.667025       4.0491376
1.000       1.0367256       76.073833       4.2943456
1.000       1.0681415       73.454917       4.5350022
1.000       1.0995574       70.270460       4.7325674
1.000       1.1309734       69.381458       5.0847640
1.000       1.1623893       65.977235       5.2495148
1.000       1.1938052       63.644646       5.4857062
1.000       1.2252211       61.885049       5.7663292
1.000       1.2566371       59.694764       6.0011722
1.000       1.2880530       58.361675       6.3182847
1.000       1.3194689       55.958246       6.5122616
1.000       1.3508848       56.173661       7.0154894
1.000       1.3823008       53.753201       7.1925393
1.000       1.4137167       52.196980       7.4714139
1.000       1.4451326       51.123721       7.8165629
1.000       1.4765485       50.092616       8.1693436
1.000       1.5079645       48.063967       8.3495526
1.000       1.5393804       47.570906       8.7912279
1.000       1.5707963       45.944394       9.0211607
1.000       1.6022123       45.561043       9.4934500
1.000       1.6336282       43.641857       9.6390255
1.000       1.6650441       43.280072       10.121281
1.000       1.6964600       42.103521       10.414048
1.000       1.7278760       41.065546       10.732121
1.000       1.7592919       40.013915       11.038117
1.000       1.7907078       39.073052       11.366370
1.000       1.8221237       37.960943       11.634316
1.000       1.8535397       37.121314       11.975654
1.000       1.8849556       36.699699       12.451914
1.000       1.9163715       35.985339       12.830246
1.000       1.9477874       35.079234       13.132429
1.000       1.9792034       34.724444       13.638821
1.000       2.0106193       34.300944       14.124265
1.000       2.0734512       32.112023       14.501714
1.000       2.1362830       31.403777       15.510596
1.000       2.1991149       29.825561       16.069510
1.000       2.2619467       28.956769       16.977255
1.000       2.3247786       27.859961       17.733544
1.000       2.3876104       26.732759       18.433357
1.000       2.4504423       25.709083       19.164182
1.000       2.5132741       25.282545       20.333429
1.000       2.5761060       24.123947       20.893433
1.000       2.6389378       23.430204       21.813925
1.000       2.7017697       22.771325       22.751160
1.000       2.7646015       22.074310       23.629527
1.000       2.8274334       21.045680       24.099630
1.000       2.8902652       20.359560       24.903005
1.000       2.9530971       19.956882       26.037311
1.000       3.0159289       19.235246       26.731992
1.000       3.0787608       18.400517       27.203710
1.000       3.1415927       18.051295       28.354908
1.000       3.2044245       17.264322       28.778617
1.000       3.2672564       16.935170       29.923297
1.000       3.3300882       16.095867       30.112849
1.000       3.3929201       15.916680       31.495146
1.000       3.4557519       15.266716       31.918580
1.000       3.5185838       15.226238       33.602111
1.000       3.5814156       14.576689       33.922926
1.000       3.6442475       14.207472       34.834587
1.000       3.7070793       13.628492       35.173349
1.000       3.7699112       13.266951       36.010964
1.000       3.8327430       13.063318       37.260858
1.000       3.8955749       12.687191       37.997097
1.000       3.9584067       12.405514       38.980398
1.000       4.0212386       12.108712       39.888504
1.000       4.1469023       11.381060       41.117282
1.000       4.2725660       10.708613       42.312610
1.000       4.3982297       10.102885       43.546111
1.000       4.5238934       9.5940951       44.999882
1.000       4.6495571       9.3227864       47.473446
1.000       4.7752208       8.8447299       48.790494
1.000       4.9008845       8.5124900       50.763352
1.000       5.0265482       7.8363362       50.418844
1.000       5.1522120       7.5810023       52.526450
1.000       5.2778757       7.3916253       55.053846
1.000       5.4035394       6.9873127       55.848999
1.000       5.5292031       6.6427156       56.885757
1.000       5.6548668       6.4480771       59.070087
1.000       5.7805305       6.1347923       60.030673
1.000       5.9061942       5.9023629       61.605478
1.000       6.0318579       5.6749036       63.093127
1.000       6.1575216       5.5734524       65.919270
1.000       6.2831853       5.2256709       65.667718
1.000       6.4088490       5.1274287       68.376995
1.000       6.5345127       4.9291537       69.675845
1.000       6.6601764       4.7055368       70.426586
1.000       6.7858401       4.6028828       72.863671
1.000       6.9115038       4.4162894       73.866148
1.000       7.0371675       4.3157079       76.193157
1.000       7.1628313       4.0947294       76.234162
1.000       7.2884950       4.0441557       79.325296
1.000       7.4141587       3.8416231       79.317796
1.000       7.5398224       3.7486044       81.399776
1.000       7.6654861       3.6431555       83.131777
1.000       7.7911498       3.4954612       83.748957
1.000       7.9168135       3.4020973       85.520106
1.000       8.0424772       3.3039375       87.070611
1.000       8.2938046       3.1207677       90.197208
1.000       8.5451320       2.9129088       92.077491
1.000       8.7964594       2.7509467       94.858476
1.000       9.0477868       2.7181024       101.99131
1.000       9.2991143       2.4749124       100.82189
1.000       9.5504417       2.4074168       106.24094
1.000       9.8017691       2.3197010       110.66637
1.000       10.053096       2.1392287       110.11007
1.000       10.304424       2.0604279       114.20861
1.000       10.555751       1.9625548       116.93903
1.000       10.807079       1.8911439       120.92603
1.000       11.058406       1.8111037       124.07697
1.000       11.309734       1.7376045       127.34395
1.000       11.561061       1.6396065       128.35210
1.000       11.812388       1.6005468       133.64471
1.000       12.063716       1.5318087       136.24422
1.000       12.315043       1.4975952       141.70087
1.000       12.566371       1.4250141       143.25804
1.000       12.817698       1.3690231       146.05322
1.000       13.069025       1.3211999       149.40613
1.000       13.320353       1.2727687       152.39367
1.000       13.571680       1.2410879       157.17145
1.000       13.823008       1.1938045       159.73906
1.000       14.074335       1.1552720       163.16920
1.000       14.325663       1.1140051       165.92109
1.000       14.576990       1.0750182       168.69011
1.000       14.828317       1.0462417       172.81360
1.000       15.079645       1.0214353       177.44119
1.000       15.330972      0.98708983       180.19221
1.000       15.582300      0.96105963       184.21087
1.000       15.833627      0.92441189       185.89898
1.000       16.084954      0.90432508       190.65769
1.000       16.587609      0.83372127       192.77137
1.000       17.090264      0.80441730       203.42203
1.000       17.592919      0.76302311       210.48524
1.000       18.095574      0.72601092       217.93675
1.000       18.598229      0.70515981       229.81192
1.000       19.100883      0.66919054       236.25467
1.000       19.603538      0.62229116       237.50200
1.000       20.106193      0.59958984       246.89601
1.000       20.608848      0.57878456       256.65417
1.000       21.111503      0.54718458       260.83241
1.000       21.614157      0.52106793       266.55052
1.000       22.116812      0.49880213       273.37963
1.000       22.619467      0.49119562       287.98632
1.000       23.122122      0.46009063       288.13546
1.000       23.624777      0.45129408       301.46232
1.000       24.127432      0.43691877       310.88820
1.000       24.630086      0.41633273       315.14370
1.000       25.132741      0.40646388       326.89765
1.000       25.635396      0.38469808       328.32985
1.000       26.138051      0.38253591       346.06850
1.000       26.640706      0.35796395       342.88361
1.000       27.143361      0.35120926       355.81731
1.000       27.646015      0.33904895       362.93620
1.000       28.148670      0.32579389       368.11782
1.000       28.651325      0.31325124       373.24775
1.000       29.153980      0.31557965       396.16198
1.000       29.656635      0.30250157       399.72701
1.000       30.159289      0.29118641       404.67342
1.000       30.661944      0.28803529       420.64432
1.000       31.164599      0.27811081       426.45456
1.000       31.667254      0.26971837       433.92232
1.000       32.169909      0.26236684       442.51571
1.000       33.175218      0.24825993       459.21732
1.000       34.180528      0.23207543       469.50013
1.000       35.185838      0.22547853       497.59860
1.000       36.191147      0.21328284       512.19251
1.000       37.196457      0.20516657       534.91106
1.000       38.201767      0.19280265       544.54477
1.000       39.207076      0.18947847       578.52683
1.000       40.212386      0.18150397       597.91012
1.000       41.217696      0.17297776       613.63717
1.000       42.223005      0.16659770       635.31145
1.000       43.228315      0.15874605       649.64800
1.000       44.233625      0.15154671       664.46843
1.000       45.238934      0.14681301       688.60775
1.000       46.244244      0.14007292       701.77434
1.000       47.249554      0.13641745       729.00970
1.000       48.254863      0.12999942       740.00549
1.000       49.260173      0.12600070       763.01135
1.000       50.265482      0.12226457       786.64799
1.000       51.270792      0.11531261       787.33064
1.000       52.276102      0.11620520       841.01823
1.000       53.281411      0.11083765       849.34615
1.000       54.286721      0.10914285       884.59891
1.000       55.292031      0.10278482       880.21111
1.000       56.297340      0.10040475       907.58680
1.000       57.302650     0.098833888       942.10707
1.000       58.307960     0.094259352       946.62560
1.000       59.313269     0.091412999       966.34857
1.000       60.318579     0.089927599       999.80789
1.000       61.323889     0.087406056       1021.1766
1.000       62.329198     0.084511446       1036.7175
1.000       63.334508     0.081750440       1052.1594
1.000       64.339818     0.081283999       1096.7681
1.000       66.350437     0.076348095       1129.7955
1.000       68.361056     0.073067900       1182.5600
1.000       70.371675     0.068464570       1208.7314
1.000       72.382295     0.063015699       1210.6429
1.000       74.392914     0.059638804       1243.9241
1.000       76.403533     0.059154163       1336.5829
1.000       78.414153     0.055340705       1351.7560
1.000       80.424772     0.052876464       1393.4846
1.000       82.435391     0.051728771       1468.0591
1.000       84.446011     0.050430193       1538.5028
1.000       86.456630     0.047581280       1557.7626
1.000       88.467249     0.044824418       1572.2894
1.000       90.477868     0.043644872       1637.6857
1.000       92.488488     0.042379973       1698.6111
1.000       94.499107     0.040384774       1726.5177
1.000       96.509726     0.038408297       1749.0755
1.000       98.520346     0.038174439       1849.3568
1.000       100.53096     0.034743172       1788.2955
1.000       102.54158     0.033613084       1836.0254
1.000       104.55220     0.032852038       1902.0947
1.000       106.56282     0.032742556       2007.2432
1.000       108.57344     0.030937273       2005.9639
1.000       110.58406     0.030189114       2068.2272
1.000       112.59468     0.028495981       2060.6655
1.000       114.60530     0.027720120       2113.8758
1.000       116.61592     0.026483553       2127.7472
1.000       118.62654     0.025999806       2198.8010
1.000       120.63716     0.025475075       2265.8389
1.000       122.64778     0.025252940       2360.2677
1.000       124.65840     0.023842964       2339.8882
1.000       126.66902     0.023670217       2437.1580
1.000       128.67964     0.022377104       2415.4809
1.000       132.70087     0.020708590       2451.5578
1.000       136.72211     0.020083683       2600.3385
1.000       140.74335     0.018580111       2624.2319
1.000       144.76459     0.016965340       2607.4733
1.000       148.78583     0.015731311       2624.9429
1.000       152.80707     0.016010579       2894.0605
1.000       156.82831     0.013661765       2669.6260
1.000       160.84954     0.013531814       2852.8950
1.000       164.87078     0.012410893       2817.7625
1.000       168.89202     0.012007901       2930.6554
1.000       172.91326     0.012169313       3187.2872
1.000       176.93450     0.010759679       3019.3060
1.000       180.95574     0.010709947       3214.9533
1.000       184.97698     0.010520360       3373.2916
1.000       188.99821     0.010616698       3631.0549
1.000       193.01945    0.0090681853       3303.6489
1.000       197.04069    0.0089752266       3478.4315
1.000       201.06193    0.0080401081       3310.7142
1.000       205.08317    0.0086999653       3801.6999
1.000       209.10441    0.0070472275       3264.2101
1.000       213.12565    0.0084166122       4127.7626
1.000       217.14688    0.0073340608       3804.3071
1.000       221.16812    0.0066715417       3656.4872
1.000       225.18936    0.0062137011       3594.7130
1.000       229.21060    0.0065620819       4003.2803
1.000       233.23184    0.0057978538       3726.4991
1.000       237.25308    0.0051940327       3514.0708
1.000       241.27432    0.0055861402       3974.8008
1.000       245.29555    0.0047693017       3566.1047
1.000       249.31679    0.0049338112       3873.5341
1.000       253.33803    0.0047932428       3948.2156
1.000       257.35927    0.0045059322       3891.1176
1.000       265.40175    0.0034907952       3306.0237
1.000       273.44422    0.0036020796       3731.0394
1.000       281.48670    0.0038131604       4308.5287
1.000       289.52918    0.0034740438       4271.5212
1.000       297.57166    0.0039215606       5234.8456
1.000       305.61413    0.0026308307       3804.3762
1.000       313.65661    0.0017998925       2813.7154
1.000       321.69909    0.0022356595       3770.7297
1.000       329.74156    0.0024027794       4364.2060
1.000       337.78404    0.0029314970       5723.7031
1.000       345.82652    0.0023719425       4969.9188
1.000       353.86900    0.0024337206       5463.4696
1.000       361.91147    0.0023543480       5653.8980
1.000       369.95395    0.0017995034       4616.0014
1.000       377.99643    0.0023471890       6422.1641
1.000       386.03891    0.0015248138       4444.0640
1.000       394.08138    0.0015869314       4920.2387
1.000       402.12386    0.0020796221       6850.6884
1.000       410.16634    0.0016642012       5817.7646
1.000       418.20881   0.00073222566       2713.2809
1.000       426.25129   0.00088976221       3490.9316
1.000       434.29377   0.00086391835       3585.0379
1.000       442.33625    0.0010555665       4628.2143
1.000       450.37872    0.0013059483       6044.0747
1.000       458.42120    0.0014051317       6857.7457
1.000       466.46368   0.00098370486       5058.1135
1.000       474.50615    0.0013928173       7538.5872
1.000       482.54863    0.0015946753       9077.4902
1.000       490.59111    0.0010596886       6338.8072
1.000       498.63359    0.0014335603       9003.9031
1.000       506.67606    0.0011407561       7517.1672
1.000       514.71854   0.00096282643       6651.6241
0.750     0.015707963       4314.1001   0.00084707157
0.750     0.031415927       11122.924     0.017471848
0.750     0.047123890       5838.7100     0.030953557
0.750     0.062831853       4764.7654     0.059875808
0.750     0.078539816       3618.8772     0.088820609
0.750     0.094247780       2953.6068      0.12526690
0.750      0.10995574       2401.5931      0.16174224
0.750      0.12566371       2017.4131      0.20281249
0.750      0.14137167       1558.2800      0.22305035
0.750      0.15707963       1429.8439      0.28074920
0.750      0.17278760       1256.5451      0.32838705
0.750      0.18849556       1087.5441      0.36899501
0.750      0.20420352       988.70242      0.42650639
0.750      0.21991149       906.18929      0.48823951
0.750      0.23561945       796.99468      0.52815220
0.750      0.25132741       746.14468      0.60008516
0.750      0.26703538       654.27195      0.63115345
0.750      0.28274334       619.57504      0.70948190
0.750      0.29845130       558.85111      0.75263916
0.750      0.31415927       521.22210      0.81873376
0.750      0.32986723       485.07014      0.88204820
0.750      0.34557519       436.64121      0.91289883
0.750      0.36128316       425.31338       1.0160672
0.750      0.37699112       400.27879       1.0864912
0.750      0.39269908       369.86188       1.1347220
0.750      0.40840704       355.92899       1.2283250
0.750      0.42411501       335.01267       1.2947396
0.750      0.43982297       314.64443       1.3562009
0.750      0.45553093       299.56549       1.4345499
0.750      0.47123890       290.72768       1.5412747
0.750      0.48694686       272.43644       1.5936031
0.750      0.50265482       264.90478       1.7043925
0.750      0.51836279       252.90177       1.7845288
0.750      0.53407075       243.55720       1.8796094
0.750      0.54977871       237.01458       1.9953041
0.750      0.56548668       225.68602       2.0674835
0.750      0.58119464       223.27715       2.2206460
0.750      0.59690260       213.06716       2.2956052
0.750      0.61261057       208.46299       2.4280223
0.750      0.62831853       200.94360       2.5251317
0.750      0.64402649       193.93847       2.6244931
0.750      0.65973446       186.94712       2.7195468
0.750      0.67544242       183.86995       2.8704237
0.750      0.69115038       179.27120       2.9984613
0.750      0.70685835       172.34795       3.0837101
0.750      0.72256631       168.76731       3.2254604
0.750      0.73827427       161.87018       3.2998205
0.750      0.75398224       159.43065       3.4619870
0.750      0.76969020       155.98331       3.6032655
0.750      0.78539816       153.22910       3.7608080
0.750      0.80110613       148.99466       3.8807094
0.750      0.81681409       144.63591       3.9931539
0.750      0.83252205       141.07129       4.1237861
0.750      0.84823002       140.22189       4.3353781
0.750      0.86393798       135.11781       4.4139821
0.750      0.87964594       131.89974       4.5481829
0.750      0.89535391       128.55764       4.6746851
0.750      0.91106187       127.60429       4.8885399
0.750      0.92676983       125.18823       5.0483498
0.750      0.94247780       122.77014       5.2068661
0.750      0.95818576       121.11676       5.3978849
0.750      0.97389372       118.93034       5.5654159
0.750      0.98960169       117.13957       5.7511561
0.750       1.0053096       114.38682       5.8877015
0.750       1.0367256       109.36603       6.1736803
0.750       1.0681415       105.93880       6.5405107
0.750       1.0995574       101.70656       6.8497222
0.750       1.1309734       101.70849       7.4539179
0.750       1.1623893       97.112932       7.7268435
0.750       1.1938052       93.436987       8.0535896
0.750       1.2252211       91.523558       8.5279883
0.750       1.2566371       87.988795       8.8455985
0.750       1.2880530       86.268498       9.3395012
0.750       1.3194689       82.841422       9.6408492
0.750       1.3508848       81.681418       10.201135
0.750       1.3823008       79.619190       10.653582
0.750       1.4137167       77.191922       11.049160
0.750       1.4451326       75.625303       11.562733
0.750       1.4765485       72.914527       11.891250
0.750       1.5079645       70.917249       12.319568
0.750       1.5393804       69.305493       12.807836
0.750       1.5707963       67.690152       13.290930
0.750       1.6022123       66.505746       13.857650
0.750       1.6336282       64.430970       14.230645
0.750       1.6650441       63.271215       14.796318
0.750       1.6964600       62.221335       15.390066
0.750       1.7278760       60.362601       15.775237
0.750       1.7592919       58.542981       16.149489
0.750       1.7907078       57.640540       16.767661
0.750       1.8221237       56.014213       17.167304
0.750       1.8535397       54.731137       17.656734
0.750       1.8849556       53.818935       18.260335
0.750       1.9163715       52.519680       18.725415
0.750       1.9477874       51.559449       19.302040
0.750       1.9792034       51.101350       20.071226
0.750       2.0106193       49.255611       20.282221
0.750       2.0734512       46.456800       20.979782
0.750       2.1362830       45.552193       22.498621
0.750       2.1991149       43.620982       23.502250
0.750       2.2619467       41.562760       24.368104
0.750       2.3247786       40.168020       25.567924
0.750       2.3876104       38.747570       26.718072
0.750       2.4504423       37.099093       27.654574
0.750       2.5132741       35.939408       28.904187
0.750       2.5761060       34.241536       29.656143
0.750       2.6389378       33.494537       31.183992
0.750       2.7017697       32.760750       32.731738
0.750       2.7646015       30.464055       32.610361
0.750       2.8274334       30.346230       34.749788
0.750       2.8902652       28.849776       35.287900
0.750       2.9530971       28.554934       37.255003
0.750       3.0159289       26.937058       37.435509
0.750       3.0787608       25.928281       38.332914
0.750       3.1415927       25.333493       39.793758
0.750       3.2044245       24.300682       40.507818
0.750       3.2672564       23.366317       41.286699
0.750       3.3300882       22.781893       42.621358
0.750       3.3929201       22.063572       43.658314
0.750       3.4557519       21.654508       45.273728
0.750       3.5185838       20.897406       46.117561
0.750       3.5814156       20.012504       46.573176
0.750       3.6442475       19.581403       48.010656
0.750       3.7070793       18.875456       48.715073
0.750       3.7699112       18.359943       49.835054
0.750       3.8327430       17.812132       50.806031
0.750       3.8955749       17.220006       51.572506
0.750       3.9584067       16.897433       53.094830
0.750       4.0212386       16.314353       53.742720
0.750       4.1469023       15.654580       56.556573
0.750       4.2725660       14.712225       58.131958
0.750       4.3982297       14.034856       60.493949
0.750       4.5238934       13.141062       61.636478
0.750       4.6495571       12.787049       65.114144
0.750       4.7752208       12.030506       66.364304
0.750       4.9008845       11.445625       68.254796
0.750       5.0265482       10.855188       69.842080
0.750       5.1522120       10.357609       71.764711
0.750       5.2778757       9.8163030       73.113180
0.750       5.4035394       9.3187326       74.483842
0.750       5.5292031       8.9584229       76.716617
0.750       5.6548668       8.5966471       78.752889
0.750       5.7805305       8.2364505       80.595991
0.750       5.9061942       7.9342646       82.813303
0.750       6.0318579       7.5408866       83.838978
0.750       6.1575216       7.3163569       86.533242
0.750       6.2831853       7.0903709       89.100228
0.750       6.4088490       6.7458049       89.958905
0.750       6.5345127       6.5570489       92.686889
0.750       6.6601764       6.2874672       94.102940
0.750       6.7858401       6.0819728       96.277677
0.750       6.9115038       5.8802377       98.351912
0.750       7.0371675       5.6556154       99.849018
0.750       7.1628313       5.4710523       101.85803
0.750       7.2884950       5.3263677       104.47562
0.750       7.4141587       5.1253051       105.82191
0.750       7.5398224       5.0039900       108.66008
0.750       7.6654861       4.7920830       109.34872
0.750       7.7911498       4.6530626       111.48433
0.750       7.9168135       4.5219865       113.67128
0.750       8.0424772       4.4006769       115.97363
0.750       8.2938046       4.0867871       118.11734
0.750       8.5451320       3.8808382       122.67389
0.750       8.7964594       3.6087943       124.43888
0.750       9.0477868       3.5160345       131.93210
0.750       9.2991143       3.2450989       132.19741
0.750       9.5504417       3.1095605       137.22702
0.750       9.8017691       2.9670025       141.54729
0.750       10.053096       2.8547253       146.93800
0.750       10.304424       2.7476267       152.29973
0.750       10.555751       2.5691489       153.08301
0.750       10.807079       2.4976210       159.70619
0.750       11.058406       2.3715480       162.47247
0.750       11.309734       2.2797399       167.07547
0.750       11.561061       2.1952143       171.84632
0.750       11.812388       2.0993774       175.29678
0.750       12.063716       1.9893498       176.93947
0.750       12.315043       1.9482293       184.33939
0.750       12.566371       1.8823020       189.22964
0.750       12.817698       1.7767880       189.55532
0.750       13.069025       1.7587971       198.89122
0.750       13.320353       1.6600265       198.76160
0.750       13.571680       1.6007589       202.72020
0.750       13.823008       1.5646927       209.36639
0.750       14.074335       1.4917702       210.69578
0.750       14.325663       1.4614834       217.67486
0.750       14.576990       1.3964278       219.12519
0.750       14.828317       1.3666105       225.73070
0.750       15.079645       1.3117503       227.87398
0.750       15.330972       1.2685075       231.56471
0.750       15.582300       1.2410313       237.87437
0.750       15.833627       1.2075249       242.83294
0.750       16.084954       1.1633409       245.26566
0.750       16.587609       1.1232688       259.71997
0.750       17.090264       1.0398420       262.95652
0.750       17.592919      0.98428219       271.52110
0.750       18.095574      0.95053595       285.33554
0.750       18.598229      0.89746459       292.48414
0.750       19.100883      0.84661331       298.89298
0.750       19.603538      0.80326673       306.57266
0.750       20.106193      0.76455536       314.82466
0.750       20.608848      0.73823645       327.36096
0.750       21.111503      0.69745527       332.46356
0.750       21.614157      0.68163325       348.68716
0.750       22.116812      0.64880129       355.59002
0.750       22.619467      0.62321249       365.38736
0.750       23.122122      0.59834918       374.72099
0.750       23.624777      0.57550505       384.43466
0.750       24.127432      0.55915344       397.86390
0.750       24.630086      0.53217807       402.83300
0.750       25.132741      0.51410104       413.46459
0.750       25.635396      0.50898552       434.40596
0.750       26.138051      0.48291774       436.88085
0.750       26.640706      0.46176577       442.31246
0.750       27.143361      0.44509390       450.93376
0.750       27.646015      0.44168784       472.80639
0.750       28.148670      0.42841697       484.07268
0.750       28.651325      0.41092867       489.63317
0.750       29.153980      0.39669229       497.98649
0.750       29.656635      0.38617946       510.29937
0.750       30.159289      0.37378295       519.46114
0.750       30.661944      0.36029453       526.17111
0.750       31.164599      0.35347050       542.01096
0.750       31.667254      0.34457106       554.34518
0.750       32.169909      0.32907609       555.02951
0.750       33.175218      0.31375423       580.36501
0.750       34.180528      0.29726685       601.38562
0.750       35.185838      0.28796233       635.49132
0.750       36.191147      0.27311231       655.87124
0.750       37.196457      0.25606207       667.60600
0.750       38.201767      0.24214045       683.89266
0.750       39.207076      0.23540479       718.75176
0.750       40.212386      0.22595165       744.32962
0.750       41.217696      0.21785446       772.83686
0.750       42.223005      0.21068463       803.43463
0.750       43.228315      0.20219706       827.46572
0.750       44.233625      0.19508799       855.37858
0.750       45.238934      0.18434236       864.63436
0.750       46.244244      0.17728161       888.19230
0.750       47.249554      0.17381674       928.87013
0.750       48.254863      0.16964224       965.66728
0.750       49.260173      0.16209064       981.55807
0.750       50.265482      0.15702646       1010.3054
0.750       51.270792      0.15205991       1038.2335
0.750       52.276102      0.14674477       1062.0439
0.750       53.281411      0.14359797       1100.3877
0.750       54.286721      0.13881787       1125.1139
0.750       55.292031      0.13159926       1126.9673
0.750       56.297340      0.13013856       1176.3590
0.750       57.302650      0.12536533       1195.0108
0.750       58.307960      0.12244618       1229.6996
0.750       59.313269      0.11931688       1261.3271
0.750       60.318579      0.11640508       1294.1824
0.750       61.323889      0.11144265       1301.9993
0.750       62.329198      0.10905611       1337.8113
0.750       63.334508      0.10647811       1370.4140
0.750       64.339818      0.10443074       1409.0879
0.750       66.350437      0.10153014       1502.4382
0.750       68.361056     0.094785308       1534.0431
0.750       70.371675     0.090467934       1597.1974
0.750       72.382295     0.083232128       1599.0362
0.750       74.392914     0.082142408       1713.2960
0.750       76.403533     0.077491568       1750.9149
0.750       78.414153     0.075537824       1845.0923
0.750       80.424772     0.072222977       1903.3347
0.750       82.435391     0.066887303       1898.2572
0.750       84.446011     0.067121086       2047.7015
0.750       86.456630     0.062959355       2061.2252
0.750       88.467249     0.059678557       2093.3225
0.750       90.477868     0.056931801       2136.2509
0.750       92.488488     0.055182167       2211.7297
0.750       94.499107     0.051686783       2209.6978
0.750       96.509726     0.050708576       2309.2180
0.750       98.520346     0.048741566       2361.2802
0.750       100.53096     0.047690602       2454.7237
0.750       102.54158     0.046936067       2563.7579
0.750       104.55220     0.045002190       2605.5744
0.750       106.56282     0.043782821       2684.0534
0.750       108.57344     0.041566616       2695.1674
0.750       110.58406     0.040205309       2754.4270
0.750       112.59468     0.040434180       2923.9673
0.750       114.60530     0.037504259       2859.9929
0.750       116.61592     0.036576070       2938.6023
0.750       118.62654     0.034684543       2933.2684
0.750       120.63716     0.034210066       3042.7583
0.750       122.64778     0.033284963       3110.9812
0.750       124.65840     0.032527551       3192.1716
0.750       126.66902     0.031058714       3197.9003
0.750       128.67964     0.029047808       3135.5453
0.750       132.70087     0.028341676       3355.1901
0.750       136.72211     0.027848235       3605.6553
0.750       140.74335     0.025022768       3534.1849
0.750       144.76459     0.024172230       3715.1299
0.750       148.78583     0.023392397       3903.2798
0.750       152.80707     0.022472917       4062.1880
0.750       156.82831     0.021645210       4229.6596
0.750       160.84954     0.018894246       3983.4496
0.750       164.87078     0.017764934       4033.3412
0.750       168.89202     0.018685308       4560.3473
0.750       172.91326     0.017793512       4660.3316
0.750       176.93450     0.015275008       4286.3662
0.750       180.95574     0.014999996       4502.7566
0.750       184.97698     0.014514629       4654.0306
0.750       188.99821     0.014133288       4833.7767
0.750       193.01945     0.012792967       4660.6317
0.750       197.04069     0.013054265       5059.3003
0.750       201.06193     0.011863179       4884.9584
0.750       205.08317     0.011490769       5021.2217
0.750       209.10441     0.010907688       5052.3393
0.750       213.12565     0.011003087       5396.2487
0.750       217.14688     0.010103382       5240.8031
0.750       221.16812    0.0098377044       5391.7733
0.750       225.18936    0.0089115383       5155.4496
0.750       229.21060    0.0087803412       5356.5572
0.750       233.23184    0.0084852392       5453.7830
0.750       237.25308    0.0083355911       5639.5211
0.750       241.27432    0.0075310227       5358.6759
0.750       245.29555    0.0079518740       5945.7793
0.750       249.31679    0.0072878777       5721.7112
0.750       253.33803    0.0068120274       5611.0975
0.750       257.35927    0.0063081781       5447.4551
0.750       265.40175    0.0061497428       5824.2304
0.750       273.44422    0.0055729363       5772.4556
0.750       281.48670    0.0043842380       4953.7950
0.750       289.52918    0.0059142094       7271.8343
0.750       297.57166    0.0041917770       5595.5544
0.750       305.61413    0.0039665214       5735.8841
0.750       313.65661    0.0039346092       6150.8508
0.750       321.69909    0.0042172547       7112.9471
0.750       329.74156    0.0029118511       5288.8409
0.750       337.78404    0.0034844475       6803.3304
0.750       345.82652    0.0030222119       6332.4250
0.750       353.86900    0.0026702711       5994.5027
0.750       361.91147    0.0027088152       6505.1407
0.750       369.95395    0.0020298045       5206.7590
0.750       377.99643    0.0027388333       7493.7456
0.750       386.03891    0.0021680264       6318.7045
0.750       394.08138    0.0018240658       5655.4675
0.750       402.12386    0.0014580963       4803.2587
0.750       410.16634    0.0019662821       6873.7877
0.750       418.20881    0.0021475680       7957.8678
0.750       426.25129    0.0019461933       7635.7792
0.750       434.29377    0.0020802375       8632.4479
0.750       442.33625    0.0015787869       6922.3148
0.750       450.37872    0.0013545936       6269.2110
0.750       458.42120    0.0013549019       6612.5989
0.750       466.46368    0.0019876918       10220.516
0.750       474.50615    0.0016234534       8786.8991
0.750       482.54863    0.0010723756       6104.3641
0.750       490.59111    0.0010709212       6405.9977
0.750       498.63359    0.0016569529       10406.987
0.750       506.67606   0.00088560675       5835.8261
0.750       514.71854    0.0012165037       8404.1369
0.500     0.015707963       5505.9117    0.0010810832
0.500     0.031415927       14208.364     0.022318447
0.500     0.047123890       7434.0328     0.039411061
0.500     0.062831853       6095.8879     0.076603187
0.500     0.078539816       4634.9416      0.11375858
0.500     0.094247780       3777.4797      0.16020858
0.500      0.10995574       3074.5595      0.20706510
0.500      0.12566371       2567.2596      0.25808909
0.500      0.14137167       2013.1454      0.28815925
0.500      0.15707963       1854.3690      0.36410449
0.500      0.17278760       1637.9140      0.42805446
0.500      0.18849556       1406.8491      0.47733264
0.500      0.20420352       1292.5030      0.55755987
0.500      0.21991149       1182.3900      0.63705182
0.500      0.23561945       1046.9203      0.69377280
0.500      0.25132741       982.91841      0.79050989
0.500      0.26703538       866.72532      0.83609983
0.500      0.28274334       823.74731      0.94328171
0.500      0.29845130       749.67617       1.0096350
0.500      0.31415927       703.46480       1.1049999
0.500      0.32986723       656.67187       1.1940876
0.500      0.34557519       596.70931       1.2475580
0.500      0.36128316       579.34037       1.3840354
0.500      0.37699112       549.10376       1.4904521
0.500      0.39269908       511.20177       1.5683474
0.500      0.40840704       488.87709       1.6871342
0.500      0.42411501       465.95576       1.8008016
0.500      0.43982297       440.21455       1.8974414
0.500      0.45553093       414.35799       1.9842647
0.500      0.47123890       405.97448       2.1522484
0.500      0.48694686       381.32171       2.2305220
0.500      0.50265482       372.63315       2.3975149
0.500      0.51836279       356.71921       2.5170869
0.500      0.53407075       343.73215       2.6526918
0.500      0.54977871       332.37862       2.7981250
0.500      0.56548668       318.64253       2.9190473
0.500      0.58119464       316.79473       3.1507432
0.500      0.59690260       304.51006       3.2808195
0.500      0.61261057       298.94228       3.4818580
0.500      0.62831853       287.80315       3.6166411
0.500      0.64402649       278.65967       3.7709917
0.500      0.65973446       270.43819       3.9341035
0.500      0.67544242       265.64190       4.1469790
0.500      0.69115038       259.27559       4.3366019
0.500      0.70685835       251.18940       4.4943691
0.500      0.72256631       243.93271       4.6620123
0.500      0.73827427       234.15205       4.7733297
0.500      0.75398224       231.41441       5.0250917
0.500      0.76969020       226.19338       5.2251410
0.500      0.78539816       224.78684       5.5170991
0.500      0.80110613       217.69469       5.6700677
0.500      0.81681409       210.65536       5.8158398
0.500      0.83252205       206.48905       6.0360736
0.500      0.84823002       205.82086       6.3635661
0.500      0.86393798       199.00329       6.5009709
0.500      0.87964594       194.20985       6.6967676
0.500      0.89535391       188.45411       6.8526740
0.500      0.91106187       187.47176       7.1820714
0.500      0.92676983       184.46714       7.4388351
0.500      0.94247780       180.33131       7.6481216
0.500      0.95818576       178.70052       7.9642562
0.500      0.97389372       175.06150       8.1921066
0.500      0.98960169       172.46019       8.4672114
0.500       1.0053096       169.55774       8.7274513
0.500       1.0367256       161.30706       9.1057365
0.500       1.0681415       156.41241       9.6566800
0.500       1.0995574       150.34530       10.125439
0.500       1.1309734       150.58375       11.035842
0.500       1.1623893       145.61209       11.585706
0.500       1.1938052       139.34743       12.010736
0.500       1.2252211       135.81259       12.654755
0.500       1.2566371       130.66368       13.135746
0.500       1.2880530       128.24720       13.884151
0.500       1.3194689       123.73004       14.399350
0.500       1.3508848       120.85572       15.093587
0.500       1.3823008       118.44485       15.848716
0.500       1.4137167       115.50096       16.532671
0.500       1.4451326       111.70136       17.078583
0.500       1.4765485       106.85933       17.427131
0.500       1.5079645       104.85842       18.215744
0.500       1.5393804       102.58007       18.957065
0.500       1.5707963       101.11666       19.854210
0.500       1.6022123       98.465189       20.516965
0.500       1.6336282       94.634599       20.901615
0.500       1.6650441       92.733770       21.686297
0.500       1.6964600       91.053660       22.521565
0.500       1.7278760       88.568672       23.146647
0.500       1.7592919       85.992023       23.721499
0.500       1.7907078       84.547130       24.594801
0.500       1.8221237       82.370518       25.245016
0.500       1.8535397       80.508272       25.972659
0.500       1.8849556       78.681407       26.695973
0.500       1.9163715       77.264582       27.547985
0.500       1.9477874       75.117434       28.121319
0.500       1.9792034       75.225779       29.546648
0.500       2.0106193       72.075385       29.678830
0.500       2.0734512       68.123499       30.764413
0.500       2.1362830       66.049214       32.622277
0.500       2.1991149       63.308466       34.109534
0.500       2.2619467       60.866073       35.685571
0.500       2.3247786       58.292641       37.104687
0.500       2.3876104       57.288981       39.503152
0.500       2.4504423       52.879208       39.417459
0.500       2.5132741       52.180247       41.965845
0.500       2.5761060       49.788591       43.121243
0.500       2.6389378       47.815655       44.517200
0.500       2.7017697       46.810504       46.769050
0.500       2.7646015       43.870321       46.961148
0.500       2.8274334       43.685054       50.024215
0.500       2.8902652       41.293391       50.508435
0.500       2.9530971       39.973209       52.152178
0.500       3.0159289       38.246243       53.152336
0.500       3.0787608       37.272749       55.104813
0.500       3.1415927       35.745825       56.149411
0.500       3.2044245       35.264412       58.783716
0.500       3.2672564       33.775054       59.678232
0.500       3.3300882       32.141438       60.131602
0.500       3.3929201       31.366538       62.066569
0.500       3.4557519       30.507878       63.783734
0.500       3.5185838       29.143836       64.316241
0.500       3.5814156       28.375686       66.036007
0.500       3.6442475       27.745799       68.028528
0.500       3.7070793       26.597232       68.643961
0.500       3.7699112       25.924380       70.367479
0.500       3.8327430       25.121252       71.654036
0.500       3.8955749       24.520813       73.437823
0.500       3.9584067       23.738378       74.590333
0.500       4.0212386       23.258457       76.617978
0.500       4.1469023       21.972679       79.382483
0.500       4.2725660       20.807975       82.217909
0.500       4.3982297       19.463015       83.890757
0.500       4.5238934       18.665617       87.548703
0.500       4.6495571       17.394509       88.576231
0.500       4.7752208       16.292767       89.876361
0.500       4.9008845       15.442608       92.090394
0.500       5.0265482       14.974712       96.347024
0.500       5.1522120       14.361114       99.503776
0.500       5.2778757       13.726845       102.23943
0.500       5.4035394       12.967682       103.64959
0.500       5.5292031       12.621932       108.08955
0.500       5.6548668       12.101900       110.86410
0.500       5.7805305       11.602408       113.53284
0.500       5.9061942       11.178187       116.67150
0.500       6.0318579       10.522819       116.99186
0.500       6.1575216       10.124947       119.75147
0.500       6.2831853       9.6430343       121.17794
0.500       6.4088490       9.3167495       124.24382
0.500       6.5345127       8.9941940       127.13705
0.500       6.6601764       8.7855547       131.49119
0.500       6.7858401       8.3734813       132.55227
0.500       6.9115038       8.0903715       135.31825
0.500       7.0371675       7.9291700       139.98828
0.500       7.1628313       7.6770713       142.92888
0.500       7.2884950       7.2755474       142.70839
0.500       7.4141587       7.0389241       145.33231
0.500       7.5398224       6.7870841       147.37942
0.500       7.6654861       6.5296822       148.99833
0.500       7.7911498       6.4723502       155.07326
0.500       7.9168135       6.2788471       157.83431
0.500       8.0424772       6.0052221       158.25916
0.500       8.2938046       5.6514265       163.33894
0.500       8.5451320       5.3064924       167.73903
0.500       8.7964594       4.9445855       170.49979
0.500       9.0477868       4.7322771       177.56915
0.500       9.2991143       4.4895778       182.89444
0.500       9.5504417       4.3099581       190.20139
0.500       9.8017691       4.1867997       199.74037
0.500       10.053096       3.9038543       200.93862
0.500       10.304424       3.7649734       208.69081
0.500       10.555751       3.5490731       211.47189
0.500       10.807079       3.3873640       216.59931
0.500       11.058406       3.2015416       219.33453
0.500       11.309734       3.0807602       225.77990
0.500       11.561061       2.9539182       231.23938
0.500       11.812388       2.8298860       236.29381
0.500       12.063716       2.7413574       243.82555
0.500       12.315043       2.6084306       246.80694
0.500       12.566371       2.5264617       253.98763
0.500       12.817698       2.4396744       260.27487
0.500       13.069025       2.3521151       265.98579
0.500       13.320353       2.2332060       267.39066
0.500       13.571680       2.1781044       275.83528
0.500       13.823008       2.0882099       279.41650
0.500       14.074335       2.0442966       288.73393
0.500       14.325663       1.9404834       289.01763
0.500       14.576990       1.8899117       296.56188
0.500       14.828317       1.8176368       300.22923
0.500       15.079645       1.7635844       306.36548
0.500       15.330972       1.7117144       312.47167
0.500       15.582300       1.6759432       321.23600
0.500       15.833627       1.6220201       326.18780
0.500       16.084954       1.5670547       330.38012
0.500       16.587609       1.4558527       336.61935
0.500       17.090264       1.3918129       351.96334
0.500       17.592919       1.3210525       364.42155
0.500       18.095574       1.2477717       374.56090
0.500       18.598229       1.2131830       395.37692
0.500       19.100883       1.1070127       390.82581
0.500       19.603538       1.0652986       406.57906
0.500       20.106193       1.0272182       422.98262
0.500       20.608848      0.97548330       432.56486
0.500       21.111503      0.94349741       449.74714
0.500       21.614157      0.90832583       464.65098
0.500       22.116812      0.85645028       469.39668
0.500       22.619467      0.81156589       475.81831
0.500       23.122122      0.78941585       494.37803
0.500       23.624777      0.75954635       507.37339
0.500       24.127432      0.72892924       518.66735
0.500       24.630086      0.70451152       533.28107
0.500       25.132741      0.67724886       544.67585
0.500       25.635396      0.64703735       552.22963
0.500       26.138051      0.63763277       576.84680
0.500       26.640706      0.61174738       585.97563
0.500       27.143361      0.59096595       598.71972
0.500       27.646015      0.57370624       614.12598
0.500       28.148670      0.55525878       627.39252
0.500       28.651325      0.53431971       636.65710
0.500       29.153980      0.52522553       659.34032
0.500       29.656635      0.50907261       672.69095
0.500       30.159289      0.48774579       677.83986
0.500       30.661944      0.48067069       701.96745
0.500       31.164599      0.45689152       700.59654
0.500       31.667254      0.45034526       724.51447
0.500       32.169909      0.43115429       727.19764
0.500       33.175218      0.41642896       770.28699
0.500       34.180528      0.39559767       800.31378
0.500       35.185838      0.37372535       824.75794
0.500       36.191147      0.35580660       854.45917
0.500       37.196457      0.33471153       872.66117
0.500       38.201767      0.32756852       925.17259
0.500       39.207076      0.30959433       945.27164
0.500       40.212386      0.30184517       994.33795
0.500       41.217696      0.28515879       1011.5984
0.500       42.223005      0.27441691       1046.4743
0.500       43.228315      0.26249567       1074.2301
0.500       44.233625      0.25484260       1117.3774
0.500       45.238934      0.24474636       1147.9517
0.500       46.244244      0.23787748       1191.7815
0.500       47.249554      0.23095475       1234.2135
0.500       48.254863      0.21959958       1250.0432
0.500       49.260173      0.21259138       1287.3709
0.500       50.265482      0.20396273       1312.2925
0.500       51.270792      0.19718018       1346.3055
0.500       52.276102      0.19277405       1395.1742
0.500       53.281411      0.18587776       1424.3767
0.500       54.286721      0.18273752       1481.0811
0.500       55.292031      0.17437771       1493.3061
0.500       56.297340      0.16961860       1533.2302
0.500       57.302650      0.16713157       1593.1360
0.500       58.307960      0.16145998       1621.5065
0.500       59.313269      0.15756471       1665.6540
0.500       60.318579      0.15480159       1721.0718
0.500       61.323889      0.14702628       1717.7276
0.500       62.329198      0.14359064       1761.4528
0.500       63.334508      0.14126844       1818.1789
0.500       64.339818      0.13809830       1863.3656
0.500       66.350437      0.12705629       1880.1729
0.500       68.361056      0.12008900       1943.5682
0.500       70.371675      0.12011492       2120.6105
0.500       72.382295      0.11225570       2156.6303
0.500       74.392914      0.10702773       2232.3449
0.500       76.403533      0.10577673       2390.0155
0.500       78.414153      0.10169369       2483.9773
0.500       80.424772     0.091612711       2414.3238
0.500       82.435391     0.090185448       2559.4570
0.500       84.446011     0.088837594       2710.2194
0.500       86.456630     0.084554891       2768.2410
0.500       88.467249     0.077913332       2732.9369
0.500       90.477868     0.077993296       2926.5410
0.500       92.488488     0.075281115       3017.3059
0.500       94.499107     0.073670579       3149.5424
0.500       96.509726     0.070941892       3230.6230
0.500       98.520346     0.066170681       3205.6318
0.500       100.53096     0.065785655       3386.1096
0.500       102.54158     0.062605752       3419.6729
0.500       104.55220     0.061533062       3562.6927
0.500       106.56282     0.059110771       3623.7150
0.500       108.57344     0.057689390       3740.5634
0.500       110.58406     0.055489458       3801.5294
0.500       112.59468     0.053913783       3898.7347
0.500       114.60530     0.053159288       4053.8112
0.500       116.61592     0.050790678       4080.6354
0.500       118.62654     0.048732390       4121.2935
0.500       120.63716     0.047405682       4216.4209
0.500       122.64778     0.045741352       4275.2184
0.500       124.65840     0.044778183       4394.4177
0.500       126.66902     0.043697041       4499.1811
0.500       128.67964     0.042656491       4604.5251
0.500       132.70087     0.038913462       4606.7164
0.500       136.72211     0.035117262       4546.8140
0.500       140.74335     0.036724986       5186.9917
0.500       144.76459     0.033796464       5194.3182
0.500       148.78583     0.031807692       5307.4648
0.500       152.80707     0.030623673       5535.5127
0.500       156.82831     0.028443092       5558.0240
0.500       160.84954     0.028451432       5998.3788
0.500       164.87078     0.026079899       5921.1663
0.500       168.89202     0.024805406       6054.0220
0.500       172.91326     0.024727063       6476.3110
0.500       176.93450     0.022895853       6424.8744
0.500       180.95574     0.021699270       6513.7705
0.500       184.97698     0.021571331       6916.7205
0.500       188.99821     0.020497840       7010.5398
0.500       193.01945     0.018611008       6780.2140
0.500       197.04069     0.018599095       7208.2499
0.500       201.06193     0.016994818       6998.0383
0.500       205.08317     0.017023720       7439.0036
0.500       209.10441     0.016856334       7807.6969
0.500       213.12565     0.015103037       7406.9889
0.500       217.14688     0.014867582       7712.0777
0.500       221.16812     0.014196598       7780.7624
0.500       225.18936     0.013741296       7949.5318
0.500       229.21060     0.013351433       8145.2090
0.500       233.23184     0.012534139       8056.1638
0.500       237.25308     0.012379739       8375.6264
0.500       241.27432     0.011658504       8295.5725
0.500       245.29555     0.010271516       7680.2231
0.500       249.31679     0.010658361       8367.8772
0.500       253.33803     0.010739013       8845.7733
0.500       257.35927    0.0094176435       8132.6476
0.500       265.40175    0.0098074741       9288.3541
0.500       273.44422     0.010110209       10472.169
0.500       281.48670    0.0076281945       8619.1743
0.500       289.52918    0.0088308995       10858.060
0.500       297.57166    0.0064442453       8602.3481
0.500       305.61413    0.0081241576       11748.134
0.500       313.65661    0.0065956800       10310.819
0.500       321.69909    0.0055185625       9307.7714
0.500       329.74156    0.0045349843       8236.9633
0.500       337.78404    0.0053275127       10401.887
0.500       345.82652    0.0043484794       9111.3464
0.500       353.86900    0.0047774241       10724.859
0.500       361.91147    0.0044746005       10745.622
0.500       369.95395    0.0042112593       10802.524
0.500       377.99643    0.0038962451       10660.550
0.500       386.03891    0.0038180139       11127.587
0.500       394.08138    0.0034336888       10646.061
0.500       402.12386    0.0032819745       10811.476
0.500       410.16634    0.0024716864       8640.5953
0.500       418.20881    0.0030721589       11383.963
0.500       426.25129    0.0021259577       8341.0744
0.500       434.29377    0.0029334826       12173.195
0.500       442.33625    0.0024840463       10891.496
0.500       450.37872    0.0023792493       11011.432
0.500       458.42120    0.0020120163       9819.6460
0.500       466.46368    0.0019992163       10279.774
0.500       474.50615    0.0019228128       10407.174
0.500       482.54863    0.0020832586       11858.690
0.500       490.59111    0.0013064285       7814.7472
0.500       498.63359    0.0018020590       11318.369
0.500       506.67606    0.0015544397       10243.192
0.500       514.71854    0.0010382390       7172.6073
0.375     0.015707963       6255.2563    0.0012282167
0.375     0.031415927       16148.635     0.025366217
0.375     0.047123890       8433.9161     0.044711880
0.375     0.062831853       6934.1349     0.087136909
0.375     0.078539816       5276.2936      0.12949973
0.375     0.094247780       4296.3802      0.18221593
0.375      0.10995574       3500.2138      0.23573202
0.375      0.12566371       2912.8511      0.29283173
0.375      0.14137167       2303.6648      0.32974385
0.375      0.15707963       2126.9298      0.41762169
0.375      0.17278760       1883.9802      0.49236171
0.375      0.18849556       1611.4776      0.54676147
0.375      0.20420352       1490.1002      0.64279935
0.375      0.21991149       1360.7046      0.73312472
0.375      0.23561945       1210.3872      0.80209902
0.375      0.25132741       1137.5375      0.91486191
0.375      0.26703538       1007.1279      0.97154135
0.375      0.28274334       957.90591       1.0969081
0.375      0.29845130       877.05717       1.1811868
0.375      0.31415927       824.55202       1.2952033
0.375      0.32986723       771.14858       1.4022513
0.375      0.34557519       706.16616       1.4764027
0.375      0.36128316       683.20486       1.6321661
0.375      0.37699112       649.53314       1.7630512
0.375      0.39269908       608.09574       1.8656144
0.375      0.40840704       579.65573       2.0004148
0.375      0.42411501       556.10442       2.1492035
0.375      0.43982297       528.01477       2.2758837
0.375      0.45553093       493.68497       2.3641432
0.375      0.47123890       486.63865       2.5798844
0.375      0.48694686       456.56952       2.6706802
0.375      0.50265482       447.92376       2.8819333
0.375      0.51836279       429.76719       3.0325290
0.375      0.53407075       413.80329       3.1934534
0.375      0.54977871       397.84250       3.3492317
0.375      0.56548668       383.77667       3.5157336
0.375      0.58119464       383.01348       3.8093346
0.375      0.59690260       368.00649       3.9649357
0.375      0.61261057       362.64237       4.2237893
0.375      0.62831853       349.41180       4.3908382
0.375      0.64402649       338.23132       4.5771514
0.375      0.65973446       330.27746       4.8045940
0.375      0.67544242       323.56330       5.0511994
0.375      0.69115038       315.84864       5.2828337
0.375      0.70685835       307.20567       5.4966320
0.375      0.72256631       296.98467       5.6759351
0.375      0.73827427       285.86980       5.8276269
0.375      0.75398224       282.60569       6.1366946
0.375      0.76969020       275.92067       6.3738577
0.375      0.78539816       275.22185       6.7549605
0.375      0.80110613       266.81781       6.9495267
0.375      0.81681409       258.38909       7.1336877
0.375      0.83252205       253.91870       7.4225339
0.375      0.84823002       252.51384       7.8072188
0.375      0.86393798       244.54450       7.9886954
0.375      0.87964594       238.17106       8.2126435
0.375      0.89535391       232.24887       8.4451635
0.375      0.91106187       230.63838       8.8357913
0.375      0.92676983       227.18420       9.1614467
0.375      0.94247780       221.98893       9.4148836
0.375      0.95818576       219.33797       9.7753703
0.375      0.97389372       215.21305       10.071022
0.375      0.98960169       211.53074       10.385443
0.375       1.0053096       208.67661       10.740972
0.375       1.0367256       198.95768       11.231103
0.375       1.0681415       193.63750       11.954904
0.375       1.0995574       187.58675       12.633572
0.375       1.1309734       185.87653       13.622347
0.375       1.1623893       180.36201       14.350601
0.375       1.1938052       171.37515       14.771293
0.375       1.2252211       167.09857       15.569922
0.375       1.2566371       161.68405       16.254254
0.375       1.2880530       159.12722       17.227248
0.375       1.3194689       152.96966       17.802175
0.375       1.3508848       150.85601       18.840302
0.375       1.3823008       147.22194       19.699284
0.375       1.4137167       143.32908       20.515955
0.375       1.4451326       138.54014       21.182099
0.375       1.4765485       133.63237       21.793407
0.375       1.5079645       130.32369       22.639506
0.375       1.5393804       127.83342       23.623951
0.375       1.5707963       126.48375       24.835025
0.375       1.6022123       122.39723       25.503630
0.375       1.6336282       117.07722       25.858439
0.375       1.6650441       116.17262       27.167600
0.375       1.6964600       112.47165       27.819174
0.375       1.7278760       109.21226       28.541667
0.375       1.7592919       106.82504       29.468431
0.375       1.7907078       105.36034       30.649375
0.375       1.8221237       101.24742       31.030433
0.375       1.8535397       100.17077       32.315949
0.375       1.8849556       97.862931       33.204110
0.375       1.9163715       95.928974       34.202605
0.375       1.9477874       92.834005       34.753779
0.375       1.9792034       91.635251       35.991844
0.375       2.0106193       88.982566       36.640781
0.375       2.0734512       85.199337       38.475821
0.375       2.1362830       81.335485       40.172298
0.375       2.1991149       78.655041       42.378010
0.375       2.2619467       74.439401       43.643567
0.375       2.3247786       71.958756       45.803502
0.375       2.3876104       69.299428       47.784859
0.375       2.4504423       65.025327       48.471474
0.375       2.5132741       63.784821       51.298797
0.375       2.5761060       61.334960       53.121401
0.375       2.6389378       58.171055       54.158256
0.375       2.7017697       56.263221       56.213395
0.375       2.7646015       53.382412       57.143401
0.375       2.8274334       52.235410       59.815317
0.375       2.8902652       50.599140       61.890857
0.375       2.9530971       48.027281       62.660151
0.375       3.0159289       45.995652       63.922000
0.375       3.0787608       46.142653       68.218265
0.375       3.1415927       43.508002       68.342209
0.375       3.2044245       42.724406       71.219091
0.375       3.2672564       40.923642       72.309303
0.375       3.3300882       39.124823       73.196424
0.375       3.3929201       38.147840       75.485076
0.375       3.4557519       36.876279       77.098340
0.375       3.5185838       35.218881       77.722990
0.375       3.5814156       34.131715       79.431460
0.375       3.6442475       33.349897       81.768936
0.375       3.7070793       32.018617       82.635845
0.375       3.7699112       31.143142       84.532953
0.375       3.8327430       30.212686       86.176472
0.375       3.8955749       29.254166       87.613828
0.375       3.9584067       28.416301       89.289225
0.375       4.0212386       27.757109       91.437431
0.375       4.1469023       25.987701       93.887878
0.375       4.2725660       24.623466       97.293941
0.375       4.3982297       23.198266       99.990675
0.375       4.5238934       22.179694       104.03103
0.375       4.6495571       20.586833       104.83217
0.375       4.7752208       19.849129       109.49445
0.375       4.9008845       18.939925       112.94628
0.375       5.0265482       18.303456       117.76410
0.375       5.1522120       16.956255       117.48472
0.375       5.2778757       16.431200       122.38185
0.375       5.4035394       15.834756       126.56586
0.375       5.5292031       15.184099       130.03100
0.375       5.6548668       14.306840       131.06330
0.375       5.7805305       13.601510       133.09461
0.375       5.9061942       13.277993       138.58807
0.375       6.0318579       12.648328       140.62311
0.375       6.1575216       12.152489       143.73196
0.375       6.2831853       11.799383       148.27542
0.375       6.4088490       11.331738       151.11477
0.375       6.5345127       10.771800       152.26433
0.375       6.6601764       10.326897       154.56007
0.375       6.7858401       9.9292738       157.18048
0.375       6.9115038       9.6760231       161.83961
0.375       7.0371675       9.4125735       166.17754
0.375       7.1628313       9.1236136       169.86007
0.375       7.2884950       8.6993563       170.63611
0.375       7.4141587       8.3168216       171.71699
0.375       7.5398224       8.2083940       178.24272
0.375       7.6654861       7.9180734       180.67950
0.375       7.7911498       7.5894523       181.83830
0.375       7.9168135       7.3776958       185.45658
0.375       8.0424772       7.1964466       189.65220
0.375       8.2938046       6.7683017       195.61915
0.375       8.5451320       6.3243175       199.91264
0.375       8.7964594       6.0385473       208.22192
0.375       9.0477868       5.7143346       214.41887
0.375       9.2991143       5.4495969       222.00328
0.375       9.5504417       5.0992850       225.03492
0.375       9.8017691       4.8143251       229.67783
0.375       10.053096       4.6505872       239.37435
0.375       10.304424       4.4434058       246.29602
0.375       10.555751       4.2916321       255.71735
0.375       10.807079       4.0480192       258.84380
0.375       11.058406       3.8862368       266.24234
0.375       11.309734       3.6962769       270.88932
0.375       11.561061       3.5114078       274.88092
0.375       11.812388       3.3677045       281.20135
0.375       12.063716       3.2242044       286.77159
0.375       12.315043       3.1270754       295.88056
0.375       12.566371       2.9845461       300.03930
0.375       12.817698       2.8709233       306.28234
0.375       13.069025       2.7666163       312.85911
0.375       13.320353       2.6878132       321.82259
0.375       13.571680       2.5549456       323.55847
0.375       13.823008       2.4631764       329.58953
0.375       14.074335       2.3848918       336.83918
0.375       14.325663       2.3188653       345.37423
0.375       14.576990       2.2261769       349.32807
0.375       14.828317       2.1786785       359.86451
0.375       15.079645       2.1119604       366.88450
0.375       15.330972       2.0434455       373.02883
0.375       15.582300       1.9654359       376.72443
0.375       15.833627       1.9373682       389.60423
0.375       16.084954       1.8375582       387.41003
0.375       16.587609       1.7707797       409.43615
0.375       17.090264       1.6693122       422.13770
0.375       17.592919       1.5652144       431.77529
0.375       18.095574       1.4719344       441.85093
0.375       18.598229       1.3973373       455.39289
0.375       19.100883       1.3208254       466.31138
0.375       19.603538       1.2688706       484.27382
0.375       20.106193       1.2187522       501.85149
0.375       20.608848       1.1461944       508.26438
0.375       21.111503       1.0991752       523.95576
0.375       21.614157       1.0575198       540.97064
0.375       22.116812       1.0083351       552.64055
0.375       22.619467      0.97540223       571.87500
0.375       23.122122      0.91682080       574.16640
0.375       23.624777      0.88216188       589.27998
0.375       24.127432      0.86311084       614.14385
0.375       24.630086      0.82502487       624.50383
0.375       25.132741      0.79940243       642.91758
0.375       25.635396      0.75879867       647.61502
0.375       26.138051      0.73986913       669.33689
0.375       26.640706      0.71967610       689.35752
0.375       27.143361      0.69212437       701.20539
0.375       27.646015      0.66386212       710.63367
0.375       28.148670      0.65673446       742.05092
0.375       28.651325      0.62681432       746.86705
0.375       29.153980      0.60253339       756.38852
0.375       29.656635      0.58611089       774.48971
0.375       30.159289      0.57215722       795.14980
0.375       30.661944      0.54874956       801.38926
0.375       31.164599      0.54072408       829.14522
0.375       31.667254      0.53125286       854.67845
0.375       32.169909      0.50985213       859.93175
0.375       33.175218      0.48710851       901.02606
0.375       34.180528      0.45931379       929.21465
0.375       35.185838      0.43371081       957.13720
0.375       36.191147      0.41682488       1000.9928
0.375       37.196457      0.39990831       1042.6425
0.375       38.201767      0.37822035       1068.2318
0.375       39.207076      0.35741384       1091.2770
0.375       40.212386      0.34606050       1139.9920
0.375       41.217696      0.33193628       1177.5412
0.375       42.223005      0.31966984       1219.0439
0.375       43.228315      0.30906681       1264.8166
0.375       44.233625      0.29109535       1276.3304
0.375       45.238934      0.27932562       1310.1413
0.375       46.244244      0.26890069       1347.2098
0.375       47.249554      0.26402964       1410.9644
0.375       48.254863      0.25644487       1459.7805
0.375       49.260173      0.24523913       1485.0730
0.375       50.265482      0.23806612       1531.7131
0.375       51.270792      0.22804551       1557.0475
0.375       52.276102      0.22066078       1597.0002
0.375       53.281411      0.21445590       1643.3702
0.375       54.286721      0.20756379       1682.2970
0.375       55.292031      0.20484299       1754.1995
0.375       56.297340      0.19517083       1764.2040
0.375       57.302650      0.19075502       1818.3202
0.375       58.307960      0.18795261       1887.5660
0.375       59.313269      0.18194385       1923.3717
0.375       60.318579      0.17643339       1961.5724
0.375       61.323889      0.17141679       2002.6851
0.375       62.329198      0.16946983       2078.9176
0.375       63.334508      0.16635638       2141.0703
0.375       64.339818      0.15841517       2137.5019
0.375       66.350437      0.15537094       2299.1718
0.375       68.361056      0.14781959       2392.3711
0.375       70.371675      0.13625328       2405.5306
0.375       72.382295      0.12909108       2480.0676
0.375       74.392914      0.12638931       2636.1814
0.375       76.403533      0.11921475       2693.6465
0.375       78.414153      0.11481283       2804.4265
0.375       80.424772      0.11117667       2929.9043
0.375       82.435391      0.10740077       3048.0268
0.375       84.446011      0.10225448       3119.5360
0.375       86.456630     0.099654543       3262.5883
0.375       88.467249     0.094626296       3319.1713
0.375       90.477868     0.092359959       3465.6211
0.375       92.488488     0.088779955       3558.3463
0.375       94.499107     0.083943649       3588.7336
0.375       96.509726     0.083356529       3795.9732
0.375       98.520346     0.080124964       3881.6456
0.375       100.53096     0.077224118       3974.8685
0.375       102.54158     0.074132896       4049.3125
0.375       104.55220     0.073417047       4250.7616
0.375       106.56282     0.071497482       4383.0674
0.375       108.57344     0.066795940       4331.0295
0.375       110.58406     0.066802308       4576.5619
0.375       112.59468     0.063193447       4569.7867
0.375       114.60530     0.062272195       4748.7416
0.375       116.61592     0.060963284       4897.9250
0.375       118.62654     0.058201491       4922.0945
0.375       120.63716     0.055928513       4974.4701
0.375       122.64778     0.054701184       5112.6496
0.375       124.65840     0.053480023       5248.3943
0.375       126.66902     0.051816340       5335.1690
0.375       128.67964     0.050152177       5413.6417
0.375       132.70087     0.047710385       5648.1280
0.375       136.72211     0.046184919       5979.8009
0.375       140.74335     0.042817510       6047.4923
0.375       144.76459     0.039709533       6103.1223
0.375       148.78583     0.038684717       6454.9723
0.375       152.80707     0.036533335       6603.7388
0.375       156.82831     0.034727650       6786.0804
0.375       160.84954     0.033978539       7163.6517
0.375       164.87078     0.032031193       7272.3450
0.375       168.89202     0.031135504       7598.9494
0.375       172.91326     0.030625926       8021.2931
0.375       176.93450     0.028030588       7865.7479
0.375       180.95574     0.025838473       7756.2923
0.375       184.97698     0.025183483       8074.9358
0.375       188.99821     0.025067646       8573.4756
0.375       193.01945     0.023360991       8510.6898
0.375       197.04069     0.022754703       8818.7938
0.375       201.06193     0.022122863       9109.6384
0.375       205.08317     0.021605608       9441.1916
0.375       209.10441     0.020533541       9510.9450
0.375       213.12565     0.019304989       9467.7539
0.375       217.14688     0.019301947       10012.261
0.375       221.16812     0.016988141       9310.7294
0.375       225.18936     0.017965776       10393.453
0.375       229.21060     0.016429636       10023.106
0.375       233.23184     0.015120168       9718.3019
0.375       237.25308     0.015053408       10184.522
0.375       241.27432     0.015196354       10812.919
0.375       245.29555     0.013504385       10097.505
0.375       249.31679     0.013756905       10800.543
0.375       253.33803     0.013431873       11063.894
0.375       257.35927     0.012781819       11037.796
0.375       265.40175     0.012360950       11706.672
0.375       273.44422     0.010700463       11083.556
0.375       281.48670    0.0097302318       10994.288
0.375       289.52918    0.0090437113       11119.723
0.375       297.57166    0.0088918587       11869.639
0.375       305.61413    0.0076598750       11076.747
0.375       313.65661    0.0080823710       12634.916
0.375       321.69909    0.0071931400       12132.164
0.375       329.74156    0.0066732481       12120.725
0.375       337.78404    0.0066118782       12909.591
0.375       345.82652    0.0060448165       12665.673
0.375       353.86900    0.0052720381       11835.220
0.375       361.91147    0.0051609841       12393.953
0.375       369.95395    0.0050281104       12897.872
0.375       377.99643    0.0049940007       13664.129
0.375       386.03891    0.0040669299       11853.052
0.375       394.08138    0.0045128393       13991.938
0.375       402.12386    0.0041817415       13775.487
0.375       410.16634    0.0039021919       13641.399
0.375       418.20881    0.0039331168       14574.264
0.375       426.25129    0.0029164898       11442.682
0.375       434.29377    0.0032963357       13678.941
0.375       442.33625    0.0029646620       12998.793
0.375       450.37872    0.0019020343       8802.8277
0.375       458.42120    0.0027199385       13274.661
0.375       466.46368    0.0025631297       13179.361
0.375       474.50615    0.0021410234       11588.233
0.375       482.54863    0.0023778520       13535.626
0.375       490.59111    0.0025226345       15089.804
0.375       498.63359    0.0024187818       15191.880
0.375       506.67606    0.0025842205       17029.072
0.375       514.71854    0.0022777348       15735.583
0.250     0.015707963       7125.9511    0.0013991772
0.250     0.031415927       18403.004     0.028907371
0.250     0.047123890       9592.9235     0.050856286
0.250     0.062831853       7909.0632     0.099388220
0.250     0.078539816       6023.7953      0.14784618
0.250     0.094247780       4900.1392      0.20782226
0.250      0.10995574       3997.2258      0.26920473
0.250      0.12566371       3314.7420      0.33323421
0.250      0.14137167       2645.5037      0.37867426
0.250      0.15707963       2448.9753      0.48085517
0.250      0.17278760       2175.5273      0.56855500
0.250      0.18849556       1853.0334      0.62871940
0.250      0.20420352       1725.9845      0.74455508
0.250      0.21991149       1572.0334      0.84698510
0.250      0.23561945       1406.2484      0.93189225
0.250      0.25132741       1322.7431       1.0638131
0.250      0.26703538       1176.9028       1.1353173
0.250      0.28274334       1119.4711       1.2819182
0.250      0.29845130       1032.2275       1.3901642
0.250      0.31415927       971.09587       1.5253938
0.250      0.32986723       910.15093       1.6550122
0.250      0.34557519       841.64773       1.7596581
0.250      0.36128316       810.66743       1.9366722
0.250      0.37699112       772.93611       2.0980083
0.250      0.39269908       727.66500       2.2324483
0.250      0.40840704       692.23715       2.3889378
0.250      0.42411501       668.06900       2.5819184
0.250      0.43982297       638.22585       2.7509226
0.250      0.45553093       593.49994       2.8421341
0.250      0.47123890       588.40371       3.1193855
0.250      0.48694686       550.88287       3.2223613
0.250      0.50265482       542.69957       3.4917191
0.250      0.51836279       522.24360       3.6850623
0.250      0.53407075       502.24002       3.8759482
0.250      0.54977871       479.73623       4.0386530
0.250      0.56548668       465.62244       4.2655132
0.250      0.58119464       466.76288       4.6422805
0.250      0.59690260       447.42570       4.8206057
0.250      0.61261057       442.81340       5.1575622
0.250      0.62831853       427.92268       5.3774350
0.250      0.64402649       413.65419       5.5978194
0.250      0.65973446       406.89605       5.9191758
0.250      0.67544242       397.50573       6.2055267
0.250      0.69115038       387.79793       6.4862459
0.250      0.70685835       377.83083       6.7602822
0.250      0.72256631       364.96347       6.9751377
0.250      0.73827427       352.27524       7.1813416
0.250      0.75398224       348.59177       7.5695616
0.250      0.76969020       339.19087       7.8354201
0.250      0.78539816       338.03490       8.2966247
0.250      0.80110613       329.32048       8.5774689
0.250      0.81681409       320.35323       8.8444132
0.250      0.83252205       315.29820       9.2167751
0.250      0.84823002       312.20770       9.6528328
0.250      0.86393798       302.74189       9.8898675
0.250      0.87964594       293.93942       10.135655
0.250      0.89535391       289.01159       10.509201
0.250      0.91106187       286.38542       10.971469
0.250      0.92676983       281.46946       11.350558
0.250      0.94247780       275.36442       11.678619
0.250      0.95818576       270.72200       12.065434
0.250      0.97389372       266.95474       12.492305
0.250      0.98960169       261.51150       12.839329
0.250       1.0053096       257.99939       13.279707
0.250       1.0367256       247.54894       13.974065
0.250       1.0681415       240.93691       14.875102
0.250       1.0995574       235.90561       15.887746
0.250       1.1309734       229.65672       16.830869
0.250       1.1623893       223.42791       17.777163
0.250       1.1938052       212.48979       18.315076
0.250       1.2252211       207.63353       19.346891
0.250       1.2566371       201.48342       20.255323
0.250       1.2880530       196.70057       21.294972
0.250       1.3194689       190.40553       22.158855
0.250       1.3508848       188.33505       23.521033
0.250       1.3823008       182.79836       24.459648
0.250       1.4137167       178.55416       25.558030
0.250       1.4451326       171.95557       26.291153
0.250       1.4765485       167.38436       27.297842
0.250       1.5079645       161.76833       28.101992
0.250       1.5393804       158.15396       29.227265
0.250       1.5707963       156.33289       30.695892
0.250       1.6022123       151.12759       31.490109
0.250       1.6336282       146.18890       32.288236
0.250       1.6650441       144.08832       33.695839
0.250       1.6964600       140.07284       34.646159
0.250       1.7278760       134.39292       35.122413
0.250       1.7592919       133.11044       36.719443
0.250       1.7907078       131.42794       38.232451
0.250       1.8221237       125.52470       38.470963
0.250       1.8535397       124.90386       40.295056
0.250       1.8849556       121.34069       41.169926
0.250       1.9163715       118.40522       42.216306
0.250       1.9477874       114.82599       42.986801
0.250       1.9792034       112.37952       44.139631
0.250       2.0106193       110.49997       45.501109
0.250       2.0734512       106.45235       48.073631
0.250       2.1362830       101.31723       50.041456
0.250       2.1991149       95.568474       51.490683
0.250       2.2619467       91.241698       53.494696
0.250       2.3247786       88.511501       56.339727
0.250       2.3876104       83.855063       57.821578
0.250       2.4504423       80.558120       60.049999
0.250       2.5132741       77.536520       62.358570
0.250       2.5761060       75.012303       64.967168
0.250       2.6389378       71.394128       66.469165
0.250       2.7017697       67.888042       67.827922
0.250       2.7646015       66.566224       71.256061
0.250       2.8274334       62.538134       71.613076
0.250       2.8902652       61.950948       75.775937
0.250       2.9530971       59.524077       77.659771
0.250       3.0159289       56.495192       78.513631
0.250       3.0787608       55.042525       81.376021
0.250       3.1415927       52.940233       83.158324
0.250       3.2044245       50.957982       84.943982
0.250       3.2672564       49.426632       87.333510
0.250       3.3300882       47.703993       89.246709
0.250       3.3929201       46.478574       91.969523
0.250       3.4557519       44.196578       92.403107
0.250       3.5185838       43.140377       95.204590
0.250       3.5814156       42.034450       97.822734
0.250       3.6442475       40.853234       100.16599
0.250       3.7070793       39.252640       101.30591
0.250       3.7699112       38.381598       104.18056
0.250       3.8327430       36.916901       105.29909
0.250       3.8955749       35.478906       106.25641
0.250       3.9584067       34.814951       109.39496
0.250       4.0212386       33.999219       112.00018
0.250       4.1469023       32.176983       116.24840
0.250       4.2725660       30.155218       119.15138
0.250       4.3982297       27.625759       119.07435
0.250       4.5238934       26.845201       125.91400
0.250       4.6495571       25.148789       128.06254
0.250       4.7752208       23.922188       131.96280
0.250       4.9008845       22.871683       136.39291
0.250       5.0265482       21.873055       140.73083
0.250       5.1522120       20.820007       144.25547
0.250       5.2778757       20.115363       149.82200
0.250       5.4035394       19.079308       152.49930
0.250       5.5292031       18.427073       157.80263
0.250       5.6548668       17.529375       160.58457
0.250       5.7805305       16.657345       162.99682
0.250       5.9061942       16.324607       170.38688
0.250       6.0318579       15.275210       169.82857
0.250       6.1575216       14.644834       173.20983
0.250       6.2831853       14.203822       178.49049
0.250       6.4088490       13.682210       182.45957
0.250       6.5345127       13.214697       186.79580
0.250       6.6601764       12.543128       187.72985
0.250       6.7858401       12.114340       191.77010
0.250       6.9115038       11.670840       195.20460
0.250       7.0371675       11.407261       201.39343
0.250       7.1628313       10.970594       204.24647
0.250       7.2884950       10.629840       208.50215
0.250       7.4141587       10.183757       210.26352
0.250       7.5398224       9.9321711       215.67400
0.250       7.6654861       9.4883859       216.51186
0.250       7.7911498       9.2637055       221.95231
0.250       7.9168135       8.9855052       225.87283
0.250       8.0424772       8.6943420       229.12712
0.250       8.2938046       8.0922723       233.88488
0.250       8.5451320       7.6034368       240.34580
0.250       8.7964594       7.1937002       248.05404
0.250       9.0477868       6.9256934       259.87267
0.250       9.2991143       6.4998371       264.78750
0.250       9.5504417       6.2057071       273.86208
0.250       9.8017691       5.8384913       278.53790
0.250       10.053096       5.5727288       286.83869
0.250       10.304424       5.2550326       291.28413
0.250       10.555751       5.0561979       301.27408
0.250       10.807079       4.7628705       304.55377
0.250       11.058406       4.6959414       321.71442
0.250       11.309734       4.3829784       321.21566
0.250       11.561061       4.2309245       331.20631
0.250       11.812388       4.0746705       340.23259
0.250       12.063716       3.9043844       347.26908
0.250       12.315043       3.7164420       351.64580
0.250       12.566371       3.5965372       361.56336
0.250       12.817698       3.4457460       367.60688
0.250       13.069025       3.3312971       376.71528
0.250       13.320353       3.1960548       382.67639
0.250       13.571680       3.0896086       391.26823
0.250       13.823008       2.9435881       393.87185
0.250       14.074335       2.8675856       405.01426
0.250       14.325663       2.7575775       410.71648
0.250       14.576990       2.7095861       425.18387
0.250       14.828317       2.5890081       427.64094
0.250       15.079645       2.5061376       435.35998
0.250       15.330972       2.4552605       448.20524
0.250       15.582300       2.3673615       453.76343
0.250       15.833627       2.2677577       456.04546
0.250       16.084954       2.2330163       470.78395
0.250       16.587609       2.1411079       495.06268
0.250       17.090264       1.9486033       492.76517
0.250       17.592919       1.8698872       515.82143
0.250       18.095574       1.7599270       528.30167
0.250       18.598229       1.6790862       547.21498
0.250       19.100883       1.5759675       556.38814
0.250       19.603538       1.5037123       573.90288
0.250       20.106193       1.4217871       585.45616
0.250       20.608848       1.3571199       601.79642
0.250       21.111503       1.3261265       632.13908
0.250       21.614157       1.2432984       636.00507
0.250       22.116812       1.1821843       647.92247
0.250       22.619467       1.1526722       675.80776
0.250       23.122122       1.1061478       692.73393
0.250       23.624777       1.0626967       709.87641
0.250       24.127432       1.0140345       721.53313
0.250       24.630086      0.97849148       740.67061
0.250       25.132741      0.94748068       762.00918
0.250       25.635396      0.91357840       779.71552
0.250       26.138051      0.88482345       800.47261
0.250       26.640706      0.83619784       800.97041
0.250       27.143361      0.81123700       821.88084
0.250       27.646015      0.78726875       842.73475
0.250       28.148670      0.76320085       862.34837
0.250       28.651325      0.73929702       880.89338
0.250       29.153980      0.71963772       903.39509
0.250       29.656635      0.69372518       916.69174
0.250       30.159289      0.67999958       945.02265
0.250       30.661944      0.66153354       966.09803
0.250       31.164599      0.63789883       978.15280
0.250       31.667254      0.61235826       985.16064
0.250       32.169909      0.60019472       1012.3063
0.250       33.175218      0.55635633       1029.1168
0.250       34.180528      0.54309238       1098.7029
0.250       35.185838      0.52005385       1147.6838
0.250       36.191147      0.48483931       1164.3275
0.250       37.196457      0.46469702       1211.5598
0.250       38.201767      0.45112222       1274.1332
0.250       39.207076      0.42526902       1298.4564
0.250       40.212386      0.40572997       1336.5551
0.250       41.217696      0.38528832       1366.8071
0.250       42.223005      0.36698101       1399.4625
0.250       43.228315      0.36031071       1474.5257
0.250       44.233625      0.34915149       1530.8821
0.250       45.238934      0.32802476       1538.5584
0.250       46.244244      0.31956568       1601.0446
0.250       47.249554      0.30688830       1639.9995
0.250       48.254863      0.29490332       1678.7004
0.250       49.260173      0.28874333       1748.5176
0.250       50.265482      0.27927109       1796.8251
0.250       51.270792      0.26967480       1841.2837
0.250       52.276102      0.26158357       1893.1730
0.250       53.281411      0.25045079       1919.1982
0.250       54.286721      0.24538195       1988.8119
0.250       55.292031      0.24001244       2055.3777
0.250       56.297340      0.23196895       2096.8326
0.250       57.302650      0.22823607       2175.5980
0.250       58.307960      0.22105402       2219.9961
0.250       59.313269      0.21168261       2237.7472
0.250       60.318579      0.20780598       2310.3704
0.250       61.323889      0.19989486       2335.3982
0.250       62.329198      0.19662306       2412.0113
0.250       63.334508      0.18991597       2444.2912
0.250       64.339818      0.18564662       2504.9368
0.250       66.350437      0.17289462       2558.4864
0.250       68.361056      0.16720241       2706.0703
0.250       70.371675      0.16075385       2838.0845
0.250       72.382295      0.15312304       2941.7641
0.250       74.392914      0.15216151       3173.7286
0.250       76.403533      0.14239572       3217.4183
0.250       78.414153      0.13545779       3308.7017
0.250       80.424772      0.12686680       3343.3956
0.250       82.435391      0.12590730       3573.2407
0.250       84.446011      0.12135522       3702.2532
0.250       86.456630      0.11572841       3788.8304
0.250       88.467249      0.11066932       3881.9065
0.250       90.477868      0.10838287       4066.8485
0.250       92.488488      0.10360807       4152.6646
0.250       94.499107      0.10017160       4282.5059
0.250       96.509726     0.097076880       4420.7843
0.250       98.520346     0.091982443       4456.0800
0.250       100.53096     0.091734153       4721.7269
0.250       102.54158     0.088794585       4850.1683
0.250       104.55220     0.084395177       4886.3825
0.250       106.56282     0.082407075       5051.8670
0.250       108.57344     0.079785287       5173.2551
0.250       110.58406     0.078873904       5403.5753
0.250       112.59468     0.076971076       5566.1055
0.250       114.60530     0.074933325       5714.2517
0.250       116.61592     0.070290152       5647.2663
0.250       118.62654     0.070504377       5962.5484
0.250       120.63716     0.068018961       6049.8352
0.250       122.64778     0.066261887       6193.1715
0.250       124.65840     0.064035932       6284.3245
0.250       126.66902     0.062403034       6425.2074
0.250       128.67964     0.061649709       6654.7348
0.250       132.70087     0.056753266       6718.6569
0.250       136.72211     0.057127780       7396.6298
0.250       140.74335     0.052244343       7378.9266
0.250       144.76459     0.049414297       7594.6876
0.250       148.78583     0.047186593       7873.6042
0.250       152.80707     0.043550349       7872.1292
0.250       156.82831     0.043635184       8526.6890
0.250       160.84954     0.040506989       8540.0363
0.250       164.87078     0.039920302       9063.4840
0.250       168.89202     0.037393997       9126.4009
0.250       172.91326     0.037265155       9760.1857
0.250       176.93450     0.035157604       9865.6814
0.250       180.95574     0.033244698       9979.5216
0.250       184.97698     0.032046240       10275.438
0.250       188.99821     0.030908012       10570.960
0.250       193.01945     0.029360523       10696.391
0.250       197.04069     0.028503276       11046.706
0.250       201.06193     0.027258096       11224.198
0.250       205.08317     0.026904664       11756.766
0.250       209.10441     0.025554980       11836.829
0.250       213.12565     0.025609614       12559.734
0.250       217.14688     0.023459433       12168.823
0.250       221.16812     0.022132294       12130.097
0.250       225.18936     0.021726961       12569.351
0.250       229.21060     0.021485466       13107.478
0.250       233.23184     0.020021052       12868.284
0.250       237.25308     0.019162298       12964.430
0.250       241.27432     0.018655829       13274.498
0.250       245.29555     0.017866823       13359.390
0.250       249.31679     0.017677615       13878.691
0.250       253.33803     0.017500566       14415.295
0.250       257.35927     0.016039726       13851.176
0.250       265.40175     0.014688008       13910.556
0.250       273.44422     0.013943584       14442.785
0.250       281.48670     0.012157145       13736.481
0.250       289.52918     0.011744073       14439.962
0.250       297.57166     0.011038627       14735.335
0.250       305.61413     0.010152691       14681.544
0.250       313.65661     0.010839302       16944.740
0.250       321.69909     0.010145493       17111.691
0.250       329.74156    0.0099958824       18155.678
0.250       337.78404    0.0086050826       16801.292
0.250       345.82652    0.0068391201       14329.973
0.250       353.86900    0.0074156461       16647.415
0.250       361.91147    0.0079754093       19152.713
0.250       369.95395    0.0066315827       17011.024
0.250       377.99643    0.0061054281       16705.115
0.250       386.03891    0.0059151546       17239.695
0.250       394.08138    0.0061027681       18921.470
0.250       402.12386    0.0050970704       16790.763
0.250       410.16634    0.0052635994       18400.649
0.250       418.20881    0.0048942984       18135.948
0.250       426.25129    0.0044780768       17569.480
0.250       434.29377    0.0052769489       21897.974
0.250       442.33625    0.0038201912       16749.928
0.250       450.37872    0.0038665822       17894.975
0.250       458.42120    0.0035913443       17527.557
0.250       466.46368    0.0034739175       17862.541
0.250       474.50615    0.0033434154       18096.148
0.250       482.54863    0.0031967949       18197.356
0.250       490.59111    0.0032603445       19502.612
0.250       498.63359    0.0033262043       20891.218
0.250       506.67606    0.0029406592       19377.874
0.250       514.71854    0.0028234181       19505.401
0.125     0.015707963       8129.5630    0.0015962360
0.125     0.031415927       21001.035     0.032988349
0.125     0.047123890       10925.305     0.057919824
0.125     0.062831853       9033.8680      0.11352293
0.125     0.078539816       6888.3367      0.16906522
0.125     0.094247780       5597.3081      0.23739024
0.125      0.10995574       4573.2819      0.30800090
0.125      0.12566371       3778.9407      0.37990055
0.125      0.14137167       3045.0228      0.43586096
0.125      0.15707963       2827.1478      0.55510917
0.125      0.17278760       2518.7930      0.65826447
0.125      0.18849556       2136.6084      0.72493416
0.125      0.20420352       2006.2059      0.86543697
0.125      0.21991149       1820.5213      0.98086620
0.125      0.23561945       1639.6214       1.0865438
0.125      0.25132741       1542.9452       1.2409102
0.125      0.26703538       1381.4918       1.3326772
0.125      0.28274334       1313.2595       1.5038273
0.125      0.29845130       1220.7497       1.6440588
0.125      0.31415927       1147.1012       1.8018623
0.125      0.32986723       1077.7999       1.9598640
0.125      0.34557519       1007.9720       2.1073972
0.125      0.36128316       966.32271       2.3085303
0.125      0.37699112       924.41158       2.5091637
0.125      0.39269908       874.00518       2.6814143
0.125      0.40840704       831.62793       2.8699809
0.125      0.42411501       806.52955       3.1170335
0.125      0.43982297       775.17494       3.3412095
0.125      0.45553093       719.19577       3.4440624
0.125      0.47123890       716.09880       3.7963531
0.125      0.48694686       669.16376       3.9142394
0.125      0.50265482       661.40511       4.2554684
0.125      0.51836279       638.61980       4.5062376
0.125      0.53407075       614.20259       4.7399994
0.125      0.54977871       583.37536       4.9111376
0.125      0.56548668       568.21309       5.2053343
0.125      0.58119464       571.79423       5.6868901
0.125      0.59690260       546.30011       5.8858876
0.125      0.61261057       542.95048       6.3238846
0.125      0.62831853       527.19151       6.6248840
0.125      0.64402649       509.07536       6.8891167
0.125      0.65973446       503.96257       7.3312165
0.125      0.67544242       491.47686       7.6725253
0.125      0.69115038       478.89341       8.0098942
0.125      0.70685835       466.27649       8.3427830
0.125      0.72256631       451.24768       8.6241910
0.125      0.73827427       437.41355       8.9169370
0.125      0.75398224       433.78509       9.4195081
0.125      0.76969020       420.09582       9.7043508
0.125      0.78539816       416.16869       10.214317
0.125      0.80110613       407.70695       10.619120
0.125      0.81681409       399.97853       11.042734
0.125      0.83252205       393.82457       11.512252
0.125      0.84823002       387.81368       11.990417
0.125      0.86393798       376.65202       12.304338
0.125      0.87964594       365.60027       12.606673
0.125      0.89535391       361.95173       13.161492
0.125      0.91106187       357.98677       13.714527
0.125      0.92676983       350.87804       14.149533
0.125      0.94247780       343.05365       14.549420
0.125      0.95818576       336.51708       14.997764
0.125      0.97389372       333.74139       15.617626
0.125      0.98960169       326.38028       16.024167
0.125       1.0053096       319.79662       16.460525
0.125       1.0367256       310.18131       17.509644
0.125       1.0681415       300.02104       18.522873
0.125       1.0995574       296.29080       19.954561
0.125       1.1309734       282.18707       20.680664
0.125       1.1623893       276.66240       22.012795
0.125       1.1938052       265.43714       22.878753
0.125       1.2252211       260.22204       24.246987
0.125       1.2566371       251.75913       25.309588
0.125       1.2880530       242.58805       26.262789
0.125       1.3194689       236.46742       27.519406
0.125       1.3508848       233.32889       29.140283
0.125       1.3823008       226.25949       30.275039
0.125       1.4137167       223.18367       31.946246
0.125       1.4451326       214.57022       32.806720
0.125       1.4765485       208.73511       34.041520
0.125       1.5079645       202.49965       35.177734
0.125       1.5393804       195.65964       36.158413
0.125       1.5707963       194.05727       38.103056
0.125       1.6022123       187.78777       39.128906
0.125       1.6336282       182.00081       40.197888
0.125       1.6650441       179.94469       42.081045
0.125       1.6964600       175.39237       43.382229
0.125       1.7278760       168.90721       44.142419
0.125       1.7592919       166.92203       46.046604
0.125       1.7907078       164.21855       47.771256
0.125       1.8221237       158.95872       48.717862
0.125       1.8535397       155.21526       50.073774
0.125       1.8849556       151.16662       51.289626
0.125       1.9163715       147.80539       52.698670
0.125       1.9477874       141.98563       53.154413
0.125       1.9792034       139.27886       54.704965
0.125       2.0106193       137.79057       56.738690
0.125       2.0734512       132.74364       59.946719
0.125       2.1362830       127.07807       62.764956
0.125       2.1991149       119.09886       64.168457
0.125       2.2619467       113.00600       66.255033
0.125       2.3247786       107.96726       68.723792
0.125       2.3876104       104.25463       71.887934
0.125       2.4504423       100.93742       75.241227
0.125       2.5132741       96.918821       77.946741
0.125       2.5761060       92.750088       80.329630
0.125       2.6389378       88.526481       82.419682
0.125       2.7017697       84.713020       84.638000
0.125       2.7646015       80.895739       86.595144
0.125       2.8274334       77.449330       88.688043
0.125       2.8902652       76.199395       93.204071
0.125       2.9530971       72.672590       94.814351
0.125       3.0159289       69.760620       96.949128
0.125       3.0787608       67.623337       99.975757
0.125       3.1415927       65.519354       102.91756
0.125       3.2044245       62.625294       104.39271
0.125       3.2672564       61.198556       108.13370
0.125       3.3300882       59.095380       110.55821
0.125       3.3929201       56.706478       112.20800
0.125       3.4557519       54.457955       113.85688
0.125       3.5185838       53.425855       117.90316
0.125       3.5814156       51.794860       120.53720
0.125       3.6442475       49.939500       122.44415
0.125       3.7070793       48.296175       124.64608
0.125       3.7699112       46.918129       127.35157
0.125       3.8327430       45.269822       129.12435
0.125       3.8955749       44.278197       132.60957
0.125       3.9584067       42.910724       134.83336
0.125       4.0212386       41.595936       137.02528
0.125       4.1469023       39.220000       141.69328
0.125       4.2725660       37.101026       146.59613
0.125       4.3982297       35.183775       151.65140
0.125       4.5238934       32.037491       150.26777
0.125       4.6495571       31.405849       159.92471
0.125       4.7752208       29.497561       162.71843
0.125       4.9008845       28.544325       170.22112
0.125       5.0265482       27.018469       173.83633
0.125       5.1522120       25.516373       176.79515
0.125       5.2778757       24.494778       182.44049
0.125       5.4035394       23.433117       187.29893
0.125       5.5292031       22.289023       190.87494
0.125       5.6548668       21.137407       193.63733
0.125       5.7805305       20.442733       200.03791
0.125       5.9061942       19.851403       207.19755
0.125       6.0318579       18.764814       208.62570
0.125       6.1575216       18.222820       215.52799
0.125       6.2831853       17.489558       219.78027
0.125       6.4088490       16.944089       225.95846
0.125       6.5345127       16.181038       228.72639
0.125       6.6601764       15.602323       233.51605
0.125       6.7858401       15.021183       237.78544
0.125       6.9115038       14.373979       240.41686
0.125       7.0371675       13.974599       246.71938
0.125       7.1628313       13.519509       251.70123
0.125       7.2884950       12.964790       254.30173
0.125       7.4141587       12.553289       259.18712
0.125       7.5398224       12.254330       266.09895
0.125       7.6654861       11.860514       270.64054
0.125       7.7911498       11.329369       271.44425
0.125       7.9168135       10.983060       276.08631
0.125       8.0424772       10.648233       280.61916
0.125       8.2938046       10.089246       291.60192
0.125       8.5451320       9.5547464       302.02699
0.125       8.7964594       8.9648068       309.12555
0.125       9.0477868       8.5954453       322.52674
0.125       9.2991143       8.0269306       326.99756
0.125       9.5504417       7.6306060       336.74384
0.125       9.8017691       7.1999678       343.49009
0.125       10.053096       6.8292747       351.51543
0.125       10.304424       6.6098915       366.38336
0.125       10.555751       6.1555845       366.78115
0.125       10.807079       5.9151135       378.23202
0.125       11.058406       5.6053190       384.01501
0.125       11.309734       5.4045509       396.08372
0.125       11.561061       5.1458783       402.83097
0.125       11.812388       5.0321714       420.18335
0.125       12.063716       4.7904276       426.07674
0.125       12.315043       4.5420929       429.76802
0.125       12.566371       4.3980964       442.14488
0.125       12.817698       4.3035746       459.12369
0.125       13.069025       4.0381292       456.64644
0.125       13.320353       3.9184001       469.16567
0.125       13.571680       3.7865975       479.53494
0.125       13.823008       3.6187276       484.21004
0.125       14.074335       3.4760897       490.95862
0.125       14.325663       3.4159283       508.77194
0.125       14.576990       3.2918561       516.55273
0.125       14.828317       3.1995587       528.48900
0.125       15.079645       3.0838773       535.72348
0.125       15.330972       2.9652675       541.30646
0.125       15.582300       2.8981821       555.50833
0.125       15.833627       2.7950040       562.07455
0.125       16.084954       2.7072950       570.77551
0.125       16.587609       2.5725131       594.81134
0.125       17.090264       2.3960784       605.92323
0.125       17.592919       2.2575036       622.74810
0.125       18.095574       2.1827298       655.22024
0.125       18.598229       2.0273238       660.70578
0.125       19.100883       1.9466001       687.23829
0.125       19.603538       1.8444043       703.93047
0.125       20.106193       1.7305361       712.59123
0.125       20.608848       1.6886057       748.78932
0.125       21.111503       1.5917679       758.76525
0.125       21.614157       1.5205558       777.83511
0.125       22.116812       1.4388248       788.58003
0.125       22.619467       1.3816505       810.05697
0.125       23.122122       1.3545396       848.29136
0.125       23.624777       1.2828788       856.95697
0.125       24.127432       1.2307329       875.72417
0.125       24.630086       1.1794558       892.79083
0.125       25.132741       1.1341097       912.10513
0.125       25.635396       1.1032433       941.58963
0.125       26.138051       1.0546121       954.07524
0.125       26.640706       1.0069032       964.48430
0.125       27.143361      0.99031930       1003.3128
0.125       27.646015      0.96250711       1030.3193
0.125       28.148670      0.92542577       1045.6480
0.125       28.651325      0.89536262       1066.8500
0.125       29.153980      0.85370605       1071.6974
0.125       29.656635      0.84082458       1111.0696
0.125       30.159289      0.82020267       1139.8685
0.125       30.661944      0.78749308       1150.0483
0.125       31.164599      0.76049165       1166.1364
0.125       31.667254      0.74182199       1193.4416
0.125       32.169909      0.72576753       1224.1011
0.125       33.175218      0.68249498       1262.4410
0.125       34.180528      0.64649873       1307.8991
0.125       35.185838      0.61758848       1362.9287
0.125       36.191147      0.58580854       1406.8021
0.125       37.196457      0.54563020       1422.5691
0.125       38.201767      0.53848786       1520.8855
0.125       39.207076      0.50511025       1542.2324
0.125       40.212386      0.48063480       1583.3065
0.125       41.217696      0.46818071       1660.8672
0.125       42.223005      0.44459202       1695.4280
0.125       43.228315      0.43533904       1781.5696
0.125       44.233625      0.41616482       1824.7073
0.125       45.238934      0.39880007       1870.5210
0.125       46.244244      0.38007003       1904.1753
0.125       47.249554      0.36510943       1951.1310
0.125       48.254863      0.35300117       2009.4152
0.125       49.260173      0.34358462       2080.6152
0.125       50.265482      0.33274544       2140.8781
0.125       51.270792      0.32368656       2210.0648
0.125       52.276102      0.31047581       2247.0235
0.125       53.281411      0.30207626       2314.8029
0.125       54.286721      0.28996110       2350.1243
0.125       55.292031      0.28346417       2427.4822
0.125       56.297340      0.27543007       2489.6898
0.125       57.302650      0.26523115       2528.2436
0.125       58.307960      0.25978407       2608.9533
0.125       59.313269      0.24992414       2642.0075
0.125       60.318579      0.24457239       2719.1363
0.125       61.323889      0.23822733       2783.2415
0.125       62.329198      0.23635598       2899.4223
0.125       63.334508      0.22779769       2931.8435
0.125       64.339818      0.22290082       3007.6091
0.125       66.350437      0.21010699       3109.1531
0.125       68.361056      0.19958162       3230.1084
0.125       70.371675      0.19430465       3430.4186
0.125       72.382295      0.18571861       3567.9826
0.125       74.392914      0.17389324       3627.0010
0.125       76.403533      0.16903439       3819.3165
0.125       78.414153      0.16182844       3952.8330
0.125       80.424772      0.15321696       4037.8169
0.125       82.435391      0.15084834       4281.0658
0.125       84.446011      0.14326656       4370.7152
0.125       86.456630      0.14111952       4620.1093
0.125       88.467249      0.13331277       4676.1623
0.125       90.477868      0.12989259       4873.9574
0.125       92.488488      0.12605936       5052.5240
0.125       94.499107      0.11956783       5111.7278
0.125       96.509726      0.11950674       5442.2176
0.125       98.520346      0.11376193       5511.1851
0.125       100.53096      0.10974585       5648.8222
0.125       102.54158      0.10371433       5665.1200
0.125       104.55220      0.10322648       5976.6930
0.125       106.56282      0.10100562       6192.0285
0.125       108.57344     0.097026536       6291.1727
0.125       110.58406     0.096011774       6577.6743
0.125       112.59468     0.091579704       6622.5175
0.125       114.60530     0.088383911       6739.9640
0.125       116.61592     0.086643253       6961.1106
0.125       118.62654     0.082553907       6981.5760
0.125       120.63716     0.081864469       7281.3012
0.125       122.64778     0.079162760       7398.9523
0.125       124.65840     0.078395175       7693.5043
0.125       126.66902     0.074888189       7710.7172
0.125       128.67964     0.074400137       8031.0709
0.125       132.70087     0.070859849       8388.6453
0.125       136.72211     0.064626557       8367.5354
0.125       140.74335     0.063958835       9033.4670
0.125       144.76459     0.061326684       9425.5515
0.125       148.78583     0.057779379       9641.1275
0.125       152.80707     0.055981408       10119.158
0.125       156.82831     0.052117249       10184.157
0.125       160.84954     0.051839276       10929.208
0.125       164.87078     0.048231573       10950.471
0.125       168.89202     0.047111699       11498.109
0.125       172.91326     0.043677715       11439.711
0.125       176.93450     0.042936084       12048.424
0.125       180.95574     0.042692002       12815.450
0.125       184.97698     0.038410845       12316.212
0.125       188.99821     0.037236534       12735.401
0.125       193.01945     0.036503342       13298.606
0.125       197.04069     0.034509194       13374.355
0.125       201.06193     0.033427321       13764.529
0.125       205.08317     0.032811560       14337.954
0.125       209.10441     0.031912024       14781.352
0.125       213.12565     0.030121661       14772.579
0.125       217.14688     0.029354870       15226.891
0.125       221.16812     0.028514985       15628.274
0.125       225.18936     0.027128687       15694.325
0.125       229.21060     0.025974955       15846.347
0.125       233.23184     0.025482432       16378.520
0.125       237.25308     0.024454333       16544.805
0.125       241.27432     0.023978816       17062.052
0.125       245.29555     0.023550962       17609.537
0.125       249.31679     0.022131075       17375.102
0.125       253.33803     0.020836212       17162.881
0.125       257.35927     0.020195070       17439.542
0.125       265.40175     0.017545940       16617.215
0.125       273.44422     0.018523786       19186.965
0.125       281.48670     0.015281123       17266.296
0.125       289.52918     0.015903309       19553.962
0.125       297.57166     0.015141583       20212.323
0.125       305.61413     0.014083560       20365.872
0.125       313.65661     0.013890770       21715.004
0.125       321.69909     0.011959480       20171.214
0.125       329.74156     0.012757932       23172.432
0.125       337.78404     0.010255023       20022.776
0.125       345.82652    0.0094592293       19819.874
0.125       353.86900    0.0091875470       20625.162
0.125       361.91147    0.0090314058       21688.658
0.125       369.95395    0.0092553578       23741.409
0.125       377.99643    0.0078848875       21573.909
0.125       386.03891    0.0072408470       21103.421
0.125       394.08138    0.0071121565       22051.052
0.125       402.12386    0.0073712966       24282.515
0.125       410.16634    0.0066585222       23277.061
0.125       418.20881    0.0069249676       25660.644
0.125       426.25129    0.0060079240       23571.749
0.125       434.29377    0.0053592035       22239.309
0.125       442.33625    0.0060039492       26324.786
0.125       450.37872    0.0048441526       22419.280
0.125       458.42120    0.0048980320       23904.846
0.125       466.46368    0.0042516068       21861.344
0.125       474.50615    0.0046905611       25387.539
0.125       482.54863    0.0041758920       23770.744
0.125       490.59111    0.0044820879       26810.792
0.125       498.63359    0.0041540065       26090.476
0.125       506.67606    0.0037246685       24544.209
0.125       514.71854    0.0033588826       23204.623
0.000     0.015707963       9271.0370    0.0018203639
0.000     0.031415927       23954.916     0.037628295
0.000     0.047123890       12436.367     0.065930624
0.000     0.062831853       10314.150      0.12961144
0.000     0.078539816       7875.6892      0.19329849
0.000     0.094247780       6392.1549      0.27110088
0.000      0.10995574       5232.5826      0.35240341
0.000      0.12566371       4308.8897      0.43317684
0.000      0.14137167       3506.2951      0.50188693
0.000      0.15707963       3266.1775      0.64131244
0.000      0.17278760       2918.1543      0.76263407
0.000      0.18849556       2466.1046      0.83672958
0.000      0.20420352       2335.5513       1.0075100
0.000      0.21991149       2108.9079       1.1362440
0.000      0.23561945       1914.6102       1.2687733
0.000      0.25132741       1801.2531       1.4486537
0.000      0.26703538       1625.5767       1.5681374
0.000      0.28274334       1543.1839       1.7671161
0.000      0.29845130       1448.1228       1.9502760
0.000      0.31415927       1355.9572       2.1299325
0.000      0.32986723       1277.8105       2.3235618
0.000      0.34557519       1208.9803       2.5276512
0.000      0.36128316       1153.9958       2.7568784
0.000      0.37699112       1108.7672       3.0095667
0.000      0.39269908       1050.5553       3.2230634
0.000      0.40840704       1003.0923       3.4617111
0.000      0.42411501       975.91266       3.7716565
0.000      0.43982297       942.11098       4.0607481
0.000      0.45553093       875.63463       4.1932119
0.000      0.47123890       873.40772       4.6303165
0.000      0.48694686       816.59509       4.7766315
0.000      0.50265482       808.43072       5.2014285
0.000      0.51836279       783.23379       5.5266648
0.000      0.53407075       754.88644       5.8257020
0.000      0.54977871       715.18635       6.0207866
0.000      0.56548668       696.44614       6.3800624
0.000      0.58119464       701.57194       6.9776193
0.000      0.59690260       668.42420       7.2016639
0.000      0.61261057       666.01104       7.7572026
0.000      0.62831853       650.54892       8.1750389
0.000      0.64402649       628.70398       8.5080038
0.000      0.65973446       625.36195       9.0972308
0.000      0.67544242       608.81189       9.5042616
0.000      0.69115038       593.40277       9.9251594
0.000      0.70685835       576.85414       10.321277
0.000      0.72256631       559.18124       10.687004
0.000      0.73827427       545.70586       11.124541
0.000      0.75398224       541.60766       11.760842
0.000      0.76969020       522.71425       12.074870
0.000      0.78539816       513.92795       12.613690
0.000      0.80110613       505.14364       13.156953
0.000      0.81681409       500.36115       13.814129
0.000      0.83252205       492.49698       14.396638
0.000      0.84823002       481.82296       14.896995
0.000      0.86393798       469.52962       15.338431
0.000      0.87964594       457.07725       15.760993
0.000      0.89535391       454.21808       16.516532
0.000      0.91106187       447.09876       17.128421
0.000      0.92676983       439.38269       17.718578
0.000      0.94247780       427.19846       18.118128
0.000      0.95818576       420.49382       18.740407
0.000      0.97389372       418.61430       19.589304
0.000      0.98960169       410.76116       20.166982
0.000       1.0053096       399.24495       20.549878
0.000       1.0367256       390.54050       22.045897
0.000       1.0681415       376.59242       23.250281
0.000       1.0995574       371.17154       24.997621
0.000       1.1309734       350.05984       25.654861
0.000       1.1623893       342.15080       27.223416
0.000       1.1938052       333.73187       28.765263
0.000       1.2252211       325.95935       30.372262
0.000       1.2566371       314.17427       31.584242
0.000       1.2880530       300.88311       32.573862
0.000       1.3194689       294.35026       34.255647
0.000       1.3508848       287.02193       35.845969
0.000       1.3823008       279.62856       37.416178
0.000       1.4137167       275.59034       39.447675
0.000       1.4451326       265.01313       40.519192
0.000       1.4765485       257.77742       42.039576
0.000       1.5079645       250.88486       43.583093
0.000       1.5393804       242.72253       44.855758
0.000       1.5707963       239.39681       47.005453
0.000       1.6022123       231.06581       48.146652
0.000       1.6336282       223.99795       49.473650
0.000       1.6650441       222.28928       51.983560
0.000       1.6964600       217.31509       53.751556
0.000       1.7278760       209.63397       54.786002
0.000       1.7592919       204.48642       56.409002
0.000       1.7907078       200.45082       58.311241
0.000       1.8221237       197.00466       60.378228
0.000       1.8535397       190.79024       61.550569
0.000       1.8849556       187.02618       63.456489
0.000       1.9163715       182.85286       65.194526
0.000       1.9477874       175.88570       65.845406
0.000       1.9792034       173.30452       68.069319
0.000       2.0106193       170.19187       70.080728
0.000       2.0734512       163.38030       73.782160
0.000       2.1362830       154.90406       76.508450
0.000       2.1991149       147.18645       79.301578
0.000       2.2619467       141.15662       82.759647
0.000       2.3247786       134.14689       85.387765
0.000       2.3876104       128.07892       88.315783
0.000       2.4504423       123.88505       92.346957
0.000       2.5132741       118.60312       95.386288
0.000       2.5761060       115.30956       99.868090
0.000       2.6389378       110.84626       103.19978
0.000       2.7017697       106.07575       105.98181
0.000       2.7646015       103.71275       111.01970
0.000       2.8274334       98.224434       112.47783
0.000       2.8902652       95.102509       116.32561
0.000       2.9530971       90.860768       118.54407
0.000       3.0159289       87.914586       122.17842
0.000       3.0787608       85.290156       126.09475
0.000       3.1415927       81.522388       128.05507
0.000       3.2044245       79.182822       131.99314
0.000       3.2672564       76.507976       135.18441
0.000       3.3300882       73.403993       137.32739
0.000       3.3929201       71.698027       141.87254
0.000       3.4557519       68.358104       142.91833
0.000       3.5185838       67.888549       149.82023
0.000       3.5814156       64.536792       150.19027
0.000       3.6442475       62.583318       153.44489
0.000       3.7070793       60.980861       157.38359
0.000       3.7699112       58.986843       160.11011
0.000       3.8327430       56.932943       162.39139
0.000       3.8955749       55.738161       166.93122
0.000       3.9584067       53.800344       169.05054
0.000       4.0212386       52.765859       173.82122
0.000       4.1469023       49.493018       178.80745
0.000       4.2725660       47.540838       187.84664
0.000       4.3982297       44.531019       191.94050
0.000       4.5238934       41.602735       195.13233
0.000       4.6495571       39.948387       203.42498
0.000       4.7752208       37.547426       207.12419
0.000       4.9008845       35.718049       213.00088
0.000       5.0265482       34.219426       220.16716
0.000       5.1522120       32.519463       225.31743
0.000       5.2778757       31.048305       231.25207
0.000       5.4035394       30.028935       240.01874
0.000       5.5292031       28.277563       242.15858
0.000       5.6548668       27.152598       248.74181
0.000       5.7805305       26.022164       254.63421
0.000       5.9061942       24.927395       260.17785
0.000       6.0318579       23.748628       264.03536
0.000       6.1575216       23.222210       274.65762
0.000       6.2831853       22.003255       276.50105
0.000       6.4088490       21.396505       285.33380
0.000       6.5345127       20.429146       288.77534
0.000       6.6601764       19.822464       296.67783
0.000       6.7858401       19.125148       302.75124
0.000       6.9115038       18.467653       308.88700
0.000       7.0371675       17.836734       314.90478
0.000       7.1628313       17.074604       317.88868
0.000       7.2884950       16.687380       327.31958
0.000       7.4141587       15.854240       327.34169
0.000       7.5398224       15.539153       337.42786
0.000       7.6654861       14.894456       339.87092
0.000       7.7911498       14.465005       346.57202
0.000       7.9168135       13.945794       350.56194
0.000       8.0424772       13.600723       358.42787
0.000       8.2938046       12.753821       368.61413
0.000       8.5451320       12.107919       382.73316
0.000       8.7964594       11.290988       389.33720
0.000       9.0477868       10.705825       401.71447
0.000       9.2991143       10.061032       409.86189
0.000       9.5504417       9.5304107       420.58351
0.000       9.8017691       9.1645261       437.21361
0.000       10.053096       8.7747444       451.65236
0.000       10.304424       8.3286499       461.65337
0.000       10.555751       7.7802630       463.58779
0.000       10.807079       7.5778705       484.55422
0.000       11.058406       7.2126659       494.13280
0.000       11.309734       6.8895868       504.91765
0.000       11.561061       6.4968020       508.58432
0.000       11.812388       6.3482647       530.07636
0.000       12.063716       5.9350907       527.88693
0.000       12.315043       5.8409127       552.66097
0.000       12.566371       5.6348960       566.48153
0.000       12.817698       5.3893429       574.95808
0.000       13.069025       5.1795714       585.72491
0.000       13.320353       4.9373741       591.17149
0.000       13.571680       4.7798603       605.32180
0.000       13.823008       4.5717065       611.72503
0.000       14.074335       4.4510264       628.65748
0.000       14.325663       4.2952258       639.73544
0.000       14.576990       4.1049133       644.13635
0.000       14.828317       3.9585472       653.85537
0.000       15.079645       3.8291950       665.19822
0.000       15.330972       3.7446878       683.58884
0.000       15.582300       3.6327205       696.30079
0.000       15.833627       3.4882756       701.49129
0.000       16.084954       3.4051992       717.91376
0.000       16.587609       3.1342499       724.69500
0.000       17.090264       2.9657349       749.97864
0.000       17.592919       2.7948262       770.97229
0.000       18.095574       2.6632996       799.47953
0.000       18.598229       2.5444773       829.24635
0.000       19.100883       2.4600411       868.50632
0.000       19.603538       2.3033127       879.07627
0.000       20.106193       2.1662204       891.99506
0.000       20.608848       2.0969712       929.87349
0.000       21.111503       1.9817628       944.66834
0.000       21.614157       1.9011367       972.51999
0.000       22.116812       1.8245153       999.96631
0.000       22.619467       1.7317445       1015.3159
0.000       23.122122       1.6700134       1045.8593
0.000       23.624777       1.5696787       1048.5380
0.000       24.127432       1.5197294       1081.3587
0.000       24.630086       1.4707492       1113.2859
0.000       25.132741       1.4079708       1132.3573
0.000       25.635396       1.3524233       1154.2583
0.000       26.138051       1.3092072       1184.3996
0.000       26.640706       1.2710136       1217.4682
0.000       27.143361       1.2325731       1248.7450
0.000       27.646015       1.1683167       1250.6290
0.000       28.148670       1.1197189       1265.1818
0.000       28.651325       1.1077938       1319.9677
0.000       29.153980       1.0613347       1332.3434
0.000       29.656635       1.0382468       1371.9442
0.000       30.159289      0.99280944       1379.7470
0.000       30.661944      0.96270878       1405.9318
0.000       31.164599      0.92472049       1417.9646
0.000       31.667254      0.90729966       1459.6617
0.000       32.169909      0.88478596       1492.3063
0.000       33.175218      0.83448475       1543.5832
0.000       34.180528      0.80626972       1631.1238
0.000       35.185838      0.74472171       1643.4934
0.000       36.191147      0.71331956       1713.0161
0.000       37.196457      0.67306089       1754.8069
0.000       38.201767      0.64910380       1833.3051
0.000       39.207076      0.61562526       1879.6633
0.000       40.212386      0.59980576       1975.8793
0.000       41.217696      0.57996278       2057.4131
0.000       42.223005      0.54456723       2076.6781
0.000       43.228315      0.52324491       2141.3132
0.000       44.233625      0.49343166       2163.4898
0.000       45.238934      0.47797531       2241.8823
0.000       46.244244      0.45744292       2291.8185
0.000       47.249554      0.44867514       2397.7030
0.000       48.254863      0.43067342       2451.5547
0.000       49.260173      0.41820992       2532.5171
0.000       50.265482      0.39841839       2563.4166
0.000       51.270792      0.38185689       2607.2398
0.000       52.276102      0.37823260       2737.4034
0.000       53.281411      0.36394952       2788.9361
0.000       54.286721      0.34982079       2835.2849
0.000       55.292031      0.34185240       2927.4974
0.000       56.297340      0.33626645       3039.6070
0.000       57.302650      0.32311391       3079.9952
0.000       58.307960      0.31514641       3164.9450
0.000       59.313269      0.30281593       3201.1393
0.000       60.318579      0.29434688       3272.5253
0.000       61.323889      0.28880371       3374.1321
0.000       62.329198      0.28012674       3436.3662
0.000       63.334508      0.27378757       3523.7508
0.000       64.339818      0.26830838       3620.2951
0.000       66.350437      0.25500692       3773.5802
0.000       68.361056      0.24006007       3885.2276
0.000       70.371675      0.23164715       4089.6947
0.000       72.382295      0.22245102       4273.6771
0.000       74.392914      0.21065025       4393.6651
0.000       76.403533      0.20483425       4628.2112
0.000       78.414153      0.19465045       4754.5457
0.000       80.424772      0.18804115       4955.5593
0.000       82.435391      0.17628539       5002.9676
0.000       84.446011      0.17226735       5255.4589
0.000       86.456630      0.16785764       5495.4883
0.000       88.467249      0.15888878       5573.2824
0.000       90.477868      0.15710113       5894.9028
0.000       92.488488      0.15059704       6036.0068
0.000       94.499107      0.14372628       6144.5426
0.000       96.509726      0.14019112       6384.1638
0.000       98.520346      0.13518754       6549.1467
0.000       100.53096      0.13386702       6890.3838
0.000       102.54158      0.12895051       7043.5788
0.000       104.55220      0.12616555       7304.8384
0.000       106.56282      0.12148316       7447.3793
0.000       108.57344      0.11638549       7546.4016
0.000       110.58406      0.11464714       7854.3651
0.000       112.59468      0.11057443       7996.1068
0.000       114.60530      0.10782188       8222.2608
0.000       116.61592      0.10545157       8472.2122
0.000       118.62654      0.10162086       8594.0664
0.000       120.63716     0.099754708       8872.5192
0.000       122.64778     0.095821532       8955.9655
0.000       124.65840     0.094752558       9298.7766
0.000       126.66902     0.091994420       9472.0271
0.000       128.67964     0.090366484       9754.5470
0.000       132.70087     0.085769733       10153.731
0.000       136.72211     0.082684986       10705.654
0.000       140.74335     0.077785884       10986.382
0.000       144.76459     0.075061319       11536.484
0.000       148.78583     0.072110758       12032.476
0.000       152.80707     0.066202587       11966.731
0.000       156.82831     0.066763005       13046.063
0.000       160.84954     0.061623283       12991.958
0.000       164.87078     0.061238333       13903.518
0.000       168.89202     0.057144825       13946.800
0.000       172.91326     0.056823147       14882.656
0.000       176.93450     0.051576644       14473.078
0.000       180.95574     0.051551275       15474.860
0.000       184.97698     0.050912504       16324.795
0.000       188.99821     0.047225732       16151.842
0.000       193.01945     0.045480073       16568.937
0.000       197.04069     0.044701191       17324.357
0.000       201.06193     0.043024183       17716.276
0.000       205.08317     0.040690213       17780.758
0.000       209.10441     0.040456098       18738.888
0.000       213.12565     0.038660007       18960.043
0.000       217.14688     0.037191966       19292.131
0.000       221.16812     0.035607730       19515.610
0.000       225.18936     0.034902478       20191.572
0.000       229.21060     0.033639893       20522.438
0.000       233.23184     0.032067556       20611.027
0.000       237.25308     0.030636685       20727.532
0.000       241.27432     0.030679896       21830.185
0.000       245.29555     0.029573450       22112.675
0.000       249.31679     0.028400434       22297.175
0.000       253.33803     0.027849096       22939.425
0.000       257.35927     0.026325801       22733.761
0.000       265.40175     0.026149982       24765.836
0.000       273.44422     0.023852977       24706.948
0.000       281.48670     0.022835796       25802.397
0.000       289.52918     0.020780937       25551.264
0.000       297.57166     0.018939810       25282.532
0.000       305.61413     0.018095183       26166.976
0.000       313.65661     0.016089964       25152.935
0.000       321.69909     0.016529263       27878.746
0.000       329.74156     0.015397181       27966.142
0.000       337.78404     0.013988515       27312.361
0.000       345.82652     0.013995552       29324.808
0.000       353.86900     0.013102690       29414.284
0.000       361.91147     0.013195543       31688.710
0.000       369.95395     0.011767697       30185.944
0.000       377.99643     0.011275925       30852.156
0.000       386.03891     0.010240037       29844.549
0.000       394.08138     0.010410121       32276.303
0.000       402.12386    0.0097822842       32224.787
0.000       410.16634    0.0091747975       32073.532
0.000       418.20881    0.0087923958       32580.447
0.000       426.25129    0.0085742289       33640.501
0.000       434.29377    0.0074107004       30752.492
0.000       442.33625    0.0078151401       34266.095
0.000       450.37872    0.0079017391       36570.133
0.000       458.42120    0.0069824329       34077.766
0.000       466.46368    0.0058512967       30086.791
0.000       474.50615    0.0062670188       33920.075
0.000       482.54863    0.0055651420       31678.877
0.000       490.59111    0.0056930232       34054.321
0.000       498.63359    0.0054463774       34207.598
0.000       506.67606    0.0054247789       35747.318
0.000       514.71854    0.0051242503       35400.552