# z        k [h/Mpc]   P(k) [(Mpc/h)^3]    Delta^2(k)   
3.000     0.015707963       933.71895   0.00018333529
3.000     0.031415927       2392.4985    0.0037581279
3.000     0.047123890       1274.0292    0.0067541861
3.000     0.062831853       1016.5686     0.012774578
3.000     0.078539816       771.09389     0.018925491
3.000     0.094247780       630.90958     0.026757822
3.000      0.10995574       516.42312     0.034780009
3.000      0.12566371       444.40312     0.044676274
3.000      0.14137167       322.30644     0.046134562
3.000      0.15707963       291.44660     0.057225407
3.000      0.17278760       252.38137     0.065957660
3.000      0.18849556       223.89922     0.075967216
3.000      0.20420352       198.33011     0.085555629
3.000      0.21991149       179.52146     0.096723138
3.000      0.23561945       155.99839      0.10337696
3.000      0.25132741       142.10087      0.11428430
3.000      0.26703538       122.87400      0.11853229
3.000      0.28274334       111.30124      0.12745222
3.000      0.29845130       99.809672      0.13441982
3.000      0.31415927       89.699932      0.14090032
3.000      0.32986723       82.425021      0.14988109
3.000      0.34557519       74.608936      0.15598713
3.000      0.36128316       70.424679      0.16824349
3.000      0.37699112       63.614722      0.17267173
3.000      0.39269908       59.506748      0.18256442
3.000      0.40840704       56.483831      0.19492793
3.000      0.42411501       52.266328      0.20199619
3.000      0.43982297       49.273566      0.21238213
3.000      0.45553093       45.575886      0.21825239
3.000      0.47123890       43.184558      0.22894024
3.000      0.48694686       39.688964      0.23215858
3.000      0.50265482       38.067726      0.24492705
3.000      0.51836279       35.723510      0.25207271
3.000      0.53407075       34.014403      0.26250011
3.000      0.54977871       32.361992      0.27243900
3.000      0.56548668       31.129625      0.28517489
3.000      0.58119464       29.088133      0.28930165
3.000      0.59690260       27.627756      0.29766399
3.000      0.61261057       26.366997      0.30710323
3.000      0.62831853       25.069282      0.31502989
3.000      0.64402649       23.916070      0.32364677
3.000      0.65973446       22.601370      0.32878541
3.000      0.67544242       22.098553      0.34498412
3.000      0.69115038       21.195027      0.35450462
3.000      0.70685835       20.628145      0.36908602
3.000      0.72256631       19.232013      0.36755990
3.000      0.73827427       18.898783      0.38526300
3.000      0.75398224       18.103759      0.39311748
3.000      0.76969020       17.640536      0.40750215
3.000      0.78539816       16.852741      0.41362849
3.000      0.80110613       16.265999      0.42366360
3.000      0.81681409       15.709428      0.43371086
3.000      0.83252205       15.095463      0.44126951
3.000      0.84823002       14.670025      0.45356760
3.000      0.86393798       14.133509      0.46170860
3.000      0.87964594       13.645515      0.47052630
3.000      0.89535391       13.270407      0.48254597
3.000      0.91106187       12.985457      0.49747483
3.000      0.92676983       12.413047      0.50056942
3.000      0.94247780       12.001447      0.50899937
3.000      0.95818576       11.689483      0.52097239
3.000      0.97389372       11.500404      0.53816822
3.000      0.98960169       11.155988      0.54772124
3.000       1.0053096       10.786711      0.55521202
3.000       1.0367256       10.439885      0.58932844
3.000       1.0681415       9.5842736      0.59171943
3.000       1.0995574       9.3049640      0.62666972
3.000       1.1309734       8.6345339      0.63279972
3.000       1.1623893       8.2731709      0.65825937
3.000       1.1938052       8.0449554      0.69341672
3.000       1.2252211       7.7069581      0.71811946
3.000       1.2566371       7.3826253      0.74218245
3.000       1.2880530       7.0316252      0.76124975
3.000       1.3194689       6.7128137      0.78121818
3.000       1.3508848       6.5488091      0.81787620
3.000       1.3823008       6.2718062      0.83920978
3.000       1.4137167       6.1216806      0.87625010
3.000       1.4451326       5.7737452      0.88277695
3.000       1.4765485       5.5535936      0.90570664
3.000       1.5079645       5.5040180      0.95614430
3.000       1.5393804       5.2523984      0.97065697
3.000       1.5707963       5.1213011       1.0055651
3.000       1.6022123       4.8677219       1.0142760
3.000       1.6336282       4.7068731       1.0395907
3.000       1.6650441       4.5697271       1.0686556
3.000       1.6964600       4.5044080       1.1141377
3.000       1.7278760       4.4010292       1.1501704
3.000       1.7592919       4.2090161       1.1610864
3.000       1.7907078       4.1497355       1.2071601
3.000       1.8221237       4.0076197       1.2282602
3.000       1.8535397       3.9110451       1.2617367
3.000       1.8849556       3.7942817       1.2873695
3.000       1.9163715       3.6919367       1.3163265
3.000       1.9477874       3.6231104       1.3563648
3.000       1.9792034       3.4957219       1.3730249
3.000       2.0106193       3.4259102       1.4107036
3.000       2.0734512       3.2057608       1.4477141
3.000       2.1362830       3.1702774       1.5658274
3.000       2.1991149       2.9975950       1.6150536
3.000       2.2619467       2.8554115       1.6741180
3.000       2.3247786       2.7976625       1.7807804
3.000       2.3876104       2.6351121       1.8170202
3.000       2.4504423       2.5313997       1.8869674
3.000       2.5132741       2.4639416       1.9816194
3.000       2.5761060       2.3742734       2.0563269
3.000       2.6389378       2.2652485       2.1089855
3.000       2.7017697       2.1821720       2.1802395
3.000       2.7646015       2.1651701       2.3177144
3.000       2.8274334       2.0560220       2.3543724
3.000       2.8902652       2.0219985       2.4732281
3.000       2.9530971       1.9266974       2.5137202
3.000       3.0159289       1.9042317       2.6463871
3.000       3.0787608       1.8146102       2.6827577
3.000       3.1415927       1.7851569       2.8041178
3.000       3.2044245       1.7418947       2.9036368
3.000       3.2672564       1.6965591       2.9977050
3.000       3.3300882       1.6212642       3.0331316
3.000       3.3929201       1.5788942       3.1242385
3.000       3.4557519       1.5472377       3.2348562
3.000       3.5185838       1.5362395       3.3902589
3.000       3.5814156       1.4615934       3.4014258
3.000       3.6442475       1.4443554       3.5413423
3.000       3.7070793       1.4050971       3.6263709
3.000       3.7699112       1.3914045       3.7767395
3.000       3.8327430       1.3469338       3.8418961
3.000       3.8955749       1.3130593       3.9325048
3.000       3.9584067       1.2902418       4.0541763
3.000       4.0212386       1.2587777       4.1466638
3.000       4.1469023       1.2103261       4.3726437
3.000       4.2725660       1.1702983       4.6241633
3.000       4.3982297       1.1122061       4.7939031
3.000       4.5238934       1.0737064       5.0360831
3.000       4.6495571       1.0272956       5.2311894
3.000       4.7752208      0.98160685       5.4148723
3.000       4.9008845      0.97428860       5.8100691
3.000       5.0265482      0.92750702       5.9675633
3.000       5.1522120      0.88324723       6.1197503
3.000       5.2778757      0.85873590       6.3959836
3.000       5.4035394      0.83223312       6.6519689
3.000       5.5292031      0.79944783       6.8461752
3.000       5.6548668      0.78588292       7.1993824
3.000       5.7805305      0.76143606       7.4508666
3.000       5.9061942      0.74345654       7.7597729
3.000       6.0318579      0.72375437       8.0466435
3.000       6.1575216      0.69885940       8.2656670
3.000       6.2831853      0.67960298       8.5401429
3.000       6.4088490      0.65189152       8.6933209
3.000       6.5345127      0.63484792       8.9738661
3.000       6.6601764      0.61244044       9.1662419
3.000       6.7858401      0.60497117       9.5766983
3.000       6.9115038      0.59637518       9.9748755
3.000       7.0371675      0.57600114       10.169211
3.000       7.1628313      0.56255140       10.473374
3.000       7.2884950      0.55273792       10.841842
3.000       7.4141587      0.52440804       10.827426
3.000       7.5398224      0.51982424       11.287822
3.000       7.6654861      0.50067498       11.424711
3.000       7.7911498      0.49968916       11.972224
3.000       7.9168135      0.49049036       12.329685
3.000       8.0424772      0.47301026       12.465518
3.000       8.2938046      0.45767647       13.227880
3.000       8.5451320      0.43144856       13.638155
3.000       8.7964594      0.41380335       14.268817
3.000       9.0477868      0.41489868       15.568236
3.000       9.2991143      0.39428791       16.062327
3.000       9.5504417      0.37476655       16.538703
3.000       9.8017691      0.36466492       17.397132
3.000       10.053096      0.34602917       17.810763
3.000       10.304424      0.33670293       18.663294
3.000       10.555751      0.32549915       19.394901
3.000       10.807079      0.32321702       20.667570
3.000       11.058406      0.31740345       21.745005
3.000       11.309734      0.30187921       22.123844
3.000       11.561061      0.29502128       23.094931
3.000       11.812388      0.28507669       23.803736
3.000       12.063716      0.27992930       24.897854
3.000       12.315043      0.26962071       25.511225
3.000       12.566371      0.25983232       26.121193
3.000       12.817698      0.25276530       26.966080
3.000       13.069025      0.24527736       27.736862
3.000       13.320353      0.24288752       29.081891
3.000       13.571680      0.23622838       29.915977
3.000       13.823008      0.23051128       30.843957
3.000       14.074335      0.22078324       31.183153
3.000       14.325663      0.21706686       32.330165
3.000       14.576990      0.21398993       33.578953
3.000       14.828317      0.20344733       33.604533
3.000       15.079645      0.20231030       35.144840
3.000       15.330972      0.19841267       36.220025
3.000       15.582300      0.19285127       36.964719
3.000       15.833627      0.18609530       37.423714
3.000       16.084954      0.18294194       38.569415
3.000       16.587609      0.17225548       39.828568
3.000       17.090264      0.16529646       41.800371
3.000       17.592919      0.15964453       44.039057
3.000       18.095574      0.15317824       45.981635
3.000       18.598229      0.14814773       48.281415
3.000       19.100883      0.13720607       48.439979
3.000       19.603538      0.13288792       50.717651
3.000       20.106193      0.12812723       52.759570
3.000       20.608848      0.12264565       54.385553
3.000       21.111503      0.12105471       57.704462
3.000       21.614157      0.11386471       58.247104
3.000       22.116812      0.11018901       60.391545
3.000       22.619467      0.10664663       62.526554
3.000       23.122122      0.10366375       64.920258
3.000       23.624777     0.099513260       66.474389
3.000       24.127432     0.097098146       69.089886
3.000       24.630086     0.093901048       71.078541
3.000       25.132741     0.091395081       73.504285
3.000       25.635396     0.087654170       74.810565
3.000       26.138051     0.085381875       77.242361
3.000       26.640706     0.082375822       78.905486
3.000       27.143361     0.080737735       81.797054
3.000       27.646015     0.078371585       83.893154
3.000       28.148670     0.076357581       86.277205
3.000       28.651325     0.072157874       85.978155
3.000       29.153980     0.071441370       89.683713
3.000       29.656635     0.069646689       92.031465
3.000       30.159289     0.067185490       93.370367
3.000       30.661944     0.065296579       95.358576
3.000       31.164599     0.065448527       100.35864
3.000       31.667254     0.062682876       100.84408
3.000       32.169909     0.060884147       102.68901
3.000       33.175218     0.056491403       104.49463
3.000       34.180528     0.054646164       110.55191
3.000       35.185838     0.050903727       112.33718
3.000       36.191147     0.050652232       121.63986
3.000       37.196457     0.047553738       123.98229
3.000       38.201767     0.045979081       129.86164
3.000       39.207076     0.044604439       136.18890
3.000       40.212386     0.039645168       130.59906
3.000       41.217696     0.039712861       140.88104
3.000       42.223005     0.040006440       152.56243
3.000       43.228315     0.037501991       153.47213
3.000       44.233625     0.036413549       159.65806
3.000       45.238934     0.034887653       163.63609
3.000       46.244244     0.033572846       168.20212
3.000       47.249554     0.032445694       173.38856
3.000       48.254863     0.031101692       177.04250
3.000       49.260173     0.028657268       173.53730
3.000       50.265482     0.028533535       183.58424
3.000       51.270792     0.027303749       186.42435
3.000       52.276102     0.026670321       193.02256
3.000       53.281411     0.027026514       207.10351
3.000       54.286721     0.025461816       206.36710
3.000       55.292031     0.024063179       206.06815
3.000       56.297340     0.023542841       212.81036
3.000       57.302650     0.023521320       224.21057
3.000       58.307960     0.022407635       225.03487
3.000       59.313269     0.022063674       233.24035
3.000       60.318579     0.021358640       237.46366
3.000       61.323889     0.020408941       238.44037
3.000       62.329198     0.020559323       252.20500
3.000       63.334508     0.019974799       257.08331
3.000       64.339818     0.019209473       259.19414
3.000       66.350437     0.018691514       276.59613
3.000       68.361056     0.016486999       266.83215
3.000       70.371675     0.016787798       296.38599
3.000       72.382295     0.015479939       297.39698
3.000       74.392914     0.015380798       320.80701
3.000       76.403533     0.013854707       313.04584
3.000       78.414153     0.012829681       313.37869
3.000       80.424772     0.012633110       332.92780
3.000       82.435391     0.012514381       355.15728
3.000       84.446011     0.012429438       379.19198
3.000       86.456630     0.011581947       379.18117
3.000       88.467249    0.0096025372       336.82462
3.000       90.477868     0.010119055       379.69711
3.000       92.488488    0.0087816907       351.97469
3.000       94.499107    0.0086843905       371.27244
3.000       96.509726    0.0098425099       448.21808
3.000       98.520346    0.0086145593       417.33144
3.000       100.53096    0.0092532085       476.27980
3.000       102.54158    0.0083682737       457.09472
3.000       104.55220    0.0078640654       455.32023
3.000       106.56282    0.0074306826       455.52909
3.000       108.57344    0.0070381927       456.35439
3.000       110.58406    0.0072857174       499.13749
3.000       112.59468    0.0061409713       444.07973
3.000       114.60530    0.0061953780       472.44600
3.000       116.61592    0.0062398686       501.32484
3.000       118.62654    0.0062567400       529.13190
3.000       120.63716    0.0049896448       443.79579
3.000       122.64778    0.0054814842       512.32727
3.000       124.65840    0.0053039514       520.51638
3.000       126.66902    0.0054876027       565.02038
3.000       128.67964    0.0049716197       536.65801
3.000       132.70087    0.0037202516       440.41684
3.000       136.72211    0.0044656494       578.19078
3.000       140.74335    0.0047163369       666.12961
3.000       144.76459    0.0030840382       473.99858
3.000       148.78583    0.0046400123       774.23731
3.000       152.80707    0.0023481686       424.45324
3.000       156.82831    0.0027834709       543.91408
3.000       160.84954    0.0029896521       630.30451
3.000       164.87078    0.0022282186       505.89355
3.000       168.89202    0.0027250561       665.07880
3.000       172.91326    0.0025224929       660.67079
3.000       176.93450    0.0022538956       632.47244
3.000       180.95574    0.0025878545       776.83214
3.000       184.97698    0.0027340681       876.66287
3.000       188.99821    0.0018410406       629.66090
3.000       193.01945    0.0013769834       501.65160
3.000       197.04069    0.0024692709       956.98859
3.000       201.06193    0.0013922536       573.29500
3.000       205.08317    0.0018027605       787.76802
3.000       209.10441    0.0020485590       948.87344
3.000       213.12565   0.00091643468       449.44744
3.000       217.14688    0.0021557296       1118.2151
3.000       221.16812    0.0019830264       1086.8418
3.000       225.18936    0.0017489496       1011.7918
3.000       229.21060    0.0014480205       883.38306
3.000       233.23184    0.0015627882       1004.4629
3.000       237.25308    0.0010144707       686.34953
3.000       241.27432    0.0016865057       1200.0279
3.000       245.29555    0.0014113458       1055.2922
3.000       249.31679    0.0012453800       977.74754
3.000       253.33803   0.00094055640       774.74054
3.000       257.35927   0.00074569667       643.94965
3.000       265.40175   0.00082538175       781.69342
3.000       273.44422   0.00099839337       1034.1373
3.000       281.48670   0.00059964745       677.54773
3.000       289.52918   0.00055325553       680.25703
3.000       297.57166    0.0018186652       2427.7150
3.000       305.61413    0.0011990891       1733.9717
3.000       313.65661    0.0015885497       2483.3299
3.000       321.69909    0.0015642756       2638.3537
3.000       329.74156   0.00012734112       231.29169
3.000       337.78404    0.0010662485       2081.8339
3.000       345.82652   0.00030874381       646.90931
3.000       353.86900   0.00054137932       1215.3447
3.000       361.91147    0.0010045038       2412.2866
3.000       369.95395    0.0010213013       2619.7942
3.000       377.99643    0.0011917257       3260.6910
3.000       386.03891    0.0010095509       2942.3322
3.000       394.08138   0.00049021673       1519.9040
3.000       402.12386   0.00029857491       983.56506
3.000       410.16634   0.00075341795       2633.8210
3.000       418.20881   0.00060549856       2243.6903
3.000       426.25129   0.00039948360       1567.3512
3.000       434.29377   0.00063339702       2628.4340
3.000       442.33625   0.00039044191       1711.9232
3.000       450.37872   0.00054283131       2512.2841
3.000       458.42120   0.00046506542       2269.7519
3.000       466.46368   0.00025159859       1293.6952
3.000       474.50615   0.00030586058       1655.4624
3.000       482.54863   0.00013708016       780.31174
3.000       490.59111   2.9967496e-05       179.25849
3.000       498.63359   0.00060595851       3805.9031
3.000       506.67606   0.00082734231       5451.8846
3.000       514.71854    0.0012348091       8530.5988
2.750     0.015707963       1059.3060   0.00020799424
2.750     0.031415927       2715.5193    0.0042655278
2.750     0.047123890       1444.8181    0.0076596130
2.750     0.062831853       1154.4482     0.014507224
2.750     0.078539816       875.64262     0.021491503
2.750     0.094247780       716.47816     0.030386914
2.750      0.10995574       585.94502     0.039462162
2.750      0.12566371       503.58595     0.050625982
2.750      0.14137167       366.49996     0.052460370
2.750      0.15707963       331.65009     0.065119343
2.750      0.17278760       287.29752     0.075082690
2.750      0.18849556       254.66851     0.086406990
2.750      0.20420352       225.71392     0.097368458
2.750      0.21991149       204.65549      0.11026493
2.750      0.23561945       177.82444      0.11784064
2.750      0.25132741       162.29492      0.13052532
2.750      0.26703538       140.44021      0.13547780
2.750      0.28274334       127.63350      0.14615447
2.750      0.29845130       114.27246      0.15389775
2.750      0.31415927       102.88003      0.16160358
2.750      0.32986723       94.543986      0.17191813
2.750      0.34557519       85.564593      0.17889245
2.750      0.36128316       80.978353      0.19345606
2.750      0.37699112       73.273211      0.19888812
2.750      0.39269908       68.498278      0.21015008
2.750      0.40840704       65.102678      0.22467191
2.750      0.42411501       60.237893      0.23280428
2.750      0.43982297       56.779911      0.24473647
2.750      0.45553093       52.777429      0.25273891
2.750      0.47123890       49.976105      0.26494520
2.750      0.48694686       45.949072      0.26877676
2.750      0.50265482       44.114134      0.28382954
2.750      0.51836279       41.451258      0.29248892
2.750      0.53407075       39.530006      0.30506580
2.750      0.54977871       37.679630      0.31720546
2.750      0.56548668       36.210155      0.33171703
2.750      0.58119464       33.946678      0.33762325
2.750      0.59690260       32.214947      0.34708681
2.750      0.61261057       30.783753      0.35854633
2.750      0.62831853       29.349197      0.36881289
2.750      0.64402649       28.006374      0.37899924
2.750      0.65973446       26.467386      0.38502490
2.750      0.67544242       25.929010      0.40478200
2.750      0.69115038       24.857209      0.41575769
2.750      0.70685835       24.242962      0.43376361
2.750      0.72256631       22.629201      0.43248655
2.750      0.73827427       22.244683      0.45347117
2.750      0.75398224       21.328891      0.46315023
2.750      0.76969020       20.811795      0.48075927
2.750      0.78539816       19.903284      0.48850008
2.750      0.80110613       19.212230      0.50040104
2.750      0.81681409       18.591024      0.51326688
2.750      0.83252205       17.904844      0.52339315
2.750      0.84823002       17.356572      0.53663023
2.750      0.86393798       16.812402      0.54922173
2.750      0.87964594       16.221044      0.55933600
2.750      0.89535391       15.765802      0.57328492
2.750      0.91106187       15.458657      0.59222350
2.750      0.92676983       14.816545      0.59749305
2.750      0.94247780       14.330550      0.60778014
2.750      0.95818576       13.943371      0.62142281
2.750      0.97389372       13.739956      0.64296938
2.750      0.98960169       13.328569      0.65438760
2.750       1.0053096       12.929540      0.66550740
2.750       1.0367256       12.520470      0.70677685
2.750       1.0681415       11.521697      0.71133318
2.750       1.0995574       11.193603      0.75386555
2.750       1.1309734       10.408857      0.76283466
2.750       1.1623893       10.002085      0.79582134
2.750       1.1938052       9.7143620      0.83730744
2.750       1.2252211       9.3335235      0.86967968
2.750       1.2566371       8.9606655      0.90082435
2.750       1.2880530       8.5285956      0.92331304
2.750       1.3194689       8.1700740      0.95080999
2.750       1.3508848       8.0062802      0.99989875
2.750       1.3823008       7.6670241       1.0258993
2.750       1.4137167       7.5121953       1.0752867
2.750       1.4451326       7.0801401       1.0825182
2.750       1.4765485       6.8271163       1.1133988
2.750       1.5079645       6.7371830       1.1703666
2.750       1.5393804       6.4577121       1.1934021
2.750       1.5707963       6.3165317       1.2402481
2.750       1.6022123       6.0280614       1.2560533
2.750       1.6336282       5.8272759       1.2870502
2.750       1.6650441       5.6680768       1.3255106
2.750       1.6964600       5.5812550       1.3804892
2.750       1.7278760       5.4681094       1.4290425
2.750       1.7592919       5.2144001       1.4384286
2.750       1.7907078       5.1851679       1.5083679
2.750       1.8221237       5.0058600       1.5342020
2.750       1.8535397       4.8903230       1.5776602
2.750       1.8849556       4.7485507       1.6111453
2.750       1.9163715       4.6374763       1.6534501
2.750       1.9477874       4.5394232       1.6994000
2.750       1.9792034       4.3929927       1.7254485
2.750       2.0106193       4.3181954       1.7781242
2.750       2.0734512       4.0521363       1.8299353
2.750       2.1362830       3.9926412       1.9719999
2.750       2.1991149       3.7921853       2.0431655
2.750       2.2619467       3.6171837       2.1207424
2.750       2.3247786       3.5569224       2.2640678
2.750       2.3876104       3.3381077       2.3017651
2.750       2.4504423       3.2076496       2.3910607
2.750       2.5132741       3.1425158       2.5273612
2.750       2.5761060       3.0342398       2.6279152
2.750       2.6389378       2.9018992       2.7017182
2.750       2.7017697       2.8134176       2.8109262
2.750       2.7646015       2.7690051       2.9640918
2.750       2.8274334       2.6580957       3.0438133
2.750       2.8902652       2.6074657       3.1893485
2.750       2.9530971       2.4900618       3.2487295
2.750       3.0159289       2.4618538       3.4213369
2.750       3.0787608       2.3555126       3.4824392
2.750       3.1415927       2.3337000       3.6657674
2.750       3.2044245       2.2674045       3.7796309
2.750       3.2672564       2.2024773       3.8916281
2.750       3.3300882       2.1161071       3.9589053
2.750       3.3929201       2.0639231       4.0839898
2.750       3.4557519       2.0070305       4.1961587
2.750       3.5185838       1.9893471       4.3902021
2.750       3.5814156       1.9269629       4.4844356
2.750       3.6442475       1.8910587       4.6365918
2.750       3.7070793       1.8396667       4.7479381
2.750       3.7699112       1.8246639       4.9527511
2.750       3.8327430       1.7653612       5.0353879
2.750       3.8955749       1.7201757       5.1517850
2.750       3.9584067       1.6808650       5.2815858
2.750       4.0212386       1.6529199       5.4450466
2.750       4.1469023       1.5908195       5.7472828
2.750       4.2725660       1.5411755       6.0895989
2.750       4.3982297       1.4546026       6.2697230
2.750       4.5238934       1.4288238       6.7017162
2.750       4.6495571       1.3540420       6.8950458
2.750       4.7752208       1.3204911       7.2842713
2.750       4.9008845       1.2844207       7.6595098
2.750       5.0265482       1.2274617       7.8974664
2.750       5.1522120       1.1873825       8.2270105
2.750       5.2778757       1.1358933       8.4602902
2.750       5.4035394       1.1065087       8.8442304
2.750       5.5292031       1.0727334       9.1864912
2.750       5.6548668       1.0465186       9.5870356
2.750       5.7805305       1.0215758       9.9964077
2.750       5.9061942      0.97790537       10.206815
2.750       6.0318579      0.95906705       10.662831
2.750       6.1575216      0.92772747       10.972574
2.750       6.2831853      0.89307912       11.222763
2.750       6.4088490      0.86711348       11.563420
2.750       6.5345127      0.84978674       12.012125
2.750       6.6601764      0.81942156       12.264076
2.750       6.7858401      0.80889207       12.804768
2.750       6.9115038      0.78663801       13.157181
2.750       7.0371675      0.78046365       13.778966
2.750       7.1628313      0.75513081       14.058747
2.750       7.2884950      0.73247945       14.367436
2.750       7.4141587      0.69981391       14.449022
2.750       7.5398224      0.69094287       15.003609
2.750       7.6654861      0.67260917       15.348012
2.750       7.7911498      0.66156216       15.850595
2.750       7.9168135      0.65952389       16.578759
2.750       8.0424772      0.62448031       16.457298
2.750       8.2938046      0.61556153       17.791114
2.750       8.5451320      0.57137612       18.061286
2.750       8.7964594      0.55340447       19.082560
2.750       9.0477868      0.53035650       19.900557
2.750       9.2991143      0.51065691       20.802916
2.750       9.5504417      0.49401259       21.801112
2.750       9.8017691      0.47659533       22.737015
2.750       10.053096      0.45964410       23.658734
2.750       10.304424      0.44564146       24.701709
2.750       10.555751      0.42177921       25.131759
2.750       10.807079      0.41207984       26.349755
2.750       11.058406      0.39876898       27.319279
2.750       11.309734      0.39208698       28.734907
2.750       11.561061      0.37481901       29.341678
2.750       11.812388      0.36305432       30.314822
2.750       12.063716      0.35636637       31.696423
2.750       12.315043      0.34793116       32.920878
2.750       12.566371      0.33068587       33.244170
2.750       12.817698      0.32462202       34.632061
2.750       13.069025      0.31108308       35.178415
2.750       13.320353      0.31098538       37.235519
2.750       13.571680      0.29796655       37.734502
2.750       13.823008      0.28816340       38.558197
2.750       14.074335      0.27785634       39.244087
2.750       14.325663      0.26989587       40.198574
2.750       14.576990      0.26676277       41.859982
2.750       14.828317      0.26005146       42.954153
2.750       15.079645      0.25137106       43.667554
2.750       15.330972      0.24828072       45.323384
2.750       15.582300      0.23615661       45.265259
2.750       15.833627      0.23356615       46.970089
2.750       16.084954      0.22766953       47.999274
2.750       16.587609      0.21418494       49.523415
2.750       17.090264      0.20658107       52.240473
2.750       17.592919      0.19759491       54.507931
2.750       18.095574      0.18693916       56.116116
2.750       18.598229      0.17935250       58.451065
2.750       19.100883      0.17121718       60.447448
2.750       19.603538      0.16235647       61.964541
2.750       20.106193      0.15704773       64.668302
2.750       20.608848      0.15263192       67.682556
2.750       21.111503      0.15071395       71.842451
2.750       21.614157      0.14459218       73.965637
2.750       22.116812      0.13744162       75.327947
2.750       22.619467      0.13077147       76.670869
2.750       23.122122      0.12430723       77.848403
2.750       23.624777      0.12309996       82.230192
2.750       24.127432      0.11753100       83.628817
2.750       24.630086      0.11428530       86.508434
2.750       25.132741      0.10966303       88.196245
2.750       25.635396      0.10886991       92.917648
2.750       26.138051      0.10506274       95.047033
2.750       26.640706      0.10230206       97.992265
2.750       27.143361     0.097060977       98.334466
2.750       27.646015     0.093186718       99.752069
2.750       28.148670     0.091363925       103.23302
2.750       28.651325     0.088187256       105.07762
2.750       29.153980     0.087446895       109.77620
2.750       29.656635     0.085597538       113.10899
2.750       30.159289     0.082220231       114.26475
2.750       30.661944     0.077795212       113.61147
2.750       31.164599     0.076616711       117.48391
2.750       31.667254     0.076607238       123.24556
2.750       32.169909     0.073051880       123.21147
2.750       33.175218     0.068890145       127.42913
2.750       34.180528     0.065909625       133.33845
2.750       35.185838     0.064004330       141.24832
2.750       36.191147     0.061795665       148.40049
2.750       37.196457     0.057330712       149.47285
2.750       38.201767     0.057393370       162.09974
2.750       39.207076     0.053465953       163.24540
2.750       40.212386     0.050433791       166.13893
2.750       41.217696     0.047279756       167.72454
2.750       42.223005     0.045824256       174.74836
2.750       43.228315     0.045032039       184.28789
2.750       44.233625     0.042589497       186.73699
2.750       45.238934     0.041676610       195.47884
2.750       46.244244     0.039796117       199.38111
2.750       47.249554     0.038129660       203.76346
2.750       48.254863     0.037696336       214.58169
2.750       49.260173     0.036451119       220.73384
2.750       50.265482     0.035348451       227.43129
2.750       51.270792     0.032576197       222.42353
2.750       52.276102     0.032222009       233.20210
2.750       53.281411     0.032200775       246.75374
2.750       54.286721     0.031135459       252.35177
2.750       55.292031     0.029575592       253.27442
2.750       56.297340     0.029642689       267.94860
2.750       57.302650     0.028339528       270.13882
2.750       58.307960     0.027509439       276.27114
2.750       59.313269     0.026413873       279.22734
2.750       60.318579     0.025250448       280.73248
2.750       61.323889     0.024891763       290.81377
2.750       62.329198     0.023660515       290.24790
2.750       63.334508     0.023403227       301.20848
2.750       64.339818     0.022838712       308.16360
2.750       66.350437     0.021756649       321.95385
2.750       68.361056     0.021989096       355.88029
2.750       70.371675     0.019417771       342.81776
2.750       72.382295     0.019142866       367.76828
2.750       74.392914     0.018087133       377.25474
2.750       76.403533     0.016672388       376.71107
2.750       78.414153     0.015958204       389.79622
2.750       80.424772     0.014688577       387.09672
2.750       82.435391     0.014470378       410.66837
2.750       84.446011     0.014256401       434.92820
2.750       86.456630     0.012881664       421.73257
2.750       88.467249     0.013513363       474.00320
2.750       90.477868     0.012141074       455.56930
2.750       92.488488     0.012025289       481.97978
2.750       94.499107     0.011352001       485.31733
2.750       96.509726     0.010935424       497.98832
2.750       98.520346     0.010157597       492.08375
2.750       100.53096     0.010049735       517.27850
2.750       102.54158    0.0097514168       532.64523
2.750       104.55220    0.0088912075       514.79056
2.750       106.56282    0.0092082974       564.50363
2.750       108.57344    0.0082788363       536.79736
2.750       110.58406    0.0084718952       580.40139
2.750       112.59468    0.0087143848       630.17419
2.750       114.60530    0.0072729494       554.61924
2.750       116.61592    0.0067255313       540.34405
2.750       118.62654    0.0075120783       635.29574
2.750       120.63716    0.0068114173       605.83037
2.750       122.64778    0.0063681202       595.19676
2.750       124.65840    0.0062208426       610.49777
2.750       126.66902    0.0064739683       666.57960
2.750       128.67964    0.0058189584       628.12340
2.750       132.70087    0.0061465682       727.65298
2.750       136.72211    0.0051714684       669.57682
2.750       140.74335    0.0041887042       591.60742
2.750       144.76459    0.0044980662       691.32638
2.750       148.78583    0.0037705635       629.16016
2.750       152.80707    0.0034687394       627.00679
2.750       156.82831    0.0039965375       780.95768
2.750       160.84954    0.0027166004       572.73736
2.750       164.87078    0.0036218856       822.31098
2.750       168.89202    0.0031976989       780.43229
2.750       172.91326    0.0026645526       697.87790
2.750       176.93450    0.0027590069       774.21324
2.750       180.95574    0.0032674326       980.83050
2.750       184.97698    0.0023131916       741.71130
2.750       188.99821    0.0024753164       846.59184
2.750       193.01945    0.0027139558       988.72671
2.750       197.04069    0.0021018479       814.59043
2.750       201.06193    0.0024724467       1018.0913
2.750       205.08317    0.0016288714       711.78220
2.750       209.10441    0.0018004625       833.95746
2.750       213.12565    0.0017948328       880.24057
2.750       217.14688    0.0019883788       1031.4073
2.750       221.16812    0.0020038656       1098.2632
2.750       225.18936   0.00092178280       533.26424
2.750       229.21060    0.0019528694       1191.3725
2.750       233.23184    0.0016774892       1078.1855
2.750       237.25308    0.0011845903       801.44549
2.750       241.27432    0.0011343519       807.14456
2.750       245.29555    0.0011162553       834.64697
2.750       249.31679    0.0011485305       901.71108
2.750       253.33803    0.0015503039       1276.9923
2.750       257.35927    0.0010890969       940.49444
2.750       265.40175    0.0010503240       994.72923
2.750       273.44422    0.0023117716       2394.5364
2.750       281.48670   0.00078913301       891.64939
2.750       289.52918    0.0013278751       1632.6929
2.750       297.57166    0.0010940023       1460.3710
2.750       305.61413   0.00030433695       440.09379
2.750       313.65661    0.0011758681       1838.1976
2.750       321.69909   0.00099753535       1682.4728
2.750       329.74156   0.00067518209       1226.3438
2.750       337.78404   0.00092480472       1805.6671
2.750       345.82652    0.0010796887       2262.2662
2.750       353.86900   0.00058863202       1321.4225
2.750       361.91147   0.00054418397       1306.8419
2.750       369.95395   0.00087653144       2248.4372
2.750       377.99643   0.00078108186       2137.1249
2.750       386.03891   0.00058412402       1702.4272
2.750       394.08138   0.00061133894       1895.4401
2.750       402.12386   0.00069598472       2292.7119
2.750       410.16634    0.0011035076       3857.6748
2.750       418.20881   0.00070674524       2618.8625
2.750       426.25129   2.6587692e-05       104.31530
2.750       434.29377   0.00047573019       1974.1573
2.750       442.33625   0.00079161277       3470.8883
2.750       450.37872   0.00051557290       2386.1291
2.750       458.42120   0.00027405102       1337.5061
2.750       466.46368   0.00092563761       4759.5374
2.750       474.50615   0.00056743264       3071.2143
2.750       482.54863    0.0012242286       6968.7683
2.750       490.59111   0.00042112264       2519.0563
2.750       498.63359   0.00045216353       2839.9479
2.750       506.67606   0.00021618340       1424.5699
2.750       514.71854   0.00087885142       6071.4882
2.500     0.015707963       1211.5752   0.00023789224
2.500     0.031415927       3107.4064    0.0048811026
2.500     0.047123890       1651.7427    0.0087566106
2.500     0.062831853       1321.8565     0.016610938
2.500     0.078539816       1002.5919     0.024607307
2.500     0.094247780       820.36394     0.034792866
2.500      0.10995574       670.28342     0.045142175
2.500      0.12566371       575.22446     0.057827870
2.500      0.14137167       420.30733     0.060162293
2.500      0.15707963       380.66255     0.074742917
2.500      0.17278760       329.92077     0.086221903
2.500      0.18849556       292.14869     0.099123715
2.500      0.20420352       259.14066      0.11178808
2.500      0.21991149       235.38063      0.12681912
2.500      0.23561945       204.52885      0.13553712
2.500      0.25132741       187.07624      0.15045564
2.500      0.26703538       162.02460      0.15629951
2.500      0.28274334       147.79884      0.16924601
2.500      0.29845130       132.12171      0.17793643
2.500      0.31415927       119.20809      0.18725163
2.500      0.32986723       109.57165      0.19924433
2.500      0.34557519       99.125291      0.20724421
2.500      0.36128316       94.095069      0.22479170
2.500      0.37699112       85.325792      0.23160287
2.500      0.39269908       79.690138      0.24448628
2.500      0.40840704       75.853437      0.26177321
2.500      0.42411501       70.177504      0.27121837
2.500      0.43982297       66.134291      0.28505633
2.500      0.45553093       61.804866      0.29596923
2.500      0.47123890       58.512504      0.31020039
2.500      0.48694686       53.813972      0.31478209
2.500      0.50265482       51.714458      0.33272988
2.500      0.51836279       48.676668      0.34347296
2.500      0.53407075       46.489985      0.35877820
2.500      0.54977871       44.403801      0.37381280
2.500      0.56548668       42.623538      0.39046929
2.500      0.58119464       40.136034      0.39918069
2.500      0.59690260       38.025129      0.40968624
2.500      0.61261057       36.400126      0.42396167
2.500      0.62831853       34.804495      0.43736618
2.500      0.64402649       33.223526      0.44960091
2.500      0.65973446       31.410917      0.45693916
2.500      0.67544242       30.831584      0.48131688
2.500      0.69115038       29.543122      0.49413351
2.500      0.70685835       28.852247      0.51623456
2.500      0.72256631       27.001244      0.51604451
2.500      0.73827427       26.540777      0.54104961
2.500      0.75398224       25.474610      0.55317322
2.500      0.76969020       24.894442      0.57506975
2.500      0.78539816       23.833864      0.58497103
2.500      0.80110613       23.013123      0.59939895
2.500      0.81681409       22.313412      0.61603574
2.500      0.83252205       21.532359      0.62943242
2.500      0.84823002       20.826167      0.64390310
2.500      0.86393798       20.290214      0.66283371
2.500      0.87964594       19.564912      0.67463967
2.500      0.89535391       19.007353      0.69115602
2.500      0.91106187       18.678601      0.71558004
2.500      0.92676983       17.948962      0.72381114
2.500      0.94247780       17.373645      0.73684234
2.500      0.95818576       16.886292      0.75258178
2.500      0.97389372       16.665439      0.77986912
2.500      0.98960169       16.164314      0.79361308
2.500       1.0053096       15.741342      0.81023604
2.500       1.0367256       15.251662      0.86095189
2.500       1.0681415       14.075707      0.86901416
2.500       1.0995574       13.675844      0.92103930
2.500       1.1309734       12.756492      0.93488596
2.500       1.1623893       12.296351      0.97836591
2.500       1.1938052       11.921945       1.0275850
2.500       1.2252211       11.471885       1.0689281
2.500       1.2566371       11.063273       1.1122015
2.500       1.2880530       10.525194       1.1394664
2.500       1.3194689       10.129982       1.1788985
2.500       1.3508848       9.9452339       1.2420533
2.500       1.3823008       9.5272644       1.2748119
2.500       1.4137167       9.3729561       1.3416338
2.500       1.4451326       8.8306232       1.3501584
2.500       1.4765485       8.5558335       1.3953263
2.500       1.5079645       8.3825771       1.4562004
2.500       1.5393804       8.0717137       1.4916738
2.500       1.5707963       7.9192975       1.5549504
2.500       1.6022123       7.6167390       1.5870824
2.500       1.6336282       7.3640322       1.6264682
2.500       1.6650441       7.1616623       1.6747937
2.500       1.6964600       7.0315132       1.7392017
2.500       1.7278760       6.9082566       1.8054123
2.500       1.7592919       6.5872030       1.8171258
2.500       1.7907078       6.5783409       1.9136426
2.500       1.8221237       6.3635837       1.9503188
2.500       1.8535397       6.2335158       2.0109857
2.500       1.8849556       6.0479456       2.0520196
2.500       1.9163715       5.9332256       2.1154377
2.500       1.9477874       5.7795123       2.1636457
2.500       1.9792034       5.6153726       2.2055662
2.500       2.0106193       5.5436058       2.2827173
2.500       2.0734512       5.2177876       2.3563407
2.500       2.1362830       5.1065956       2.5221916
2.500       2.1991149       4.8867765       2.6329128
2.500       2.2619467       4.6749309       2.7408960
2.500       2.3247786       4.5844865       2.9181374
2.500       2.3876104       4.3109926       2.9726099
2.500       2.4504423       4.1182427       3.0698392
2.500       2.5132741       4.0698331       3.2731540
2.500       2.5761060       3.9568379       3.4269652
2.500       2.6389378       3.7769139       3.5163720
2.500       2.7017697       3.6918344       3.6885650
2.500       2.7646015       3.5792087       3.8313773
2.500       2.8274334       3.4903254       3.9968083
2.500       2.8902652       3.4047794       4.1645908
2.500       2.9530971       3.2774210       4.2759800
2.500       3.0159289       3.2216683       4.4772816
2.500       3.0787608       3.0896214       4.5677610
2.500       3.1415927       3.0791630       4.8367379
2.500       3.2044245       2.9907736       4.9854450
2.500       3.2672564       2.8971535       5.1190739
2.500       3.3300882       2.8100083       5.2570860
2.500       3.3929201       2.7348570       5.4116010
2.500       3.4557519       2.6563637       5.5537391
2.500       3.5185838       2.6003059       5.7385000
2.500       3.5814156       2.5725525       5.9868541
2.500       3.6442475       2.5258114       6.1929099
2.500       3.7070793       2.4439357       6.3074771
2.500       3.7699112       2.4058058       6.5301654
2.500       3.8327430       2.3303636       6.6469599
2.500       3.8955749       2.2788649       6.8250134
2.500       3.9584067       2.2289511       7.0037728
2.500       4.0212386       2.2007217       7.2496145
2.500       4.1469023       2.1140557       7.6376209
2.500       4.2725660       2.0615012       8.1455457
2.500       4.3982297       1.9178285       8.2663492
2.500       4.5238934       1.9125576       8.9706079
2.500       4.6495571       1.8102692       9.2182435
2.500       4.7752208       1.7551602       9.6820517
2.500       4.9008845       1.6978894       10.125188
2.500       5.0265482       1.6309981       10.493812
2.500       5.1522120       1.5947742       11.049703
2.500       5.2778757       1.5182727       11.308305
2.500       5.4035394       1.4918177       11.923973
2.500       5.5292031       1.4302569       12.248191
2.500       5.6548668       1.3970457       12.798174
2.500       5.7805305       1.3716533       13.422015
2.500       5.9061942       1.3119823       13.693719
2.500       6.0318579       1.2724849       14.147386
2.500       6.1575216       1.2262475       14.503280
2.500       6.2831853       1.1883392       14.933110
2.500       6.4088490       1.1634091       15.514680
2.500       6.5345127       1.1283137       15.949231
2.500       6.6601764       1.1042281       16.526704
2.500       6.7858401       1.0759577       17.032419
2.500       6.9115038       1.0483497       17.534529
2.500       7.0371675       1.0230877       18.062456
2.500       7.1628313       1.0072351       18.752331
2.500       7.2884950      0.95997435       18.829703
2.500       7.4141587      0.94436501       19.498256
2.500       7.5398224      0.91769829       19.927533
2.500       7.6654861      0.89260754       20.368071
2.500       7.7911498      0.88059094       21.098381
2.500       7.9168135      0.85178470       21.411709
2.500       8.0424772      0.83888127       22.107532
2.500       8.2938046      0.79379109       22.942349
2.500       8.5451320      0.76399304       24.149936
2.500       8.7964594      0.71460161       24.640979
2.500       9.0477868      0.68764405       25.802455
2.500       9.2991143      0.66533895       27.104285
2.500       9.5504417      0.64486837       28.458480
2.500       9.8017691      0.62960782       30.036807
2.500       10.053096      0.60537785       31.159920
2.500       10.304424      0.57424366       31.830072
2.500       10.555751      0.55742861       33.214442
2.500       10.807079      0.53331319       34.101818
2.500       11.058406      0.50494710       34.593440
2.500       11.309734      0.50772414       37.209616
2.500       11.561061      0.48377452       37.870961
2.500       11.812388      0.46722137       39.012709
2.500       12.063716      0.44806471       39.852383
2.500       12.315043      0.43682596       41.332009
2.500       12.566371      0.42661149       42.887665
2.500       12.817698      0.41403421       44.170935
2.500       13.069025      0.40226893       45.490044
2.500       13.320353      0.38676109       46.308448
2.500       13.571680      0.37659539       47.692064
2.500       13.823008      0.36417240       48.728713
2.500       14.074335      0.34933224       49.339255
2.500       14.325663      0.34764880       51.779176
2.500       14.576990      0.33678872       52.848341
2.500       14.828317      0.32574621       53.805323
2.500       15.079645      0.31792764       55.229597
2.500       15.330972      0.30721868       56.082447
2.500       15.582300      0.29658271       56.847416
2.500       15.833627      0.28989852       58.298513
2.500       16.084954      0.28544348       60.179682
2.500       16.587609      0.26598576       61.500697
2.500       17.090264      0.25089653       63.447022
2.500       17.592919      0.24617327       67.908613
2.500       18.095574      0.23530112       70.633598
2.500       18.598229      0.22472640       73.238443
2.500       19.100883      0.21385080       75.499051
2.500       19.603538      0.20480062       78.163666
2.500       20.106193      0.19737861       81.275542
2.500       20.608848      0.18665686       82.770454
2.500       21.111503      0.18190799       86.712053
2.500       21.614157      0.17730612       90.700341
2.500       22.116812      0.16948845       92.891925
2.500       22.619467      0.16528584       96.906523
2.500       23.122122      0.15947128       99.870172
2.500       23.624777      0.15357228       102.58556
2.500       24.127432      0.14942475       106.32272
2.500       24.630086      0.14048432       106.33982
2.500       25.132741      0.13722547       110.36327
2.500       25.635396      0.13439531       114.70292
2.500       26.138051      0.12777621       115.59522
2.500       26.640706      0.12462213       119.37203
2.500       27.143361      0.11945381       121.02111
2.500       27.646015      0.11749911       125.77736
2.500       28.148670      0.11509094       130.04242
2.500       28.651325      0.10984962       130.88894
2.500       29.153980      0.10903892       136.88169
2.500       29.656635      0.10425895       137.76827
2.500       30.159289      0.10211883       141.91862
2.500       30.661944     0.098598686       143.99269
2.500       31.164599     0.097994354       150.26435
2.500       31.667254     0.096419779       155.11993
2.500       32.169909     0.090871430       153.26645
2.500       33.175218     0.088806982       164.27018
2.500       34.180528     0.081421209       164.71916
2.500       35.185838     0.079901739       176.33161
2.500       36.191147     0.074110448       177.97408
2.500       37.196457     0.072164743       188.14819
2.500       38.201767     0.070583544       199.35359
2.500       39.207076     0.065397489       199.67547
2.500       40.212386     0.064222628       211.56210
2.500       41.217696     0.061241694       217.25440
2.500       42.223005     0.058668204       223.72807
2.500       43.228315     0.057189711       234.04161
2.500       44.233625     0.053493708       234.54736
2.500       45.238934     0.052681530       247.09601
2.500       46.244244     0.050561788       253.31781
2.500       47.249554     0.047448758       253.56437
2.500       48.254863     0.047340080       269.47750
2.500       49.260173     0.045902621       277.96847
2.500       50.265482     0.044157340       284.10752
2.500       51.270792     0.042968852       293.38242
2.500       52.276102     0.040473608       292.92185
2.500       53.281411     0.040715069       311.99856
2.500       54.286721     0.039095051       316.86398
2.500       55.292031     0.037473904       320.91264
2.500       56.297340     0.035594852       321.75187
2.500       57.302650     0.035139125       334.95412
2.500       58.307960     0.034072099       342.17847
2.500       59.313269     0.032951534       348.33850
2.500       60.318579     0.031654568       351.93296
2.500       61.323889     0.031655468       369.83504
2.500       62.329198     0.030441191       373.42769
2.500       63.334508     0.030238668       389.18322
2.500       64.339818     0.029057591       392.07517
2.500       66.350437     0.027381192       405.18557
2.500       68.361056     0.026304269       425.71876
2.500       70.371675     0.025196319       444.83714
2.500       72.382295     0.023188377       445.48969
2.500       74.392914     0.022403707       467.28824
2.500       76.403533     0.021796842       492.49766
2.500       78.414153     0.020392925       498.11903
2.500       80.424772     0.019399846       511.25558
2.500       82.435391     0.018434302       523.16426
2.500       84.446011     0.018734735       571.55132
2.500       86.456630     0.018113996       593.03377
2.500       88.467249     0.016220318       568.95406
2.500       90.477868     0.015506158       581.83729
2.500       92.488488     0.015709309       629.63720
2.500       94.499107     0.015353253       656.37763
2.500       96.509726     0.015138587       689.39614
2.500       98.520346     0.013843706       670.65690
2.500       100.53096     0.013330888       686.16550
2.500       102.54158     0.012589516       687.66887
2.500       104.55220     0.011659283       675.05890
2.500       106.56282     0.011720007       718.48097
2.500       108.57344     0.011416871       740.26662
2.500       110.58406     0.010809412       740.54243
2.500       112.59468     0.010923870       789.95144
2.500       114.60530    0.0093541633       713.32807
2.500       116.61592     0.010128544       813.74961
2.500       118.62654    0.0090730984       767.31106
2.500       120.63716    0.0090144790       801.77808
2.500       122.64778    0.0089165229       833.38338
2.500       124.65840    0.0087906724       862.69437
2.500       126.66902    0.0076320561       785.81986
2.500       128.67964    0.0082730731       893.03110
2.500       132.70087    0.0082251219       973.71968
2.500       136.72211    0.0069733907       902.88104
2.500       140.74335    0.0062384055       881.10470
2.500       144.76459    0.0050234517       772.07505
2.500       148.78583    0.0061015325       1018.1081
2.500       152.80707    0.0051511810       931.12370
2.500       156.82831    0.0049015222       957.79945
2.500       160.84954    0.0048860345       1030.1164
2.500       164.87078    0.0049916083       1133.2921
2.500       168.89202    0.0037864737       924.12901
2.500       172.91326    0.0029165108       763.86875
2.500       176.93450    0.0039892430       1119.4335
2.500       180.95574    0.0027723367       832.21072
2.500       184.97698    0.0035730846       1145.6886
2.500       188.99821    0.0028845290       986.54810
2.500       193.01945    0.0034176825       1245.1028
2.500       197.04069    0.0025577236       991.26927
2.500       201.06193    0.0021360823       879.58493
2.500       205.08317    0.0023678318       1034.6922
2.500       209.10441    0.0028292318       1310.4738
2.500       213.12565    0.0022560379       1106.4296
2.500       217.14688    0.0019470832       1009.9865
2.500       221.16812    0.0022885865       1254.3109
2.500       225.18936    0.0020837206       1205.4615
2.500       229.21060    0.0021711554       1324.5406
2.500       233.23184    0.0021303462       1369.2538
2.500       237.25308    0.0020901936       1414.1398
2.500       241.27432    0.0014355537       1021.4638
2.500       245.29555    0.0013529454       1011.6250
2.500       249.31679    0.0017464625       1371.1473
2.500       253.33803    0.0010669891       878.88375
2.500       257.35927    0.0018229851       1574.2468
2.500       265.40175    0.0012381655       1172.6281
2.500       273.44422    0.0017033053       1764.2861
2.500       281.48670   0.00076961685       869.59788
2.500       289.52918    0.0015443736       1898.8893
2.500       297.57166   0.00075466574       1007.3945
2.500       305.61413   0.00064829812       937.48715
2.500       313.65661    0.0011323097       1770.1041
2.500       321.69909   0.00095428675       1609.5284
2.500       329.74156   0.00096003483       1743.7264
2.500       337.78404    0.0011487383       2242.8940
2.500       345.82652    0.0010784888       2259.7519
2.500       353.86900   0.00063162750       1417.9432
2.500       361.91147   0.00081533168       1957.9952
2.500       369.95395    0.0014373302       3686.9718
2.500       377.99643   0.00066414968       1817.1857
2.500       386.03891   0.00066256384       1931.0397
2.500       394.08138    0.0011930960       3699.1625
2.500       402.12386   0.00078344797       2580.8333
2.500       410.16634   5.9346847e-06       20.746649
2.500       418.20881   0.00062193151       2304.5831
2.500       426.25129   0.00059197566       2322.5829
2.500       434.29377   0.00058671640       2434.7214
2.500       442.33625   0.00061402746       2692.2515
2.500       450.37872   0.00017667988       817.69425
2.500       458.42120   0.00035004006       1708.3706
2.500       466.46368   0.00074414783       3826.3348
2.500       474.50615   0.00069432938       3758.0396
2.500       482.54863   0.00039162882       2229.2982
2.500       490.59111   0.00057381312       3432.4147
2.500       498.63359  -8.4534810e-07      -5.3094608
2.500       506.67606   0.00032674050       2153.1010
2.500       514.71854   0.00046499990       3212.4217
2.250     0.015707963       1398.4297   0.00027458104
2.250     0.031415927       3588.6198    0.0056369907
2.250     0.047123890       1905.4489     0.010101619
2.250     0.062831853       1527.6047     0.019196447
2.250     0.078539816       1158.6349     0.028437178
2.250     0.094247780       948.02621     0.040207214
2.250      0.10995574       773.85012     0.052117175
2.250      0.12566371       662.97398     0.066649413
2.250      0.14137167       486.65718     0.069659532
2.250      0.15707963       441.19093     0.086627637
2.250      0.17278760       382.64764      0.10000161
2.250      0.18849556       338.39040      0.11481316
2.250      0.20420352       300.49105      0.12962581
2.250      0.21991149       273.44046      0.14732511
2.250      0.23561945       237.64900      0.15748517
2.250      0.25132741       217.91170      0.17525498
2.250      0.26703538       188.92055      0.18224510
2.250      0.28274334       173.05752      0.19816999
2.250      0.29845130       154.48551      0.20805514
2.250      0.31415927       139.75636      0.21952878
2.250      0.32986723       128.51082      0.23368319
2.250      0.34557519       116.17574      0.24289209
2.250      0.36128316       110.66240      0.26437079
2.250      0.37699112       100.62355      0.27312614
2.250      0.39269908       93.849639      0.28792709
2.250      0.40840704       89.489487      0.30883176
2.250      0.42411501       82.782177      0.31993226
2.250      0.43982297       77.986083      0.33614070
2.250      0.45553093       73.303732      0.35103464
2.250      0.47123890       69.429290      0.36807505
2.250      0.48694686       63.872307      0.37361781
2.250      0.50265482       61.438825      0.39529628
2.250      0.51836279       57.957286      0.40895898
2.250      0.53407075       55.426712      0.42774581
2.250      0.54977871       53.060367      0.44668799
2.250      0.56548668       50.863371      0.46595345
2.250      0.58119464       48.171813      0.47910208
2.250      0.59690260       45.519222      0.49042828
2.250      0.61261057       43.681349      0.50876796
2.250      0.62831853       41.887722      0.52637663
2.250      0.64402649       40.003438      0.54135079
2.250      0.65973446       37.859846      0.55075267
2.250      0.67544242       37.222076      0.58107989
2.250      0.69115038       35.662451      0.59648443
2.250      0.70685835       34.833453      0.62325240
2.250      0.72256631       32.739978      0.62572249
2.250      0.73827427       32.163743      0.65567715
2.250      0.75398224       30.908297      0.67116405
2.250      0.76969020       30.249464      0.69877252
2.250      0.78539816       28.998328      0.71172604
2.250      0.80110613       28.019668      0.72979923
2.250      0.81681409       27.216581      0.75140396
2.250      0.83252205       26.301827      0.76885319
2.250      0.84823002       25.399545      0.78530272
2.250      0.86393798       24.883553      0.81288731
2.250      0.87964594       23.986480      0.82710469
2.250      0.89535391       23.304548      0.84741305
2.250      0.91106187       22.952539      0.87931526
2.250      0.92676983       22.106703      0.89147651
2.250      0.94247780       21.428330      0.90880763
2.250      0.95818576       20.809511      0.92743029
2.250      0.97389372       20.562814      0.96224907
2.250      0.98960169       19.938552      0.97891538
2.250       1.0053096       19.502649       1.0038375
2.250       1.0367256       18.909276       1.0674231
2.250       1.0681415       17.524446       1.0819344
2.250       1.0995574       17.008327       1.1454749
2.250       1.1309734       15.928055       1.1673206
2.250       1.1623893       15.404798       1.2256912
2.250       1.1938052       14.911218       1.2852387
2.250       1.2252211       14.344963       1.3366360
2.250       1.2566371       13.935337       1.4009329
2.250       1.2880530       13.254702       1.4349654
2.250       1.3194689       12.831605       1.4933057
2.250       1.3508848       12.566309       1.5693975
2.250       1.3823008       12.063734       1.6142086
2.250       1.4137167       11.904422       1.7039849
2.250       1.4451326       11.224006       1.7160947
2.250       1.4765485       10.957947       1.7870745
2.250       1.5079645       10.642219       1.8487397
2.250       1.5393804       10.289088       1.9014505
2.250       1.5707963       10.104227       1.9839603
2.250       1.6022123       9.8220118       2.0465900
2.250       1.6336282       9.5117285       2.1008225
2.250       1.6650441       9.2187885       2.1558639
2.250       1.6964600       9.0204427       2.2311512
2.250       1.7278760       8.8835506       2.3216381
2.250       1.7592919       8.5013031       2.3451437
2.250       1.7907078       8.4850401       2.4683023
2.250       1.8221237       8.2405036       2.5255595
2.250       1.8535397       8.1042947       2.6145150
2.250       1.8849556       7.8449852       2.6617408
2.250       1.9163715       7.7231427       2.7536164
2.250       1.9477874       7.4952330       2.8059510
2.250       1.9792034       7.3226649       2.8761444
2.250       2.0106193       7.2428020       2.9824036
2.250       2.0734512       6.8398341       3.0888531
2.250       2.1362830       6.6419529       3.2805178
2.250       2.1991149       6.4286229       3.4636336
2.250       2.2619467       6.1824446       3.6247462
2.250       2.3247786       5.9883949       3.8117593
2.250       2.3876104       5.6859091       3.9206725
2.250       2.4504423       5.3848040       4.0139650
2.250       2.5132741       5.3554379       4.3070987
2.250       2.5761060       5.2715734       4.5656403
2.250       2.6389378       4.9976519       4.6529002
2.250       2.7017697       4.8986740       4.8943359
2.250       2.7646015       4.7391744       5.0730668
2.250       2.8274334       4.6624950       5.3390721
2.250       2.8902652       4.5424510       5.5561455
2.250       2.9530971       4.3878521       5.7247354
2.250       3.0159289       4.2784832       5.9459795
2.250       3.0787608       4.1185515       6.0889528
2.250       3.1415927       4.0910482       6.4262035
2.250       3.2044245       3.9820834       6.6379006
2.250       3.2672564       3.8794333       6.8546957
2.250       3.3300882       3.7899803       7.0904602
2.250       3.3929201       3.6587409       7.2397372
2.250       3.4557519       3.5887066       7.5030163
2.250       3.5185838       3.4723316       7.6629350
2.250       3.5814156       3.4528835       8.0355639
2.250       3.6442475       3.4003123       8.3370547
2.250       3.7070793       3.2915890       8.4951587
2.250       3.7699112       3.2178819       8.7344128
2.250       3.8327430       3.1362722       8.9456751
2.250       3.8955749       3.0646269       9.1783062
2.250       3.9584067       3.0244521       9.5033827
2.250       4.0212386       2.9478616       9.7108417
2.250       4.1469023       2.8596535       10.331303
2.250       4.2725660       2.7465294       10.852277
2.250       4.3982297       2.6053788       11.229873
2.250       4.5238934       2.5516456       11.968169
2.250       4.6495571       2.4334767       12.391738
2.250       4.7752208       2.3149193       12.769871
2.250       4.9008845       2.2474444       13.402402
2.250       5.0265482       2.2149206       14.250759
2.250       5.1522120       2.0992405       14.544996
2.250       5.2778757       2.0351099       15.157780
2.250       5.4035394       2.0122078       16.083406
2.250       5.5292031       1.9185313       16.429592
2.250       5.6548668       1.8728839       17.157273
2.250       5.7805305       1.7890155       17.506021
2.250       5.9061942       1.7199470       17.951820
2.250       6.0318579       1.6847768       18.731215
2.250       6.1575216       1.6114890       19.059672
2.250       6.2831853       1.6040237       20.156756
2.250       6.4088490       1.5557660       20.746969
2.250       6.5345127       1.4880708       21.034563
2.250       6.6601764       1.4514183       21.723013
2.250       6.7858401       1.4115030       22.344104
2.250       6.9115038       1.3838177       23.145512
2.250       7.0371675       1.3326840       23.528331
2.250       7.1628313       1.3041030       24.279309
2.250       7.2884950       1.2615036       24.744137
2.250       7.4141587       1.2375912       25.552482
2.250       7.5398224       1.2084042       26.240121
2.250       7.6654861       1.1565042       26.389830
2.250       7.7911498       1.1419800       27.361091
2.250       7.9168135       1.1117567       27.946746
2.250       8.0424772       1.1031032       29.070727
2.250       8.2938046       1.0661693       30.814692
2.250       8.5451320      0.99082580       31.320155
2.250       8.7964594      0.94185354       32.477108
2.250       9.0477868      0.92313919       34.638935
2.250       9.2991143      0.87404528       35.606472
2.250       9.5504417      0.83279558       36.751836
2.250       9.8017691      0.79427532       37.892628
2.250       10.053096      0.75982563       39.109634
2.250       10.304424      0.73337337       40.650561
2.250       10.555751      0.70579045       42.054598
2.250       10.807079      0.68638113       43.889490
2.250       11.058406      0.66821922       45.779056
2.250       11.309734      0.65205488       47.787194
2.250       11.561061      0.60622591       47.456732
2.250       11.812388      0.60405584       50.438307
2.250       12.063716      0.57993080       51.580996
2.250       12.315043      0.56131004       53.110561
2.250       12.566371      0.53346277       53.629527
2.250       12.817698      0.52471720       55.979069
2.250       13.069025      0.50805916       57.453191
2.250       13.320353      0.49156600       58.857158
2.250       13.571680      0.47742765       60.461467
2.250       13.823008      0.45992859       61.541534
2.250       14.074335      0.45225906       63.876512
2.250       14.325663      0.43215092       64.365011
2.250       14.576990      0.42335321       66.431900
2.250       14.828317      0.41263641       68.157463
2.250       15.079645      0.40380801       70.148521
2.250       15.330972      0.38873305       70.962810
2.250       15.582300      0.37779107       72.413009
2.250       15.833627      0.37409357       75.230116
2.250       16.084954      0.35847447       75.576711
2.250       16.587609      0.33725660       77.979798
2.250       17.090264      0.32604785       82.451377
2.250       17.592919      0.30888795       85.208893
2.250       18.095574      0.29342191       88.080521
2.250       18.598229      0.28561968       93.083591
2.250       19.100883      0.27067546       95.560738
2.250       19.603538      0.26255369       100.20555
2.250       20.106193      0.23994753       98.804354
2.250       20.608848      0.23728281       105.21985
2.250       21.111503      0.22883008       109.07891
2.250       21.614157      0.21775026       111.38940
2.250       22.116812      0.21280714       116.63370
2.250       22.619467      0.20668080       121.17625
2.250       23.122122      0.20022954       125.39536
2.250       23.624777      0.19061537       127.33017
2.250       24.127432      0.18526900       131.82758
2.250       24.630086      0.18034013       136.50874
2.250       25.132741      0.17379656       139.77549
2.250       25.635396      0.16805555       143.43106
2.250       26.138051      0.16105394       145.70055
2.250       26.640706      0.15395868       147.47269
2.250       27.143361      0.15372803       155.74502
2.250       27.646015      0.14862485       159.09602
2.250       28.148670      0.14248164       160.99145
2.250       28.651325      0.13937030       166.06367
2.250       29.153980      0.13693543       171.90148
2.250       29.656635      0.13180234       174.16424
2.250       30.159289      0.13003711       180.71778
2.250       30.661944      0.12642026       184.62308
2.250       31.164599      0.12282242       188.33565
2.250       31.667254      0.11905768       191.53974
2.250       32.169909      0.11671475       196.85456
2.250       33.175218      0.10505985       194.33382
2.250       34.180528      0.10587940       214.19930
2.250       35.185838      0.10033011       221.41407
2.250       36.191147     0.096945168       232.81099
2.250       37.196457     0.092381003       240.85610
2.250       38.201767     0.087313032       246.60375
2.250       39.207076     0.082347951       251.42962
2.250       40.212386     0.079220257       260.96726
2.250       41.217696     0.076473160       271.28790
2.250       42.223005     0.073658666       280.89340
2.250       43.228315     0.071232343       291.50930
2.250       44.233625     0.067257307       294.89494
2.250       45.238934     0.066833557       313.47429
2.250       46.244244     0.062314730       312.20081
2.250       47.249554     0.060727989       324.52809
2.250       48.254863     0.060163681       342.47425
2.250       49.260173     0.058011327       351.29409
2.250       50.265482     0.055460231       356.83012
2.250       51.270792     0.053767944       367.11639
2.250       52.276102     0.052361853       378.96129
2.250       53.281411     0.051075137       391.38751
2.250       54.286721     0.047891114       388.15576
2.250       55.292031     0.047289278       404.96786
2.250       56.297340     0.045344900       409.88530
2.250       57.302650     0.044348316       422.73821
2.250       58.307960     0.042699300       428.81952
2.250       59.313269     0.041662922       440.42866
2.250       60.318579     0.040184936       446.77293
2.250       61.323889     0.039672153       463.49504
2.250       62.329198     0.039032657       478.82078
2.250       63.334508     0.038355875       493.65479
2.250       64.339818     0.036615576       494.05535
2.250       66.350437     0.034722123       513.81632
2.250       68.361056     0.034109368       552.03959
2.250       70.371675     0.031381717       554.03939
2.250       72.382295     0.031497560       605.12377
2.250       74.392914     0.028207100       588.33327
2.250       76.403533     0.026966773       609.31178
2.250       78.414153     0.026386898       644.52824
2.250       80.424772     0.024615012       648.69391
2.250       82.435391     0.025236417       716.20782
2.250       84.446011     0.022682371       691.98410
2.250       86.456630     0.022127831       724.44265
2.250       88.467249     0.020744974       727.66373
2.250       90.477868     0.020836321       781.84089
2.250       92.488488     0.020046608       803.47836
2.250       94.499107     0.018704898       799.66616
2.250       96.509726     0.018824773       857.26137
2.250       98.520346     0.017228869       834.65079
2.250       100.53096     0.016023468       824.75760
2.250       102.54158     0.015773614       861.59176
2.250       104.55220     0.015506843       897.82814
2.250       106.56282     0.014980659       918.37134
2.250       108.57344     0.013937989       903.73522
2.250       110.58406     0.014103929       966.24664
2.250       112.59468     0.013917370       1006.4242
2.250       114.60530     0.013067915       996.53067
2.250       116.61592     0.012399356       996.19164
2.250       118.62654     0.012830074       1085.0381
2.250       120.63716     0.012093781       1075.6616
2.250       122.64778     0.011286500       1054.8934
2.250       124.65840     0.011164825       1095.6877
2.250       126.66902     0.010976038       1130.1264
2.250       128.67964     0.010553609       1139.2019
2.250       132.70087    0.0092821255       1098.8516
2.250       136.72211     0.010507816       1360.5015
2.250       140.74335    0.0083154106       1174.4583
2.250       144.76459    0.0076465247       1175.2260
2.250       148.78583    0.0068711087       1146.5204
2.250       152.80707    0.0072093531       1303.1574
2.250       156.82831    0.0067770379       1324.2913
2.250       160.84954    0.0068882839       1452.2480
2.250       164.87078    0.0061269760       1391.0654
2.250       168.89202    0.0058888859       1437.2450
2.250       172.91326    0.0067358133       1764.1893
2.250       176.93450    0.0053217695       1493.3578
2.250       180.95574    0.0043735818       1312.8786
2.250       184.97698    0.0048653485       1560.0454
2.250       188.99821    0.0040509663       1385.4855
2.250       193.01945    0.0037956438       1382.7986
2.250       197.04069    0.0037036003       1435.3643
2.250       201.06193    0.0030491830       1255.5768
2.250       205.08317    0.0041543143       1815.3470
2.250       209.10441    0.0030857833       1429.3061
2.250       213.12565    0.0029933426       1468.0262
2.250       217.14688    0.0026945369       1397.7040
2.250       221.16812    0.0037470818       2053.6718
2.250       225.18936    0.0026631934       1540.6946
2.250       229.21060    0.0029366683       1791.5513
2.250       233.23184    0.0023196193       1490.9067
2.250       237.25308    0.0024810207       1678.5575
2.250       241.27432    0.0023278551       1656.3781
2.250       245.29555    0.0018674275       1396.3138
2.250       249.31679    0.0019228335       1509.6161
2.250       253.33803    0.0022528226       1855.6601
2.250       257.35927    0.0023156514       1999.6910
2.250       265.40175    0.0021892588       2073.3790
2.250       273.44422    0.0017225058       1784.1740
2.250       281.48670    0.0022583712       2551.7565
2.250       289.52918    0.0017815322       2190.4883
2.250       297.57166    0.0019407671       2590.7074
2.250       305.61413    0.0015577678       2252.6478
2.250       313.65661    0.0012500676       1954.1914
2.250       321.69909    0.0013226734       2230.8603
2.250       329.74156    0.0016120248       2927.9459
2.250       337.78404   0.00084370082       1647.3130
2.250       345.82652   0.00074862958       1568.5997
2.250       353.86900    0.0012074366       2710.5795
2.250       361.91147    0.0014172622       3403.5139
2.250       369.95395    0.0013384226       3433.2586
2.250       377.99643    0.0015907239       4352.3936
2.250       386.03891   0.00091649043       2671.1078
2.250       394.08138    0.0012950254       4015.1920
2.250       402.12386   0.00097712772       3218.8528
2.250       410.16634   8.4835425e-05       296.57022
2.250       418.20881   0.00056320378       2086.9660
2.250       426.25129   0.00089008579       3492.2012
2.250       434.29377   0.00097824086       4059.4468
2.250       442.33625    0.0012456286       5461.5563
2.250       450.37872   0.00092532573       4282.5111
2.250       458.42120   0.00080365785       3922.2524
2.250       466.46368   0.00068652912       3530.0651
2.250       474.50615   0.00070785362       3831.2392
2.250       482.54863   0.00091910827       5231.9092
2.250       490.59111    0.0010961279       6556.7783
2.250       498.63359   0.00057377419       3603.7599
2.250       506.67606   0.00018494060       1218.6912
2.250       514.71854   0.00087344144       6034.1137
2.000     0.015707963       1630.7003   0.00032018726
2.000     0.031415927       4187.2143    0.0065772608
2.000     0.047123890       2220.4962     0.011771822
2.000     0.062831853       1783.7896     0.022415761
2.000     0.078539816       1352.9690     0.033206855
2.000     0.094247780       1106.9538     0.046947573
2.000      0.10995574       902.70302     0.060795146
2.000      0.12566371       771.82966     0.077592780
2.000      0.14137167       569.60106     0.081532021
2.000      0.15707963       516.99198      0.10151114
2.000      0.17278760       448.81971      0.11729510
2.000      0.18849556       396.23168      0.13443824
2.000      0.20420352       352.39187      0.15201478
2.000      0.21991149       321.26433      0.17309181
2.000      0.23561945       279.33903      0.18511230
2.000      0.25132741       256.86253      0.20658110
2.000      0.26703538       222.94827      0.21507045
2.000      0.28274334       205.18977      0.23496497
2.000      0.29845130       182.97434      0.24642280
2.000      0.31415927       166.06512      0.26085449
2.000      0.32986723       152.81074      0.27786999
2.000      0.34557519       137.99000      0.28849981
2.000      0.36128316       131.96287      0.31525729
2.000      0.37699112       120.40697      0.32682497
2.000      0.39269908       112.09196      0.34389383
2.000      0.40840704       107.10844      0.36963546
2.000      0.42411501       99.073876      0.38289557
2.000      0.43982297       93.284553      0.40208115
2.000      0.45553093       88.208039      0.42240792
2.000      0.47123890       83.656848      0.44350156
2.000      0.48694686       76.993972      0.45037232
2.000      0.50265482       74.132427      0.47696668
2.000      0.51836279       70.116650      0.49475805
2.000      0.53407075       67.124795      0.51802368
2.000      0.54977871       64.431117      0.54241250
2.000      0.56548668       61.658608      0.56484736
2.000      0.58119464       58.820391      0.58500957
2.000      0.59690260       55.387494      0.59674996
2.000      0.61261057       53.328564      0.62113156
2.000      0.62831853       51.276293      0.64435691
2.000      0.64402649       48.997747      0.66306723
2.000      0.65973446       46.460317      0.67586496
2.000      0.67544242       45.720866      0.71375588
2.000      0.69115038       43.837982      0.73322705
2.000      0.70685835       42.751785      0.76492998
2.000      0.72256631       40.437670      0.77283986
2.000      0.73827427       39.679893      0.80889836
2.000      0.75398224       38.186427      0.82920636
2.000      0.76969020       37.418226      0.86437326
2.000      0.78539816       35.929935      0.88185328
2.000      0.80110613       34.767542      0.90555410
2.000      0.81681409       33.818398      0.93366903
2.000      0.83252205       32.702307      0.95595156
2.000      0.84823002       31.569886      0.97607725
2.000      0.86393798       31.057342       1.0145705
2.000      0.87964594       29.948077       1.0326732
2.000      0.89535391       29.130337       1.0592536
2.000      0.91106187       28.739854       1.1010282
2.000      0.92676983       27.731466       1.1183011
2.000      0.94247780       26.945838       1.1428134
2.000      0.95818576       26.156837       1.1657479
2.000      0.97389372       25.860019       1.2101349
2.000      0.98960169       25.068363       1.2307717
2.000       1.0053096       24.634388       1.2679776
2.000       1.0367256       23.909485       1.3496834
2.000       1.0681415       22.304755       1.3770639
2.000       1.0995574       21.587845       1.4538958
2.000       1.1309734       20.310007       1.4884610
2.000       1.1623893       19.701834       1.5675872
2.000       1.1938052       19.073554       1.6440018
2.000       1.2252211       18.301190       1.7052695
2.000       1.2566371       17.940390       1.8035647
2.000       1.2880530       17.072565       1.8482905
2.000       1.3194689       16.625352       1.9348113
2.000       1.3508848       16.161899       2.0184483
2.000       1.3823008       15.604105       2.0879340
2.000       1.4137167       15.387408       2.2025354
2.000       1.4451326       14.571543       2.2279165
2.000       1.4765485       14.358726       2.3416898
2.000       1.5079645       13.833996       2.4032072
2.000       1.5393804       13.431042       2.4820918
2.000       1.5707963       13.146761       2.5813605
2.000       1.6022123       12.915960       2.6912690
2.000       1.6336282       12.533547       2.7682411
2.000       1.6650441       12.071219       2.8229204
2.000       1.6964600       11.800728       2.9188378
2.000       1.7278760       11.644102       3.0430840
2.000       1.7592919       11.193640       3.0878437
2.000       1.7907078       11.140731       3.2408442
2.000       1.8221237       10.869718       3.3313644
2.000       1.8535397       10.737714       3.4640788
2.000       1.8849556       10.369325       3.5182292
2.000       1.9163715       10.185708       3.6316216
2.000       1.9477874       9.9236616       3.7150691
2.000       1.9792034       9.7623190       3.8343744
2.000       2.0106193       9.6030971       3.9543137
2.000       2.0734512       9.1287267       4.1225116
2.000       2.1362830       8.8313167       4.3618635
2.000       2.1991149       8.6409792       4.6556139
2.000       2.2619467       8.3324152       4.8852666
2.000       2.3247786       7.9516230       5.0614018
2.000       2.3876104       7.6099499       5.2473792
2.000       2.4504423       7.2567225       5.4093390
2.000       2.5132741       7.1378674       5.7406136
2.000       2.5761060       7.1028992       6.1517275
2.000       2.6389378       6.7200338       6.2564675
2.000       2.7017697       6.5316263       6.5258421
2.000       2.7646015       6.4210213       6.8734061
2.000       2.8274334       6.2547892       7.1624249
2.000       2.8902652       6.1342170       7.5031303
2.000       2.9530971       5.9357512       7.7442458
2.000       3.0159289       5.7609556       8.0062307
2.000       3.0787608       5.6392422       8.3371737
2.000       3.1415927       5.4874946       8.6197363
2.000       3.2044245       5.3716420       8.9542137
2.000       3.2672564       5.2790023       9.3276393
2.000       3.3300882       5.1234258       9.5851282
2.000       3.3929201       4.9330939       9.7613644
2.000       3.4557519       4.8648368       10.171060
2.000       3.5185838       4.7009807       10.374386
2.000       3.5814156       4.6266052       10.767054
2.000       3.6442475       4.5300410       11.106980
2.000       3.7070793       4.4476136       11.478706
2.000       3.7699112       4.3810443       11.891627
2.000       3.8327430       4.2574730       12.143707
2.000       3.8955749       4.1502709       12.429721
2.000       3.9584067       4.1221332       12.952498
2.000       4.0212386       3.9850155       13.127433
2.000       4.1469023       3.8514899       13.914591
2.000       4.2725660       3.6417101       14.389376
2.000       4.3982297       3.5788839       15.425938
2.000       4.5238934       3.4010590       15.952234
2.000       4.6495571       3.3076818       16.843361
2.000       4.7752208       3.1364434       17.301673
2.000       4.9008845       3.0698190       18.306548
2.000       5.0265482       2.9349021       18.883107
2.000       5.1522120       2.7958539       19.371618
2.000       5.2778757       2.7230461       20.281624
2.000       5.4035394       2.6483812       21.168287
2.000       5.5292031       2.5389833       21.742913
2.000       5.6548668       2.4596377       22.532456
2.000       5.7805305       2.3651717       23.143872
2.000       5.9061942       2.2963356       23.967833
2.000       6.0318579       2.2457240       24.967781
2.000       6.1575216       2.1504870       25.434600
2.000       6.2831853       2.1001738       26.391562
2.000       6.4088490       2.0706759       27.613567
2.000       6.5345127       1.9407693       27.433663
2.000       6.6601764       1.9332030       28.933762
2.000       6.7858401       1.8842675       29.827969
2.000       6.9115038       1.7948579       30.020505
2.000       7.0371675       1.7779205       31.388912
2.000       7.1628313       1.7225022       32.068909
2.000       7.2884950       1.6594302       32.549387
2.000       7.4141587       1.6288430       33.630639
2.000       7.5398224       1.5811669       34.334546
2.000       7.6654861       1.5339670       35.003010
2.000       7.7911498       1.4940315       35.796014
2.000       7.9168135       1.4489143       36.422035
2.000       8.0424772       1.4228227       37.496484
2.000       8.2938046       1.3654373       39.464212
2.000       8.5451320       1.2748005       40.296638
2.000       8.7964594       1.2266184       42.296405
2.000       9.0477868       1.1896095       44.637696
2.000       9.2991143       1.1290389       45.994288
2.000       9.5504417       1.0906558       48.131385
2.000       9.8017691       1.0260009       48.947598
2.000       10.053096      0.98997279       50.955735
2.000       10.304424      0.95052892       52.687397
2.000       10.555751      0.91185028       54.332695
2.000       10.807079      0.88313620       56.470664
2.000       11.058406      0.84637641       57.984433
2.000       11.309734      0.81609454       59.809180
2.000       11.561061      0.78341406       61.327420
2.000       11.812388      0.76755834       64.090669
2.000       12.063716      0.73420253       65.302442
2.000       12.315043      0.70584703       66.786497
2.000       12.566371      0.68489137       68.852790
2.000       12.817698      0.66242765       70.670606
2.000       13.069025      0.64443563       72.875142
2.000       13.320353      0.62126973       74.387102
2.000       13.571680      0.59916926       75.878833
2.000       13.823008      0.58671100       78.505871
2.000       14.074335      0.56475795       79.765716
2.000       14.325663      0.54457424       81.109459
2.000       14.576990      0.52758682       82.788070
2.000       14.828317      0.51651400       85.315505
2.000       15.079645      0.50268848       87.325790
2.000       15.330972      0.49165409       89.750938
2.000       15.582300      0.47741776       91.508930
2.000       15.833627      0.46813173       94.141164
2.000       16.084954      0.44866856       94.592216
2.000       16.587609      0.44034446       101.81557
2.000       17.090264      0.41495832       104.93517
2.000       17.592919      0.39988396       110.31078
2.000       18.095574      0.36355194       109.13242
2.000       18.598229      0.36128653       117.74345
2.000       19.100883      0.33388417       117.87629
2.000       19.603538      0.32229050       123.00454
2.000       20.106193      0.31282548       128.81366
2.000       20.608848      0.30374651       134.69228
2.000       21.111503      0.28780111       137.18928
2.000       21.614157      0.27675800       141.57461
2.000       22.116812      0.27074080       148.38554
2.000       22.619467      0.25592494       150.04792
2.000       23.122122      0.24948032       156.23906
2.000       23.624777      0.24204996       161.68823
2.000       24.127432      0.23128686       164.57145
2.000       24.630086      0.22424789       169.74478
2.000       25.132741      0.21916979       176.26680
2.000       25.635396      0.20842548       177.88575
2.000       26.138051      0.20381093       184.38150
2.000       26.640706      0.19892435       190.54405
2.000       27.143361      0.19158390       194.09758
2.000       27.646015      0.18809860       201.35085
2.000       28.148670      0.18407838       207.99203
2.000       28.651325      0.17788880       211.95955
2.000       29.153980      0.17299965       217.17460
2.000       29.656635      0.16607452       219.45166
2.000       30.159289      0.16104335       223.80839
2.000       30.661944      0.15711542       229.45004
2.000       31.164599      0.15377491       235.79814
2.000       31.667254      0.14829289       238.57329
2.000       32.169909      0.14769091       249.09987
2.000       33.175218      0.13768499       254.68198
2.000       34.180528      0.13156721       266.16701
2.000       35.185838      0.12784138       282.12747
2.000       36.191147      0.11964231       287.31751
2.000       37.196457      0.11641080       303.50668
2.000       38.201767      0.11131701       314.39970
2.000       39.207076      0.10627829       324.49513
2.000       40.212386      0.10100442       332.72864
2.000       41.217696     0.098323472       348.80170
2.000       42.223005     0.093106397       355.05629
2.000       43.228315     0.091958802       376.32969
2.000       44.233625     0.087638553       384.25811
2.000       45.238934     0.085735987       402.13373
2.000       46.244244     0.080209345       401.85398
2.000       47.249554     0.078976166       422.04565
2.000       48.254863     0.075623503       430.47736
2.000       49.260173     0.074747973       452.64473
2.000       50.265482     0.070223809       451.81871
2.000       51.270792     0.070041985       478.23217
2.000       52.276102     0.067773653       490.50195
2.000       53.281411     0.064876683       497.14841
2.000       54.286721     0.062296899       504.91413
2.000       55.292031     0.060779786       520.49558
2.000       56.297340     0.060240921       544.53462
2.000       57.302650     0.058188982       554.67059
2.000       58.307960     0.056459927       567.01442
2.000       59.313269     0.054158366       572.52097
2.000       60.318579     0.052502226       583.71558
2.000       61.323889     0.052108681       608.79264
2.000       62.329198     0.050067993       614.19328
2.000       63.334508     0.049248402       633.84579
2.000       64.339818     0.048439712       653.59886
2.000       66.350437     0.044666339       660.97035
2.000       68.361056     0.043605499       705.72876
2.000       70.371675     0.042012880       741.73093
2.000       72.382295     0.040242737       773.13407
2.000       74.392914     0.038022154       793.05205
2.000       76.403533     0.035335318       798.39828
2.000       78.414153     0.034550650       843.93663
2.000       80.424772     0.033695093       887.98663
2.000       82.435391     0.031221994       886.07812
2.000       84.446011     0.030101676       918.32909
2.000       86.456630     0.028734253       940.73018
2.000       88.467249     0.028005681       982.34485
2.000       90.477868     0.027353284       1026.3768
2.000       92.488488     0.025543526       1023.7977
2.000       94.499107     0.024592599       1051.3754
2.000       96.509726     0.024085102       1096.8115
2.000       98.520346     0.023230624       1125.4052
2.000       100.53096     0.022663391       1166.5267
2.000       102.54158     0.022002359       1201.8204
2.000       104.55220     0.020400120       1181.1432
2.000       106.56282     0.020267249       1242.4594
2.000       108.57344     0.019918022       1291.4788
2.000       110.58406     0.018652096       1277.8371
2.000       112.59468     0.018316349       1324.5331
2.000       114.60530     0.017762396       1354.5215
2.000       116.61592     0.016861900       1354.7224
2.000       118.62654     0.016006270       1353.6487
2.000       120.63716     0.016156744       1437.0352
2.000       122.64778     0.015064298       1407.9856
2.000       124.65840     0.014614865       1434.2659
2.000       126.66902     0.014647868       1508.1893
2.000       128.67964     0.014391413       1553.4710
2.000       132.70087     0.013404052       1586.8202
2.000       136.72211     0.012682577       1642.0790
2.000       140.74335     0.011659697       1646.8012
2.000       144.76459     0.011522250       1770.9023
2.000       148.78583     0.010462184       1745.7309
2.000       152.80707     0.010249336       1852.6625
2.000       156.82831     0.010415120       2035.2037
2.000       160.84954    0.0078175273       1648.1592
2.000       164.87078    0.0081914509       1859.7826
2.000       168.89202    0.0091232505       2226.6259
2.000       172.91326    0.0070960691       1858.5446
2.000       176.93450    0.0072027885       2021.1962
2.000       180.95574    0.0067136181       2015.3197
2.000       184.97698    0.0062766027       2012.5557
2.000       188.99821    0.0061153091       2091.5188
2.000       193.01945    0.0061696010       2247.6598
2.000       197.04069    0.0047065423       1824.0637
2.000       201.06193    0.0052078052       2144.4431
2.000       205.08317    0.0050531559       2208.1217
2.000       209.10441    0.0051253285       2374.0044
2.000       213.12565    0.0045500093       2231.4630
2.000       217.14688    0.0046452333       2409.5647
2.000       221.16812    0.0042614811       2335.5998
2.000       225.18936    0.0045268230       2618.8304
2.000       229.21060    0.0028781330       1755.8411
2.000       233.23184    0.0033768733       2170.4437
2.000       237.25308    0.0043687250       2955.7012
2.000       241.27432    0.0034403759       2447.9889
2.000       245.29555    0.0033476448       2503.1027
2.000       249.31679    0.0034398253       2700.6061
2.000       253.33803    0.0027142643       2235.7517
2.000       257.35927    0.0030615602       2643.8239
2.000       265.40175    0.0029178593       2763.4139
2.000       273.44422    0.0026816301       2777.6364
2.000       281.48670    0.0025810065       2916.3055
2.000       289.52918    0.0018259685       2245.1251
2.000       297.57166    0.0014193116       1894.6225
2.000       305.61413    0.0015131030       2188.0592
2.000       313.65661    0.0020276446       3169.7531
2.000       321.69909    0.0011622017       1960.2039
2.000       329.74156    0.0012211539       2218.0010
2.000       337.78404    0.0020129504       3930.2550
2.000       345.82652    0.0017106490       3584.3140
2.000       353.86900    0.0013166775       2955.8149
2.000       361.91147    0.0014231811       3417.7280
2.000       369.95395   0.00096671923       2479.7827
2.000       377.99643    0.0010343731       2830.1573
2.000       386.03891   0.00083272186       2426.9646
2.000       394.08138    0.0016374885       5076.9896
2.000       402.12386    0.0010865814       3579.4148
2.000       410.16634   0.00094399410       3300.0429
2.000       418.20881    0.0014814734       5489.6373
2.000       426.25129    0.0015831113       6211.2475
2.000       434.29377    0.0013106518       5438.8662
2.000       442.33625   0.00098035121       4298.4267
2.000       450.37872    0.0012647793       5853.5400
2.000       458.42120    0.0012389608       6046.7484
2.000       466.46368   0.00048539524       2495.8545
2.000       474.50615   0.00078587636       4253.5352
2.000       482.54863   0.00087073463       4956.5483
2.000       490.59111   0.00026933788       1611.1157
2.000       498.63359   0.00077745835       4883.0590
2.000       506.67606    0.0010633300       7006.9576
2.000       514.71854    0.0010466572       7230.7637
1.750     0.015707963       1923.8128   0.00037773976
1.750     0.031415927       4943.1746    0.0077647205
1.750     0.047123890       2617.5784     0.013876929
1.750     0.062831853       2107.6740     0.026485812
1.750     0.078539816       1598.7362     0.039238889
1.750     0.094247780       1307.8308     0.055467067
1.750      0.10995574       1065.5049     0.071759512
1.750      0.12566371       908.89540     0.091372132
1.750      0.14137167       674.97554     0.096615199
1.750      0.15707963       613.49887      0.12046022
1.750      0.17278760       533.29602      0.13937224
1.750      0.18849556       469.76839      0.15938866
1.750      0.20420352       418.67255      0.18060694
1.750      0.21991149       382.38403      0.20602207
1.750      0.23561945       332.74876      0.22050585
1.750      0.25132741       306.94999      0.24686383
1.750      0.26703538       266.78287      0.25735618
1.750      0.28274334       246.81894      0.28263497
1.750      0.29845130       219.99361      0.29627893
1.750      0.31415927       200.44729      0.31486186
1.750      0.32986723       184.65934      0.33578327
1.750      0.34557519       166.49235      0.34809053
1.750      0.36128316       159.93235      0.38207597
1.750      0.37699112       146.56555      0.39782817
1.750      0.39269908       136.11877      0.41760716
1.750      0.40840704       130.38711      0.44997109
1.750      0.42411501       120.63030      0.46620570
1.750      0.43982297       113.49384      0.48918853
1.750      0.45553093       107.92938      0.51684886
1.750      0.47123890       102.61530      0.54400859
1.750      0.48694686       94.528210      0.55293796
1.750      0.50265482       91.113771      0.58622434
1.750      0.51836279       86.433697      0.60989461
1.750      0.53407075       82.803614      0.63902218
1.750      0.54977871       79.737393      0.67126817
1.750      0.56548668       76.144962      0.69755518
1.750      0.58119464       73.268750      0.72870851
1.750      0.59690260       68.728721      0.74048956
1.750      0.61261057       66.457598      0.77404882
1.750      0.62831853       64.036598      0.80470762
1.750      0.64402649       61.233153      0.82864418
1.750      0.65973446       58.235970      0.84716709
1.750      0.67544242       57.308781      0.89465672
1.750      0.69115038       55.059975      0.92092429
1.750      0.70685835       53.507586      0.95737656
1.750      0.72256631       51.038217      0.97543623
1.750      0.73827427       49.977377       1.0188187
1.750      0.75398224       48.201670       1.0466842
1.750      0.76969020       47.258544       1.0916878
1.750      0.78539816       45.483131       1.1163240
1.750      0.80110613       44.116734       1.1490628
1.750      0.81681409       42.949750       1.1857703
1.750      0.83252205       41.528387       1.2139549
1.750      0.84823002       40.148387       1.2413072
1.750      0.86393798       39.539607       1.2916662
1.750      0.87964594       38.181958       1.3165949
1.750      0.89535391       37.254039       1.3546522
1.750      0.91106187       36.769215       1.4086342
1.750      0.92676983       35.525592       1.4326076
1.750      0.94247780       34.646416       1.4694065
1.750      0.95818576       33.645109       1.4994823
1.750      0.97389372       33.241801       1.5555698
1.750      0.98960169       32.222298       1.5820057
1.750       1.0053096       31.800438       1.6368275
1.750       1.0367256       30.915257       1.7451572
1.750       1.0681415       29.108451       1.7971144
1.750       1.0995574       28.048365       1.8889983
1.750       1.1309734       26.547093       1.9455588
1.750       1.1623893       25.790945       2.0520706
1.750       1.1938052       25.066458       2.1605466
1.750       1.2252211       23.910302       2.2279157
1.750       1.2566371       23.602865       2.3728188
1.750       1.2880530       22.509632       2.4369120
1.750       1.3194689       22.011305       2.5616131
1.750       1.3508848       21.233647       2.6518554
1.750       1.3823008       20.682356       2.7674381
1.750       1.4137167       20.266318       2.9008968
1.750       1.4451326       19.371065       2.9617397
1.750       1.4765485       19.259965       3.1410073
1.750       1.5079645       18.445580       3.2043202
1.750       1.5393804       18.044046       3.3345870
1.750       1.5707963       17.530067       3.4420207
1.750       1.6022123       17.350109       3.6152024
1.750       1.6336282       16.825909       3.7162801
1.750       1.6650441       16.134234       3.7730784
1.750       1.6964600       15.848140       3.9199404
1.750       1.7278760       15.641050       4.0876514
1.750       1.7592919       15.077472       4.1592257
1.750       1.7907078       14.972159       4.3554082
1.750       1.8221237       14.638179       4.4863269
1.750       1.8535397       14.529379       4.6873024
1.750       1.8849556       14.063069       4.7714869
1.750       1.9163715       13.681978       4.8781850
1.750       1.9477874       13.440047       5.0314797
1.750       1.9792034       13.335810       5.2379450
1.750       2.0106193       12.971710       5.3414236
1.750       2.0734512       12.516972       5.6526354
1.750       2.1362830       12.019023       5.9362990
1.750       2.1991149       11.829439       6.3735023
1.750       2.2619467       11.420742       6.6959418
1.750       2.3247786       10.859689       6.9124565
1.750       2.3876104       10.405472       7.1750089
1.750       2.4504423       10.105858       7.5331543
1.750       2.5132741       9.7584653       7.8482235
1.750       2.5761060       9.7077197       8.4077282
1.750       2.6389378       9.2219468       8.5857917
1.750       2.7017697       9.0009319       8.9929609
1.750       2.7646015       8.8880174       9.5142113
1.750       2.8274334       8.5584181       9.8003346
1.750       2.8902652       8.4070317       10.283147
1.750       2.9530971       8.1235501       10.598620
1.750       3.0159289       7.9619486       11.065039
1.750       3.0787608       7.7598481       11.472322
1.750       3.1415927       7.4658890       11.727391
1.750       3.2044245       7.3292455       12.217424
1.750       3.2672564       7.2041801       12.729298
1.750       3.3300882       6.9446767       12.992404
1.750       3.3929201       6.7478586       13.352332
1.750       3.4557519       6.6351745       13.872358
1.750       3.5185838       6.3908850       14.103761
1.750       3.5814156       6.2907869       14.639944
1.750       3.6442475       6.2014796       15.205096
1.750       3.7070793       5.9939840       15.469685
1.750       3.7699112       5.9025557       16.021520
1.750       3.8327430       5.7660077       16.446542
1.750       3.8955749       5.6125034       16.808987
1.750       3.9584067       5.5772983       17.524893
1.750       4.0212386       5.4391326       17.917583
1.750       4.1469023       5.1208103       18.500368
1.750       4.2725660       4.9001935       19.361983
1.750       4.3982297       4.8912335       21.082513
1.750       4.5238934       4.5378226       21.284079
1.750       4.6495571       4.4079980       22.446385
1.750       4.7752208       4.2317586       23.343799
1.750       4.9008845       4.0796924       24.328823
1.750       5.0265482       3.9514825       25.423767
1.750       5.1522120       3.8116224       26.409567
1.750       5.2778757       3.6485704       27.175056
1.750       5.4035394       3.5553992       28.418005
1.750       5.5292031       3.3849976       28.987866
1.750       5.6548668       3.2566032       29.833365
1.750       5.7805305       3.1750242       31.068507
1.750       5.9061942       3.0994912       32.350711
1.750       6.0318579       2.9883647       33.224401
1.750       6.1575216       2.8387170       33.574549
1.750       6.2831853       2.7673787       34.775906
1.750       6.4088490       2.7095741       36.133615
1.750       6.5345127       2.6281751       37.150459
1.750       6.6601764       2.5010377       37.432402
1.750       6.7858401       2.4688088       39.081262
1.750       6.9115038       2.3631340       39.525400
1.750       7.0371675       2.3299387       41.134708
1.750       7.1628313       2.2140444       41.220261
1.750       7.2884950       2.1608323       42.384289
1.750       7.4141587       2.1359692       44.101248
1.750       7.5398224       2.0488901       44.491010
1.750       7.6654861       2.0108367       45.884516
1.750       7.7911498       1.9265425       46.158694
1.750       7.9168135       1.9064329       47.922891
1.750       8.0424772       1.8599453       49.016234
1.750       8.2938046       1.7333031       50.096361
1.750       8.5451320       1.6666367       52.682641
1.750       8.7964594       1.5737204       54.265216
1.750       9.0477868       1.5032611       56.406838
1.750       9.2991143       1.4270942       58.136335
1.750       9.5504417       1.3603062       60.031240
1.750       9.8017691       1.3670221       65.216758
1.750       10.053096       1.2717997       65.461887
1.750       10.304424       1.2330175       68.345614
1.750       10.555751       1.1648890       69.410032
1.750       10.807079       1.1076281       70.825423
1.750       11.058406       1.1079455       75.904282
1.750       11.309734       1.0485819       76.847501
1.750       11.561061      0.99552692       77.932093
1.750       11.812388      0.99057716       82.712610
1.750       12.063716      0.94034517       83.637463
1.750       12.315043      0.90883025       85.992555
1.750       12.566371      0.88579920       89.050248
1.750       12.817698      0.85211866       90.907653
1.750       13.069025      0.80521255       91.056385
1.750       13.320353      0.78948880       94.528642
1.750       13.571680      0.76060624       96.323221
1.750       13.823008      0.73392258       98.203768
1.750       14.074335      0.72157899       101.91493
1.750       14.325663      0.70178177       104.52411
1.750       14.576990      0.67749268       106.31105
1.750       14.828317      0.66040873       109.08340
1.750       15.079645      0.64002761       111.18400
1.750       15.330972      0.63023531       115.04880
1.750       15.582300      0.61251278       117.40323
1.750       15.833627      0.58989747       118.62822
1.750       16.084954      0.57843619       121.95096
1.750       16.587609      0.54802549       126.71336
1.750       17.090264      0.51025497       129.03390
1.750       17.592919      0.49260418       135.88830
1.750       18.095574      0.47867072       143.68922
1.750       18.598229      0.45823892       149.34028
1.750       19.100883      0.42898845       151.45242
1.750       19.603538      0.41449803       158.19623
1.750       20.106193      0.40109754       165.16187
1.750       20.608848      0.37491259       166.24991
1.750       21.111503      0.36608796       174.50712
1.750       21.614157      0.35221282       180.17327
1.750       22.116812      0.34394963       188.50927
1.750       22.619467      0.33162463       194.43039
1.750       23.122122      0.31598767       197.88982
1.750       23.624777      0.30590252       204.34144
1.750       24.127432      0.29505556       209.94587
1.750       24.630086      0.28821311       218.16335
1.750       25.132741      0.28168608       226.54539
1.750       25.635396      0.26694921       227.83424
1.750       26.138051      0.26050764       235.67327
1.750       26.640706      0.25313192       242.46795
1.750       27.143361      0.24689673       250.13614
1.750       27.646015      0.23689110       253.58096
1.750       28.148670      0.23205029       262.19597
1.750       28.651325      0.22067291       262.93804
1.750       29.153980      0.21727189       272.75163
1.750       29.656635      0.21153578       279.52439
1.750       30.159289      0.20679561       287.39214
1.750       30.661944      0.20327089       296.85510
1.750       31.164599      0.19521236       299.33824
1.750       31.667254      0.19228551       309.34851
1.750       32.169909      0.18735654       316.00111
1.750       33.175218      0.18271347       337.97314
1.750       34.180528      0.17067381       345.28160
1.750       35.185838      0.16227696       358.12185
1.750       36.191147      0.15223047       365.57704
1.750       37.196457      0.15089026       393.40167
1.750       38.201767      0.14316464       404.34900
1.750       39.207076      0.13863669       423.29371
1.750       40.212386      0.13162665       433.60434
1.750       41.217696      0.12533090       444.61034
1.750       42.223005      0.11986460       457.09727
1.750       43.228315      0.11901872       487.06896
1.750       44.233625      0.11386280       499.24039
1.750       45.238934      0.10922325       512.29777
1.750       46.244244      0.10627563       532.44775
1.750       47.249554      0.10104133       539.96106
1.750       48.254863      0.10043735       571.72708
1.750       49.260173     0.095079986       575.76752
1.750       50.265482     0.094049386       605.11203
1.750       51.270792     0.090926430       620.82683
1.750       52.276102     0.086213210       623.95556
1.750       53.281411     0.084786049       649.71339
1.750       54.286721     0.082490620       668.58351
1.750       55.292031     0.079598840       681.65499
1.750       56.297340     0.077058879       696.55687
1.750       57.302650     0.076094891       725.35378
1.750       58.307960     0.072617119       729.27749
1.750       59.313269     0.072423002       765.60079
1.750       60.318579     0.068915491       766.19694
1.750       61.323889     0.067292474       786.18692
1.750       62.329198     0.065774275       806.86513
1.750       63.334508     0.064449513       829.48989
1.750       64.339818     0.062024059       836.89297
1.750       66.350437     0.061469010       909.61547
1.750       68.361056     0.057958906       938.03001
1.750       70.371675     0.053328494       941.50635
1.750       72.382295     0.053573321       1029.2381
1.750       74.392914     0.050901225       1061.6789
1.750       76.403533     0.048335427       1092.1345
1.750       78.414153     0.044880632       1096.2575
1.750       80.424772     0.043692191       1151.4461
1.750       82.435391     0.040907077       1160.9401
1.750       84.446011     0.040616962       1239.1250
1.750       86.456630     0.038657371       1265.6030
1.750       88.467249     0.037109647       1301.6813
1.750       90.477868     0.036880474       1383.8654
1.750       92.488488     0.036186059       1450.3559
1.750       94.499107     0.033771536       1443.7905
1.750       96.509726     0.031493043       1434.1617
1.750       98.520346     0.032599724       1579.2903
1.750       100.53096     0.029010695       1493.2342
1.750       102.54158     0.029562300       1614.7621
1.750       104.55220     0.028007631       1621.6092
1.750       106.56282     0.028181275       1727.6193
1.750       108.57344     0.026518298       1719.4388
1.750       110.58406     0.025997696       1781.0771
1.750       112.59468     0.025485060       1842.9330
1.750       114.60530     0.024571566       1873.7739
1.750       116.61592     0.023523934       1889.9648
1.750       118.62654     0.023371715       1976.5437
1.750       120.63716     0.022467439       1998.3296
1.750       122.64778     0.021652683       2023.7694
1.750       124.65840     0.021029797       2063.8112
1.750       126.66902     0.020844777       2146.2421
1.750       128.67964     0.019495269       2104.4032
1.750       132.70087     0.017540786       2076.5416
1.750       136.72211     0.018617842       2410.5486
1.750       140.74335     0.016366768       2311.6221
1.750       144.76459     0.015095672       2320.1161
1.750       148.78583     0.014670375       2447.9142
1.750       152.80707     0.014361150       2595.9109
1.750       156.82831     0.014001385       2735.9906
1.750       160.84954     0.012091312       2549.1959
1.750       164.87078     0.011582434       2629.6696
1.750       168.89202     0.010549355       2574.6818
1.750       172.91326     0.011454663       3000.1120
1.750       176.93450     0.010568647       2965.6999
1.750       180.95574    0.0099923610       2999.5454
1.750       184.97698    0.0096329667       3088.7541
1.750       188.99821    0.0089388807       3057.2187
1.750       193.01945    0.0089759721       3270.0545
1.750       197.04069    0.0083260842       3226.8503
1.750       201.06193    0.0078295607       3224.0161
1.750       205.08317    0.0073671255       3219.2773
1.750       209.10441    0.0068504549       3173.0669
1.750       213.12565    0.0065826253       3228.3197
1.750       217.14688    0.0062365211       3234.9939
1.750       221.16812    0.0060494739       3315.5491
1.750       225.18936    0.0069437498       4017.0564
1.750       229.21060    0.0059682835       3641.0261
1.750       233.23184    0.0055882571       3591.7835
1.750       237.25308    0.0050094396       3389.1826
1.750       241.27432    0.0050587320       3599.5251
1.750       245.29555    0.0051747780       3869.2876
1.750       249.31679    0.0044587435       3500.5585
1.750       253.33803    0.0042133838       3470.5832
1.750       257.35927    0.0046869490       4047.4355
1.750       265.40175    0.0044380703       4203.1585
1.750       273.44422    0.0038869536       4026.1122
1.750       281.48670    0.0034269460       3872.1410
1.750       289.52918    0.0032976509       4054.6367
1.750       297.57166    0.0036523817       4875.5218
1.750       305.61413    0.0031812058       4600.2595
1.750       313.65661    0.0026636566       4164.0107
1.750       321.69909    0.0028998719       4891.0102
1.750       329.74156    0.0024481491       4446.6117
1.750       337.78404    0.0026104735       5096.9096
1.750       345.82652    0.0026861424       5628.2602
1.750       353.86900    0.0019403715       4355.9481
1.750       361.91147    0.0020165711       4842.7367
1.750       369.95395    0.0021601121       5541.0180
1.750       377.99643    0.0019754656       5405.0885
1.750       386.03891    0.0022678184       6609.5481
1.750       394.08138    0.0016038982       4972.8438
1.750       402.12386    0.0011653178       3838.7884
1.750       410.16634   0.00093504473       3268.7574
1.750       418.20881    0.0011409909       4227.9708
1.750       426.25129    0.0014899877       5845.8824
1.750       434.29377    0.0012157949       5045.2347
1.750       442.33625   0.00092792707       4068.5690
1.750       450.37872    0.0015758532       7293.2249
1.750       458.42120   0.00079825850       3895.9008
1.750       466.46368   0.00072431240       3724.3430
1.750       474.50615    0.0011428974       6185.9024
1.750       482.54863    0.0015110108       8601.2404
1.750       490.59111   0.00079846620       4776.2364
1.750       498.63359   0.00091994430       5777.9845
1.750       506.67606   0.00079509655       5239.3968
1.750       514.71854   0.00073380055       5069.4136
1.500     0.015707963       2299.5430   0.00045151422
1.500     0.031415927       5912.9851    0.0092880954
1.500     0.047123890       3125.8187     0.016571333
1.500     0.062831853       2523.6764     0.031713453
1.500     0.078539816       1914.5457     0.046990021
1.500     0.094247780       1565.7518     0.066405883
1.500      0.10995574       1274.5299     0.085836902
1.500      0.12566371       1084.1700      0.10899266
1.500      0.14137167       811.12985      0.11610417
1.500      0.15707963       738.52007      0.14500808
1.500      0.17278760       643.09915      0.16806833
1.500      0.18849556       564.86573      0.19165443
1.500      0.20420352       504.88788      0.21779851
1.500      0.21991149       461.89989      0.24886387
1.500      0.23561945       402.46915      0.26670814
1.500      0.25132741       372.57734      0.29964448
1.500      0.26703538       324.33809      0.31287770
1.500      0.28274334       301.78883      0.34558157
1.500      0.29845130       269.11552      0.36243443
1.500      0.31415927       246.36110      0.38698310
1.500      0.32986723       227.35461      0.41342005
1.500      0.34557519       204.59821      0.42775959
1.500      0.36128316       197.48536      0.47178953
1.500      0.37699112       181.96535      0.49391511
1.500      0.39269908       168.53258      0.51705147
1.500      0.40840704       161.88965      0.55868760
1.500      0.42411501       149.90015      0.57932630
1.500      0.43982297       140.88585      0.60725536
1.500      0.45553093       134.61687      0.64464908
1.500      0.47123890       128.47100      0.68108098
1.500      0.48694686       118.58063      0.69363137
1.500      0.50265482       114.44506      0.73633743
1.500      0.51836279       108.88966      0.76834865
1.500      0.53407075       104.37078      0.80546293
1.500      0.54977871       100.88959      0.84933763
1.500      0.56548668       96.115783      0.88050556
1.500      0.58119464       93.346610      0.92839675
1.500      0.59690260       87.330842      0.94091052
1.500      0.61261057       84.853909      0.98831541
1.500      0.62831853       81.865541       1.0287527
1.500      0.64402649       78.349444       1.0602722
1.500      0.65973446       74.813792       1.0883271
1.500      0.67544242       73.547950       1.1481690
1.500      0.69115038       70.909773       1.1860255
1.500      0.70685835       68.558561       1.2266739
1.500      0.72256631       66.056070       1.2624556
1.500      0.73827427       64.453242       1.3139179
1.500      0.75398224       62.376271       1.3544813
1.500      0.76969020       61.132829       1.4121884
1.500      0.78539816       59.029015       1.4487900
1.500      0.80110613       57.428259       1.4957743
1.500      0.81681409       55.942890       1.5444890
1.500      0.83252205       54.077409       1.5807871
1.500      0.84823002       52.477160       1.6224880
1.500      0.86393798       51.509037       1.6826794
1.500      0.87964594       49.871638       1.7196798
1.500      0.89535391       48.915492       1.7786925
1.500      0.91106187       48.211193       1.8469781
1.500      0.92676983       46.645130       1.8810149
1.500      0.94247780       45.700769       1.9382382
1.500      0.95818576       44.427338       1.9800205
1.500      0.97389372       43.832875       2.0511854
1.500      0.98960169       42.494103       2.0863166
1.500       1.0053096       42.035872       2.1636643
1.500       1.0367256       40.942883       2.3112138
1.500       1.0681415       38.951948       2.4048379
1.500       1.0995574       37.332497       2.5142650
1.500       1.1309734       35.699781       2.6163325
1.500       1.1623893       34.613600       2.7540500
1.500       1.1938052       33.799033       2.9132312
1.500       1.2252211       32.067653       2.9880019
1.500       1.2566371       31.617410       3.1785287
1.500       1.2880530       30.342068       3.2848582
1.500       1.3194689       29.654403       3.4510952
1.500       1.3508848       28.701372       3.5844944
1.500       1.3823008       28.088731       3.7584608
1.500       1.4137167       27.282931       3.9052465
1.500       1.4451326       26.323609       4.0247490
1.500       1.4765485       26.326281       4.2934159
1.500       1.5079645       25.128899       4.3653296
1.500       1.5393804       24.828286       4.5883322
1.500       1.5707963       23.989217       4.7102718
1.500       1.6022123       23.792906       4.9576731
1.500       1.6336282       22.998339       5.0795634
1.500       1.6650441       22.105992       5.1696066
1.500       1.6964600       21.852510       5.4050845
1.500       1.7278760       21.519546       5.6239449
1.500       1.7592919       20.865938       5.7560143
1.500       1.7907078       20.605315       5.9940961
1.500       1.8221237       20.121803       6.1669546
1.500       1.8535397       19.969099       6.4422028
1.500       1.8849556       19.532720       6.6272958
1.500       1.9163715       18.909430       6.7419856
1.500       1.9477874       18.605042       6.9650718
1.500       1.9792034       18.573724       7.2952557
1.500       2.0106193       17.937397       7.3861684
1.500       2.0734512       17.502549       7.9041103
1.500       2.1362830       16.537333       8.1679313
1.500       2.1991149       16.247388       8.7538186
1.500       2.2619467       15.737050       9.2265787
1.500       2.3247786       15.074513       9.5952947
1.500       2.3876104       14.503051       10.000461
1.500       2.4504423       14.121417       10.526451
1.500       2.5132741       13.751886       11.059923
1.500       2.5761060       13.497678       11.690161
1.500       2.6389378       12.854846       11.968084
1.500       2.7017697       12.700972       12.689724
1.500       2.7646015       12.444060       13.320790
1.500       2.8274334       11.908090       13.636080
1.500       2.8902652       11.729414       14.346952
1.500       2.9530971       11.263077       14.694692
1.500       3.0159289       11.039660       15.342257
1.500       3.0787608       10.652128       15.748329
1.500       3.1415927       10.396184       16.330288
1.500       3.2044245       10.212574       17.023764
1.500       3.2672564       10.047264       17.752834
1.500       3.3300882       9.7166713       18.178372
1.500       3.3929201       9.3236485       18.449179
1.500       3.4557519       9.1738074       19.179954
1.500       3.5185838       8.8385647       19.505437
1.500       3.5814156       8.6929934       20.230368
1.500       3.6442475       8.5063770       20.856358
1.500       3.7070793       8.2855511       21.383919
1.500       3.7699112       8.0816712       21.936372
1.500       3.8327430       7.9574981       22.697390
1.500       3.8955749       7.7676441       23.263457
1.500       3.9584067       7.6001572       23.881087
1.500       4.0212386       7.4099424       24.409822
1.500       4.1469023       7.0938114       25.628389
1.500       4.2725660       6.7045732       26.491573
1.500       4.3982297       6.5002045       28.017605
1.500       4.5238934       6.2625205       29.373555
1.500       4.6495571       5.9063094       30.076079
1.500       4.7752208       5.6456985       31.143565
1.500       4.9008845       5.5045194       32.825631
1.500       5.0265482       5.3745839       34.579975
1.500       5.1522120       5.1371977       35.594074
1.500       5.2778757       4.8427224       36.069266
1.500       5.4035394       4.6015911       36.780129
1.500       5.5292031       4.4685638       38.267126
1.500       5.6548668       4.4139195       40.435405
1.500       5.7805305       4.1575398       40.682700
1.500       5.9061942       4.0502080       42.273748
1.500       6.0318579       3.9164621       43.542914
1.500       6.1575216       3.7973051       44.912123
1.500       6.2831853       3.6891082       46.358701
1.500       6.4088490       3.5592901       47.465031
1.500       6.5345127       3.4310998       48.500167
1.500       6.6601764       3.3496065       50.132718
1.500       6.7858401       3.2516639       51.473865
1.500       6.9115038       3.1449714       52.602286
1.500       7.0371675       3.0403026       53.676073
1.500       7.1628313       2.9056043       54.095468
1.500       7.2884950       2.8600530       56.099360
1.500       7.4141587       2.7852973       57.507892
1.500       7.5398224       2.7162664       58.982879
1.500       7.6654861       2.6273354       59.952165
1.500       7.7911498       2.5518629       61.140961
1.500       7.9168135       2.4864860       62.503958
1.500       8.0424772       2.4172061       63.702056
1.500       8.2938046       2.2669208       65.519111
1.500       8.5451320       2.1426030       67.728009
1.500       8.7964594       2.0238056       69.785109
1.500       9.0477868       1.9524231       73.260735
1.500       9.2991143       1.8719643       76.259259
1.500       9.5504417       1.7878433       78.898741
1.500       9.8017691       1.7036640       81.276989
1.500       10.053096       1.6459885       84.722081
1.500       10.304424       1.5876205       88.001104
1.500       10.555751       1.4949356       89.075892
1.500       10.807079       1.4672343       93.819836
1.500       11.058406       1.3970980       95.713841
1.500       11.309734       1.3244495       97.065025
1.500       11.561061       1.2820329       100.36043
1.500       11.812388       1.2202132       101.88708
1.500       12.063716       1.1997957       106.71387
1.500       12.315043       1.1583433       109.60122
1.500       12.566371       1.1367608       114.27966
1.500       12.817698       1.0904994       116.33913
1.500       13.069025       1.0367162       117.23567
1.500       13.320353       1.0222093       122.39320
1.500       13.571680      0.98180220       124.33549
1.500       13.823008      0.96190302       128.70908
1.500       14.074335      0.91791706       129.64547
1.500       14.325663      0.88404945       131.67125
1.500       14.576990      0.87029170       136.56477
1.500       14.828317      0.86389194       142.69386
1.500       15.079645      0.82365488       143.08327
1.500       15.330972      0.80218851       146.43867
1.500       15.582300      0.77886445       149.28865
1.500       15.833627      0.74581661       149.98352
1.500       16.084954      0.72683594       153.23789
1.500       16.587609      0.68415366       158.18864
1.500       17.090264      0.67347471       170.30910
1.500       17.592919      0.62756130       173.11716
1.500       18.095574      0.61350295       184.16368
1.500       18.598229      0.57485809       187.34653
1.500       19.100883      0.55512071       195.98284
1.500       19.603538      0.52639123       200.90109
1.500       20.106193      0.50505470       207.96882
1.500       20.608848      0.49181413       218.08831
1.500       21.111503      0.47001804       224.04859
1.500       21.614157      0.45441376       232.45381
1.500       22.116812      0.43755520       239.81189
1.500       22.619467      0.41122330       241.09881
1.500       23.122122      0.40334980       252.60106
1.500       23.624777      0.39577268       264.37428
1.500       24.127432      0.37858165       269.37860
1.500       24.630086      0.36646141       277.39352
1.500       25.132741      0.36021777       289.70432
1.500       25.635396      0.34555980       294.92635
1.500       26.138051      0.33862843       306.34675
1.500       26.640706      0.32329835       309.67840
1.500       27.143361      0.31328980       317.40032
1.500       27.646015      0.30925526       331.04344
1.500       28.148670      0.29838191       337.14475
1.500       28.651325      0.28929826       344.70709
1.500       29.153980      0.28076521       352.45777
1.500       29.656635      0.27360268       361.53988
1.500       30.159289      0.26849807       373.14252
1.500       30.661944      0.25657519       374.70025
1.500       31.164599      0.25530088       391.47786
1.500       31.667254      0.24557588       395.08195
1.500       32.169909      0.23922137       403.47787
1.500       33.175218      0.23182532       428.81750
1.500       34.180528      0.21938527       443.82732
1.500       35.185838      0.21256072       469.09084
1.500       36.191147      0.20103978       482.79117
1.500       37.196457      0.19334566       504.09153
1.500       38.201767      0.18723265       528.81308
1.500       39.207076      0.17913600       546.94858
1.500       40.212386      0.17221386       567.30668
1.500       41.217696      0.16280038       577.53298
1.500       42.223005      0.16154352       616.03761
1.500       43.228315      0.15557476       636.66991
1.500       44.233625      0.14792931       648.60766
1.500       45.238934      0.14251509       668.44887
1.500       46.244244      0.13839428       693.36424
1.500       47.249554      0.13363583       714.14483
1.500       48.254863      0.12900455       734.34233
1.500       49.260173      0.12701039       769.12567
1.500       50.265482      0.12284602       790.38905
1.500       51.270792      0.11986299       818.39969
1.500       52.276102      0.11409327       825.73344
1.500       53.281411      0.11204046       858.56325
1.500       54.286721      0.10765109       872.50819
1.500       55.292031      0.10556571       904.02565
1.500       56.297340      0.10240180       925.63870
1.500       57.302650      0.10061171       959.05365
1.500       58.307960     0.096038498       964.49316
1.500       59.313269     0.094431938       998.26248
1.500       60.318579     0.091193976       1013.8874
1.500       61.323889     0.089572351       1046.4857
1.500       62.329198     0.087917751       1078.5032
1.500       63.334508     0.085104495       1095.3274
1.500       64.339818     0.083076715       1120.9572
1.500       66.350437     0.081251287       1202.3527
1.500       68.361056     0.078268388       1266.7267
1.500       70.371675     0.073869179       1304.1490
1.500       72.382295     0.070357515       1351.6922
1.500       74.392914     0.066833605       1393.9906
1.500       76.403533     0.064437372       1455.9565
1.500       78.414153     0.061162578       1493.9615
1.500       80.424772     0.059911218       1578.8756
1.500       82.435391     0.057041714       1618.8400
1.500       84.446011     0.055528780       1694.0484
1.500       86.456630     0.052421568       1716.2287
1.500       88.467249     0.051615225       1810.4880
1.500       90.477868     0.049613182       1861.6345
1.500       92.488488     0.047246893       1893.6798
1.500       94.499107     0.046246761       1977.1276
1.500       96.509726     0.044139251       2010.0574
1.500       98.520346     0.042359329       2052.0933
1.500       100.53096     0.040856267       2102.9478
1.500       102.54158     0.041500148       2266.8353
1.500       104.55220     0.039580204       2291.6477
1.500       106.56282     0.038539862       2362.6401
1.500       108.57344     0.035484436       2300.8006
1.500       110.58406     0.034979470       2396.4098
1.500       112.59468     0.034606103       2502.5143
1.500       114.60530     0.034026030       2594.7508
1.500       116.61592     0.033577832       2697.7173
1.500       118.62654     0.031392271       2654.8413
1.500       120.63716     0.031377937       2790.8592
1.500       122.64778     0.030563243       2856.5954
1.500       124.65840     0.028808881       2827.2308
1.500       126.66902     0.028438209       2928.0851
1.500       128.67964     0.027983798       3020.6915
1.500       132.70087     0.025974068       3074.9042
1.500       136.72211     0.025021136       3239.6162
1.500       140.74335     0.023420882       3307.9365
1.500       144.76459     0.021005426       3228.4107
1.500       148.78583     0.021618772       3607.3308
1.500       152.80707     0.020239286       3658.4386
1.500       156.82831     0.019307629       3772.8763
1.500       160.84954     0.017799833       3752.7159
1.500       164.87078     0.017038145       3868.3313
1.500       168.89202     0.016393911       4001.1077
1.500       172.91326     0.015265862       3998.3103
1.500       176.93450     0.015071353       4229.2179
1.500       180.95574     0.014589438       4379.5138
1.500       184.97698     0.012833989       4115.1431
1.500       188.99821     0.013329437       4558.8486
1.500       193.01945     0.012233077       4456.6570
1.500       197.04069     0.012493313       4841.8981
1.500       201.06193     0.011492556       4732.3455
1.500       205.08317     0.011070251       4837.4645
1.500       209.10441     0.011056924       5121.4642
1.500       213.12565    0.0095383002       4677.8725
1.500       217.14688     0.010344666       5365.9615
1.500       221.16812    0.0097054033       5319.2627
1.500       225.18936    0.0095073815       5500.1532
1.500       229.21060    0.0087562483       5341.8590
1.500       233.23184    0.0080246598       5157.7513
1.500       237.25308    0.0085200473       5764.3166
1.500       241.27432    0.0082392049       5862.5808
1.500       245.29555    0.0079197506       5921.7600
1.500       249.31679    0.0069617476       5465.6665
1.500       253.33803    0.0070981647       5846.7901
1.500       257.35927    0.0064644375       5582.3936
1.500       265.40175    0.0060321434       5712.8557
1.500       273.44422    0.0061148786       6333.8002
1.500       281.48670    0.0057645965       6513.4760
1.500       289.52918    0.0058579627       7202.6760
1.500       297.57166    0.0042633805       5691.1370
1.500       305.61413    0.0045265670       6545.7515
1.500       313.65661    0.0047321200       7397.5744
1.500       321.69909    0.0039577583       6675.2727
1.500       329.74156    0.0034987389       6354.8144
1.500       337.78404    0.0034908786       6815.8872
1.500       345.82652    0.0042427020       8889.7116
1.500       353.86900    0.0033470082       7513.7127
1.500       361.91147    0.0031725223       7618.7197
1.500       369.95395    0.0021314381       5467.4648
1.500       377.99643    0.0036623915       10020.701
1.500       386.03891    0.0021231329       6187.8625
1.500       394.08138    0.0033003273       10232.577
1.500       402.12386    0.0024374236       8029.3575
1.500       410.16634    0.0023776343       8311.8054
1.500       418.20881    0.0022131010       8200.7022
1.500       426.25129    0.0020147263       7904.6643
1.500       434.29377    0.0022813252       9466.9099
1.500       442.33625    0.0015318358       6716.4542
1.500       450.37872    0.0018787135       8694.8962
1.500       458.42120    0.0019368209       9452.6549
1.500       466.46368    0.0016480170       8473.9409
1.500       474.50615    0.0014815808       8019.0172
1.500       482.54863    0.0015554510       8854.2110
1.500       490.59111    0.0016898662       10108.381
1.500       498.63359    0.0014995219       9418.1942
1.500       506.67606    0.0016066065       10586.952
1.500       514.71854    0.0018298706       12641.543
1.250     0.015707963       2789.4243   0.00054770218
1.250     0.031415927       7178.4837     0.011275936
1.250     0.047123890       3787.2453     0.020077845
1.250     0.062831853       3067.2216     0.038543844
1.250     0.078539816       2327.4566     0.057124379
1.250     0.094247780       1902.6026     0.080692230
1.250      0.10995574       1547.6515      0.10423107
1.250      0.12566371       1312.1063      0.13190731
1.250      0.14137167       990.35343      0.14175802
1.250      0.15707963       903.59551      0.17742056
1.250      0.17278760       788.69550      0.20611866
1.250      0.18849556       690.16711      0.23416818
1.250      0.20420352       619.36491      0.26718160
1.250      0.21991149       567.41184      0.30571193
1.250      0.23561945       495.40301      0.32829352
1.250      0.25132741       460.36642      0.37024865
1.250      0.26703538       401.52503      0.38733726
1.250      0.28274334       375.89298      0.43043901
1.250      0.29845130       335.82886      0.45228137
1.250      0.31415927       309.15142      0.48561391
1.250      0.32986723       286.01605      0.52008962
1.250      0.34557519       256.91605      0.53714207
1.250      0.36128316       249.14770      0.59521008
1.250      0.37699112       231.08737      0.62724878
1.250      0.39269908       213.47943      0.65494669
1.250      0.40840704       205.62137      0.70960746
1.250      0.42411501       190.82818      0.73750284
1.250      0.43982297       179.15108      0.77218863
1.250      0.45553093       171.66696      0.82207343
1.250      0.47123890       164.63749      0.87281540
1.250      0.48694686       152.53051      0.89221949
1.250      0.50265482       147.47837      0.94887312
1.250      0.51836279       140.64761      0.99243954
1.250      0.53407075       134.92970       1.0412960
1.250      0.54977871       130.96263       1.1025071
1.250      0.56548668       124.51731       1.1406887
1.250      0.58119464       121.98300       1.2132055
1.250      0.59690260       114.23258       1.2307523
1.250      0.61261057       111.48943       1.2985462
1.250      0.62831853       107.59190       1.3520396
1.250      0.64402649       103.14154       1.3957739
1.250      0.65973446       98.901429       1.4387334
1.250      0.67544242       97.095266       1.5157700
1.250      0.69115038       94.048647       1.5730426
1.250      0.70685835       90.455310       1.6184582
1.250      0.72256631       88.049695       1.6827951
1.250      0.73827427       85.443467       1.7418162
1.250      0.75398224       83.122005       1.8049684
1.250      0.76969020       81.372618       1.8797341
1.250      0.78539816       78.930125       1.9372367
1.250      0.80110613       76.953807       2.0043360
1.250      0.81681409       75.031273       2.0714871
1.250      0.83252205       72.588171       2.1218924
1.250      0.84823002       70.907363       2.1923127
1.250      0.86393798       69.077313       2.2565938
1.250      0.87964594       67.115671       2.3142907
1.250      0.89535391       66.180816       2.4065039
1.250      0.91106187       65.142904       2.4956345
1.250      0.92676983       63.191524       2.5482660
1.250      0.94247780       62.146782       2.6357383
1.250      0.95818576       60.536807       2.6979811
1.250      0.97389372       59.708582       2.7940985
1.250      0.98960169       57.939892       2.8446525
1.250       1.0053096       57.183408       2.9433360
1.250       1.0367256       55.717527       3.1452381
1.250       1.0681415       53.444993       3.2996179
1.250       1.0995574       51.086725       3.4405832
1.250       1.1309734       49.647054       3.6384873
1.250       1.1623893       47.769728       3.8008245
1.250       1.1938052       46.554556       4.0126645
1.250       1.2252211       44.423713       4.1393157
1.250       1.2566371       43.283525       4.3513346
1.250       1.2880530       42.009345       4.5479675
1.250       1.3194689       40.774162       4.7451811
1.250       1.3508848       40.347703       5.0389966
1.250       1.3823008       39.060844       5.2266032
1.250       1.4137167       37.862995       5.4196642
1.250       1.4451326       36.791340       5.6252131
1.250       1.4765485       36.682943       5.9824300
1.250       1.5079645       34.984012       6.0773354
1.250       1.5393804       34.837616       6.4380827
1.250       1.5707963       33.631675       6.6035640
1.250       1.6022123       33.443673       6.9685813
1.250       1.6336282       32.149753       7.1008045
1.250       1.6650441       31.362471       7.3342846
1.250       1.6964600       30.808076       7.6201889
1.250       1.7278760       30.263844       7.9091904
1.250       1.7592919       29.511198       8.1408696
1.250       1.7907078       28.979589       8.4301764
1.250       1.8221237       28.286930       8.6694125
1.250       1.8535397       27.737637       8.9483996
1.250       1.8849556       27.461606       9.3175035
1.250       1.9163715       26.807190       9.5578603
1.250       1.9477874       26.144179       9.7874588
1.250       1.9792034       26.009277       10.215740
1.250       2.0106193       25.337163       10.433206
1.250       2.0734512       24.316422       10.981239
1.250       2.1362830       23.289371       11.502821
1.250       2.1991149       22.606793       12.180159
1.250       2.2619467       21.741809       12.747148
1.250       2.3247786       21.063321       13.407317
1.250       2.3876104       20.304885       14.001069
1.250       2.4504423       19.876488       14.816422
1.250       2.5132741       19.273822       15.500927
1.250       2.5761060       18.844363       16.320854
1.250       2.6389378       18.037402       16.793133
1.250       2.7017697       17.819034       17.803254
1.250       2.7646015       17.068361       18.270890
1.250       2.8274334       16.481255       18.872858
1.250       2.8902652       15.985372       19.552672
1.250       2.9530971       15.468495       20.181409
1.250       3.0159289       15.103942       20.990553
1.250       3.0787608       14.758989       21.819998
1.250       3.1415927       14.484619       22.752386
1.250       3.2044245       14.042439       23.407926
1.250       3.2672564       13.684084       24.178849
1.250       3.3300882       13.305973       24.893394
1.250       3.3929201       12.948136       25.621137
1.250       3.4557519       12.576616       26.294307
1.250       3.5185838       12.339580       27.231672
1.250       3.5814156       12.017921       27.968153
1.250       3.6442475       11.755039       28.821588
1.250       3.7070793       11.357596       29.312464
1.250       3.7699112       11.193727       30.383536
1.250       3.8327430       10.818871       30.858962
1.250       3.8955749       10.736176       32.153965
1.250       3.9584067       10.227798       32.137617
1.250       4.0212386       10.070983       33.175819
1.250       4.1469023       9.7438682       35.202465
1.250       4.2725660       9.1170328       36.023849
1.250       4.3982297       8.6675907       37.359614
1.250       4.5238934       8.4592343       39.676962
1.250       4.6495571       7.8127887       39.784243
1.250       4.7752208       7.6886628       42.413240
1.250       4.9008845       7.3401031       43.771944
1.250       5.0265482       7.1354507       45.909359
1.250       5.1522120       6.9386252       48.075615
1.250       5.2778757       6.5409775       48.718104
1.250       5.4035394       6.2405456       49.880153
1.250       5.5292031       6.0107852       51.474139
1.250       5.6548668       5.8869861       53.929998
1.250       5.7805305       5.5629136       54.434679
1.250       5.9061942       5.3775788       56.128083
1.250       6.0318579       5.2925976       58.842679
1.250       6.1575216       5.0638031       59.891461
1.250       6.2831853       4.8864510       61.404954
1.250       6.4088490       4.6512178       62.026469
1.250       6.5345127       4.5316017       64.056265
1.250       6.6601764       4.3980580       65.824628
1.250       6.7858401       4.2301680       66.963593
1.250       6.9115038       4.1247951       68.990660
1.250       7.0371675       4.0039056       70.688336
1.250       7.1628313       3.8340879       71.381633
1.250       7.2884950       3.7529983       73.614302
1.250       7.4141587       3.6340614       75.032281
1.250       7.5398224       3.5020222       76.045321
1.250       7.6654861       3.4499662       78.723464
1.250       7.7911498       3.3533697       80.344538
1.250       7.9168135       3.2550291       81.823185
1.250       8.0424772       3.1506525       83.031001
1.250       8.2938046       2.9713470       85.878616
1.250       8.5451320       2.8409957       89.804308
1.250       8.7964594       2.6790691       92.379986
1.250       9.0477868       2.6054320       97.763576
1.250       9.2991143       2.4317205       99.062359
1.250       9.5504417       2.3170413       102.25261
1.250       9.8017691       2.2456625       107.13420
1.250       10.053096       2.1569005       111.01967
1.250       10.304424       2.0428872       113.23633
1.250       10.555751       1.9613572       116.86767
1.250       10.807079       1.8796067       120.18830
1.250       11.058406       1.8283746       125.26018
1.250       11.309734       1.7072614       125.12019
1.250       11.561061       1.6868957       132.05400
1.250       11.812388       1.6054899       134.05746
1.250       12.063716       1.5654522       139.23659
1.250       12.315043       1.4771875       139.76992
1.250       12.566371       1.4482773       145.59671
1.250       12.817698       1.4096096       150.38316
1.250       13.069025       1.3602705       153.82437
1.250       13.320353       1.3104649       156.90719
1.250       13.571680       1.2898674       163.34888
1.250       13.823008       1.2316221       164.79930
1.250       14.074335       1.1815575       166.88172
1.250       14.325663       1.1558326       172.15092
1.250       14.576990       1.1209125       175.89177
1.250       14.828317       1.0930997       180.55339
1.250       15.079645       1.0692242       185.74296
1.250       15.330972       1.0412962       190.08753
1.250       15.582300      0.99669888       191.04201
1.250       15.833627      0.97938540       196.95414
1.250       16.084954      0.95710207       201.78460
1.250       16.587609      0.88637654       204.94621
1.250       17.090264      0.85762196       216.87649
1.250       17.592919      0.81322152       224.33282
1.250       18.095574      0.78413185       235.38372
1.250       18.598229      0.75923541       247.43518
1.250       19.100883      0.71063909       250.88790
1.250       19.603538      0.68308399       260.70403
1.250       20.106193      0.66867206       275.34233
1.250       20.608848      0.62561979       277.42262
1.250       21.111503      0.62243741       296.70399
1.250       21.614157      0.59390831       303.81177
1.250       22.116812      0.57163652       313.29814
1.250       22.619467      0.54018409       316.70809
1.250       23.122122      0.52489971       328.72267
1.250       23.624777      0.51299116       342.67567
1.250       24.127432      0.49442093       351.80369
1.250       24.630086      0.47299325       358.03296
1.250       25.132741      0.46851655       376.80337
1.250       25.635396      0.44409940       379.02734
1.250       26.138051      0.43448183       393.06237
1.250       26.640706      0.41950526       401.83230
1.250       27.143361      0.40697132       412.31099
1.250       27.646015      0.40599088       434.59445
1.250       28.148670      0.38820453       438.63623
1.250       28.651325      0.37832896       450.78969
1.250       29.153980      0.36685613       460.53176
1.250       29.656635      0.35360673       467.25761
1.250       30.159289      0.34749945       482.93391
1.250       30.661944      0.33947611       495.76807
1.250       31.164599      0.32870107       504.02957
1.250       31.667254      0.32465441       522.30332
1.250       32.169909      0.31940612       538.71986
1.250       33.175218      0.29833487       551.84315
1.250       34.180528      0.28829568       583.23650
1.250       35.185838      0.27844789       614.49432
1.250       36.191147      0.26094242       626.64560
1.250       37.196457      0.25018802       652.29117
1.250       38.201767      0.24837165       701.49183
1.250       39.207076      0.23175362       707.60381
1.250       40.212386      0.22648724       746.09397
1.250       41.217696      0.21816835       773.95042
1.250       42.223005      0.20903790       797.15489
1.250       43.228315      0.20106482       822.83216
1.250       44.233625      0.19230934       843.19540
1.250       45.238934      0.18988047       890.61017
1.250       46.244244      0.18294873       916.58494
1.250       47.249554      0.17566860       938.76639
1.250       48.254863      0.17110480       973.99275
1.250       49.260173      0.16552759       1002.3709
1.250       50.265482      0.16139370       1038.4041
1.250       51.270792      0.15682800       1070.7891
1.250       52.276102      0.14966333       1083.1666
1.250       53.281411      0.14823589       1135.9279
1.250       54.286721      0.14382902       1165.7290
1.250       55.292031      0.14138516       1210.7701
1.250       56.297340      0.13632931       1232.3189
1.250       57.302650      0.13478060       1284.7593
1.250       58.307960      0.13277570       1333.4366
1.250       59.313269      0.12789299       1351.9872
1.250       60.318579      0.12486150       1388.2002
1.250       61.323889      0.12113412       1415.2260
1.250       62.329198      0.11933971       1463.9622
1.250       63.334508      0.11454043       1474.1791
1.250       64.339818      0.11283235       1522.4511
1.250       66.350437      0.10754560       1591.4547
1.250       68.361056      0.10453564       1691.8465
1.250       70.371675     0.095022992       1677.6163
1.250       72.382295     0.094046879       1806.8067
1.250       74.392914     0.090090624       1879.0770
1.250       76.403533     0.086672352       1958.3539
1.250       78.414153     0.085033001       2077.0221
1.250       80.424772     0.078598962       2071.3648
1.250       82.435391     0.079750150       2263.3039
1.250       84.446011     0.073688889       2248.0692
1.250       86.456630     0.072127993       2361.3970
1.250       88.467249     0.069388735       2433.9228
1.250       90.477868     0.068014614       2552.1111
1.250       92.488488     0.064770954       2596.0532
1.250       94.499107     0.063273474       2705.0485
1.250       96.509726     0.061696913       2809.6159
1.250       98.520346     0.061454624       2977.1629
1.250       100.53096     0.057750493       2972.5249
1.250       102.54158     0.056816196       3103.4337
1.250       104.55220     0.054114335       3133.1570
1.250       106.56282     0.053205872       3261.7222
1.250       108.57344     0.051301239       3326.3576
1.250       110.58406     0.049810947       3412.5000
1.250       112.59468     0.049108658       3551.2557
1.250       114.60530     0.048170677       3673.3906
1.250       116.61592     0.046043331       3699.2230
1.250       118.62654     0.044946760       3801.1432
1.250       120.63716     0.043187561       3841.2469
1.250       122.64778     0.042724786       3993.2748
1.250       124.65840     0.041563941       4078.9801
1.250       126.66902     0.040451519       4165.0122
1.250       128.67964     0.039017731       4211.7417
1.250       132.70087     0.036347704       4302.9727
1.250       136.72211     0.035490774       4595.1745
1.250       140.74335     0.034394670       4857.8609
1.250       144.76459     0.031373907       4821.9854
1.250       148.78583     0.030612990       5108.1154
1.250       152.80707     0.029595156       5349.5988
1.250       156.82831     0.027544308       5382.3938
1.250       160.84954     0.027387653       5774.1037
1.250       164.87078     0.024581695       5581.0150
1.250       168.89202     0.024116727       5885.9425
1.250       172.91326     0.023967249       6277.3067
1.250       176.93450     0.023110183       6485.0182
1.250       180.95574     0.022012008       6607.6495
1.250       184.97698     0.020767509       6658.9798
1.250       188.99821     0.019992977       6837.8699
1.250       193.01945     0.018250583       6648.9068
1.250       197.04069     0.018458320       7153.6913
1.250       201.06193     0.017835599       7344.2509
1.250       205.08317     0.016771230       7328.6712
1.250       209.10441     0.016067712       7442.4143
1.250       213.12565     0.016004438       7849.0632
1.250       217.14688     0.014067811       7297.2223
1.250       221.16812     0.014647727       8028.0137
1.250       225.18936     0.014377145       8317.3793
1.250       229.21060     0.013104804       7994.7499
1.250       233.23184     0.012338239       7930.2511
1.250       237.25308     0.012614287       8534.3122
1.250       241.27432     0.011701586       8326.2272
1.250       245.29555     0.011389850       8516.4242
1.250       249.31679     0.011059864       8683.0969
1.250       253.33803     0.010472979       8626.6398
1.250       257.35927     0.010350402       8938.1354
1.250       265.40175    0.0089991643       8522.8290
1.250       273.44422    0.0084729545       8776.2987
1.250       281.48670    0.0089033189       10059.950
1.250       289.52918    0.0080758016       9929.6266
1.250       297.57166    0.0075850345       10125.174
1.250       305.61413    0.0076142820       11010.816
1.250       313.65661    0.0057968595       9062.0483
1.250       321.69909    0.0054429961       9180.3190
1.250       329.74156    0.0062046561       11269.615
1.250       337.78404    0.0053329013       10412.408
1.250       345.82652    0.0051046208       10695.685
1.250       353.86900    0.0050914348       11429.783
1.250       361.91147    0.0041026764       9852.4576
1.250       369.95395    0.0046065378       11816.474
1.250       377.99643    0.0032744156       8959.1570
1.250       386.03891    0.0039115122       11400.087
1.250       394.08138    0.0035441950       10988.682
1.250       402.12386    0.0033168362       10926.317
1.250       410.16634    0.0037290982       13036.293
1.250       418.20881    0.0030533051       11314.100
1.250       426.25129    0.0034093440       13376.368
1.250       434.29377    0.0030745970       12758.783
1.250       442.33625    0.0023781853       10427.340
1.250       450.37872    0.0031056776       14373.423
1.250       458.42120    0.0030146038       14712.775
1.250       466.46368    0.0026985448       13875.651
1.250       474.50615    0.0026438880       14309.975
1.250       482.54863    0.0019251401       10958.620
1.250       490.59111    0.0020789865       12436.007
1.250       498.63359    0.0014624545       9185.3813
1.250       506.67606    0.0015905599       10481.211
1.250       514.71854    0.0018902666       13058.784
0.500     0.015707963       5506.8360    0.0010812647
0.500     0.031415927       14209.428     0.022320118
0.500     0.047123890       7434.0372     0.039411084
0.500     0.062831853       6097.0215     0.076617432
0.500     0.078539816       4636.7213      0.11380226
0.500     0.094247780       3778.6373      0.16025768
0.500      0.10995574       3076.1942      0.20717519
0.500      0.12566371       2569.1913      0.25828328
0.500      0.14137167       2014.8885      0.28840876
0.500      0.15707963       1856.2735      0.36447845
0.500      0.17278760       1639.9677      0.42859119
0.500      0.18849556       1408.7662      0.47798312
0.500      0.20420352       1294.6112      0.55846932
0.500      0.21991149       1184.6415      0.63826486
0.500      0.23561945       1049.1225      0.69523215
0.500      0.25132741       985.23974      0.79237681
0.500      0.26703538       869.00320      0.83829723
0.500      0.28274334       826.23613      0.94613168
0.500      0.29845130       752.17317       1.0129979
0.500      0.31415927       705.99233       1.1089702
0.500      0.32986723       659.22575       1.1987316
0.500      0.34557519       599.32080       1.2530179
0.500      0.36128316       581.96005       1.3902937
0.500      0.37699112       551.94197       1.4981560
0.500      0.39269908       514.07549       1.5771639
0.500      0.40840704       491.79108       1.6971904
0.500      0.42411501       468.88865       1.8121365
0.500      0.43982297       443.30114       1.9107454
0.500      0.45553093       417.36092       1.9986450
0.500      0.47123890       409.13166       2.1689860
0.500      0.48694686       384.43400       2.2487271
0.500      0.50265482       375.91907       2.4186565
0.500      0.51836279       359.98939       2.5401620
0.500      0.53407075       347.15269       2.6790892
0.500      0.54977871       335.89401       2.8277192
0.500      0.56548668       322.06335       2.9503851
0.500      0.58119464       320.44829       3.1870804
0.500      0.59690260       308.18999       3.3204673
0.500      0.61261057       302.69713       3.5255917
0.500      0.62831853       291.55600       3.6638008
0.500      0.64402649       282.47877       3.8226741
0.500      0.65973446       274.33949       3.9908563
0.500      0.67544242       269.63520       4.2093190
0.500      0.69115038       263.33505       4.4044998
0.500      0.70685835       255.33430       4.5685312
0.500      0.72256631       247.96426       4.7390630
0.500      0.73827427       238.26134       4.8570999
0.500      0.75398224       235.60901       5.1161762
0.500      0.76969020       230.40385       5.3224044
0.500      0.78539816       229.22257       5.6259683
0.500      0.80110613       222.04941       5.7834907
0.500      0.81681409       215.01642       5.9362414
0.500      0.83252205       210.92948       6.1658758
0.500      0.84823002       210.30881       6.5023246
0.500      0.86393798       203.55127       6.6495427
0.500      0.87964594       198.74281       6.8530735
0.500      0.89535391       193.04162       7.0194876
0.500      0.91106187       192.16236       7.3617691
0.500      0.92676983       189.21347       7.6302360
0.500      0.94247780       185.08145       7.8495820
0.500      0.95818576       183.50194       8.1782439
0.500      0.97389372       179.93162       8.4200070
0.500      0.98960169       177.33178       8.7063900
0.500       1.0053096       174.50996       8.9823511
0.500       1.0367256       166.22090       9.3831209
0.500       1.0681415       161.42226       9.9659809
0.500       1.0995574       155.42678       10.467666
0.500       1.1309734       155.83901       11.420985
0.500       1.1623893       150.94119       12.009718
0.500       1.1938052       144.57424       12.461249
0.500       1.2252211       141.13782       13.150949
0.500       1.2566371       135.92258       13.664429
0.500       1.2880530       133.74564       14.479418
0.500       1.3194689       129.17914       15.033501
0.500       1.3508848       126.37475       15.782855
0.500       1.3823008       124.07666       16.602290
0.500       1.4137167       121.17922       17.345450
0.500       1.4451326       117.21763       17.921993
0.500       1.4765485       112.34465       18.321704
0.500       1.5079645       110.40210       19.178778
0.500       1.5393804       108.18737       19.993308
0.500       1.5707963       106.86783       20.983449
0.500       1.6022123       104.17762       21.707252
0.500       1.6336282       100.25676       22.143364
0.500       1.6650441       98.404148       23.012346
0.500       1.6964600       96.740338       23.928130
0.500       1.7278760       94.226092       24.625164
0.500       1.7592919       91.584448       25.264208
0.500       1.7907078       90.249538       26.253634
0.500       1.8221237       88.011316       26.973815
0.500       1.8535397       86.106564       27.778716
0.500       1.8849556       84.349910       28.619250
0.500       1.9163715       82.966165       29.580833
0.500       1.9477874       80.746044       30.228472
0.500       1.9792034       81.029143       31.826052
0.500       2.0106193       77.701317       31.995447
0.500       2.0734512       73.737469       33.299668
0.500       2.1362830       71.687010       35.406833
0.500       2.1991149       68.901317       37.122868
0.500       2.2619467       66.327715       38.887713
0.500       2.3247786       63.740583       40.572434
0.500       2.3876104       62.831428       43.324901
0.500       2.4504423       58.112559       43.318527
0.500       2.5132741       57.686810       46.394485
0.500       2.5761060       55.098140       47.719774
0.500       2.6389378       53.074718       49.413479
0.500       2.7017697       52.186885       52.140670
0.500       2.7646015       48.976312       52.426876
0.500       2.8274334       48.970431       56.076556
0.500       2.8902652       46.323659       56.661258
0.500       2.9530971       45.037698       58.759708
0.500       3.0159289       43.154223       59.973152
0.500       3.0787608       42.206211       62.398546
0.500       3.1415927       40.572369       63.730928
0.500       3.2044245       40.181238       66.979779
0.500       3.2672564       38.516750       68.056488
0.500       3.3300882       36.790089       68.828501
0.500       3.3929201       36.014408       71.263545
0.500       3.4557519       35.103171       73.391249
0.500       3.5185838       33.666735       74.297627
0.500       3.5814156       32.802726       76.338632
0.500       3.6442475       32.158651       78.848179
0.500       3.7070793       30.911196       79.777735
0.500       3.7699112       30.219079       82.024737
0.500       3.8327430       29.345815       83.703873
0.500       3.8955749       28.740341       86.074963
0.500       3.9584067       27.870904       87.575488
0.500       4.0212386       27.380684       90.197413
0.500       4.1469023       25.972343       93.832393
0.500       4.2725660       24.753088       97.806112
0.500       4.3982297       23.220801       100.08781
0.500       4.5238934       22.377180       104.95731
0.500       4.6495571       20.963415       106.74980
0.500       4.7752208       19.670957       108.51159
0.500       4.9008845       18.713426       111.59558
0.500       5.0265482       18.189472       117.03073
0.500       5.1522120       17.581539       121.81711
0.500       5.2778757       16.830228       125.35386
0.500       5.4035394       15.944848       127.44582
0.500       5.5292031       15.549297       133.15842
0.500       5.6548668       14.983580       137.26284
0.500       5.7805305       14.409714       141.00311
0.500       5.9061942       13.910716       145.19207
0.500       6.0318579       13.181633       146.55235
0.500       6.1575216       12.694120       150.13802
0.500       6.2831853       12.095204       151.99282
0.500       6.4088490       11.733098       156.46712
0.500       6.5345127       11.382667       160.89921
0.500       6.6601764       11.120567       166.43873
0.500       6.7858401       10.692011       169.25461
0.500       6.9115038       10.321989       172.64393
0.500       7.0371675       10.100181       178.31713
0.500       7.1628313       9.8431814       183.25672
0.500       7.2884950       9.3470876       183.34123
0.500       7.4141587       9.0748067       187.36707
0.500       7.5398224       8.7760771       190.56978
0.500       7.6654861       8.4550932       192.93355
0.500       7.7911498       8.3764287       200.69373
0.500       7.9168135       8.1617859       205.16662
0.500       8.0424772       7.8389913       206.58556
0.500       8.2938046       7.3913469       213.62656
0.500       8.5451320       7.0387850       222.49707
0.500       8.7964594       6.5284817       225.11590
0.500       9.0477868       6.2837529       235.78514
0.500       9.2991143       6.0084282       244.76870
0.500       9.5504417       5.7686749       254.57555
0.500       9.8017691       5.6163141       267.93845
0.500       10.053096       5.2619352       270.84156
0.500       10.304424       5.1063436       283.04237
0.500       10.555751       4.8132655       286.79893
0.500       10.807079       4.6323167       296.20572
0.500       11.058406       4.4178359       302.66168
0.500       11.309734       4.2291473       309.94183
0.500       11.561061       4.0817968       319.53226
0.500       11.812388       3.9306481       328.20680
0.500       12.063716       3.7947045       337.51378
0.500       12.315043       3.6327391       343.72592
0.500       12.566371       3.5684824       358.74298
0.500       12.817698       3.4380512       366.78596
0.500       13.069025       3.3222974       375.69756
0.500       13.320353       3.1778710       380.49917
0.500       13.571680       3.0885327       391.13198
0.500       13.823008       2.9795675       398.68613
0.500       14.074335       2.9255811       413.20546
0.500       14.325663       2.7970629       416.59747
0.500       14.576990       2.7342554       429.05493
0.500       14.828317       2.6399213       436.05057
0.500       15.079645       2.5669503       445.92422
0.500       15.330972       2.5026939       456.86414
0.500       15.582300       2.4222012       464.27482
0.500       15.833627       2.3810230       478.82308
0.500       16.084954       2.2980076       484.48599
0.500       16.587609       2.1592114       499.24855
0.500       17.090264       2.0808900       526.21800
0.500       17.592919       2.0075936       553.80868
0.500       18.095574       1.8869841       566.44216
0.500       18.598229       1.8071899       588.96407
0.500       19.100883       1.7092027       603.42622
0.500       19.603538       1.6485207       629.17007
0.500       20.106193       1.5972377       657.70230
0.500       20.608848       1.5228752       675.29838
0.500       21.111503       1.4762806       703.71467
0.500       21.614157       1.4087139       720.62280
0.500       22.116812       1.3576092       744.06798
0.500       22.619467       1.2896486       756.11656
0.500       23.122122       1.2816367       802.63531
0.500       23.624777       1.2318565       822.87430
0.500       24.127432       1.1898895       846.66221
0.500       24.630086       1.1448013       866.55909
0.500       25.132741       1.1111643       893.65132
0.500       25.635396       1.0712611       914.29365
0.500       26.138051       1.0493122       949.28051
0.500       26.640706       1.0164051       973.58591
0.500       27.143361      0.98093952       993.80993
0.500       27.646015      0.95220130       1019.2874
0.500       28.148670      0.93006590       1050.8909
0.500       28.651325      0.90679210       1080.4685
0.500       29.153980      0.88862649       1115.5346
0.500       29.656635      0.87196775       1152.2223
0.500       30.159289      0.83316724       1157.8859
0.500       30.661944      0.81574680       1191.3098
0.500       31.164599      0.78762435       1207.7416
0.500       31.667254      0.78595283       1264.4392
0.500       32.169909      0.75080290       1266.3265
0.500       33.175218      0.72020362       1332.1923
0.500       34.180528      0.70597067       1428.2138
0.500       35.185838      0.66308849       1463.3406
0.500       36.191147      0.63878851       1534.0320
0.500       37.196457      0.60572460       1579.2475
0.500       38.201767      0.59318466       1675.3692
0.500       39.207076      0.56489087       1724.7581
0.500       40.212386      0.55666914       1833.7787
0.500       41.217696      0.52555766       1864.4114
0.500       42.223005      0.50906108       1941.2773
0.500       43.228315      0.48491222       1984.4415
0.500       44.233625      0.47173896       2068.3765
0.500       45.238934      0.46718315       2191.2631
0.500       46.244244      0.45702116       2289.7054
0.500       47.249554      0.44136173       2358.6204
0.500       48.254863      0.42556637       2422.4835
0.500       49.260173      0.41190682       2494.3479
0.500       50.265482      0.40136046       2582.3459
0.500       51.270792      0.39596816       2703.5886
0.500       52.276102      0.37536422       2716.6439
0.500       53.281411      0.37245499       2854.1133
0.500       54.286721      0.36232138       2936.6018
0.500       55.292031      0.34893337       2988.1362
0.500       56.297340      0.34684416       3135.2219
0.500       57.302650      0.34086328       3249.1862
0.500       58.307960      0.33098282       3323.9864
0.500       59.313269      0.32301042       3414.6200
0.500       60.318579      0.31261637       3475.6439
0.500       61.323889      0.30813933       3600.0328
0.500       62.329198      0.29606091       3631.8337
0.500       63.334508      0.29462040       3791.8773
0.500       64.339818      0.28799112       3885.8751
0.500       66.350437      0.27622883       4087.6211
0.500       68.361056      0.25979970       4204.7018
0.500       70.371675      0.25376472       4480.1770
0.500       72.382295      0.24477094       4702.4822
0.500       74.392914      0.23588000       4919.8980
0.500       76.403533      0.23118343       5223.5685
0.500       78.414153      0.21790024       5322.4468
0.500       80.424772      0.21419361       5644.7704
0.500       82.435391      0.20718101       5879.7831
0.500       84.446011      0.19875252       6063.4572
0.500       86.456630      0.19628575       6426.1955
0.500       88.467249      0.18608772       6527.3295
0.500       90.477868      0.18782920       7047.9115
0.500       92.488488      0.17810384       7138.4936
0.500       94.499107      0.17615529       7530.9377
0.500       96.509726      0.16699940       7604.9863
0.500       98.520346      0.16370181       7930.5172
0.500       100.53096      0.15977693       8224.0149
0.500       102.54158      0.15688831       8569.6073
0.500       104.55220      0.15131392       8760.8998
0.500       106.56282      0.14558413       8924.8604
0.500       108.57344      0.14358267       9309.8592
0.500       110.58406      0.13956177       9561.2424
0.500       112.59468      0.13627162       9854.3801
0.500       114.60530      0.13374036       10198.748
0.500       116.61592      0.13035816       10473.263
0.500       118.62654      0.12725012       10761.530
0.500       120.63716      0.12430843       11056.410
0.500       122.64778      0.12132472       11339.623
0.500       124.65840      0.12037139       11812.944
0.500       126.66902      0.11660181       12005.679
0.500       128.67964      0.11330411       12230.533
0.500       132.70087      0.10859919       12856.365
0.500       136.72211      0.10276311       13305.272
0.500       140.74335     0.099930100       14114.004
0.500       144.76459     0.096118216       14772.806
0.500       148.78583     0.092190667       15383.031
0.500       152.80707     0.087882844       15885.639
0.500       156.82831     0.086845673       16970.389
0.500       160.84954     0.081497557       17182.025
0.500       164.87078     0.082056360       18630.032
0.500       168.89202     0.076357346       18635.819
0.500       172.91326     0.072691983       19038.892
0.500       176.93450     0.069535107       19512.456
0.500       180.95574     0.068134075       20452.749
0.500       184.97698     0.065666800       21055.673
0.500       188.99821     0.063539099       21731.235
0.500       193.01945     0.061821856       22522.445
0.500       197.04069     0.061547808       23853.418
0.500       201.06193     0.058295099       24004.455
0.500       205.08317     0.056024512       24481.521
0.500       209.10441     0.054147858       25080.783
0.500       213.12565     0.052607773       25800.452
0.500       217.14688     0.050649679       26272.885
0.500       221.16812     0.050142721       27481.836
0.500       225.18936     0.048150736       27855.874
0.500       229.21060     0.046031109       28081.855
0.500       233.23184     0.044716469       28740.960
0.500       237.25308     0.044908096       30382.987
0.500       241.27432     0.041608730       29606.563
0.500       245.29555     0.041029195       30678.371
0.500       249.31679     0.039467155       30985.655
0.500       253.33803     0.038900423       32042.453
0.500       257.35927     0.038199650       32987.476
0.500       265.40175     0.036773139       34826.698
0.500       273.44422     0.034182963       35406.763
0.500       281.48670     0.031610991       35717.579
0.500       289.52918     0.029922503       36791.305
0.500       297.57166     0.028582062       38153.862
0.500       305.61413     0.027369940       39578.963
0.500       313.65661     0.025705245       40184.201
0.500       321.69909     0.024717559       41689.369
0.500       329.74156     0.022378520       40646.459
0.500       337.78404     0.022482725       43897.176
0.500       345.82652     0.020695746       43363.689
0.500       353.86900     0.019500829       43777.492
0.500       361.91147     0.017993955       43211.957
0.500       369.95395     0.015506725       39777.122
0.500       377.99643     0.016324306       44665.074
0.500       386.03891     0.016455629       47959.868
0.500       394.08138     0.016120606       49981.509
0.500       402.12386     0.014723787       48503.080
0.500       410.16634     0.013145878       45955.754
0.500       418.20881     0.012769966       47319.436
0.500       426.25129     0.011607830       45542.662
0.500       434.29377     0.011295588       46873.771
0.500       442.33625     0.010547410       46245.946
0.500       450.37872     0.010337664       47843.867
0.500       458.42120     0.010217408       49866.063
0.500       466.46368    0.0095417811       49062.899
0.500       474.50615    0.0096200749       52068.403
0.500       482.54863    0.0088797759       50547.017
0.500       490.59111    0.0083339269       49851.584
0.500       498.63359    0.0082734296       51963.742
0.500       506.67606    0.0080749318       53210.861
0.500       514.71854    0.0072284650       49937.383
0.375     0.015707963       6256.2877    0.0012284192
0.375     0.031415927       16149.575     0.025367693
0.375     0.047123890       8433.8508     0.044711534
0.375     0.062831853       6935.4016     0.087152826
0.375     0.078539816       5278.2751      0.12954836
0.375     0.094247780       4297.7306      0.18227320
0.375      0.10995574       3502.1149      0.23586006
0.375      0.12566371       2915.0941      0.29305722
0.375      0.14137167       2305.7145      0.33003725
0.375      0.15707963       2129.2136      0.41807011
0.375      0.17278760       1886.3880      0.49299097
0.375      0.18849556       1613.7455      0.54753096
0.375      0.20420352       1492.5926      0.64387451
0.375      0.21991149       1363.3446      0.73454708
0.375      0.23561945       1213.0151      0.80384046
0.375      0.25132741       1140.2835      0.91707042
0.375      0.26703538       1009.8321      0.97414993
0.375      0.28274334       960.84062       1.1002687
0.375      0.29845130       880.01719       1.1851733
0.375      0.31415927       827.55909       1.2999268
0.375      0.32986723       774.13021       1.4076730
0.375      0.34557519       709.27137       1.4828949
0.375      0.36128316       686.29482       1.6395479
0.375      0.37699112       652.87577       1.7721242
0.375      0.39269908       611.50027       1.8760593
0.375      0.40840704       583.10468       2.0123173
0.375      0.42411501       559.60354       2.1627267
0.375      0.43982297       531.70543       2.2917914
0.375      0.45553093       497.22189       2.3810807
0.375      0.47123890       490.39944       2.5998220
0.375      0.48694686       460.24115       2.6921572
0.375      0.50265482       451.81794       2.9069884
0.375      0.51836279       433.66010       3.0599983
0.375      0.53407075       417.84572       3.2246501
0.375      0.54977871       401.97412       3.3840137
0.375      0.56548668       387.78284       3.5524337
0.375      0.58119464       387.34817       3.8524461
0.375      0.59690260       372.35994       4.0118402
0.375      0.61261057       367.09838       4.2756897
0.375      0.62831853       353.85272       4.4466445
0.375      0.64402649       342.76000       4.6384363
0.375      0.65973446       334.91392       4.8720412
0.375      0.67544242       328.28181       5.1248608
0.375      0.69115038       320.63919       5.3629596
0.375      0.70685835       312.12616       5.5846710
0.375      0.72256631       301.73676       5.7667564
0.375      0.73827427       290.70867       5.9262702
0.375      0.75398224       287.56435       6.2443702
0.375      0.76969020       280.88932       6.4886352
0.375      0.78539816       280.46077       6.8835430
0.375      0.80110613       271.96404       7.0835653
0.375      0.81681409       263.53200       7.2756748
0.375      0.83252205       259.18174       7.5763828
0.375      0.84823002       257.83682       7.9717948
0.375      0.86393798       249.92703       8.1645299
0.375      0.87964594       243.52796       8.3973604
0.375      0.89535391       237.65205       8.6416371
0.375      0.91106187       236.18506       9.0482855
0.375      0.92676983       232.79733       9.3878018
0.375      0.94247780       227.64846       9.6549129
0.375      0.95818576       224.98778       10.027169
0.375      0.97389372       220.92852       10.338481
0.375      0.98960169       217.25877       10.666670
0.375       1.0053096       214.55273       11.043427
0.375       1.0367256       204.77375       11.559418
0.375       1.0681415       199.59594       12.322770
0.375       1.0995574       193.59435       13.038172
0.375       1.1309734       192.12386       14.080196
0.375       1.1623893       186.66098       14.851783
0.375       1.1938052       177.54970       15.303494
0.375       1.2252211       173.28972       16.146801
0.375       1.2566371       167.93374       16.882541
0.375       1.2880530       165.64943       17.933349
0.375       1.3194689       159.33484       18.542935
0.375       1.3508848       157.44817       19.663592
0.375       1.3823008       153.84163       20.585043
0.375       1.4137167       150.01013       21.472273
0.375       1.4451326       145.07625       22.181438
0.375       1.4765485       140.19287       22.863324
0.375       1.5079645       136.89420       23.780919
0.375       1.5393804       134.44852       24.846438
0.375       1.5707963       133.33287       26.179847
0.375       1.6022123       129.14225       26.909075
0.375       1.6336282       123.67466       27.315592
0.375       1.6650441       122.94965       28.752446
0.375       1.6964600       119.17818       29.477992
0.375       1.7278760       115.92707       30.296525
0.375       1.7592919       113.47631       31.303232
0.375       1.7907078       112.11862       32.615361
0.375       1.8221237       107.90453       33.070710
0.375       1.8535397       106.88514       34.482064
0.375       1.8849556       104.57869       35.482712
0.375       1.9163715       102.69432       36.614728
0.375       1.9477874       99.500687       37.249549
0.375       1.9792034       98.394397       38.646654
0.375       2.0106193       95.612519       39.370829
0.375       2.0734512       91.993571       41.544081
0.375       2.1362830       87.952340       43.440420
0.375       2.1991149       85.255740       45.934356
0.375       2.2619467       80.860048       47.407970
0.375       2.3247786       78.481496       49.955385
0.375       2.3876104       75.798802       52.266449
0.375       2.4504423       71.267095       53.124241
0.375       2.5132741       70.263842       56.509534
0.375       2.5761060       67.724032       58.654892
0.375       2.6389378       64.399377       59.956932
0.375       2.7017697       62.588024       62.532597
0.375       2.7646015       59.391487       63.575838
0.375       2.8274334       58.358986       66.827489
0.375       2.8902652       56.638459       69.277911
0.375       2.9530971       53.911486       70.337146
0.375       3.0159289       51.748355       71.916762
0.375       3.0787608       52.120111       77.055463
0.375       3.1415927       49.271606       77.395657
0.375       3.2044245       48.500082       80.846806
0.375       3.2672564       46.589044       82.319684
0.375       3.3300882       44.744772       83.710468
0.375       3.3929201       43.682602       86.436992
0.375       3.4557519       42.315877       88.471069
0.375       3.5185838       40.540961       89.468052
0.375       3.5814156       39.362757       91.605160
0.375       3.6442475       38.616159       94.681017
0.375       3.7070793       37.099274       95.748352
0.375       3.7699112       36.235561       98.355490
0.375       3.8327430       35.210285       100.43126
0.375       3.8955749       34.200963       102.42908
0.375       3.9584067       33.277616       104.56437
0.375       4.0212386       32.588409       107.35269
0.375       4.1469023       30.669204       110.80113
0.375       4.2725660       29.190683       115.34024
0.375       4.3982297       27.561759       118.79849
0.375       4.5238934       26.533608       124.45251
0.375       4.6495571       24.639184       125.46753
0.375       4.7752208       23.945304       132.09032
0.375       4.9008845       22.883019       136.46051
0.375       5.0265482       22.187426       142.75349
0.375       5.1522120       20.664743       143.17969
0.375       5.2778757       20.096582       149.68212
0.375       5.4035394       19.434353       155.33714
0.375       5.5292031       18.716936       160.28491
0.375       5.6548668       17.752833       162.63164
0.375       5.7805305       16.855741       164.93818
0.375       5.9061942       16.581323       173.06634
0.375       6.0318579       15.770247       175.33235
0.375       6.1575216       15.220805       180.02205
0.375       6.2831853       14.807571       186.07743
0.375       6.4088490       14.262018       190.19161
0.375       6.5345127       13.622804       192.56457
0.375       6.6601764       13.073200       195.66330
0.375       6.7858401       12.626720       199.88108
0.375       6.9115038       12.279995       205.39322
0.375       7.0371675       12.032402       212.43020
0.375       7.1628313       11.629925       216.52165
0.375       7.2884950       11.186477       219.42049
0.375       7.4141587       10.745224       221.85609
0.375       7.5398224       10.618177       230.57041
0.375       7.6654861       10.269443       234.33451
0.375       7.7911498       9.8550814       236.12128
0.375       7.9168135       9.6112275       241.60191
0.375       8.0424772       9.3850845       247.33066
0.375       8.2938046       8.9226997       257.88610
0.375       8.5451320       8.3604794       264.27603
0.375       8.7964594       7.9777295       275.08903
0.375       9.0477868       7.5793927       284.40141
0.375       9.2991143       7.2132271       293.84927
0.375       9.5504417       6.8090004       300.48582
0.375       9.8017691       6.4930326       309.76421
0.375       10.053096       6.2979104       324.16513
0.375       10.304424       6.0255511       333.99363
0.375       10.555751       5.8265672       347.17662
0.375       10.807079       5.5625041       355.68500
0.375       11.058406       5.3075835       363.61744
0.375       11.309734       5.0945720       373.36627
0.375       11.561061       4.8777926       381.84461
0.375       11.812388       4.7030805       392.70445
0.375       12.063716       4.5364086       403.48344
0.375       12.315043       4.3780768       414.24898
0.375       12.566371       4.1526097       417.46586
0.375       12.817698       4.0716009       434.37575
0.375       13.069025       3.8976561       440.76123
0.375       13.320353       3.8145075       456.72620
0.375       13.571680       3.6518958       462.47632
0.375       13.823008       3.5347464       472.97280
0.375       14.074335       3.4336154       484.95960
0.375       14.325663       3.3456184       498.29990
0.375       14.576990       3.2297875       506.81303
0.375       14.828317       3.1699298       523.59504
0.375       15.079645       3.0675817       532.89264
0.375       15.330972       2.9785320       543.72789
0.375       15.582300       2.9162554       558.97253
0.375       15.833627       2.8708919       577.33558
0.375       16.084954       2.7230005       574.08670
0.375       16.587609       2.6454853       611.68383
0.375       17.090264       2.4986901       631.87179
0.375       17.592919       2.4133418       665.73715
0.375       18.095574       2.2452541       673.98902
0.375       18.598229       2.1241966       692.27669
0.375       19.100883       2.0366883       719.04353
0.375       19.603538       1.9471452       743.14229
0.375       20.106193       1.9046801       784.29932
0.375       20.608848       1.8076198       801.56451
0.375       21.111503       1.7438737       831.27117
0.375       21.614157       1.7005643       869.91789
0.375       22.116812       1.6329763       894.98910
0.375       22.619467       1.5696787       920.29729
0.375       23.122122       1.5044249       942.15821
0.375       23.624777       1.4457025       965.72249
0.375       24.127432       1.4099821       1003.2684
0.375       24.630086       1.3350634       1010.5782
0.375       25.132741       1.3030795       1047.9987
0.375       25.635396       1.2714638       1085.1614
0.375       26.138051       1.2341234       1116.4736
0.375       26.640706       1.1961619       1145.7699
0.375       27.143361       1.1550578       1170.2128
0.375       27.646015       1.1281235       1207.6040
0.375       28.148670       1.1206751       1266.2621
0.375       28.651325       1.0761071       1282.2121
0.375       29.153980       1.0457667       1312.8002
0.375       29.656635       1.0166685       1343.4306
0.375       30.159289      0.98689130       1371.5224
0.375       30.661944      0.94512896       1380.2584
0.375       31.164599      0.94398891       1447.5107
0.375       31.667254      0.92990206       1496.0244
0.375       32.169909      0.89339883       1506.8330
0.375       33.175218      0.86909328       1607.6001
0.375       34.180528      0.82818581       1675.4611
0.375       35.185838      0.78290099       1727.7495
0.375       36.191147      0.74253504       1783.1762
0.375       37.196457      0.72168051       1881.5682
0.375       38.201767      0.70331152       1986.4074
0.375       39.207076      0.66923667       2043.3528
0.375       40.212386      0.64709380       2131.6555
0.375       41.217696      0.62605487       2220.9244
0.375       42.223005      0.60615967       2311.5576
0.375       43.228315      0.58569401       2396.8782
0.375       44.233625      0.56578029       2480.7080
0.375       45.238934      0.54563448       2559.2291
0.375       46.244244      0.53367678       2673.7550
0.375       47.249554      0.51281787       2740.4794
0.375       48.254863      0.50077697       2850.6104
0.375       49.260173      0.47937825       2902.9288
0.375       50.265482      0.47466382       3053.9783
0.375       51.270792      0.46057258       3144.6942
0.375       52.276102      0.44878056       3247.9840
0.375       53.281411      0.43632979       3343.5843
0.375       54.286721      0.43025378       3487.1914
0.375       55.292031      0.41489629       3553.0182
0.375       56.297340      0.40285801       3641.5468
0.375       57.302650      0.40059293       3818.5427
0.375       58.307960      0.38735901       3890.1600
0.375       59.313269      0.38206075       4038.8551
0.375       60.318579      0.37101719       4124.9396
0.375       61.323889      0.35956722       4200.8716
0.375       62.329198      0.36095461       4427.8966
0.375       63.334508      0.34795563       4478.3222
0.375       64.339818      0.34022083       4590.6125
0.375       66.350437      0.32093430       4749.1705
0.375       68.361056      0.31499482       5098.0015
0.375       70.371675      0.30464149       5378.3985
0.375       72.382295      0.29097711       5590.1843
0.375       74.392914      0.27824270       5803.4834
0.375       76.403533      0.26704687       6033.8996
0.375       78.414153      0.26050723       6363.1681
0.375       80.424772      0.25112997       6618.1762
0.375       82.435391      0.24384629       6920.3413
0.375       84.446011      0.23716844       7235.4336
0.375       86.456630      0.23313815       7632.7057
0.375       88.467249      0.22247889       7803.8091
0.375       90.477868      0.22150475       8311.5186
0.375       92.488488      0.21532978       8630.5285
0.375       94.499107      0.20734836       8864.4946
0.375       96.509726      0.19850186       9039.5765
0.375       98.520346      0.19652142       9520.4600
0.375       100.53096      0.18961067       9759.6128
0.375       102.54158      0.18391102       10045.651
0.375       104.55220      0.18055149       10453.721
0.375       106.56282      0.17178583       10531.124
0.375       108.57344      0.16952196       10991.755
0.375       110.58406      0.16687523       11432.462
0.375       112.59468      0.16231911       11737.985
0.375       114.60530      0.15989803       12193.475
0.375       116.61592      0.15459274       12420.322
0.375       118.62654      0.15171828       12830.800
0.375       120.63716      0.14764128       13131.712
0.375       122.64778      0.14321406       13385.511
0.375       124.65840      0.14148412       13884.894
0.375       126.66902      0.13905489       14317.517
0.375       128.67964      0.13728990       14819.662
0.375       132.70087      0.13137858       15553.071
0.375       136.72211      0.12735344       16489.110
0.375       140.74335      0.12121560       17120.342
0.375       144.76459      0.11545950       17745.448
0.375       148.78583      0.11178015       18651.753
0.375       152.80707      0.10560958       19089.910
0.375       156.82831      0.10494814       20507.765
0.375       160.84954      0.10211122       21527.977
0.375       164.87078     0.093189682       21157.736
0.375       168.89202     0.091642577       22366.341
0.375       172.91326     0.091089892       23857.522
0.375       176.93450     0.086336621       24227.180
0.375       180.95574     0.084481362       25359.941
0.375       184.97698     0.078889304       25295.392
0.375       188.99821     0.078248611       26762.088
0.375       193.01945     0.076641601       27921.456
0.375       197.04069     0.072000566       27904.480
0.375       201.06193     0.071251232       29339.464
0.375       205.08317     0.068018825       29722.781
0.375       209.10441     0.068215823       31596.934
0.375       213.12565     0.065663559       32203.406
0.375       217.14688     0.062927143       32641.423
0.375       221.16812     0.059982092       32874.523
0.375       225.18936     0.058727315       33974.573
0.375       229.21060     0.056706638       34594.595
0.375       233.23184     0.055650183       35768.470
0.375       237.25308     0.054367082       36782.551
0.375       241.27432     0.052404627       37288.351
0.375       245.29555     0.049980748       37371.630
0.375       249.31679     0.049424440       38803.117
0.375       253.33803     0.048765005       40167.954
0.375       257.35927     0.046324946       40004.112
0.375       265.40175     0.042890667       40620.418
0.375       273.44422     0.041840625       43338.581
0.375       281.48670     0.038868586       43918.010
0.375       289.52918     0.036413212       44771.977
0.375       297.57166     0.033944492       45312.107
0.375       305.61413     0.032262384       46653.799
0.375       313.65661     0.032106762       50191.492
0.375       321.69909     0.029340764       49487.004
0.375       329.74156     0.028903848       52498.515
0.375       337.78404     0.027425493       53547.857
0.375       345.82652     0.025689281       53826.618
0.375       353.86900     0.024904158       55907.447
0.375       361.91147     0.022836464       54841.103
0.375       369.95395     0.022298516       57199.105
0.375       377.99643     0.020626619       56436.670
0.375       386.03891     0.020080489       58524.508
0.375       394.08138     0.018100356       56119.674
0.375       402.12386     0.018334390       60397.123
0.375       410.16634     0.017036922       59558.183
0.375       418.20881     0.016502681       61151.106
0.375       426.25129     0.015640144       61363.220
0.375       434.29377     0.014671916       60884.659
0.375       442.33625     0.014069137       61687.234
0.375       450.37872     0.013879988       64238.138
0.375       458.42120     0.012612058       61553.154
0.375       466.46368     0.012451706       64025.447
0.375       474.50615     0.012363522       66917.238
0.375       482.54863     0.011056818       62939.560
0.375       490.59111     0.011669560       69804.554
0.375       498.63359     0.010262201       64454.811
0.375       506.67606    0.0099806716       65768.992
0.375       514.71854    0.0087109452       60179.001
0.250     0.015707963       7127.2376    0.0013994298
0.250     0.031415927       18403.978     0.028908901
0.250     0.047123890       9592.9145     0.050856237
0.250     0.062831853       7910.6112     0.099407672
0.250     0.078539816       6026.0951      0.14790263
0.250     0.094247780       4901.7703      0.20789143
0.250      0.10995574       3999.4725      0.26935604
0.250      0.12566371       3317.3888      0.33350030
0.250      0.14137167       2647.9561      0.37902530
0.250      0.15707963       2451.7173      0.48139356
0.250      0.17278760       2178.3593      0.56929511
0.250      0.18849556       1855.7234      0.62963212
0.250      0.20420352       1728.9040      0.74581450
0.250      0.21991149       1575.1266      0.84865168
0.250      0.23561945       1409.3764      0.93396516
0.250      0.25132741       1325.9793       1.0664158
0.250      0.26703538       1180.0953       1.1383969
0.250      0.28274334       1122.9129       1.2858594
0.250      0.29845130       1035.7359       1.3948893
0.250      0.31415927       974.65997       1.5309923
0.250      0.32986723       913.61190       1.6613056
0.250      0.34557519       845.30533       1.7673051
0.250      0.36128316       814.29243       1.9453323
0.250      0.37699112       776.83071       2.1085796
0.250      0.39269908       731.67641       2.2447551
0.250      0.40840704       696.26965       2.4028541
0.250      0.42411501       672.21746       2.5979511
0.250      0.43982297       642.60052       2.7697786
0.250      0.45553093       597.61731       2.8618512
0.250      0.47123890       592.83319       3.1428682
0.250      0.48694686       555.14141       3.2472715
0.250      0.50265482       547.24606       3.5209712
0.250      0.51836279       526.80728       3.7172646
0.250      0.53407075       506.95170       3.9123097
0.250      0.54977871       484.49977       4.0787548
0.250      0.56548668       470.24652       4.3078739
0.250      0.58119464       471.81198       4.6924972
0.250      0.59690260       452.47715       4.8750305
0.250      0.61261057       447.99689       5.2179356
0.250      0.62831853       433.08269       5.4422775
0.250      0.64402649       418.94151       5.6693707
0.250      0.65973446       412.27726       5.9974569
0.250      0.67544242       402.97863       6.2909651
0.250      0.69115038       393.35050       6.5791173
0.250      0.70685835       383.52699       6.8621999
0.250      0.72256631       370.45117       7.0800178
0.250      0.73827427       357.86539       7.2953001
0.250      0.75398224       354.35167       7.6946360
0.250      0.76969020       344.94655       7.9683782
0.250      0.78539816       344.00637       8.4431867
0.250      0.80110613       335.22521       8.7312633
0.250      0.81681409       326.26737       9.0076926
0.250      0.83252205       321.38405       9.3946763
0.250      0.84823002       318.35220       9.8428083
0.250      0.86393798       308.94107       10.092380
0.250      0.87964594       300.11787       10.348701
0.250      0.89535391       295.23770       10.735599
0.250      0.91106187       292.81247       11.217690
0.250      0.92676983       287.96082       11.612329
0.250      0.94247780       281.91328       11.956365
0.250      0.95818576       277.21676       12.354890
0.250      0.97389372       273.48338       12.797817
0.250      0.98960169       268.04932       13.160314
0.250       1.0053096       264.72738       13.626009
0.250       1.0367256       254.30200       14.355274
0.250       1.0681415       247.86261       15.302685
0.250       1.0995574       242.83493       16.354421
0.250       1.1309734       236.79876       17.354288
0.250       1.1623893       230.62744       18.349999
0.250       1.1938052       219.60427       18.928293
0.250       1.2252211       214.63156       19.998954
0.250       1.2566371       208.64214       20.974996
0.250       1.2880530       204.13297       22.099610
0.250       1.3194689       197.67178       23.004480
0.250       1.3508848       195.86966       24.462025
0.250       1.3823008       190.29120       25.462240
0.250       1.4137167       186.13913       26.643735
0.250       1.4451326       179.52840       27.449001
0.250       1.4765485       175.00430       28.540540
0.250       1.5079645       169.27365       29.405796
0.250       1.5393804       165.62294       30.607553
0.250       1.5707963       164.04688       32.210529
0.250       1.6022123       158.71180       33.070413
0.250       1.6336282       153.69663       33.946442
0.250       1.6650441       151.80387       35.500162
0.250       1.6964600       147.69745       36.532058
0.250       1.7278760       142.03506       37.119618
0.250       1.7592919       140.74857       38.826473
0.250       1.7907078       139.13243       40.473691
0.250       1.8221237       133.13475       40.803300
0.250       1.8535397       132.67846       42.803209
0.250       1.8849556       129.05190       43.786277
0.250       1.9163715       126.05302       44.943059
0.250       1.9477874       122.42947       45.833277
0.250       1.9792034       120.07238       47.161177
0.250       2.0106193       118.13468       48.644890
0.250       2.0734512       114.25443       51.597031
0.250       2.1362830       108.97878       53.825559
0.250       2.1991149       103.20113       55.603031
0.250       2.2619467       98.678427       57.854825
0.250       2.3247786       96.014936       61.115847
0.250       2.3876104       91.171968       62.866891
0.250       2.4504423       87.932099       65.546744
0.250       2.5132741       85.033555       68.388042
0.250       2.5761060       82.456300       71.414315
0.250       2.6389378       78.721989       73.291531
0.250       2.7017697       75.058165       74.991695
0.250       2.7646015       73.711005       78.904219
0.250       2.8274334       69.452406       79.530681
0.250       2.8902652       69.006267       84.405723
0.250       2.9530971       66.389405       86.616816
0.250       3.0159289       63.213763       87.850699
0.250       3.0787608       61.889455       91.498666
0.250       3.1415927       59.663034       93.718475
0.250       3.2044245       57.579954       95.982422
0.250       3.2672564       56.088586       99.104731
0.250       3.3300882       54.201331       101.40221
0.250       3.3929201       52.958524       104.79173
0.250       3.4557519       50.360334       105.28986
0.250       3.5185838       49.336753       108.87910
0.250       3.5814156       48.221314       112.22083
0.250       3.6442475       46.960900       115.14107
0.250       3.7070793       45.320070       116.96515
0.250       3.7699112       44.421724       120.57549
0.250       3.8327430       42.826197       122.15433
0.250       3.8955749       41.245708       123.52751
0.250       3.9584067       40.543369       127.39470
0.250       4.0212386       39.776926       131.03310
0.250       4.1469023       37.878154       136.84549
0.250       4.2725660       35.519162       140.34577
0.250       4.3982297       32.780578       141.29298
0.250       4.5238934       31.853913       149.40672
0.250       4.6495571       30.069438       153.11944
0.250       4.7752208       28.669132       158.14854
0.250       4.9008845       27.544409       164.25822
0.250       5.0265482       26.434511       170.07916
0.250       5.1522120       25.132009       174.13202
0.250       5.2778757       24.428335       181.94562
0.250       5.4035394       23.355217       186.67628
0.250       5.5292031       22.548485       193.09688
0.250       5.6548668       21.599517       197.87067
0.250       5.7805305       20.660113       202.16503
0.250       5.9061942       20.155986       210.37662
0.250       6.0318579       18.971970       210.92885
0.250       6.1575216       18.268535       216.06867
0.250       6.2831853       17.656599       221.87936
0.250       6.4088490       17.199309       229.36195
0.250       6.5345127       16.654837       235.42375
0.250       6.6601764       15.792291       236.35925
0.250       6.7858401       15.354348       243.05944
0.250       6.9115038       14.829535       248.03642
0.250       7.0371675       14.580698       257.41998
0.250       7.1628313       13.987574       260.41548
0.250       7.2884950       13.610351       266.96429
0.250       7.4141587       13.118274       270.85234
0.250       7.5398224       12.759364       277.06561
0.250       7.6654861       12.244621       279.40534
0.250       7.7911498       12.021693       288.03188
0.250       7.9168135       11.673706       293.44740
0.250       8.0424772       11.335189       298.72291
0.250       8.2938046       10.583078       305.87478
0.250       8.5451320       9.9853729       315.63916
0.250       8.7964594       9.4816673       326.94800
0.250       9.0477868       9.2253019       346.16083
0.250       9.2991143       8.7080904       354.74635
0.250       9.5504417       8.2738839       365.13213
0.250       9.8017691       7.8732421       375.61010
0.250       10.053096       7.5620896       389.23477
0.250       10.304424       7.1345265       395.46365
0.250       10.555751       6.9371747       413.35228
0.250       10.807079       6.4889107       414.92251
0.250       11.058406       6.4160584       439.55798
0.250       11.309734       6.0452228       443.03668
0.250       11.561061       5.8740610       459.83475
0.250       11.812388       5.6644465       472.97795
0.250       12.063716       5.4621644       485.82327
0.250       12.315043       5.2427698       496.06532
0.250       12.566371       5.0703543       509.72761
0.250       12.817698       4.8956915       522.29324
0.250       13.069025       4.7263402       534.47187
0.250       13.320353       4.5849062       548.96910
0.250       13.571680       4.4197555       559.71812
0.250       13.823008       4.2048658       562.63927
0.250       14.074335       4.1492617       586.03661
0.250       14.325663       4.0169596       598.29017
0.250       14.576990       3.9440096       618.88761
0.250       14.828317       3.7934714       626.58889
0.250       15.079645       3.6883153       640.72494
0.250       15.330972       3.6128145       659.51550
0.250       15.582300       3.5008371       671.02208
0.250       15.833627       3.3734719       678.40429
0.250       16.084954       3.2924847       694.15032
0.250       16.587609       3.1877660       737.06890
0.250       17.090264       2.9296509       740.85368
0.250       17.592919       2.8235896       778.90687
0.250       18.095574       2.6569736       797.58056
0.250       18.598229       2.5962121       846.10676
0.250       19.100883       2.4262107       856.56263
0.250       19.603538       2.3334205       890.56712
0.250       20.106193       2.2283450       917.57638
0.250       20.608848       2.1707984       962.61115
0.250       21.111503       2.1103927       1005.9838
0.250       21.614157       1.9676207       1006.5296
0.250       22.116812       1.8958163       1039.0444
0.250       22.619467       1.8549424       1087.5464
0.250       23.122122       1.7895436       1120.7161
0.250       23.624777       1.7300266       1155.6496
0.250       24.127432       1.6637543       1183.8392
0.250       24.630086       1.6309324       1234.5368
0.250       25.132741       1.5571732       1252.3530
0.250       25.635396       1.5266497       1302.9560
0.250       26.138051       1.4777855       1336.9072
0.250       26.640706       1.4376737       1377.1072
0.250       27.143361       1.3786835       1396.7725
0.250       27.646015       1.3458183       1440.6362
0.250       28.148670       1.3087634       1478.7850
0.250       28.651325       1.2885135       1535.3004
0.250       29.153980       1.2455038       1563.5395
0.250       29.656635       1.2033860       1590.1600
0.250       30.159289       1.1818641       1642.4838
0.250       30.661944       1.1597238       1693.6508
0.250       31.164599       1.1209928       1718.9282
0.250       31.667254       1.0810755       1739.2319
0.250       32.169909       1.0757867       1814.4539
0.250       33.175218       1.0099390       1868.1286
0.250       34.180528      0.96244049       1947.0650
0.250       35.185838      0.95071440       2098.0895
0.250       36.191147      0.87406145       2099.0331
0.250       37.196457      0.86057973       2243.7068
0.250       38.201767      0.85689384       2420.1797
0.250       39.207076      0.79031425       2413.0340
0.250       40.212386      0.76829696       2530.9228
0.250       41.217696      0.74092168       2628.4135
0.250       42.223005      0.72110166       2749.8828
0.250       43.228315      0.68640437       2809.0225
0.250       44.233625      0.67510216       2960.0384
0.250       45.238934      0.65282307       3061.9835
0.250       46.244244      0.63682890       3190.5538
0.250       47.249554      0.61795353       3302.3204
0.250       48.254863      0.59969855       3413.7092
0.250       49.260173      0.58588822       3547.9118
0.250       50.265482      0.56627087       3643.3765
0.250       51.270792      0.54848500       3744.9420
0.250       52.276102      0.52948511       3832.0714
0.250       53.281411      0.52328991       4009.9576
0.250       54.286721      0.51038991       4136.6919
0.250       55.292031      0.49372299       4228.0608
0.250       56.297340      0.48387286       4373.8628
0.250       57.302650      0.47898609       4565.8042
0.250       58.307960      0.46111053       4630.8299
0.250       59.313269      0.44887701       4745.1857
0.250       60.318579      0.44323427       4927.8434
0.250       61.323889      0.42809049       5001.4380
0.250       62.329198      0.42248643       5182.7188
0.250       63.334508      0.41058571       5284.3953
0.250       64.339818      0.40298053       5437.4315
0.250       66.350437      0.38621310       5715.1630
0.250       68.361056      0.37418693       6055.9903
0.250       70.371675      0.35454518       6259.4405
0.250       72.382295      0.34955905       6715.6468
0.250       74.392914      0.33570946       7002.1038
0.250       76.403533      0.32016172       7234.0247
0.250       78.414153      0.31472757       7687.5580
0.250       80.424772      0.30443727       8023.0148
0.250       82.435391      0.29288387       8312.0246
0.250       84.446011      0.28791331       8783.5367
0.250       86.456630      0.27782759       9095.7924
0.250       88.467249      0.26658714       9350.9777
0.250       90.477868      0.25991566       9752.8105
0.250       92.488488      0.24972562       10009.132
0.250       94.499107      0.24440647       10448.792
0.250       96.509726      0.23867217       10868.892
0.250       98.520346      0.23911135       11583.725
0.250       100.53096      0.23003015       11840.079
0.250       102.54158      0.21915444       11970.729
0.250       104.55220      0.21621602       12518.656
0.250       106.56282      0.21004790       12876.735
0.250       108.57344      0.20204433       13100.496
0.250       110.58406      0.19995477       13698.709
0.250       112.59468      0.19472057       14081.071
0.250       114.60530      0.18928992       14434.836
0.250       116.61592      0.18665292       14996.108
0.250       118.62654      0.18110442       15315.984
0.250       120.63716      0.17705448       15747.821
0.250       122.64778      0.17424859       16286.156
0.250       124.65840      0.17060924       16743.159
0.250       126.66902      0.16756662       17253.172
0.250       128.67964      0.16733914       18063.307
0.250       132.70087      0.15651806       18529.174
0.250       136.72211      0.15071535       19513.897
0.250       140.74335      0.14539257       20535.068
0.250       144.76459      0.13971601       21473.530
0.250       148.78583      0.13713996       22883.317
0.250       152.80707      0.12938160       23386.923
0.250       156.82831      0.12297510       24030.388
0.250       160.84954      0.11682767       24630.628
0.250       164.87078      0.11668047       26491.072
0.250       168.89202      0.11194116       27320.425
0.250       172.91326      0.10603460       27771.718
0.250       176.93450      0.10393888       29166.604
0.250       180.95574      0.10186187       30577.287
0.250       184.97698     0.097036026       31114.031
0.250       188.99821     0.092149223       31516.286
0.250       193.01945     0.091787663       33439.349
0.250       197.04069     0.089046742       34510.882
0.250       201.06193     0.086885680       35777.336
0.250       205.08317     0.082287479       35957.879
0.250       209.10441     0.081846134       37910.367
0.250       213.12565     0.079123997       38804.815
0.250       217.14688     0.075507116       39166.877
0.250       221.16812     0.073423629       40241.457
0.250       225.18936     0.072871788       42157.349
0.250       229.21060     0.072741563       44376.902
0.250       233.23184     0.067380394       43307.919
0.250       237.25308     0.065570139       44362.083
0.250       241.27432     0.064582308       45953.341
0.250       245.29555     0.061514857       45995.920
0.250       249.31679     0.060893482       47807.459
0.250       253.33803     0.058913599       48527.396
0.250       257.35927     0.057246998       49435.898
0.250       265.40175     0.053210464       50393.978
0.250       273.44422     0.051787736       53641.813
0.250       281.48670     0.048380607       54665.738
0.250       289.52918     0.046741289       57470.895
0.250       297.57166     0.044111633       58884.105
0.250       305.61413     0.041048114       59358.617
0.250       313.65661     0.038174291       59676.668
0.250       321.69909     0.037015314       62431.129
0.250       329.74156     0.034823748       63250.921
0.250       337.78404     0.033871638       66133.855
0.250       345.82652     0.033420259       70025.296
0.250       353.86900     0.032346458       72614.698
0.250       361.91147     0.027968375       67165.236
0.250       369.95395     0.028635969       73455.640
0.250       377.99643     0.026927785       73677.347
0.250       386.03891     0.026235147       76462.234
0.250       394.08138     0.023860599       73979.154
0.250       402.12386     0.022906283       75457.848
0.250       410.16634     0.021155297       73955.321
0.250       418.20881     0.021026470       77914.120
0.250       426.25129     0.019597718       76890.534
0.250       434.29377     0.019380045       80422.179
0.250       442.33625     0.018223303       79901.501
0.250       450.37872     0.017620318       81548.806
0.250       458.42120     0.015794840       77086.720
0.250       466.46368     0.015755054       81010.938
0.250       474.50615     0.014930323       80809.984
0.250       482.54863     0.014674914       83535.117
0.250       490.59111     0.013389997       80095.802
0.250       498.63359     0.013269680       83344.181
0.250       506.67606     0.012643855       83318.402
0.250       514.71854     0.012231501       84500.536
0.125     0.015707963       8131.2326    0.0015965638
0.125     0.031415927       21002.227     0.032990221
0.125     0.047123890       10925.509     0.057920905
0.125     0.062831853       9035.8481      0.11354782
0.125     0.078539816       6891.0356      0.16913146
0.125     0.094247780       5599.3346      0.23747618
0.125      0.10995574       4575.9790      0.30818254
0.125      0.12566371       3782.0640      0.38021454
0.125      0.14137167       3047.9741      0.43628340
0.125      0.15707963       2830.4693      0.55576134
0.125      0.17278760       2522.1550      0.65914312
0.125      0.18849556       2139.8325      0.72602805
0.125      0.20420352       2009.6140      0.86690715
0.125      0.21991149       1824.1833      0.98283920
0.125      0.23561945       1643.3713       1.0890288
0.125      0.25132741       1546.8114       1.2440195
0.125      0.26703538       1385.2968       1.3363477
0.125      0.28274334       1317.3568       1.5085192
0.125      0.29845130       1224.9451       1.6497089
0.125      0.31415927       1151.3735       1.8085733
0.125      0.32986723       1081.8821       1.9672870
0.125      0.34557519       1012.3562       2.1165634
0.125      0.36128316       970.62882       2.3188176
0.125      0.37699112       929.03055       2.5217011
0.125      0.39269908       878.79502       2.6961094
0.125      0.40840704       836.43340       2.8865647
0.125      0.42411501       811.51704       3.1363089
0.125      0.43982297       780.44799       3.3639377
0.125      0.45553093       724.11095       3.4676000
0.125      0.47123890       721.45203       3.8247329
0.125      0.48694686       674.21596       3.9437920
0.125      0.50265482       666.79848       4.2901692
0.125      0.51836279       644.06552       4.5446637
0.125      0.53407075       619.82482       4.7833879
0.125      0.54977871       589.00862       4.9585612
0.125      0.56548668       573.66818       5.2553077
0.125      0.58119464       577.74857       5.7461101
0.125      0.59690260       552.24797       5.9499704
0.125      0.61261057       549.08226       6.3953030
0.125      0.62831853       533.31545       6.7018396
0.125      0.64402649       515.35247       6.9740623
0.125      0.65973446       510.36437       7.4243443
0.125      0.67544242       498.02246       7.7747098
0.125      0.69115038       485.49324       8.1202818
0.125      0.70685835       472.99332       8.4629629
0.125      0.72256631       457.77514       8.7489431
0.125      0.73827427       444.06454       9.0525213
0.125      0.75398224       440.66610       9.5689270
0.125      0.76969020       426.95256       9.8627437
0.125      0.78539816       423.13756       10.385358
0.125      0.80110613       414.60843       10.798876
0.125      0.81681409       406.96455       11.235606
0.125      0.83252205       401.04358       11.723278
0.125      0.84823002       395.09034       12.215397
0.125      0.86393798       383.95381       12.542871
0.125      0.87964594       372.91418       12.858872
0.125      0.89535391       369.35293       13.430618
0.125      0.91106187       365.63359       14.007478
0.125      0.92676983       358.58493       14.460322
0.125      0.94247780       350.83638       14.879497
0.125      0.95818576       344.24456       15.342159
0.125      0.97389372       341.50961       15.981145
0.125      0.98960169       334.15390       16.405825
0.125       1.0053096       327.70545       16.867607
0.125       1.0367256       318.34848       17.970679
0.125       1.0681415       308.25223       19.031054
0.125       1.0995574       304.65470       20.517852
0.125       1.1309734       290.60563       21.297636
0.125       1.1623893       285.19347       22.691574
0.125       1.1938052       273.98997       23.615945
0.125       1.2252211       268.66275       25.033475
0.125       1.2566371       260.36106       26.174348
0.125       1.2880530       251.39957       27.216732
0.125       1.3194689       245.13003       28.527536
0.125       1.3508848       242.32133       30.263342
0.125       1.3823008       235.13512       31.462658
0.125       1.4137167       232.30346       33.251642
0.125       1.4451326       223.66802       34.197729
0.125       1.4765485       217.84292       35.526866
0.125       1.5079645       211.67135       36.771020
0.125       1.5393804       204.73044       37.834722
0.125       1.5707963       203.29827       39.917522
0.125       1.6022123       197.08434       41.066012
0.125       1.6336282       191.13284       42.214847
0.125       1.6650441       189.43789       44.301082
0.125       1.6964600       184.75059       45.696926
0.125       1.7278760       178.14564       46.556804
0.125       1.7592919       176.21100       48.609033
0.125       1.7907078       173.50296       50.472096
0.125       1.8221237       168.21030       51.553296
0.125       1.8535397       164.49991       53.069082
0.125       1.8849556       160.56011       54.476761
0.125       1.9163715       157.08152       56.005991
0.125       1.9477874       151.19876       56.603486
0.125       1.9792034       148.52711       58.337425
0.125       2.0106193       147.04133       60.547919
0.125       2.0734512       142.09888       64.171521
0.125       2.1362830       136.59695       67.466411
0.125       2.1991149       128.42073       69.190922
0.125       2.2619467       122.02045       71.540176
0.125       2.3247786       116.89782       74.408312
0.125       2.3876104       113.29866       78.124172
0.125       2.4504423       110.05705       82.039226
0.125       2.5132741       105.95198       85.211638
0.125       2.5761060       101.66729       88.052698
0.125       2.6389378       97.361728       90.645450
0.125       2.7017697       93.481075       93.398291
0.125       2.7646015       89.737036       96.059344
0.125       2.8274334       85.954049       98.426886
0.125       2.8902652       84.770400       103.68778
0.125       2.9530971       80.950535       105.61441
0.125       3.0159289       78.060083       108.48322
0.125       3.0787608       75.957342       112.29693
0.125       3.1415927       73.643712       115.67927
0.125       3.2044245       70.710092       117.86960
0.125       3.2672564       69.312189       122.46994
0.125       3.3300882       67.035712       125.41333
0.125       3.3929201       64.581620       127.79094
0.125       3.4557519       62.004907       129.63551
0.125       3.5185838       61.061549       134.75403
0.125       3.5814156       59.304197       138.01296
0.125       3.6442475       57.476982       140.92492
0.125       3.7070793       55.595226       143.48398
0.125       3.7699112       54.232475       147.20516
0.125       3.8327430       52.381854       149.41020
0.125       3.8955749       51.367465       153.84134
0.125       3.9584067       49.928039       156.88305
0.125       4.0212386       48.601285       160.10229
0.125       4.1469023       46.107879       166.57768
0.125       4.2725660       43.807820       173.09648
0.125       4.3982297       41.623852       179.40984
0.125       4.5238934       38.103067       178.71758
0.125       4.6495571       37.489666       190.90469
0.125       4.7752208       35.321523       194.84535
0.125       4.9008845       34.361635       204.91205
0.125       5.0265482       32.689755       210.32528
0.125       5.1522120       30.948892       214.43543
0.125       5.2778757       29.776160       221.77695
0.125       5.4035394       28.625750       228.80320
0.125       5.5292031       27.367176       234.36237
0.125       5.6548668       26.019843       238.36477
0.125       5.7805305       25.314678       247.71127
0.125       5.9061942       24.580834       256.56065
0.125       6.0318579       23.463868       260.86942
0.125       6.1575216       22.770510       269.31519
0.125       6.2831853       21.848993       274.56254
0.125       6.4088490       21.276976       283.73982
0.125       6.5345127       20.369740       287.93560
0.125       6.6601764       19.720943       295.15839
0.125       6.7858401       19.002048       300.80256
0.125       6.9115038       18.258844       305.39449
0.125       7.0371675       17.793840       314.14750
0.125       7.1628313       17.237958       320.92994
0.125       7.2884950       16.637627       326.34368
0.125       7.4141587       16.059190       331.57329
0.125       7.5398224       15.760712       342.23895
0.125       7.6654861       15.330379       349.81808
0.125       7.7911498       14.684216       351.82418
0.125       7.9168135       14.271892       358.75920
0.125       8.0424772       13.832226       364.52880
0.125       8.2938046       13.134241       379.60913
0.125       8.5451320       12.574722       397.48889
0.125       8.7964594       11.898823       410.29665
0.125       9.0477868       11.429238       428.85910
0.125       9.2991143       10.782957       439.27134
0.125       9.5504417       10.212424       450.68124
0.125       9.8017691       9.7007209       462.79395
0.125       10.053096       9.2303672       475.10411
0.125       10.304424       8.9871437       498.15340
0.125       10.555751       8.4884591       505.78573
0.125       10.807079       8.0730086       516.21500
0.125       11.058406       7.6972614       527.33197
0.125       11.309734       7.4924726       549.10139
0.125       11.561061       7.1335656       558.43161
0.125       11.812388       7.0290769       586.92378
0.125       12.063716       6.7226223       597.93264
0.125       12.315043       6.4139676       606.88282
0.125       12.566371       6.1880678       622.09243
0.125       12.817698       6.1037808       651.17737
0.125       13.069025       5.7542056       650.70665
0.125       13.320353       5.5994072       670.43935
0.125       13.571680       5.4492961       690.09920
0.125       13.823008       5.1829880       693.51860
0.125       14.074335       5.0238587       709.56361
0.125       14.325663       4.9824385       742.08961
0.125       14.576990       4.7895421       751.56719
0.125       14.828317       4.6651859       770.57485
0.125       15.079645       4.5093497       783.35300
0.125       15.330972       4.3440564       793.00293
0.125       15.582300       4.2623087       816.97696
0.125       15.833627       4.1537128       835.31051
0.125       16.084954       4.0331591       850.30575
0.125       16.587609       3.8335243       886.37983
0.125       17.090264       3.6050437       911.64784
0.125       17.592919       3.4618133       954.96531
0.125       18.095574       3.3008147       990.85127
0.125       18.598229       3.1154410       1015.3237
0.125       19.100883       3.0346650       1071.3747
0.125       19.603538       2.8753347       1097.3927
0.125       20.106193       2.7718204       1141.3659
0.125       20.608848       2.6672347       1182.7491
0.125       21.111503       2.4872823       1185.6398
0.125       21.614157       2.4499188       1253.2476
0.125       22.116812       2.3581874       1292.4572
0.125       22.619467       2.2426781       1314.8745
0.125       23.122122       2.2133353       1386.1191
0.125       23.624777       2.0963208       1400.3324
0.125       24.127432       2.0288405       1443.6152
0.125       24.630086       1.9795748       1498.4422
0.125       25.132741       1.8806674       1512.5224
0.125       25.635396       1.8204022       1553.6662
0.125       26.138051       1.7793442       1609.7180
0.125       26.640706       1.7207291       1648.2381
0.125       27.143361       1.6966408       1718.9016
0.125       27.646015       1.6372200       1752.5683
0.125       28.148670       1.5872103       1793.4050
0.125       28.651325       1.5673323       1867.5210
0.125       29.153980       1.4895398       1869.8895
0.125       29.656635       1.4686268       1940.6504
0.125       30.159289       1.4378722       1998.2686
0.125       30.661944       1.3903430       2030.4453
0.125       31.164599       1.3539321       2076.1167
0.125       31.667254       1.3101642       2107.7893
0.125       32.169909       1.2823193       2162.7979
0.125       33.175218       1.2166365       2250.4661
0.125       34.180528       1.1683561       2363.6426
0.125       35.185838       1.1291334       2491.8345
0.125       36.191147       1.0852300       2606.1482
0.125       37.196457       1.0147812       2645.7415
0.125       38.201767       1.0114797       2856.7864
0.125       39.207076      0.96270245       2939.3798
0.125       40.212386      0.92021253       3031.3629
0.125       41.217696      0.87903929       3118.3845
0.125       42.223005      0.85931718       3276.9603
0.125       43.228315      0.82796260       3388.3315
0.125       44.233625      0.80311210       3521.3080
0.125       45.238934      0.79293605       3719.1656
0.125       46.244244      0.75679668       3791.6001
0.125       47.249554      0.74506413       3981.5946
0.125       48.254863      0.71341943       4061.0511
0.125       49.260173      0.69032407       4180.3348
0.125       50.265482      0.67462397       4340.5183
0.125       51.270792      0.64838179       4427.0166
0.125       52.276102      0.64329346       4655.7428
0.125       53.281411      0.62137403       4761.5738
0.125       54.286721      0.60508289       4904.1751
0.125       55.292031      0.59648147       5108.0464
0.125       56.297340      0.57314210       5180.7926
0.125       57.302650      0.57270722       5459.1753
0.125       58.307960      0.55059562       5529.5087
0.125       59.313269      0.53486652       5654.2012
0.125       60.318579      0.52946684       5886.5702
0.125       61.323889      0.51435439       6009.2706
0.125       62.329198      0.50727209       6222.8001
0.125       63.334508      0.49611260       6385.1590
0.125       64.339818      0.48383934       6528.4625
0.125       66.350437      0.46390120       6864.7877
0.125       68.361056      0.44313274       7171.8367
0.125       70.371675      0.42988391       7589.5342
0.125       72.382295      0.41359780       7945.9444
0.125       74.392914      0.40456621       8438.2926
0.125       76.403533      0.38462619       8690.5937
0.125       78.414153      0.37096281       9061.1641
0.125       80.424772      0.36042053       9498.3747
0.125       82.435391      0.35457753       10062.887
0.125       84.446011      0.34093583       10401.125
0.125       86.456630      0.33197704       10868.590
0.125       88.467249      0.32190631       11291.388
0.125       90.477868      0.31033395       11644.655
0.125       92.488488      0.30195030       12102.324
0.125       94.499107      0.29432185       12582.759
0.125       96.509726      0.28918387       13169.145
0.125       98.520346      0.27898060       13515.187
0.125       100.53096      0.27124492       13961.479
0.125       102.54158      0.26305607       14368.739
0.125       104.55220      0.25746088       14906.685
0.125       106.56282      0.25056084       15360.332
0.125       108.57344      0.24903935       16147.640
0.125       110.58406      0.23985999       16432.577
0.125       112.59468      0.23556179       17034.474
0.125       114.60530      0.23083102       17602.670
0.125       116.61592      0.22725934       18258.518
0.125       118.62654      0.21971187       18581.012
0.125       120.63716      0.21612298       19222.704
0.125       122.64778      0.20951578       19582.405
0.125       124.65840      0.20595768       20212.166
0.125       126.66902      0.20235021       20834.597
0.125       128.67964      0.19538557       21090.759
0.125       132.70087      0.19627920       23236.242
0.125       136.72211      0.18197517       23561.268
0.125       140.74335      0.17371024       24534.620
0.125       144.76459      0.16887580       25955.219
0.125       148.78583      0.15983566       26670.344
0.125       152.80707      0.15845154       28641.584
0.125       156.82831      0.14804564       28929.387
0.125       160.84954      0.14647942       30882.068
0.125       164.87078      0.13993413       31770.570
0.125       168.89202      0.13408351       32724.500
0.125       172.91326      0.13152723       34448.541
0.125       176.93450      0.12392912       34776.124
0.125       180.95574      0.12057722       36195.334
0.125       184.97698      0.11992508       38453.271
0.125       188.99821      0.11610206       39708.481
0.125       193.01945      0.11217909       40868.191
0.125       197.04069      0.10990852       42596.055
0.125       201.06193      0.10563365       43497.280
0.125       205.08317      0.10219733       44658.061
0.125       209.10441      0.10013757       46382.791
0.125       213.12565     0.097155102       47647.817
0.125       217.14688     0.091491742       47458.386
0.125       221.16812     0.091239317       50005.743
0.125       225.18936     0.086149577       49838.736
0.125       229.21060     0.085204334       51979.971
0.125       233.23184     0.084245861       54147.990
0.125       237.25308     0.082406553       55752.914
0.125       241.27432     0.078740780       56027.759
0.125       245.29555     0.076609350       57282.382
0.125       249.31679     0.073636435       57811.949
0.125       253.33803     0.071918821       59239.856
0.125       257.35927     0.071232564       61513.195
0.125       265.40175     0.068238289       64626.364
0.125       273.44422     0.064662286       66977.291
0.125       281.48670     0.060319594       68155.721
0.125       289.52918     0.056493897       69462.244
0.125       297.57166     0.055533836       74131.471
0.125       305.61413     0.052651365       76137.779
0.125       313.65661     0.049091704       76743.517
0.125       321.69909     0.048971118       82596.143
0.125       329.74156     0.045283895       82249.850
0.125       337.78404     0.042860622       83684.711
0.125       345.82652     0.040798223       85484.306
0.125       353.86900     0.039734026       89199.080
0.125       361.91147     0.037650814       90417.330
0.125       369.95395     0.034894042       89508.554
0.125       377.99643     0.033533353       91750.899
0.125       386.03891     0.032134532       93655.970
0.125       394.08138     0.029467189       91362.235
0.125       402.12386     0.030183767       99431.326
0.125       410.16634     0.028723924       100413.95
0.125       418.20881     0.026931702       99796.108
0.125       426.25129     0.024935885       97834.532
0.125       434.29377     0.024787896       102863.36
0.125       442.33625     0.023651839       103703.34
0.125       450.37872     0.022044481       102024.33
0.125       458.42120     0.022045847       107594.76
0.125       466.46368     0.020096403       103333.72
0.125       474.50615     0.018817548       101849.48
0.125       482.54863     0.019156173       109044.13
0.125       490.59111     0.017458474       104432.47
0.125       498.63359     0.017437427       109520.96
0.125       506.67606     0.016619404       109515.82
0.125       514.71854     0.016897089       116732.45
0.000     0.015707963       9272.8144    0.0018207129
0.000     0.031415927       23955.387     0.037629034
0.000     0.047123890       12436.307     0.065930305
0.000     0.062831853       10316.188      0.12963704
0.000     0.078539816       7878.5248      0.19336809
0.000     0.094247780       6394.4166      0.27119681
0.000      0.10995574       5235.5441      0.35260286
0.000      0.12566371       4312.3062      0.43352030
0.000      0.14137167       3509.6438      0.50236625
0.000      0.15707963       3269.9625      0.64205563
0.000      0.17278760       2921.9186      0.76361784
0.000      0.18849556       2469.7659      0.83797181
0.000      0.20420352       2339.2931       1.0091241
0.000      0.21991149       2113.0548       1.1384783
0.000      0.23561945       1918.9080       1.2716214
0.000      0.25132741       1805.6379       1.4521802
0.000      0.26703538       1629.9237       1.5723309
0.000      0.28274334       1547.8411       1.7724492
0.000      0.29845130       1452.9378       1.9567607
0.000      0.31415927       1360.9048       2.1377042
0.000      0.32986723       1282.4514       2.3320008
0.000      0.34557519       1214.0515       2.5382537
0.000      0.36128316       1158.9327       2.7686728
0.000      0.37699112       1114.1086       3.0240651
0.000      0.39269908       1056.1350       3.2401816
0.000      0.40840704       1008.6421       3.4808638
0.000      0.42411501       981.78689       3.7943589
0.000      0.43982297       948.30241       4.0874348
0.000      0.45553093       881.38557       4.2207519
0.000      0.47123890       879.65247       4.6634227
0.000      0.48694686       822.50543       4.8112037
0.000      0.50265482       814.71154       5.2418392
0.000      0.51836279       789.57969       5.5714429
0.000      0.53407075       761.47997       5.8765864
0.000      0.54977871       721.75322       6.0760698
0.000      0.56548668       702.75142       6.4378244
0.000      0.58119464       708.40605       7.0455893
0.000      0.59690260       675.23603       7.2750551
0.000      0.61261057       673.04277       7.8391030
0.000      0.62831853       657.62390       8.2639456
0.000      0.64402649       635.94557       8.6060013
0.000      0.65973446       632.77455       9.2050630
0.000      0.67544242       616.40285       9.6227654
0.000      0.69115038       601.05437       10.053139
0.000      0.70685835       584.45892       10.457345
0.000      0.72256631       566.70718       10.830839
0.000      0.73827427       553.35106       11.280393
0.000      0.75398224       549.59198       11.934219
0.000      0.76969020       530.67609       12.258791
0.000      0.78539816       521.82691       12.807559
0.000      0.80110613       512.91870       13.359462
0.000      0.81681409       508.33706       14.034330
0.000      0.83252205       500.75180       14.637942
0.000      0.84823002       490.12131       15.153563
0.000      0.86393798       477.71701       15.605894
0.000      0.87964594       465.37495       16.047115
0.000      0.89535391       462.66254       16.823595
0.000      0.91106187       455.67688       17.457050
0.000      0.92676983       448.08338       18.069443
0.000      0.94247780       435.90177       18.487248
0.000      0.95818576       429.17730       19.127409
0.000      0.97389372       427.47135       20.003775
0.000      0.98960169       419.62918       20.602372
0.000       1.0053096       408.09910       21.005617
0.000       1.0367256       399.72495       22.564356
0.000       1.0681415       385.79601       23.818497
0.000       1.0995574       380.61454       25.633587
0.000       1.1309734       359.47471       26.344849
0.000       1.1623893       351.54366       27.970763
0.000       1.1938052       343.30130       29.590079
0.000       1.2252211       335.60903       31.271401
0.000       1.2566371       323.91250       32.563237
0.000       1.2880530       310.73291       33.640211
0.000       1.3194689       304.28241       35.411522
0.000       1.3508848       297.14125       37.109764
0.000       1.3823008       289.45955       38.731631
0.000       1.4137167       285.66698       40.890033
0.000       1.4451326       275.18115       42.073831
0.000       1.4765485       268.05445       43.715604
0.000       1.5079645       261.34871       45.400846
0.000       1.5393804       253.16283       46.785154
0.000       1.5707963       249.83726       49.055432
0.000       1.6022123       241.63684       50.349314
0.000       1.6336282       234.60550       51.816503
0.000       1.6650441       233.03065       54.495487
0.000       1.6964600       228.00930       56.396704
0.000       1.7278760       220.19570       57.546217
0.000       1.7592919       215.14906       59.350368
0.000       1.7907078       210.99111       61.377415
0.000       1.8221237       207.74999       63.671469
0.000       1.8535397       201.31897       64.947227
0.000       1.8849556       197.93726       67.158530
0.000       1.9163715       193.55325       69.009653
0.000       1.9477874       186.48887       69.814859
0.000       1.9792034       183.91036       72.235008
0.000       2.0106193       180.72392       74.417563
0.000       2.0734512       173.84151       78.506418
0.000       2.1362830       165.55949       81.771261
0.000       2.1991149       157.67321       84.951667
0.000       2.2619467       151.71315       88.948903
0.000       2.3247786       144.45670       91.950211
0.000       2.3876104       138.31826       95.376234
0.000       2.4504423       134.27848       100.09447
0.000       2.5132741       128.91542       103.67993
0.000       2.5761060       125.47393       108.67132
0.000       2.6389378       121.00183       112.65479
0.000       2.7017697       116.23762       116.13468
0.000       2.7646015       113.97232       122.00209
0.000       2.8274334       107.98973       123.66018
0.000       2.8902652       104.92320       128.33789
0.000       2.9530971       100.28486       130.83948
0.000       3.0159289       97.388609       135.34485
0.000       3.0787608       94.906988       140.31248
0.000       3.1415927       90.835551       142.68415
0.000       3.2044245       88.455458       147.45008
0.000       3.2672564       85.708558       151.44121
0.000       3.3300882       82.444628       154.24100
0.000       3.3929201       80.677875       159.64143
0.000       3.4557519       77.233167       161.47369
0.000       3.5185838       76.807239       169.50250
0.000       3.5814156       73.176147       170.29581
0.000       3.6442475       71.201340       174.57498
0.000       3.7070793       69.485012       179.33169
0.000       3.7699112       67.457632       183.10268
0.000       3.8327430       65.194414       185.95581
0.000       3.8955749       63.916696       191.42526
0.000       3.9584067       62.048156       194.96668
0.000       4.0212386       60.939969       200.74837
0.000       4.1469023       57.307739       207.04033
0.000       4.2725660       55.238979       218.26407
0.000       4.3982297       51.883954       223.63360
0.000       4.5238934       48.903319       229.37479
0.000       4.6495571       46.995352       239.30949
0.000       4.7752208       44.527073       245.62626
0.000       4.9008845       42.396624       252.82787
0.000       5.0265482       40.869259       262.95206
0.000       5.1522120       38.984018       270.10835
0.000       5.2778757       37.488571       279.22005
0.000       5.4035394       36.238588       289.65197
0.000       5.5292031       34.348398       294.14696
0.000       5.6548668       33.050025       302.76745
0.000       5.7805305       31.694794       310.14250
0.000       5.9061942       30.536054       318.71781
0.000       6.0318579       29.185417       324.48115
0.000       6.1575216       28.463034       336.64276
0.000       6.2831853       27.189701       341.67586
0.000       6.4088490       26.505014       353.45849
0.000       6.5345127       25.452964       359.78931
0.000       6.6601764       24.714952       369.90248
0.000       6.7858401       23.957466       379.24687
0.000       6.9115038       23.140703       387.04768
0.000       7.0371675       22.488974       397.03936
0.000       7.1628313       21.513519       400.53075
0.000       7.2884950       21.083584       413.55022
0.000       7.4141587       20.064086       414.26217
0.000       7.5398224       19.826796       430.53269
0.000       7.6654861       18.963031       432.71018
0.000       7.7911498       18.551967       444.49297
0.000       7.9168135       17.929478       450.70165
0.000       8.0424772       17.501840       461.23630
0.000       8.2938046       16.510320       477.18539
0.000       8.5451320       15.856261       501.21882
0.000       8.7964594       14.712025       507.30181
0.000       9.0477868       14.110131       529.45417
0.000       9.2991143       13.334708       543.22345
0.000       9.5504417       12.666631       558.98707
0.000       9.8017691       12.182020       581.16970
0.000       10.053096       11.723983       603.45516
0.000       10.304424       11.228211       622.37478
0.000       10.555751       10.441092       622.13354
0.000       10.807079       10.330666       660.57710
0.000       11.058406       9.7803100       670.03963
0.000       11.309734       9.4837749       695.03811
0.000       11.561061       8.9795250       702.93747
0.000       11.812388       8.7597221       731.43163
0.000       12.063716       8.2188441       731.01164
0.000       12.315043       8.1049327       766.88014
0.000       12.566371       7.9022617       794.42199
0.000       12.817698       7.5641605       806.97690
0.000       13.069025       7.2814556       823.41368
0.000       13.320353       6.9904812       836.99819
0.000       13.571680       6.8063851       861.96104
0.000       13.823008       6.5459495       875.89199
0.000       14.074335       6.4099332       905.33107
0.000       14.325663       6.2140815       925.53181
0.000       14.576990       5.9983658       941.25385
0.000       14.828317       5.7831462       955.23460
0.000       15.079645       5.6046926       973.63322
0.000       15.330972       5.4945163       1003.0182
0.000       15.582300       5.3100003       1017.7930
0.000       15.833627       5.1618992       1038.0565
0.000       16.084954       5.0369305       1061.9296
0.000       16.587609       4.7317916       1094.0754
0.000       17.090264       4.4329083       1120.9993
0.000       17.592919       4.1918269       1156.3447
0.000       18.095574       4.0164952       1205.6870
0.000       18.598229       3.8647464       1259.5227
0.000       19.100883       3.7824968       1335.3933
0.000       19.603538       3.6002835       1374.0747
0.000       20.106193       3.4289617       1411.9601
0.000       20.608848       3.2973374       1462.1596
0.000       21.111503       3.1380941       1495.8693
0.000       21.614157       3.0378850       1554.0197
0.000       22.116812       2.9245690       1602.8753
0.000       22.619467       2.8209401       1653.9075
0.000       23.122122       2.7094552       1696.8181
0.000       23.624777       2.5797028       1723.2293
0.000       24.127432       2.4918321       1773.0554
0.000       24.630086       2.4333233       1841.9077
0.000       25.132741       2.3556332       1894.5127
0.000       25.635396       2.2509903       1921.1620
0.000       26.138051       2.2021149       1992.1858
0.000       26.640706       2.1341817       2044.2727
0.000       27.143361       2.0731075       2100.3077
0.000       27.646015       2.0138722       2155.7570
0.000       28.148670       1.9469631       2199.8933
0.000       28.651325       1.9048616       2269.6966
0.000       29.153980       1.8403742       2310.3084
0.000       29.656635       1.8020405       2381.2249
0.000       30.159289       1.7534066       2436.7794
0.000       30.661944       1.7067877       2492.5785
0.000       31.164599       1.6552442       2538.1482
0.000       31.667254       1.6180304       2603.0838
0.000       32.169909       1.5911960       2683.7584
0.000       33.175218       1.5233795       2817.8621
0.000       34.180528       1.4478168       2929.0054
0.000       35.185838       1.3883186       3063.8188
0.000       36.191147       1.3177531       3164.5455
0.000       37.196457       1.2605107       3286.4083
0.000       38.201767       1.2165784       3436.0598
0.000       39.207076       1.1834884       3613.4966
0.000       40.212386       1.1333638       3733.5256
0.000       41.217696       1.0873407       3857.3321
0.000       42.223005       1.0666557       4067.6349
0.000       43.228315       1.0341345       4232.0636
0.000       44.233625       1.0067470       4414.1610
0.000       45.238934      0.93653343       4392.6908
0.000       46.244244      0.92222509       4620.4071
0.000       47.249554      0.90180911       4819.2339
0.000       48.254863      0.88170673       5019.0056
0.000       49.260173      0.84261750       5102.5648
0.000       50.265482      0.82474403       5306.3881
0.000       51.270792      0.78783327       5379.1624
0.000       52.276102      0.77602290       5616.3528
0.000       53.281411      0.76450890       5858.4127
0.000       54.286721      0.73759901       5978.2135
0.000       55.292031      0.71753903       6144.7386
0.000       56.297340      0.71061016       6423.4050
0.000       57.302650      0.68235991       6504.4096
0.000       58.307960      0.67149018       6743.6257
0.000       59.313269      0.65180278       6890.3623
0.000       60.318579      0.63803848       7093.6611
0.000       61.323889      0.61792290       7219.2754
0.000       62.329198      0.59972576       7356.9463
0.000       63.334508      0.59429402       7648.7915
0.000       64.339818      0.58156790       7847.1177
0.000       66.350437      0.55334473       8188.3688
0.000       68.361056      0.55156079       8926.6794
0.000       70.371675      0.51896721       9162.2861
0.000       72.382295      0.50548452       9711.2507
0.000       74.392914      0.48816650       10181.996
0.000       76.403533      0.47164882       10656.862
0.000       78.414153      0.44983715       10987.754
0.000       80.424772      0.44267337       11666.032
0.000       82.435391      0.42620499       12095.669
0.000       84.446011      0.40511808       12359.170
0.000       86.456630      0.39340127       12879.557
0.000       88.467249      0.38352883       13452.898
0.000       90.477868      0.37499696       14071.004
0.000       92.488488      0.35600583       14268.897
0.000       94.499107      0.35266161       15076.883
0.000       96.509726      0.34617058       15764.263
0.000       98.520346      0.33975668       16459.477
0.000       100.53096      0.33565644       17276.859
0.000       102.54158      0.32386310       17690.162
0.000       104.55220      0.31629061       18312.858
0.000       106.56282      0.30213965       18522.309
0.000       108.57344      0.29706418       19261.556
0.000       110.58406      0.29612020       20286.910
0.000       112.59468      0.28336335       20491.208
0.000       114.60530      0.27838687       21229.175
0.000       116.61592      0.27112351       21782.662
0.000       118.62654      0.26898911       22748.383
0.000       120.63716      0.26022805       23145.558
0.000       122.64778      0.25726264       24045.069
0.000       124.65840      0.25104916       24637.329
0.000       126.66902      0.24602887       25331.886
0.000       128.67964      0.23989373       25895.161
0.000       132.70087      0.22225000       26310.758
0.000       136.72211      0.22653043       29330.069
0.000       140.74335      0.21212093       29959.699
0.000       144.76459      0.20695015       31807.024
0.000       148.78583      0.19329920       32254.106
0.000       152.80707      0.19134640       34587.635
0.000       156.82831      0.18275654       35712.193
0.000       160.84954      0.17790192       37506.833
0.000       164.87078      0.17184498       39015.593
0.000       168.89202      0.16497230       40263.238
0.000       172.91326      0.16076293       42105.717
0.000       176.93450      0.15662576       43951.228
0.000       180.95574      0.14998700       45023.677
0.000       184.97698      0.14830403       47552.814
0.000       188.99821      0.13885299       47489.609
0.000       193.01945      0.13579083       49470.232
0.000       197.04069      0.13317423       51612.895
0.000       201.06193      0.12913844       53175.959
0.000       205.08317      0.12563699       54900.696
0.000       209.10441      0.12089890       55999.245
0.000       213.12565      0.12016352       58931.842
0.000       217.14688      0.11637488       60365.708
0.000       221.16812      0.11134336       61024.213
0.000       225.18936      0.10805993       62514.181
0.000       229.21060      0.10563200       64442.124
0.000       233.23184      0.10384073       66742.352
0.000       237.25308      0.10078996       68190.379
0.000       241.27432     0.097383566       69292.975
0.000       245.29555     0.096047376       71816.593
0.000       249.31679     0.093333506       73276.115
0.000       253.33803     0.089495477       73717.826
0.000       257.35927     0.087335616       75419.057
0.000       265.40175     0.083052131       78656.094
0.000       273.44422     0.081022464       83923.188
0.000       281.48670     0.076016801       85892.154
0.000       289.52918     0.072768820       89473.126
0.000       297.57166     0.069847667       93238.838
0.000       305.61413     0.066825231       96634.239
0.000       313.65661     0.061322797       95864.001
0.000       321.69909     0.061102153       103056.71
0.000       329.74156     0.057267369       104015.62
0.000       337.78404     0.056473748       110264.13
0.000       345.82652     0.050375858       105552.27
0.000       353.86900     0.048946628       109880.49
0.000       361.91147     0.046513820       111701.58
0.000       369.95395     0.046074986       118189.39
0.000       377.99643     0.042956055       117532.44
0.000       386.03891     0.039520163       115181.36
0.000       394.08138     0.039028130       121005.68
0.000       402.12386     0.036515146       120288.14
0.000       410.16634     0.036623236       128028.61
0.000       418.20881     0.035109722       130099.97
0.000       426.25129     0.032346018       126907.77
0.000       434.29377     0.031143218       129236.31
0.000       442.33625     0.030116317       132047.35
0.000       450.37872     0.028537222       132073.46
0.000       458.42120     0.026764189       130622.63
0.000       466.46368     0.027352894       140645.89
0.000       474.50615     0.025468246       137846.21
0.000       482.54863     0.023941135       136281.92
0.000       490.59111     0.023718292       141877.23
0.000       498.63359     0.022293356       140020.07
0.000       506.67606     0.021303986       140385.51
0.000       514.71854     0.020912972       144475.91