# z        k [h/Mpc]   P(k) [(Mpc/h)^3]    Delta^2(k)   
3.000     0.015707963       2597.9326   0.00051010287
3.000     0.031415927       2244.5552    0.0035257391
3.000     0.047123890       1500.0738    0.0079525479
3.000     0.062831853       960.43587     0.012069193
3.000     0.078539816       870.52093     0.021365798
3.000     0.094247780       641.81688     0.027220417
3.000      0.10995574       595.25949     0.040089472
3.000      0.12566371       456.95362     0.045937988
3.000      0.14137167       370.09980     0.052975646
3.000      0.15707963       302.70114     0.059435230
3.000      0.17278760       254.88544     0.066612078
3.000      0.18849556       247.63806     0.084021613
3.000      0.20420352       195.17157     0.084193102
3.000      0.21991149       169.90212     0.091540397
3.000      0.23561945       156.86952      0.10395425
3.000      0.25132741       142.84546      0.11488314
3.000      0.26703538       125.42234      0.12099058
3.000      0.28274334       111.74670      0.12796232
3.000      0.29845130       105.56388      0.14216937
3.000      0.31415927       97.080017      0.15249293
3.000      0.32986723       84.295481      0.15328232
3.000      0.34557519       78.033663      0.16314731
3.000      0.36128316       72.137194      0.17233467
3.000      0.37699112       67.997062      0.18456688
3.000      0.39269908       63.959774      0.19622613
3.000      0.40840704       58.410606      0.20157731
3.000      0.42411501       52.575920      0.20319268
3.000      0.43982297       50.292510      0.21677405
3.000      0.45553093       47.092616      0.22551566
3.000      0.47123890       44.199040      0.23431845
3.000      0.48694686       42.081994      0.24615649
3.000      0.50265482       40.029568      0.25754951
3.000      0.51836279       37.443425      0.26420880
3.000      0.53407075       34.860325      0.26902836
3.000      0.54977871       33.300041      0.28033595
3.000      0.56548668       31.195124      0.28577492
3.000      0.58119464       30.623746      0.30457439
3.000      0.59690260       28.792299      0.31021088
3.000      0.61261057       27.779401      0.32355387
3.000      0.62831853       26.303930      0.33054494
3.000      0.64402649       25.199981      0.34102143
3.000      0.65973446       24.367194      0.35447310
3.000      0.67544242       23.408976      0.36544133
3.000      0.69115038       22.508408      0.37647201
3.000      0.70685835       21.433040      0.38348750
3.000      0.72256631       20.231517      0.38666231
3.000      0.73827427       19.660715      0.40079543
3.000      0.75398224       19.348757      0.42015223
3.000      0.76969020       18.308022      0.42292129
3.000      0.78539816       17.477433      0.42896074
3.000      0.80110613       16.995791      0.44267175
3.000      0.81681409       16.501527      0.45557938
3.000      0.83252205       15.786247      0.46146247
3.000      0.84823002       15.198791      0.46991597
3.000      0.86393798       14.901033      0.48678182
3.000      0.87964594       14.700508      0.50690471
3.000      0.89535391       13.946442      0.50712833
3.000      0.91106187       13.407724      0.51365194
3.000      0.92676983       13.277813      0.53544205
3.000      0.94247780       12.599347      0.53435721
3.000      0.95818576       12.427938      0.55388357
3.000      0.97389372       12.098061      0.56613596
3.000      0.98960169       11.622121      0.57060677
3.000       1.0053096       11.357028      0.58456726
3.000       1.0367256       10.805946      0.60999248
3.000       1.0681415       10.258251      0.63332984
3.000       1.0995574       9.7021901      0.65342206
3.000       1.1309734       9.3475826      0.68505697
3.000       1.1623893       8.9549550      0.71250589
3.000       1.1938052       8.5444044      0.73646559
3.000       1.2252211       8.2650969      0.77012575
3.000       1.2566371       7.8406217      0.78822527
3.000       1.2880530       7.4816390      0.80996862
3.000       1.3194689       7.1607303      0.83334545
3.000       1.3508848       6.9470861      0.86761675
3.000       1.3823008       6.6854772      0.89456174
3.000       1.4137167       6.5026655      0.93078384
3.000       1.4451326       6.1908938      0.94655691
3.000       1.4765485       5.9988894      0.97832759
3.000       1.5079645       5.7582141       1.0003026
3.000       1.5393804       5.5416889       1.0241186
3.000       1.5707963       5.4356145       1.0672804
3.000       1.6022123       5.3053747       1.1054687
3.000       1.6336282       5.0837149       1.1228225
3.000       1.6650441       4.9550018       1.1587542
3.000       1.6964600       4.7944989       1.1858899
3.000       1.7278760       4.6710529       1.2207387
3.000       1.7592919       4.5225934       1.2475889
3.000       1.7907078       4.4162171       1.2846797
3.000       1.8221237       4.3001094       1.3179027
3.000       1.8535397       4.2245353       1.3628713
3.000       1.8849556       4.1297699       1.4011979
3.000       1.9163715       3.9742607       1.4169866
3.000       1.9477874       3.8851996       1.4544818
3.000       1.9792034       3.8003272       1.4926656
3.000       2.0106193       3.6954813       1.5217062
3.000       2.0734512       3.5148860       1.5873143
3.000       2.1362830       3.3483567       1.6537823
3.000       2.1991149       3.2563125       1.7544463
3.000       2.2619467       3.1349794       1.8380277
3.000       2.3247786       3.0462419       1.9390072
3.000       2.3876104       2.8250669       1.9480020
3.000       2.4504423       2.7866938       2.0772700
3.000       2.5132741       2.6727157       2.1495255
3.000       2.5761060       2.5451444       2.2043161
3.000       2.6389378       2.4736643       2.3030242
3.000       2.7017697       2.3922123       2.3900938
3.000       2.7646015       2.3036941       2.4659979
3.000       2.8274334       2.2627139       2.5910575
3.000       2.8902652       2.1644028       2.6474114
3.000       2.9530971       2.1175833       2.7627650
3.000       3.0159289       2.0587224       2.8610890
3.000       3.0787608       1.9995267       2.9561421
3.000       3.1415927       1.9227571       3.0202599
3.000       3.2044245       1.8673068       3.1126915
3.000       3.2672564       1.8548077       3.2773195
3.000       3.3300882       1.8104955       3.3871539
3.000       3.3929201       1.7644137       3.4913354
3.000       3.4557519       1.7123868       3.5801383
3.000       3.5185838       1.6755500       3.6976970
3.000       3.5814156       1.6110942       3.7493446
3.000       3.6442475       1.5933122       3.9065621
3.000       3.7070793       1.5464037       3.9910649
3.000       3.7699112       1.5114215       4.1025059
3.000       3.8327430       1.4874618       4.2427281
3.000       3.8955749       1.4456140       4.3294954
3.000       3.9584067       1.4018663       4.4049207
3.000       4.0212386       1.3806308       4.5480722
3.000       4.1469023       1.3224034       4.7775543
3.000       4.2725660       1.2488849       4.9346804
3.000       4.3982297       1.2164459       5.2432041
3.000       4.5238934       1.1659006       5.4685083
3.000       4.6495571       1.1359220       5.7843365
3.000       4.7752208       1.0846574       5.9833335
3.000       4.9008845       1.0440920       6.2263344
3.000       5.0265482       1.0194126       6.5588823
3.000       5.1522120      0.96981641       6.7195617
3.000       5.2778757      0.93627484       6.9735043
3.000       5.4035394      0.89330888       7.1401423
3.000       5.5292031      0.88687803       7.5948950
3.000       5.6548668      0.85784444       7.8586135
3.000       5.7805305      0.82429737       8.0659822
3.000       5.9061942      0.79951765       8.3449066
3.000       6.0318579      0.76420480       8.4963682
3.000       6.1575216      0.74074076       8.7610131
3.000       6.2831853      0.72028980       9.0514286
3.000       6.4088490      0.70216589       9.3637565
3.000       6.5345127      0.67701898       9.5699733
3.000       6.6601764      0.66380551       9.9350101
3.000       6.7858401      0.64460682       10.204131
3.000       6.9115038      0.62943729       10.527867
3.000       7.0371675      0.60380429       10.660072
3.000       7.1628313      0.58943680       10.973917
3.000       7.2884950      0.58302399       11.435898
3.000       7.4141587      0.56134780       11.590119
3.000       7.5398224      0.54567841       11.849237
3.000       7.6654861      0.53282560       12.158344
3.000       7.7911498      0.52915549       12.678218
3.000       7.9168135      0.50650543       12.732263
3.000       8.0424772      0.49560617       13.061001
3.000       8.2938046      0.46656766       13.484855
3.000       8.5451320      0.43857528       13.863431
3.000       8.7964594      0.42354159       14.604612
3.000       9.0477868      0.40932374       15.359047
3.000       9.2991143      0.38813788       15.811790
3.000       9.5504417      0.37551934       16.571924
3.000       9.8017691      0.35898581       17.126197
3.000       10.053096      0.34509226       17.762538
3.000       10.304424      0.32819114       18.191490
3.000       10.555751      0.32380096       19.293714
3.000       10.807079      0.30819661       19.707116
3.000       11.058406      0.29643950       20.308785
3.000       11.309734      0.28878328       21.164082
3.000       11.561061      0.27578310       21.588924
3.000       11.812388      0.26575013       22.189979
3.000       12.063716      0.26005011       23.129732
3.000       12.315043      0.25102162       23.751400
3.000       12.566371      0.24037719       24.165351
3.000       12.817698      0.23032606       24.572166
3.000       13.069025      0.22192963       25.096616
3.000       13.320353      0.22037410       26.386270
3.000       13.571680      0.20994146       26.586999
3.000       13.823008      0.20313643       27.181018
3.000       14.074335      0.19521561       27.572013
3.000       14.325663      0.18995599       28.292244
3.000       14.576990      0.18279741       28.684273
3.000       14.828317      0.18013232       29.753463
3.000       15.079645      0.17316773       30.082267
3.000       15.330972      0.16622135       30.343533
3.000       15.582300      0.16100307       30.860223
3.000       15.833627      0.15782650       31.738866
3.000       16.084954      0.15114574       31.865862
3.000       16.587609      0.14816687       34.258848
3.000       17.090264      0.13659550       34.542436
3.000       17.592919      0.12753456       35.181298
3.000       18.095574      0.12246977       36.763448
3.000       18.598229      0.11337803       36.949955
3.000       19.100883      0.11150583       39.366627
3.000       19.603538      0.10400972       39.696074
3.000       20.106193     0.098544429       40.578116
3.000       20.608848     0.093762830       41.577857
3.000       21.111503     0.086644569       41.301806
3.000       21.614157     0.083202871       42.562145
3.000       22.116812     0.081038815       44.415130
3.000       22.619467     0.076326920       44.750212
3.000       23.122122     0.073598681       46.091766
3.000       23.624777     0.070888754       47.353354
3.000       24.127432     0.069235495       49.264303
3.000       24.630086     0.066299171       50.185259
3.000       25.132741     0.062988087       50.658025
3.000       25.635396     0.061835071       52.774633
3.000       26.138051     0.060151225       54.416967
3.000       26.640706     0.057025708       54.623323
3.000       27.143361     0.054213483       54.924791
3.000       27.646015     0.053256074       57.008163
3.000       28.148670     0.050140572       56.654341
3.000       28.651325     0.049838428       59.383902
3.000       29.153980     0.048883943       61.366313
3.000       29.656635     0.047324218       62.534446
3.000       30.159289     0.045658000       63.452752
3.000       30.661944     0.042815815       62.527857
3.000       31.164599     0.042576714       65.287048
3.000       31.667254     0.041636752       66.985117
3.000       32.169909     0.039969185       67.413216
3.000       33.175218     0.035226302       65.159642
3.000       34.180528     0.037023368       74.900116
3.000       35.185838     0.034249259       75.583174
3.000       36.191147     0.032452514       77.933766
3.000       37.196457     0.031867996       83.086360
3.000       38.201767     0.031203599       88.130308
3.000       39.207076     0.029660814       90.562146
3.000       40.212386     0.028428665       93.649672
3.000       41.217696     0.026487711       93.964935
3.000       42.223005     0.027023004       103.05079
3.000       43.228315     0.026302583       107.63997
3.000       44.233625     0.024380099       106.89646
3.000       45.238934     0.023381646       109.66863
3.000       46.244244     0.024651568       123.50594
3.000       47.249554     0.023333245       124.69198
3.000       48.254863     0.022537405       128.29137
3.000       49.260173     0.020883378       126.46164
3.000       50.265482     0.021176326       136.24809
3.000       51.270792     0.020409386       139.35106
3.000       52.276102     0.020250225       146.55805
3.000       53.281411     0.020502528       157.11036
3.000       54.286721     0.020066449       162.63784
3.000       55.292031     0.020105232       172.17376
3.000       56.297340     0.019214005       173.68079
3.000       57.302650     0.019080181       181.87662
3.000       58.307960     0.018836852       189.17429
3.000       59.313269     0.018478453       195.34012
3.000       60.318579     0.017774594       197.61653
3.000       61.323889     0.018277775       213.54168
3.000       62.329198     0.018449091       226.31839
3.000       63.334508     0.017970753       231.29047
3.000       64.339818     0.017148415       231.38421
3.000       66.350437     0.016960247       250.97692
3.000       68.361056     0.017093350       276.64559
3.000       70.371675     0.015567537       274.84247
3.000       72.382295     0.015681227       301.26406
3.000       74.392914     0.015961343       332.91580
3.000       76.403533     0.015252819       344.63606
3.000       78.414153     0.015297680       373.66223
3.000       80.424772     0.015627338       411.83644
3.000       82.435391     0.015468875       439.00563
3.000       84.446011     0.014617636       445.94861
3.000       86.456630     0.015647621       512.28717
3.000       88.467249     0.014769108       518.05050
3.000       90.477868     0.014902855       559.19956
3.000       92.488488     0.014354196       575.32355
3.000       94.499107     0.014964962       639.77755
3.000       96.509726     0.014071775       640.81459
3.000       98.520346     0.014078735       682.04286
3.000       100.53096     0.013771931       708.86682
3.000       102.54158     0.013249216       723.70324
3.000       104.55220     0.013906025       805.14263
3.000       106.56282     0.013951393       855.27344
3.000       108.57344     0.013142832       852.17746
3.000       110.58406     0.012318429       843.92370
3.000       112.59468     0.012718996       919.76463
3.000       114.60530     0.012688530       967.59963
3.000       116.61592     0.013062423       1049.4639
3.000       118.62654     0.012335402       1043.2038
3.000       120.63716     0.012345804       1098.0773
3.000       122.64778     0.012738335       1190.5893
3.000       124.65840     0.012532564       1229.9142
3.000       126.66902     0.012076267       1243.4095
3.000       128.67964     0.011742231       1267.5069
3.000       132.70087     0.011230266       1329.4796
3.000       136.72211     0.010415780       1348.5850
3.000       140.74335     0.011213917       1583.8399
3.000       144.76459     0.011354650       1745.1431
3.000       148.78583     0.010397529       1734.9426
3.000       152.80707     0.010575708       1911.6572
3.000       156.82831     0.010225641       1998.1778
3.000       160.84954     0.010047051       2118.2068
3.000       164.87078    0.0096507298       2191.0965
3.000       168.89202    0.0090571597       2210.4957
3.000       172.91326     0.011136728       2916.8409
3.000       176.93450    0.0087259516       2448.6156
3.000       180.95574    0.0090875464       2727.9347
3.000       184.97698    0.0094584018       3032.7809
3.000       188.99821    0.0088048013       3011.3617
3.000       193.01945    0.0084040427       3061.6938
3.000       197.04069    0.0082605963       3201.4699
3.000       201.06193    0.0076817027       3163.1318
3.000       205.08317    0.0072658153       3175.0068
3.000       209.10441    0.0084175191       3898.9164
3.000       213.12565    0.0074111379       3634.6474
3.000       217.14688    0.0069993333       3630.6780
3.000       221.16812    0.0073196691       4011.7079
3.000       225.18936    0.0074392704       4303.7220
3.000       229.21060    0.0068158098       4158.0702
3.000       233.23184    0.0063924034       4108.6386
3.000       237.25308    0.0057722066       3905.2396
3.000       241.27432    0.0058782622       4182.6593
3.000       245.29555    0.0061704732       4613.7894
3.000       249.31679    0.0066051967       5185.7385
3.000       253.33803    0.0056222407       4631.0649
3.000       257.35927    0.0051262883       4426.8289
3.000       265.40175    0.0057884683       5482.0786
3.000       273.44422    0.0044895598       4650.2927
3.000       281.48670    0.0042051602       4751.4532
3.000       289.52918    0.0043257336       5318.7190
3.000       297.57166    0.0053665547       7163.7514
3.000       305.61413    0.0034692333       5016.7686
3.000       313.65661    0.0036550006       5713.7475
3.000       321.69909    0.0039704707       6696.7139
3.000       329.74156    0.0034482117       6263.0411
3.000       337.78404    0.0038446906       7506.6997
3.000       345.82652    0.0028456199       5962.4125
3.000       353.86900    0.0029965631       6726.9968
3.000       361.91147    0.0034413179       8264.2244
3.000       369.95395    0.0032162651       8250.2119
3.000       377.99643    0.0032113971       8786.7314
3.000       386.03891    0.0035109128       10232.542
3.000       394.08138    0.0036936845       11452.171
3.000       402.12386    0.0025638317       8445.7709
3.000       410.16634    0.0026442203       9243.7445
3.000       418.20881    0.0032668266       12105.309
3.000       426.25129    0.0033651087       13202.813
3.000       434.29377    0.0031306071       12991.210
3.000       442.33625    0.0034756013       15239.046
3.000       450.37872    0.0030162820       13959.691
3.000       458.42120    0.0034664397       16917.960
3.000       466.46368    0.0027864963       14327.890
3.000       474.50615    0.0032471054       17574.873
3.000       482.54863    0.0031549567       17959.197
3.000       490.59111    0.0025223898       15088.340
3.000       498.63359    0.0027769838       17441.675
3.000       506.67606    0.0027925401       18401.822
3.000       514.71854    0.0022202437       15338.410
2.750     0.015707963       2946.7388   0.00057859082
2.750     0.031415927       2543.6596    0.0039955711
2.750     0.047123890       1701.0366    0.0090179393
2.750     0.062831853       1088.2440     0.013675277
2.750     0.078539816       988.80645     0.024268961
2.750     0.094247780       728.43962     0.030894217
2.750      0.10995574       675.52403     0.045495120
2.750      0.12566371       518.15150     0.052090270
2.750      0.14137167       420.25868     0.060155329
2.750      0.15707963       344.40827     0.067624405
2.750      0.17278760       290.03418     0.075797891
2.750      0.18849556       281.77481     0.095603941
2.750      0.20420352       222.34240     0.095914052
2.750      0.21991149       193.74620      0.10438719
2.750      0.23561945       178.93938      0.11857949
2.750      0.25132741       163.12110      0.13118978
2.750      0.26703538       143.23049      0.13816948
2.750      0.28274334       127.85495      0.14640805
2.750      0.29845130       120.66287      0.16250410
2.750      0.31415927       111.23361      0.17472534
2.750      0.32986723       96.592247      0.17564268
2.750      0.34557519       89.607977      0.18734608
2.750      0.36128316       82.881535      0.19800273
2.750      0.37699112       78.230433      0.21234369
2.750      0.39269908       73.691332      0.22608217
2.750      0.40840704       67.373406      0.23250829
2.750      0.42411501       60.659704      0.23443447
2.750      0.43982297       58.102787      0.25043842
2.750      0.45553093       54.471986      0.26085376
2.750      0.47123890       51.205691      0.27146378
2.750      0.48694686       48.722622      0.28500050
2.750      0.50265482       46.448277      0.29884737
2.750      0.51836279       43.483750      0.30683062
2.750      0.53407075       40.583450      0.31319556
2.750      0.54977871       38.752549      0.32623781
2.750      0.56548668       36.289411      0.33244309
2.750      0.58119464       35.706083      0.35512175
2.750      0.59690260       33.586086      0.36185958
2.750      0.61261057       32.486117      0.37837420
2.750      0.62831853       30.791208      0.38693373
2.750      0.64402649       29.476607      0.39889533
2.750      0.65973446       28.525222      0.41496053
2.750      0.67544242       27.399703      0.42774123
2.750      0.69115038       26.439684      0.44222590
2.750      0.70685835       25.218884      0.45122514
2.750      0.72256631       23.808547      0.45502607
2.750      0.73827427       23.204294      0.47303341
2.750      0.75398224       22.836350      0.49588422
2.750      0.76969020       21.616323      0.49934413
2.750      0.78539816       20.691847      0.50785433
2.750      0.80110613       20.108874      0.52375499
2.750      0.81681409       19.490537      0.53810091
2.750      0.83252205       18.722975      0.54730871
2.750      0.84823002       18.045467      0.55792945
2.750      0.86393798       17.702203      0.57828947
2.750      0.87964594       17.444976      0.60153976
2.750      0.89535391       16.551862      0.60186808
2.750      0.91106187       15.996723      0.61283688
2.750      0.92676983       15.853755      0.63931966
2.750      0.94247780       15.047917      0.63820474
2.750      0.95818576       14.834781      0.66115079
2.750      0.97389372       14.442543      0.67584736
2.750      0.98960169       13.931779      0.68400317
2.750       1.0053096       13.586199      0.69930685
2.750       1.0367256       12.948751      0.73095322
2.750       1.0681415       12.353197      0.76266880
2.750       1.0995574       11.690283      0.78731595
2.750       1.1309734       11.263517      0.82547021
2.750       1.1623893       10.785014      0.85811552
2.750       1.1938052       10.326661      0.89008319
2.750       1.2252211       10.034041      0.93495258
2.750       1.2566371       9.5147376      0.95652575
2.750       1.2880530       9.0931444      0.98443158
2.750       1.3194689       8.7751426       1.0212262
2.750       1.3508848       8.4954814       1.0609948
2.750       1.3823008       8.1497160       1.0904867
2.750       1.4137167       7.9811747       1.1424159
2.750       1.4451326       7.5786961       1.1587450
2.750       1.4765485       7.3540006       1.1993256
2.750       1.5079645       7.0863137       1.2310168
2.750       1.5393804       6.8074776       1.2580397
2.750       1.5707963       6.6983357       1.3152151
2.750       1.6022123       6.5406045       1.3628507
2.750       1.6336282       6.2929727       1.3899071
2.750       1.6650441       6.1039334       1.4274381
2.750       1.6964600       5.9505138       1.4718231
2.750       1.7278760       5.8024663       1.5164237
2.750       1.7592919       5.6173542       1.5495863
2.750       1.7907078       5.4993189       1.5997545
2.750       1.8221237       5.3710882       1.6461376
2.750       1.8535397       5.2699853       1.7001425
2.750       1.8849556       5.1516583       1.7479165
2.750       1.9163715       4.9834013       1.7767865
2.750       1.9477874       4.8693705       1.8229206
2.750       1.9792034       4.7636752       1.8710425
2.750       2.0106193       4.6431059       1.9119141
2.750       2.0734512       4.4218591       1.9969012
2.750       2.1362830       4.2201361       2.0843616
2.750       2.1991149       4.1368338       2.2288563
2.750       2.2619467       3.9592920       2.3213194
2.750       2.3247786       3.8347853       2.4409343
2.750       2.3876104       3.5725307       2.4634096
2.750       2.4504423       3.5278944       2.6297791
2.750       2.5132741       3.3959192       2.7311603
2.750       2.5761060       3.2486539       2.8136164
2.750       2.6389378       3.1670428       2.9485715
2.750       2.7017697       3.0815869       3.0788579
2.750       2.7646015       2.9582530       3.1666730
2.750       2.8274334       2.9127857       3.3354616
2.750       2.8902652       2.7805607       3.4010713
2.750       2.9530971       2.7379502       3.5721442
2.750       3.0159289       2.6439199       3.6743614
2.750       3.0787608       2.5674378       3.7957538
2.750       3.1415927       2.4776772       3.8919263
2.750       3.2044245       2.3905872       3.9849694
2.750       3.2672564       2.3979961       4.2370966
2.750       3.3300882       2.3464812       4.3898993
2.750       3.3929201       2.2713336       4.4944036
2.750       3.4557519       2.2266117       4.6552437
2.750       3.5185838       2.1771784       4.8047187
2.750       3.5814156       2.1064876       4.9022262
2.750       3.6442475       2.0593836       5.0492990
2.750       3.7070793       2.0153558       5.2013685
2.750       3.7699112       1.9605893       5.3216982
2.750       3.8327430       1.9229500       5.4848828
2.750       3.8955749       1.8642872       5.5833873
2.750       3.9584067       1.8482268       5.8074674
2.750       4.0212386       1.8060442       5.9494684
2.750       4.1469023       1.7167433       6.2022182
2.750       4.2725660       1.6537680       6.5344823
2.750       4.3982297       1.6073945       6.9282963
2.750       4.5238934       1.5192482       7.1258402
2.750       4.6495571       1.4907454       7.5911664
2.750       4.7752208       1.4189496       7.8274016
2.750       4.9008845       1.3747000       8.1978812
2.750       5.0265482       1.3185753       8.4836893
2.750       5.1522120       1.2632362       8.7525776
2.750       5.2778757       1.2253338       9.1264551
2.750       5.4035394       1.1681881       9.3372288
2.750       5.5292031       1.1609762       9.9421706
2.750       5.6548668       1.1121664       10.188427
2.750       5.7805305       1.0807184       10.575134
2.750       5.9061942       1.0422384       10.878286
2.750       6.0318579      0.99900614       11.106871
2.750       6.1575216      0.97004393       11.473066
2.750       6.2831853      0.94244851       11.843157
2.750       6.4088490      0.92177919       12.292417
2.750       6.5345127      0.88030178       12.443469
2.750       6.6601764      0.86251181       12.908997
2.750       6.7858401      0.84415142       13.362924
2.750       6.9115038      0.80852554       13.523268
2.750       7.0371675      0.78402546       13.841849
2.750       7.1628313      0.76924055       14.321437
2.750       7.2884950      0.75037616       14.718477
2.750       7.4141587      0.72078818       14.882077
2.750       7.5398224      0.70453273       15.298709
2.750       7.6654861      0.68697573       15.675837
2.750       7.7911498      0.67707638       16.222306
2.750       7.9168135      0.65693405       16.513657
2.750       8.0424772      0.64070641       16.884914
2.750       8.2938046      0.59983562       17.336599
2.750       8.5451320      0.56091085       17.730477
2.750       8.7964594      0.54405033       18.760009
2.750       9.0477868      0.52750067       19.793398
2.750       9.2991143      0.49603120       20.207101
2.750       9.5504417      0.48266373       21.300279
2.750       9.8017691      0.46412704       22.142188
2.750       10.053096      0.44467854       22.888429
2.750       10.304424      0.42838193       23.745021
2.750       10.555751      0.40573135       24.175545
2.750       10.807079      0.39003076       24.939863
2.750       11.058406      0.37004878       25.351685
2.750       11.309734      0.36074448       26.437907
2.750       11.561061      0.34198286       26.771190
2.750       11.812388      0.33479413       27.955113
2.750       12.063716      0.31803049       28.286702
2.750       12.315043      0.30861751       29.201062
2.750       12.566371      0.29690844       29.848491
2.750       12.817698      0.28268021       30.157531
2.750       13.069025      0.27948049       31.604678
2.750       13.320353      0.26419067       31.632603
2.750       13.571680      0.25303495       32.044362
2.750       13.823008      0.24855391       33.258182
2.750       14.074335      0.23762662       33.562091
2.750       14.325663      0.22803987       33.964497
2.750       14.576990      0.21948556       34.441318
2.750       14.828317      0.21215658       35.043089
2.750       15.079645      0.20836854       36.197264
2.750       15.330972      0.20197173       36.869727
2.750       15.582300      0.19159702       36.724311
2.750       15.833627      0.18955962       38.120389
2.750       16.084954      0.18179737       38.328105
2.750       16.587609      0.17303287       40.008316
2.750       17.090264      0.15720261       39.753588
2.750       17.592919      0.14983144       41.332048
2.750       18.095574      0.14108727       42.352119
2.750       18.598229      0.13780700       44.911367
2.750       19.100883      0.12913228       45.589564
2.750       19.603538      0.12123883       46.271692
2.750       20.106193      0.11700586       48.180067
2.750       20.608848      0.10915223       48.402078
2.750       21.111503      0.10574775       50.407926
2.750       21.614157     0.099622929       50.961769
2.750       22.116812     0.095427863       52.301369
2.750       22.619467     0.091442328       53.612325
2.750       23.122122     0.088364840       55.339192
2.750       23.624777     0.084512059       56.453657
2.750       24.127432     0.078823175       56.086387
2.750       24.630086     0.075497553       57.147988
2.750       25.132741     0.073971901       59.491732
2.750       25.635396     0.070297052       59.996714
2.750       26.138051     0.067745819       61.287563
2.750       26.640706     0.065344941       62.592083
2.750       27.143361     0.063350697       64.181890
2.750       27.646015     0.060939239       65.232634
2.750       28.148670     0.057861381       65.378161
2.750       28.651325     0.056159543       66.915689
2.750       29.153980     0.054686734       68.650830
2.750       29.656635     0.052106221       68.853408
2.750       30.159289     0.050645360       70.383885
2.750       30.661944     0.049347897       72.067255
2.750       31.164599     0.048197708       73.906269
2.750       31.667254     0.047080454       75.742933
2.750       32.169909     0.045501368       76.743959
2.750       33.175218     0.041682357       77.101691
2.750       34.180528     0.041096528       83.140322
2.750       35.185838     0.038982332       86.028382
2.750       36.191147     0.035751602       85.856428
2.750       37.196457     0.034355778       89.572516
2.750       38.201767     0.033180731       93.714448
2.750       39.207076     0.032059298       97.885337
2.750       40.212386     0.031363945       103.31907
2.750       41.217696     0.028173828       99.946418
2.750       42.223005     0.028282231       107.85278
2.750       43.228315     0.027875588       114.07729
2.750       44.233625     0.026435036       115.90649
2.750       45.238934     0.025843824       121.21717
2.750       46.244244     0.025485776       127.68538
2.750       47.249554     0.024325709       129.99567
2.750       48.254863     0.023220885       132.18199
2.750       49.260173     0.022976402       139.13618
2.750       50.265482     0.022407746       144.17103
2.750       51.270792     0.022632620       154.53084
2.750       52.276102     0.021652352       156.70574
2.750       53.281411     0.021352433       163.62317
2.750       54.286721     0.020453316       165.77339
2.750       55.292031     0.020471332       175.30891
2.750       56.297340     0.020202668       182.61760
2.750       57.302650     0.019875064       189.45363
2.750       58.307960     0.019882235       199.67284
2.750       59.313269     0.019224276       203.22439
2.750       60.318579     0.018908593       210.22424
2.750       61.323889     0.018013872       210.45846
2.750       62.329198     0.018362810       225.25997
2.750       63.334508     0.018504344       238.15799
2.750       64.339818     0.018192420       245.47101
2.750       66.350437     0.018354108       271.60321
2.750       68.361056     0.017331278       280.49631
2.750       70.371675     0.017052206       301.05407
2.750       72.382295     0.015825002       304.02624
2.750       74.392914     0.016658693       347.46087
2.750       76.403533     0.016357839       369.60389
2.750       78.414153     0.016666322       407.09276
2.750       80.424772     0.014905156       392.80435
2.750       82.435391     0.016165569       458.77776
2.750       84.446011     0.015265859       465.72432
2.750       86.456630     0.014858122       486.43978
2.750       88.467249     0.014897786       522.56408
2.750       90.477868     0.014641844       549.40565
2.750       92.488488     0.013421830       537.95384
2.750       94.499107     0.014117615       603.55203
2.750       96.509726     0.014907902       678.89097
2.750       98.520346     0.014874789       720.60764
2.750       100.53096     0.014269833       734.49479
2.750       102.54158     0.013994485       764.41159
2.750       104.55220     0.013999918       810.57898
2.750       106.56282     0.012983915       795.96335
2.750       108.57344     0.014033855       909.95111
2.750       110.58406     0.012939682       886.48514
2.750       112.59468     0.013933366       1007.5809
2.750       114.60530     0.013133730       1001.5496
2.750       116.61592     0.013192156       1059.8870
2.750       118.62654     0.012567740       1062.8526
2.750       120.63716     0.012295065       1093.5645
2.750       122.64778     0.013064953       1221.1167
2.750       124.65840     0.011777848       1155.8482
2.750       126.66902     0.012280089       1264.3956
2.750       128.67964     0.012104633       1306.6262
2.750       132.70087     0.012142659       1437.4919
2.750       136.72211     0.012316981       1594.7433
2.750       140.74335     0.011538706       1629.7126
2.750       144.76459     0.010518286       1616.5989
2.750       148.78583     0.011355221       1894.7441
2.750       152.80707     0.011312788       2044.8913
2.750       156.82831     0.010680935       2087.1462
2.750       160.84954     0.010718170       2259.6980
2.750       164.87078     0.010456544       2374.0482
2.750       168.89202     0.010731282       2619.0831
2.750       172.91326    0.0096342524       2523.3249
2.750       176.93450    0.0096873273       2718.3902
2.750       180.95574    0.0083701818       2512.5934
2.750       184.97698    0.0093062123       2983.9823
2.750       188.99821    0.0090070440       3080.5314
2.750       193.01945    0.0081478233       2968.3499
2.750       197.04069    0.0092231546       3574.5182
2.750       201.06193    0.0080230563       3303.6927
2.750       205.08317    0.0074890350       3272.5491
2.750       209.10441    0.0074185766       3436.2156
2.750       213.12565    0.0083576814       4098.8611
2.750       217.14688    0.0071894097       3729.2740
2.750       221.16812    0.0071397471       3913.0976
2.750       225.18936    0.0072230027       4178.6081
2.750       229.21060    0.0061154394       3730.8004
2.750       233.23184    0.0063950222       4110.3218
2.750       237.25308    0.0066354017       4489.2422
2.750       241.27432    0.0064194004       4567.7045
2.750       245.29555    0.0059186048       4425.4622
2.750       249.31679    0.0056134484       4407.1171
2.750       253.33803    0.0061124215       5034.8290
2.750       257.35927    0.0054755221       4728.4113
2.750       265.40175    0.0054678860       5178.4650
2.750       273.44422    0.0054667244       5662.4412
2.750       281.48670    0.0037636274       4252.5607
2.750       289.52918    0.0043503917       5349.0374
2.750       297.57166    0.0051495799       6874.1142
2.750       305.61413    0.0033448609       4836.9169
2.750       313.65661    0.0034083090       5328.1023
2.750       321.69909    0.0042288609       7132.5225
2.750       329.74156    0.0034214025       6214.3472
2.750       337.78404    0.0039356110       7684.2203
2.750       345.82652    0.0028646410       6002.2674
2.750       353.86900    0.0032941211       7394.9861
2.750       361.91147    0.0023728825       5698.4080
2.750       369.95395    0.0024281901       6228.6791
2.750       377.99643    0.0024421099       6681.8780
2.750       386.03891    0.0026810136       7813.8037
2.750       394.08138    0.0020678838       6411.4189
2.750       402.12386    0.0021241104       6997.2417
2.750       410.16634    0.0020839318       7285.0711
2.750       418.20881    0.0018385181       6812.6757
2.750       426.25129    0.0021487394       8430.4572
2.750       434.29377    0.0028359385       11768.412
2.750       442.33625    0.0020598948       9031.7702
2.750       450.37872    0.0019224488       8897.3080
2.750       458.42120    0.0023434719       11437.315
2.750       466.46368    0.0018708282       9619.6146
2.750       474.50615    0.0017702356       9581.3536
2.750       482.54863    0.0026183176       14904.447
2.750       490.59111    0.0017896120       10705.036
2.750       498.63359    0.0024702142       15514.917
2.750       506.67606    0.0017820463       11743.037
2.750       514.71854    0.0019164879       13239.932
2.500     0.015707963       3369.1092   0.00066152304
2.500     0.031415927       2905.2633    0.0045635769
2.500     0.047123890       1944.1995     0.010307052
2.500     0.062831853       1242.7131     0.015616393
2.500     0.078539816       1132.3370     0.027791732
2.500     0.094247780       833.40545     0.035345976
2.500      0.10995574       772.78741     0.052045603
2.500      0.12566371       592.23365     0.059537820
2.500      0.14137167       481.13635     0.068869288
2.500      0.15707963       395.20733     0.077598777
2.500      0.17278760       332.83791     0.086984271
2.500      0.18849556       323.32041      0.10970003
2.500      0.20420352       255.54145      0.11023546
2.500      0.21991149       222.91683      0.12010383
2.500      0.23561945       205.95469      0.13648199
2.500      0.25132741       188.00356      0.15120143
2.500      0.26703538       165.07647      0.15924354
2.500      0.28274334       147.67001      0.16909848
2.500      0.29845130       139.18712      0.18745185
2.500      0.31415927       128.67834      0.20212747
2.500      0.32986723       111.80900      0.20331271
2.500      0.34557519       103.94290      0.21731652
2.500      0.36128316       96.196584      0.22981218
2.500      0.37699112       90.938331      0.24683719
2.500      0.39269908       85.782658      0.26317790
2.500      0.40840704       78.548886      0.27107531
2.500      0.42411501       70.776611      0.27353377
2.500      0.43982297       67.852431      0.29246197
2.500      0.45553093       63.713526      0.30510935
2.500      0.47123890       60.018047      0.31818193
2.500      0.48694686       57.052086      0.33372328
2.500      0.50265482       54.523977      0.35080627
2.500      0.51836279       51.088253      0.36048962
2.500      0.53407075       47.835994      0.36916578
2.500      0.54977871       45.629028      0.38412736
2.500      0.56548668       42.740629      0.39154195
2.500      0.58119464       42.145460      0.41916582
2.500      0.59690260       39.668009      0.42738677
2.500      0.61261057       38.467639      0.44804253
2.500      0.62831853       36.501896      0.45869636
2.500      0.64402649       34.930430      0.47269977
2.500      0.65973446       33.800825      0.49170549
2.500      0.67544242       32.467845      0.50686081
2.500      0.69115038       31.455142      0.52611365
2.500      0.70685835       30.060052      0.53784503
2.500      0.72256631       28.401859      0.54281289
2.500      0.73827427       27.764968      0.56600548
2.500      0.75398224       27.306389      0.59294973
2.500      0.76969020       25.872930      0.59767314
2.500      0.78539816       24.858358      0.61011590
2.500      0.80110613       24.128159      0.62844114
2.500      0.81681409       23.346158      0.64454810
2.500      0.83252205       22.526216      0.65848479
2.500      0.84823002       21.740914      0.67218522
2.500      0.86393798       21.328755      0.69676039
2.500      0.87964594       20.991941      0.72384664
2.500      0.89535391       19.935147      0.72489299
2.500      0.91106187       19.370415      0.74208355
2.500      0.92676983       19.212612      0.77476917
2.500      0.94247780       18.253316      0.77415051
2.500      0.95818576       17.970685      0.80091057
2.500      0.97389372       17.498208      0.81883900
2.500      0.98960169       16.971092      0.83322317
2.500       1.0053096       16.492272      0.84888784
2.500       1.0367256       15.760936      0.88970024
2.500       1.0681415       15.128428      0.93400763
2.500       1.0995574       14.296411      0.96283315
2.500       1.1309734       13.781425       1.0100003
2.500       1.1623893       13.180301       1.0486979
2.500       1.1938052       12.668484       1.0919313
2.500       1.2252211       12.358010       1.1514955
2.500       1.2566371       11.742265       1.1804612
2.500       1.2880530       11.240549       1.2169114
2.500       1.3194689       10.934247       1.2724966
2.500       1.3508848       10.567687       1.3197911
2.500       1.3823008       10.104790       1.3520888
2.500       1.4137167       9.9503110       1.4242757
2.500       1.4451326       9.4438245       1.4439138
2.500       1.4765485       9.1647570       1.4946325
2.500       1.5079645       8.8656474       1.5401182
2.500       1.5393804       8.5108087       1.5728197
2.500       1.5707963       8.3942196       1.6482012
2.500       1.6022123       8.2115135       1.7110142
2.500       1.6336282       7.9381797       1.7532782
2.500       1.6650441       7.6547387       1.7901023
2.500       1.6964600       7.5105943       1.8576995
2.500       1.7278760       7.3292520       1.9154358
2.500       1.7592919       7.1051822       1.9600140
2.500       1.7907078       6.9723278       2.0282535
2.500       1.8221237       6.8344935       2.0946438
2.500       1.8535397       6.6914455       2.1587177
2.500       1.8849556       6.5277251       2.2148049
2.500       1.9163715       6.3627755       2.2685898
2.500       1.9477874       6.2155196       2.3268714
2.500       1.9792034       6.0673351       2.3830849
2.500       2.0106193       5.9364791       2.4444927
2.500       2.0734512       5.6762154       2.5633656
2.500       2.1362830       5.4142067       2.6741234
2.500       2.1991149       5.3236560       2.8682961
2.500       2.2619467       5.0777443       2.9770641
2.500       2.3247786       4.8965430       3.1167689
2.500       2.3876104       4.6198103       3.1855527
2.500       2.4504423       4.5354930       3.3808678
2.500       2.5132741       4.3903995       3.5309688
2.500       2.5761060       4.2310347       3.6644435
2.500       2.6389378       4.1152823       3.8313989
2.500       2.7017697       4.0040529       4.0005070
2.500       2.7646015       3.8535051       4.1249989
2.500       2.8274334       3.7916220       4.3418262
2.500       2.8902652       3.6042654       4.4085942
2.500       2.9530971       3.5906953       4.6847023
2.500       3.0159289       3.4312387       4.7685299
2.500       3.0787608       3.3392207       4.9367739
2.500       3.1415927       3.2364930       5.0838713
2.500       3.2044245       3.1187267       5.1987354
2.500       3.2672564       3.1327390       5.5353376
2.500       3.3300882       3.0889064       5.7788607
2.500       3.3929201       2.9661200       5.8692129
2.500       3.4557519       2.9198544       6.1046270
2.500       3.5185838       2.8582118       6.3076611
2.500       3.5814156       2.7784116       6.4659302
2.500       3.6442475       2.7106252       6.6460456
2.500       3.7070793       2.6654648       6.8792144
2.500       3.7699112       2.5746109       6.9883593
2.500       3.8327430       2.5096546       7.1583565
2.500       3.8955749       2.4681540       7.3919186
2.500       3.9584067       2.4589494       7.7264696
2.500       4.0212386       2.3740164       7.8204815
2.500       4.1469023       2.2452060       8.1114383
2.500       4.2725660       2.1961999       8.6777769
2.500       4.3982297       2.1082082       9.0869364
2.500       4.5238934       1.9988674       9.3754331
2.500       4.6495571       1.9479057       9.9191156
2.500       4.7752208       1.8516669       10.214415
2.500       4.9008845       1.8215756       10.862777
2.500       5.0265482       1.7353014       11.164897
2.500       5.1522120       1.6543227       11.462297
2.500       5.2778757       1.6309050       12.147206
2.500       5.4035394       1.5520330       12.405269
2.500       5.5292031       1.5283216       13.087980
2.500       5.6548668       1.4411873       13.202550
2.500       5.7805305       1.4028469       13.727252
2.500       5.9061942       1.3555264       14.148207
2.500       6.0318579       1.3240651       14.720851
2.500       6.1575216       1.2888668       15.243902
2.500       6.2831853       1.2311269       15.470797
2.500       6.4088490       1.1906811       15.878367
2.500       6.5345127       1.1545289       16.319794
2.500       6.6601764       1.1227726       16.804255
2.500       6.7858401       1.0914297       17.277340
2.500       6.9115038       1.0639908       17.796138
2.500       7.0371675       1.0406395       18.372329
2.500       7.1628313      0.99658781       18.554104
2.500       7.2884950      0.97541176       19.132504
2.500       7.4141587      0.93528794       19.310842
2.500       7.5398224      0.92925262       20.178431
2.500       7.6654861      0.89521753       20.427628
2.500       7.7911498      0.86311712       20.679720
2.500       7.9168135      0.84076818       21.134782
2.500       8.0424772      0.81840318       21.567861
2.500       8.2938046      0.76948603       22.239878
2.500       8.5451320      0.72648928       22.964437
2.500       8.7964594      0.68536848       23.632959
2.500       9.0477868      0.66791634       25.062212
2.500       9.2991143      0.64013913       26.077706
2.500       9.5504417      0.60522818       26.709132
2.500       9.8017691      0.58143079       27.738418
2.500       10.053096      0.55261066       28.443895
2.500       10.304424      0.53792090       29.816717
2.500       10.555751      0.50208508       29.916792
2.500       10.807079      0.48887206       31.260104
2.500       11.058406      0.46520467       31.870724
2.500       11.309734      0.45223110       33.142694
2.500       11.561061      0.43652492       34.172156
2.500       11.812388      0.41751225       34.862027
2.500       12.063716      0.39570938       35.195723
2.500       12.315043      0.38031869       35.985351
2.500       12.566371      0.36583295       36.777539
2.500       12.817698      0.35250410       37.606641
2.500       13.069025      0.34094363       38.555155
2.500       13.320353      0.32799951       39.272689
2.500       13.571680      0.31598479       40.016334
2.500       13.823008      0.30062058       40.225052
2.500       14.074335      0.29436072       41.575146
2.500       14.325663      0.27932418       41.602836
2.500       14.576990      0.27064449       42.469094
2.500       14.828317      0.26091156       43.096222
2.500       15.079645      0.25311082       43.969782
2.500       15.330972      0.24312227       44.381715
2.500       15.582300      0.23549274       45.138011
2.500       15.833627      0.23015968       46.285049
2.500       16.084954      0.22330182       47.078436
2.500       16.587609      0.20814925       48.127854
2.500       17.090264      0.19485004       49.273917
2.500       17.592919      0.18288839       50.451037
2.500       18.095574      0.17443645       52.363007
2.500       18.598229      0.16184662       52.745890
2.500       19.100883      0.15468658       54.611394
2.500       19.603538      0.14655566       55.934047
2.500       20.106193      0.13552637       55.806348
2.500       20.608848      0.13039838       57.823396
2.500       21.111503      0.12229861       58.297406
2.500       21.614157      0.11778556       60.252802
2.500       22.116812      0.10864446       59.545022
2.500       22.619467      0.10637465       62.367096
2.500       23.122122      0.10191277       63.823691
2.500       23.624777     0.099248902       66.297799
2.500       24.127432     0.093976185       66.868464
2.500       24.630086     0.090462231       68.475523
2.500       25.132741     0.087386030       70.280015
2.500       25.635396     0.082302941       70.243429
2.500       26.138051     0.079704975       72.106644
2.500       26.640706     0.075512248       72.331060
2.500       27.143361     0.072817248       73.772647
2.500       27.646015     0.070029962       74.963833
2.500       28.148670     0.068434786       77.325159
2.500       28.651325     0.065111732       77.582477
2.500       29.153980     0.063917611       80.238784
2.500       29.656635     0.060393130       79.803769
2.500       30.159289     0.059882331       83.220874
2.500       30.661944     0.057180521       83.505953
2.500       31.164599     0.056117798       86.050919
2.500       31.667254     0.052820918       84.978178
2.500       32.169909     0.051120158       86.220777
2.500       33.175218     0.049161311       90.935842
2.500       34.180528     0.046371613       93.812079
2.500       35.185838     0.042368018       93.500104
2.500       36.191147     0.040692942       97.722912
2.500       37.196457     0.039533362       103.07153
2.500       38.201767     0.039164629       110.61515
2.500       39.207076     0.036822514       112.42867
2.500       40.212386     0.034509052       113.67967
2.500       41.217696     0.033271835       118.03156
2.500       42.223005     0.031606203       120.52857
2.500       43.228315     0.028831369       117.98871
2.500       44.233625     0.029741722       130.40491
2.500       45.238934     0.027490123       128.93892
2.500       46.244244     0.027167194       136.10939
2.500       47.249554     0.025454535       136.02807
2.500       48.254863     0.025233409       143.63803
2.500       49.260173     0.024612373       149.04298
2.500       50.265482     0.024423050       157.13746
2.500       51.270792     0.023748461       162.14957
2.500       52.276102     0.023124537       167.36047
2.500       53.281411     0.021743724       166.62162
2.500       54.286721     0.022695005       183.94220
2.500       55.292031     0.021312077       182.50873
2.500       56.297340     0.020919665       189.09873
2.500       57.302650     0.021174401       201.83920
2.500       58.307960     0.021052300       211.42354
2.500       59.313269     0.019850120       209.84034
2.500       60.318579     0.020598979       229.01781
2.500       61.323889     0.020321796       237.42225
2.500       62.329198     0.019637421       240.89585
2.500       63.334508     0.020180175       259.72657
2.500       64.339818     0.019101777       257.74100
2.500       66.350437     0.017661072       261.34770
2.500       68.361056     0.017611134       285.02561
2.500       70.371675     0.017644632       311.51325
2.500       72.382295     0.018717722       359.60051
2.500       74.392914     0.017240801       359.60225
2.500       76.403533     0.017070106       385.69749
2.500       78.414153     0.015861274       387.42860
2.500       80.424772     0.015138346       398.94975
2.500       82.435391     0.016152136       458.39655
2.500       84.446011     0.016509005       503.64969
2.500       86.456630     0.015161058       496.35760
2.500       88.467249     0.015069760       528.59635
2.500       90.477868     0.015013204       563.34019
2.500       92.488488     0.014181788       568.41336
2.500       94.499107     0.014938768       638.65770
2.500       96.509726     0.014510130       660.77684
2.500       98.520346     0.014002476       678.34849
2.500       100.53096     0.014167858       729.24591
2.500       102.54158     0.014606385       797.83500
2.500       104.55220     0.013775237       797.57019
2.500       106.56282     0.014713399       901.98727
2.500       108.57344     0.013901255       901.35334
2.500       110.58406     0.013532134       927.07346
2.500       112.59468     0.013750386       994.34887
2.500       114.60530     0.013876608       1058.1998
2.500       116.61592     0.014017362       1126.1858
2.500       118.62654     0.013522535       1143.5994
2.500       120.63716     0.013574923       1207.3994
2.500       122.64778     0.012673219       1184.5032
2.500       124.65840     0.013048996       1280.5955
2.500       126.66902     0.012911824       1329.4409
2.500       128.67964     0.012559972       1355.7774
2.500       132.70087     0.012377425       1465.2844
2.500       136.72211     0.011986422       1551.9442
2.500       140.74335     0.011742002       1658.4259
2.500       144.76459     0.012456558       1914.4998
2.500       148.78583     0.011678540       1948.6933
2.500       152.80707     0.010709912       1935.9159
2.500       156.82831     0.011114176       2171.8053
2.500       160.84954     0.011386207       2400.5394
2.500       164.87078     0.011354415       2577.9003
2.500       168.89202     0.010398343       2537.8258
2.500       172.91326     0.010030789       2627.1825
2.500       176.93450     0.010096481       2833.2039
2.500       180.95574     0.010482476       3146.6700
2.500       184.97698    0.0085631204       2745.7142
2.500       188.99821    0.0094458634       3230.6136
2.500       193.01945    0.0091999310       3351.6454
2.500       197.04069    0.0088022920       3411.4090
2.500       201.06193    0.0091067938       3749.9485
2.500       205.08317    0.0081041238       3541.3299
2.500       209.10441    0.0083969551       3889.3914
2.500       213.12565    0.0084829370       4160.2903
2.500       217.14688    0.0078427405       4068.1683
2.500       221.16812    0.0082600628       4527.1116
2.500       225.18936    0.0080013698       4628.9044
2.500       229.21060    0.0076512542       4667.7435
2.500       233.23184    0.0072667851       4670.6367
2.500       237.25308    0.0068686912       4647.0764
2.500       241.27432    0.0066709587       4746.7000
2.500       245.29555    0.0069918600       5227.9571
2.500       249.31679    0.0062517704       4908.2636
2.500       253.33803    0.0066107434       5445.2990
2.500       257.35927    0.0063484603       5482.2409
2.500       265.40175    0.0058395341       5530.4414
2.500       273.44422    0.0056263845       5827.8173
2.500       281.48670    0.0069319926       7832.5287
2.500       289.52918    0.0058487862       7191.3930
2.500       297.57166    0.0045022487       6009.9993
2.500       305.61413    0.0043434405       6280.9370
2.500       313.65661    0.0048649115       7605.1633
2.500       321.69909    0.0038975168       6573.6676
2.500       329.74156    0.0045611307       8284.4534
2.500       337.78404    0.0039991465       7808.2724
2.500       345.82652    0.0027157195       5690.2329
2.500       353.86900    0.0042215027       9476.8689
2.500       361.91147    0.0032939901       7910.4210
2.500       369.95395    0.0027467146       7045.7431
2.500       377.99643    0.0024769995       6777.3399
2.500       386.03891    0.0034557293       10071.710
2.500       394.08138    0.0026573864       8239.1560
2.500       402.12386    0.0018086216       5957.9588
2.500       410.16634    0.0025950532       9071.8647
2.500       418.20881    0.0023873645       8846.4399
2.500       426.25129    0.0026882015       10547.006
2.500       434.29377    0.0026348323       10933.873
2.500       442.33625    0.0015866970       6956.9973
2.500       450.37872    0.0024521897       11349.008
2.500       458.42120    0.0021877114       10677.126
2.500       466.46368    0.0022711668       11678.116
2.500       474.50615    0.0020312062       10993.850
2.500       482.54863    0.0018504874       10533.669
2.500       490.59111    0.0018883240       11295.509
2.500       498.63359    0.0015201469       9547.7361
2.500       506.67606    0.0017823110       11744.780
2.500       514.71854    0.0016410922       11337.379
2.250     0.015707963       3886.7348   0.00076315859
2.250     0.031415927       3347.5936    0.0052583878
2.250     0.047123890       2241.9237     0.011885419
2.250     0.062831853       1431.5995     0.017990010
2.250     0.078539816       1308.6462     0.032119010
2.250     0.094247780       962.13827     0.040805728
2.250      0.10995574       892.08259     0.060079882
2.250      0.12566371       682.99844     0.068662492
2.250      0.14137167       555.94910     0.079577896
2.250      0.15707963       457.88839     0.089906174
2.250      0.17278760       385.63807      0.10078313
2.250      0.18849556       374.53008      0.12707506
2.250      0.20420352       296.67176      0.12797824
2.250      0.21991149       259.09987      0.13959864
2.250      0.23561945       239.48335      0.15870076
2.250      0.25132741       218.98716      0.17611992
2.250      0.26703538       192.26440      0.18547080
2.250      0.28274334       172.40104      0.19741825
2.250      0.29845130       162.23901      0.21849725
2.250      0.31415927       150.49836      0.23640227
2.250      0.32986723       130.94439      0.23810838
2.250      0.34557519       121.97718      0.25502134
2.250      0.36128316       112.95913      0.26985764
2.250      0.37699112       106.97777      0.29037362
2.250      0.39269908       101.03924      0.30998451
2.250      0.40840704       92.714135      0.31996014
2.250      0.42411501       83.664824      0.32334346
2.250      0.43982297       80.220900      0.34577335
2.250      0.45553093       75.483607      0.36147356
2.250      0.47123890       71.304228      0.37801491
2.250      0.48694686       67.689134      0.39594415
2.250      0.50265482       64.869220      0.41736738
2.250      0.51836279       60.832413      0.42924649
2.250      0.53407075       57.205522      0.44147346
2.250      0.54977871       54.452294      0.45840591
2.250      0.56548668       51.072584      0.46787003
2.250      0.58119464       50.455637      0.50181629
2.250      0.59690260       47.540724      0.51220813
2.250      0.61261057       46.214250      0.53826932
2.250      0.62831853       43.903964      0.55171348
2.250      0.64402649       42.026402      0.56872677
2.250      0.65973446       40.621265      0.59092343
2.250      0.67544242       39.028505      0.60928036
2.250      0.69115038       37.970088      0.63508160
2.250      0.70685835       36.360319      0.65057162
2.250      0.72256631       34.417026      0.65777403
2.250      0.73827427       33.746545      0.68794351
2.250      0.75398224       33.133526      0.71948420
2.250      0.76969020       31.461069      0.72676099
2.250      0.78539816       30.361216      0.74517636
2.250      0.80110613       29.415569      0.76615682
2.250      0.81681409       28.425395      0.78477730
2.250      0.83252205       27.549494      0.80532488
2.250      0.84823002       26.635689      0.82352180
2.250      0.86393798       26.116304      0.85315840
2.250      0.87964594       25.665743      0.88500925
2.250      0.89535391       24.426382      0.88820579
2.250      0.91106187       23.851271      0.91374581
2.250      0.92676983       23.682448      0.95502011
2.250      0.94247780       22.532559      0.95563967
2.250      0.95818576       22.146132      0.98700029
2.250      0.97389372       21.564510       1.0091241
2.250      0.98960169       21.052754       1.0336189
2.250       1.0053096       20.358948       1.0479128
2.250       1.0367256       19.523516       1.1020968
2.250       1.0681415       18.883233       1.1658240
2.250       1.0995574       17.771625       1.1968815
2.250       1.1309734       17.167304       1.2581415
2.250       1.1623893       16.383361       1.3035510
2.250       1.1938052       15.810435       1.3627447
2.250       1.2252211       15.455163       1.4400822
2.250       1.2566371       14.769066       1.4847485
2.250       1.2880530       14.159979       1.5329715
2.250       1.3194689       13.857327       1.6126763
2.250       1.3508848       13.393149       1.6726610
2.250       1.3823008       12.790795       1.7114943
2.250       1.4137167       12.620826       1.8065301
2.250       1.4451326       12.013586       1.8368176
2.250       1.4765485       11.629169       1.8965406
2.250       1.5079645       11.290592       1.9613734
2.250       1.5393804       10.863555       2.0076134
2.250       1.5707963       10.717525       2.1043811
2.250       1.6022123       10.538013       2.1957816
2.250       1.6336282       10.218197       2.2568577
2.250       1.6650441       9.8127735       2.2947705
2.250       1.6964600       9.6634826       2.3902032
2.250       1.7278760       9.4366695       2.4661909
2.250       1.7592919       9.1774416       2.5316612
2.250       1.7907078       9.0143907       2.6222906
2.250       1.8221237       8.8658975       2.7172310
2.250       1.8535397       8.6524030       2.7913394
2.250       1.8849556       8.4174146       2.8559615
2.250       1.9163715       8.2685545       2.9480781
2.250       1.9477874       8.0848208       3.0266719
2.250       1.9792034       7.8626882       3.0882509
2.250       2.0106193       7.7387770       3.1866336
2.250       2.0734512       7.4696446       3.3732740
2.250       2.1362830       7.0718093       3.4928276
2.250       2.1991149       6.9673607       3.7538965
2.250       2.2619467       6.6463756       3.8967474
2.250       2.3247786       6.4082307       4.0789950
2.250       2.3876104       6.1138525       4.2157574
2.250       2.4504423       5.9618898       4.4441389
2.250       2.5132741       5.8195321       4.6803454
2.250       2.5761060       5.6241723       4.8710216
2.250       2.6389378       5.4240830       5.0499150
2.250       2.7017697       5.2726618       5.2679925
2.250       2.7646015       5.1080390       5.4679193
2.250       2.8274334       4.9741185       5.6959154
2.250       2.8902652       4.7679885       5.8320140
2.250       2.9530971       4.7447220       6.1903358
2.250       3.0159289       4.5566265       6.3325264
2.250       3.0787608       4.4627546       6.5978298
2.250       3.1415927       4.2973563       6.7502715
2.250       3.2044245       4.1779874       6.9644611
2.250       3.2672564       4.1778631       7.3820011
2.250       3.3300882       4.0873443       7.6467818
2.250       3.3929201       3.9690185       7.8536992
2.250       3.4557519       3.8443010       8.0373950
2.250       3.5185838       3.8265482       8.4446399
2.250       3.5814156       3.6732404       8.5483794
2.250       3.6442475       3.6054639       8.8400555
2.250       3.7070793       3.5671048       9.2062289
2.250       3.7699112       3.4721084       9.4244689
2.250       3.8327430       3.3370331       9.5183108
2.250       3.8955749       3.3180827       9.9373856
2.250       3.9584067       3.2596294       10.242353
2.250       4.0212386       3.1553819       10.394455
2.250       4.1469023       3.0049377       10.856183
2.250       4.2725660       2.8793732       11.377178
2.250       4.3982297       2.7515698       11.859995
2.250       4.5238934       2.6816327       12.577857
2.250       4.6495571       2.6163754       13.323094
2.250       4.7752208       2.4121304       13.306120
2.250       4.9008845       2.4229987       14.449302
2.250       5.0265482       2.3017602       14.809483
2.250       5.1522120       2.2289063       15.443411
2.250       5.2778757       2.1505687       16.017733
2.250       5.4035394       2.0847055       16.662875
2.250       5.5292031       1.9856744       17.004580
2.250       5.6548668       1.9021563       17.425434
2.250       5.7805305       1.8674508       18.273533
2.250       5.9061942       1.7969451       18.755482
2.250       6.0318579       1.7436231       19.385463
2.250       6.1575216       1.6867720       19.950073
2.250       6.2831853       1.6154621       20.300496
2.250       6.4088490       1.5875607       21.170968
2.250       6.5345127       1.5279411       21.598148
2.250       6.6601764       1.4684126       21.977362
2.250       6.7858401       1.4387745       22.775812
2.250       6.9115038       1.3983040       23.387808
2.250       7.0371675       1.3580723       23.976558
2.250       7.1628313       1.2999951       24.202829
2.250       7.2884950       1.2655367       24.823247
2.250       7.4141587       1.2224458       25.239776
2.250       7.5398224       1.1979995       26.014187
2.250       7.6654861       1.1614285       26.502194
2.250       7.7911498       1.1342361       27.175554
2.250       7.9168135       1.1003967       27.661186
2.250       8.0424772       1.0716717       28.242395
2.250       8.2938046       1.0046240       29.035895
2.250       8.5451320      0.94021044       29.720195
2.250       8.7964594      0.88771665       30.610353
2.250       9.0477868      0.85661019       32.142568
2.250       9.2991143      0.81616565       33.248597
2.250       9.5504417      0.78642139       34.705311
2.250       9.8017691      0.74361254       35.475650
2.250       10.053096      0.70606182       36.342311
2.250       10.304424      0.68297420       37.856957
2.250       10.555751      0.65489806       39.022170
2.250       10.807079      0.60743518       38.841424
2.250       11.058406      0.58548651       40.111118
2.250       11.309734      0.57243471       41.952065
2.250       11.561061      0.53647538       41.996503
2.250       11.812388      0.51291870       42.828410
2.250       12.063716      0.49344899       43.889013
2.250       12.315043      0.46407145       43.909948
2.250       12.566371      0.45185474       45.425393
2.250       12.817698      0.43720668       46.643073
2.250       13.069025      0.41967856       47.458788
2.250       13.320353      0.40762360       48.806399
2.250       13.571680      0.39113167       49.532940
2.250       13.823008      0.37033526       49.553344
2.250       14.074335      0.36202997       51.132666
2.250       14.325663      0.34439263       51.294199
2.250       14.576990      0.33135111       51.995079
2.250       14.828317      0.32327299       53.396808
2.250       15.079645      0.31234739       54.260210
2.250       15.330972      0.30483475       55.647264
2.250       15.582300      0.28835103       55.269611
2.250       15.833627      0.27834490       55.975085
2.250       16.084954      0.27103671       57.142322
2.250       16.587609      0.25062785       57.949670
2.250       17.090264      0.24497399       61.949321
2.250       17.592919      0.22468598       61.981194
2.250       18.095574      0.20748918       62.284902
2.250       18.598229      0.19711153       64.238743
2.250       19.100883      0.19054649       67.271570
2.250       19.603538      0.17748079       67.736851
2.250       20.106193      0.16656070       68.585505
2.250       20.608848      0.16149163       71.611277
2.250       21.111503      0.15155020       72.241076
2.250       21.614157      0.14483390       74.089289
2.250       22.116812      0.13730346       75.252225
2.250       22.619467      0.13043052       76.470969
2.250       23.122122      0.12369749       77.466549
2.250       23.624777      0.11802661       78.841220
2.250       24.127432      0.11233237       79.929749
2.250       24.630086      0.10529654       79.704372
2.250       25.132741      0.10146129       81.600010
2.250       25.635396     0.099433241       84.863697
2.250       26.138051     0.093902342       84.950567
2.250       26.640706     0.091714182       87.850438
2.250       27.143361     0.086319963       87.452524
2.250       27.646015     0.082943695       88.787387
2.250       28.148670     0.079993121       90.385039
2.250       28.651325     0.077935141       92.861932
2.250       29.153980     0.074726622       93.807844
2.250       29.656635     0.071389684       94.334667
2.250       30.159289     0.068119773       94.668778
2.250       30.661944     0.067238142       98.194019
2.250       31.164599     0.064210695       98.460551
2.250       31.667254     0.062538289       100.61146
2.250       32.169909     0.058859367       99.273957
2.250       33.175218     0.057351198       106.08504
2.250       34.180528     0.053463803       108.15993
2.250       35.185838     0.050736960       111.96915
2.250       36.191147     0.047594991       114.29798
2.250       37.196457     0.044909335       117.08779
2.250       38.201767     0.042609593       120.34498
2.250       39.207076     0.040432936       123.45222
2.250       40.212386     0.039486955       130.07787
2.250       41.217696     0.036335520       128.89995
2.250       42.223005     0.035444714       135.16653
2.250       43.228315     0.034256587       140.19072
2.250       44.233625     0.033173234       145.45065
2.250       45.238934     0.032274241       151.37822
2.250       46.244244     0.030758079       154.09996
2.250       47.249554     0.029065505       155.32497
2.250       48.254863     0.027728653       157.84190
2.250       49.260173     0.028187324       170.69150
2.250       50.265482     0.026078022       167.78551
2.250       51.270792     0.025638523       175.05453
2.250       52.276102     0.024715774       178.87682
2.250       53.281411     0.024031342       184.15158
2.250       54.286721     0.023492018       190.40196
2.250       55.292031     0.023657096       202.59061
2.250       56.297340     0.023301692       210.63055
2.250       57.302650     0.022376379       213.29672
2.250       58.307960     0.022281631       223.76943
2.250       59.313269     0.021557637       227.89091
2.250       60.318579     0.021219563       235.91742
2.250       61.323889     0.021694089       253.45493
2.250       62.329198     0.020704531       253.98629
2.250       63.334508     0.020394990       262.49133
2.250       64.339818     0.020041815       270.42496
2.250       66.350437     0.018575123       274.87378
2.250       68.361056     0.018932901       306.41760
2.250       70.371675     0.018934932       334.29330
2.250       72.382295     0.018480773       355.04829
2.250       74.392914     0.017946031       374.31168
2.250       76.403533     0.017034968       384.90354
2.250       78.414153     0.016996691       415.16239
2.250       80.424772     0.016800477       442.75287
2.250       82.435391     0.017185862       487.73361
2.250       84.446011     0.016507145       503.59295
2.250       86.456630     0.015890100       520.22568
2.250       88.467249     0.015549331       545.41810
2.250       90.477868     0.016052494       602.33743
2.250       92.488488     0.015836526       634.73612
2.250       94.499107     0.014874977       635.93051
2.250       96.509726     0.015340831       698.60614
2.250       98.520346     0.014376638       696.47474
2.250       100.53096     0.015072124       775.79015
2.250       102.54158     0.014979289       818.20386
2.250       104.55220     0.014403772       833.96160
2.250       106.56282     0.014403218       882.97204
2.250       108.57344     0.013373969       867.16429
2.250       110.58406     0.014141138       968.79577
2.250       112.59468     0.014812717       1071.1705
2.250       114.60530     0.014085590       1074.1364
2.250       116.61592     0.013865765       1114.0062
2.250       118.62654     0.013674075       1156.4152
2.250       120.63716     0.013784291       1226.0212
2.250       122.64778     0.013576976       1268.9729
2.250       124.65840     0.012603527       1236.8783
2.250       126.66902     0.013041860       1342.8298
2.250       128.67964     0.013418804       1448.4834
2.250       132.70087     0.011916712       1410.7435
2.250       136.72211     0.012138778       1571.6705
2.250       140.74335     0.012404291       1751.9668
2.250       144.76459     0.011849599       1821.2138
2.250       148.78583     0.011622223       1939.2963
2.250       152.80707     0.011561398       2089.8298
2.250       156.82831     0.011359211       2219.6872
2.250       160.84954     0.011209747       2363.3365
2.250       164.87078     0.011050576       2508.9170
2.250       168.89202     0.010542447       2572.9958
2.250       172.91326     0.010367599       2715.3971
2.250       176.93450     0.011142042       3126.6019
2.250       180.95574     0.010290798       3089.1315
2.250       184.97698    0.0096810400       3104.1686
2.250       188.99821     0.010785306       3688.7211
2.250       193.01945    0.0092408290       3366.5451
2.250       197.04069    0.0099020548       3837.6322
2.250       201.06193    0.0096554938       3975.8893
2.250       205.08317    0.0096533821       4218.3228
2.250       209.10441    0.0094380270       4371.6062
2.250       213.12565    0.0094920100       4655.1704
2.250       217.14688    0.0090464214       4692.5389
2.250       221.16812    0.0088408907       4845.4473
2.250       225.18936    0.0085297817       4934.5980
2.250       229.21060    0.0082019182       5003.6830
2.250       233.23184    0.0076312311       4904.8798
2.250       237.25308    0.0075994071       5141.4490
2.250       241.27432    0.0078310080       5572.1295
2.250       245.29555    0.0075866099       5672.6638
2.250       249.31679    0.0075392328       5919.0500
2.250       253.33803    0.0072451088       5967.8286
2.250       257.35927    0.0067822163       5856.8128
2.250       265.40175    0.0067591583       6401.3889
2.250       273.44422    0.0066794946       6918.6303
2.250       281.48670    0.0067012606       7571.8223
2.250       289.52918    0.0059099783       7266.6319
2.250       297.57166    0.0064647694       8629.7454
2.250       305.61413    0.0055522798       8029.0082
2.250       313.65661    0.0053630758       8383.9277
2.250       321.69909    0.0040719763       6867.9162
2.250       329.74156    0.0051884598       9423.8811
2.250       337.78404    0.0052854105       10319.683
2.250       345.82652    0.0052658997       11033.612
2.250       353.86900    0.0032485514       7292.6864
2.250       361.91147    0.0043481934       10442.060
2.250       369.95395    0.0041710842       10699.469
2.250       377.99643    0.0029851810       8167.7797
2.250       386.03891    0.0037028222       10791.861
2.250       394.08138    0.0037264412       11553.732
2.250       402.12386    0.0030649743       10096.634
2.250       410.16634    0.0030061537       10509.002
2.250       418.20881    0.0031509772       11676.026
2.250       426.25129    0.0032759596       12853.042
2.250       434.29377    0.0029883698       12400.962
2.250       442.33625    0.0036085187       15821.833
2.250       450.37872    0.0032363582       14978.228
2.250       458.42120    0.0029495531       14395.294
2.250       466.46368    0.0025533962       13129.312
2.250       474.50615    0.0023146982       12528.244
2.250       482.54863    0.0028945496       16476.862
2.250       490.59111    0.0028533582       17068.115
2.250       498.63359    0.0031338742       19683.232
2.250       506.67606    0.0022535917       14850.349
2.250       514.71854    0.0031299602       21623.127
2.000     0.015707963       4529.0301   0.00088927299
2.000     0.031415927       3895.2946    0.0061187145
2.000     0.047123890       2610.9383     0.013841727
2.000     0.062831853       1665.3676     0.020927626
2.000     0.078539816       1527.9861     0.037502421
2.000     0.094247780       1121.9991     0.047585665
2.000      0.10995574       1040.2433     0.070058197
2.000      0.12566371       795.59604     0.079982038
2.000      0.14137167       649.08472     0.092909217
2.000      0.15707963       536.28764      0.10529983
2.000      0.17278760       451.64700      0.11803399
2.000      0.18849556       438.49355      0.14877736
2.000      0.20420352       348.38001      0.15028415
2.000      0.21991149       304.63732      0.16413345
2.000      0.23561945       281.70281      0.18667874
2.000      0.25132741       258.16972      0.20763241
2.000      0.26703538       226.61862      0.21861112
2.000      0.28274334       203.73976      0.23330454
2.000      0.29845130       191.36308      0.25772042
2.000      0.31415927       178.21647      0.27994177
2.000      0.32986723       155.42054      0.28261564
2.000      0.34557519       145.04677      0.30325362
2.000      0.36128316       134.41426      0.32111362
2.000      0.37699112       127.57595      0.34628401
2.000      0.39269908       120.60213      0.37000270
2.000      0.40840704       110.97892      0.38299265
2.000      0.42411501       100.39651      0.38800723
2.000      0.43982297       96.179207      0.41455788
2.000      0.45553093       90.743643      0.43455034
2.000      0.47123890       86.038569      0.45612811
2.000      0.48694686       81.540308      0.47696589
2.000      0.50265482       78.379327      0.50429116
2.000      0.51836279       73.556265      0.51902870
2.000      0.53407075       69.561357      0.53682741
2.000      0.54977871       65.983716      0.55548303
2.000      0.56548668       62.065833      0.56857791
2.000      0.58119464       61.389363      0.61055978
2.000      0.59690260       57.961128      0.62447853
2.000      0.61261057       56.456126      0.65755909
2.000      0.62831853       53.687271      0.67465414
2.000      0.64402649       51.461383      0.69640666
2.000      0.65973446       49.628412      0.72195169
2.000      0.67544242       47.707543      0.74477023
2.000      0.69115038       46.593836      0.77932102
2.000      0.70685835       44.714543      0.80004835
2.000      0.72256631       42.462835      0.81154456
2.000      0.73827427       41.741944      0.85093450
2.000      0.75398224       40.866848      0.88741086
2.000      0.76969020       38.957116      0.89992213
2.000      0.78539816       37.759624      0.92676061
2.000      0.80110613       36.502577      0.95074476
2.000      0.81681409       35.263130      0.97355564
2.000      0.83252205       34.307515       1.0028749
2.000      0.84823002       33.250170       1.0280282
2.000      0.86393798       32.568472       1.0639356
2.000      0.87964594       31.947086       1.1016033
2.000      0.89535391       30.522128       1.1098627
2.000      0.91106187       29.910381       1.1458712
2.000      0.92676983       29.749399       1.1996764
2.000      0.94247780       28.350046       1.2023680
2.000      0.95818576       27.837281       1.2406412
2.000      0.97389372       27.092287       1.2677997
2.000      0.98960169       26.634874       1.3076821
2.000       1.0053096       25.616684       1.3185382
2.000       1.0367256       24.640391       1.3909429
2.000       1.0681415       24.047623       1.4846661
2.000       1.0995574       22.492207       1.5148027
2.000       1.1309734       21.829838       1.5998449
2.000       1.1623893       20.776474       1.6530915
2.000       1.1938052       20.141119       1.7360182
2.000       1.2252211       19.671977       1.8329968
2.000       1.2566371       18.940607       1.9041175
2.000       1.2880530       18.187024       1.9689428
2.000       1.3194689       17.860637       2.0785702
2.000       1.3508848       17.313259       2.1622408
2.000       1.3823008       16.553448       2.2149625
2.000       1.4137167       16.305544       2.3339563
2.000       1.4451326       15.604296       2.3858193
2.000       1.4765485       15.031150       2.4513519
2.000       1.5079645       14.649078       2.5448014
2.000       1.5393804       14.163894       2.6175246
2.000       1.5707963       13.942062       2.7375176
2.000       1.6022123       13.840027       2.8838147
2.000       1.6336282       13.398171       2.9592075
2.000       1.6650441       12.900893       3.0169442
2.000       1.6964600       12.704830       3.1424619
2.000       1.7278760       12.410810       3.2434565
2.000       1.7592919       12.103180       3.3387466
2.000       1.7907078       11.885527       3.4575054
2.000       1.8221237       11.703664       3.5869531
2.000       1.8535397       11.399244       3.6774940
2.000       1.8849556       11.056962       3.7515388
2.000       1.9163715       10.896347       3.8849935
2.000       1.9477874       10.708164       4.0087592
2.000       1.9792034       10.381090       4.0774108
2.000       2.0106193       10.276975       4.2317997
2.000       2.0734512       10.016593       4.5234698
2.000       2.1362830       9.4048666       4.6451448
2.000       2.1991149       9.2550408       4.9864600
2.000       2.2619467       8.8920359       5.2133703
2.000       2.3247786       8.6099904       5.4804687
2.000       2.3876104       8.1941053       5.6501788
2.000       2.4504423       7.9977645       5.9617299
2.000       2.5132741       7.7900519       6.2651315
2.000       2.5761060       7.5637483       6.5508628
2.000       2.6389378       7.3174565       6.8126783
2.000       2.7017697       7.0811082       7.0748374
2.000       2.7646015       6.8791391       7.3638000
2.000       2.8274334       6.6245125       7.5857989
2.000       2.8902652       6.4524852       7.8924234
2.000       2.9530971       6.2973134       8.2159682
2.000       3.0159289       6.2141385       8.6360372
2.000       3.0787608       6.0472088       8.9403201
2.000       3.1415927       5.7937677       9.1008291
2.000       3.2044245       5.6472442       9.4136264
2.000       3.2672564       5.5940097       9.8842360
2.000       3.3300882       5.4166925       10.133784
2.000       3.3929201       5.3247469       10.536348
2.000       3.4557519       5.1510993       10.769557
2.000       3.5185838       5.1402515       11.343794
2.000       3.5814156       4.9205875       11.451210
2.000       3.6442475       4.8057293       11.782926
2.000       3.7070793       4.7909117       12.364714
2.000       3.7699112       4.6625092       12.655617
2.000       3.8327430       4.4872624       12.799141
2.000       3.8955749       4.4291405       13.264913
2.000       3.9584067       4.3491020       13.665676
2.000       4.0212386       4.2083378       13.863101
2.000       4.1469023       4.0912811       14.780904
2.000       4.2725660       3.8505672       15.214627
2.000       4.3982297       3.7045930       15.967778
2.000       4.5238934       3.5403082       16.605365
2.000       4.6495571       3.4570843       17.604147
2.000       4.7752208       3.2667102       18.020268
2.000       4.9008845       3.2121771       19.155485
2.000       5.0265482       3.0378942       19.545756
2.000       5.1522120       2.9295567       20.298004
2.000       5.2778757       2.8229612       21.025805
2.000       5.4035394       2.7170302       21.716992
2.000       5.5292031       2.5748668       22.050206
2.000       5.6548668       2.5279415       23.158179
2.000       5.7805305       2.4286524       23.765048
2.000       5.9061942       2.3463097       24.489434
2.000       6.0318579       2.2735910       25.277604
2.000       6.1575216       2.1764293       25.741429
2.000       6.2831853       2.1042494       26.442778
2.000       6.4088490       2.0634827       27.517642
2.000       6.5345127       1.9632945       27.752066
2.000       6.6601764       1.9077808       28.553275
2.000       6.7858401       1.8699137       29.600749
2.000       6.9115038       1.7882110       29.909330
2.000       7.0371675       1.7319386       30.577110
2.000       7.1628313       1.6775756       31.232483
2.000       7.2884950       1.6206391       31.788507
2.000       7.4141587       1.5967633       32.968291
2.000       7.5398224       1.5222361       33.054883
2.000       7.6654861       1.4809028       33.792157
2.000       7.7911498       1.4446430       34.612698
2.000       7.9168135       1.3948769       35.063671
2.000       8.0424772       1.3628062       35.914836
2.000       8.2938046       1.2828859       37.078290
2.000       8.5451320       1.2106581       38.269088
2.000       8.7964594       1.1393367       39.286745
2.000       9.0477868       1.1000446       41.276953
2.000       9.2991143       1.0406276       42.392630
2.000       9.5504417      0.98452015       43.447544
2.000       9.8017691      0.94926031       45.286523
2.000       10.053096      0.86843935       44.700184
2.000       10.304424      0.85729863       47.519683
2.000       10.555751      0.82660800       49.253525
2.000       10.807079      0.76658601       49.018057
2.000       11.058406      0.72667327       49.783686
2.000       11.309734      0.71632746       52.497543
2.000       11.561061      0.68643774       53.735895
2.000       11.812388      0.65135543       54.387794
2.000       12.063716      0.61717776       54.893866
2.000       12.315043      0.58995648       55.821057
2.000       12.566371      0.56944828       57.247185
2.000       12.817698      0.54398761       58.034918
2.000       13.069025      0.52558772       59.435385
2.000       13.320353      0.50106159       59.994102
2.000       13.571680      0.48052840       60.854147
2.000       13.823008      0.46767063       62.577470
2.000       14.074335      0.44062730       62.233657
2.000       14.325663      0.42994780       64.036875
2.000       14.576990      0.40995988       64.330241
2.000       14.828317      0.39912670       65.925988
2.000       15.079645      0.38528728       66.931146
2.000       15.330972      0.37132004       67.784083
2.000       15.582300      0.35998839       69.000685
2.000       15.833627      0.34480506       69.340204
2.000       16.084954      0.33276369       70.156141
2.000       16.587609      0.30974191       71.617905
2.000       17.090264      0.28392676       71.799744
2.000       17.592919      0.27225719       75.104044
2.000       18.095574      0.25545349       76.683012
2.000       18.598229      0.24721338       80.566957
2.000       19.100883      0.22770595       80.390550
2.000       19.603538      0.21176772       80.822709
2.000       20.106193      0.20473885       84.306304
2.000       20.608848      0.19667594       87.213280
2.000       21.111503      0.18658094       88.939560
2.000       21.614157      0.17299950       88.497305
2.000       22.116812      0.16646430       91.234471
2.000       22.619467      0.16045377       94.073500
2.000       23.122122      0.15069166       94.371866
2.000       23.624777      0.14087500       94.103836
2.000       24.127432      0.13632112       96.998872
2.000       24.630086      0.13134530       99.422022
2.000       25.132741      0.12485997       100.41834
2.000       25.635396      0.12083791       103.13203
2.000       26.138051      0.11507536       104.10515
2.000       26.640706      0.10853214       103.95988
2.000       27.143361      0.10480792       106.18305
2.000       27.646015     0.098508612       105.44891
2.000       28.148670     0.095729244       108.16544
2.000       28.651325     0.092479090       110.19146
2.000       29.153980     0.088183059       110.70034
2.000       29.656635     0.087828758       116.05734
2.000       30.159289     0.081328478       113.02544
2.000       30.661944     0.078454639       114.57450
2.000       31.164599     0.076503202       117.30986
2.000       31.667254     0.074783216       120.31108
2.000       32.169909     0.073251762       123.54860
2.000       33.175218     0.065305423       120.79832
2.000       34.180528     0.062225349       125.88498
2.000       35.185838     0.058630145       129.38827
2.000       36.191147     0.057072893       137.05889
2.000       37.196457     0.053816440       140.31043
2.000       38.201767     0.049658960       140.25496
2.000       39.207076     0.047470450       144.93957
2.000       40.212386     0.044376828       146.18609
2.000       41.217696     0.043517727       154.37877
2.000       42.223005     0.041650944       158.83366
2.000       43.228315     0.039227242       160.53250
2.000       44.233625     0.036899066       161.78685
2.000       45.238934     0.036084961       169.25192
2.000       46.244244     0.034471545       172.70466
2.000       47.249554     0.033654929       179.85067
2.000       48.254863     0.032333238       184.05293
2.000       49.260173     0.030185008       182.78870
2.000       50.265482     0.029322124       188.65801
2.000       51.270792     0.028922022       197.47358
2.000       52.276102     0.028648463       207.33908
2.000       53.281411     0.027243204       208.76399
2.000       54.286721     0.026423457       214.16117
2.000       55.292031     0.025210150       215.89039
2.000       56.297340     0.024903643       225.11103
2.000       57.302650     0.025328747       241.43937
2.000       58.307960     0.024677351       247.82912
2.000       59.313269     0.024646895       260.54819
2.000       60.318579     0.022630290       251.60176
2.000       61.323889     0.022809750       266.48934
2.000       62.329198     0.021826173       267.74568
2.000       63.334508     0.021004065       270.33036
2.000       64.339818     0.021128959       285.09384
2.000       66.350437     0.022034042       326.05870
2.000       68.361056     0.020176185       326.53941
2.000       70.371675     0.019728767       348.30834
2.000       72.382295     0.019150399       367.91300
2.000       74.392914     0.018279750       381.27228
2.000       76.403533     0.018780915       424.35306
2.000       78.414153     0.016937062       413.70589
2.000       80.424772     0.017592421       463.62343
2.000       82.435391     0.016440110       466.56923
2.000       84.446011     0.017839636       544.24400
2.000       86.456630     0.016808923       550.30701
2.000       88.467249     0.017127622       600.77922
2.000       90.477868     0.015998738       600.32034
2.000       92.488488     0.015532442       622.54830
2.000       94.499107     0.016374771       700.04926
2.000       96.509726     0.015421497       702.27960
2.000       98.520346     0.015398446       745.97613
2.000       100.53096     0.014762299       759.84291
2.000       102.54158     0.014865985       812.01492
2.000       104.55220     0.014906428       863.06483
2.000       106.56282     0.015133069       927.71466
2.000       108.57344     0.014578215       945.24725
2.000       110.58406     0.015120605       1035.8981
2.000       112.59468     0.014069175       1017.4018
2.000       114.60530     0.014668515       1118.5889
2.000       116.61592     0.014635186       1175.8232
2.000       118.62654     0.014432239       1220.5330
2.000       120.63716     0.013783326       1225.9354
2.000       122.64778     0.013086616       1223.1414
2.000       124.65840     0.013427931       1317.7832
2.000       126.66902     0.014214996       1463.6195
2.000       128.67964     0.013316722       1437.4643
2.000       132.70087     0.012488385       1478.4202
2.000       136.72211     0.012669661       1640.4067
2.000       140.74335     0.012591343       1778.3857
2.000       144.76459     0.011790855       1812.1853
2.000       148.78583     0.011977227       1998.5326
2.000       152.80707     0.012982209       2346.6547
2.000       156.82831     0.011612708       2269.2227
2.000       160.84954     0.012236985       2579.9077
2.000       164.87078     0.012165653       2762.0834
2.000       168.89202     0.011557507       2820.7320
2.000       172.91326     0.011201621       2933.8373
2.000       176.93450     0.010393718       2916.6126
2.000       180.95574     0.010221518       3068.3347
2.000       184.97698     0.010714584       3435.5683
2.000       188.99821     0.010935098       3739.9521
2.000       193.01945     0.010021655       3651.0093
2.000       197.04069    0.0098171213       3804.7155
2.000       201.06193     0.010340803       4258.0825
2.000       205.08317     0.010407551       4547.8784
2.000       209.10441    0.0097035853       4494.6103
2.000       213.12565    0.0099395586       4874.6619
2.000       217.14688    0.0088660588       4598.9816
2.000       221.16812    0.0092453930       5067.1438
2.000       225.18936    0.0089418679       5172.9957
2.000       229.21060    0.0086293875       5264.4660
2.000       233.23184    0.0085163577       5473.7841
2.000       237.25308    0.0086059100       5822.4078
2.000       241.27432    0.0081337765       5787.5635
2.000       245.29555    0.0078804387       5892.3656
2.000       249.31679    0.0077448269       6080.4619
2.000       253.33803    0.0080378153       6620.7845
2.000       257.35927    0.0078974135       6819.8463
2.000       265.40175    0.0070100871       6639.0357
2.000       273.44422    0.0072467074       7506.1502
2.000       281.48670    0.0066299071       7491.1992
2.000       289.52918    0.0070495736       8667.8248
2.000       297.57166    0.0057813657       7717.4778
2.000       305.61413    0.0063578345       9193.9002
2.000       313.65661    0.0055907258       8739.8059
2.000       321.69909    0.0055726194       9398.9455
2.000       329.74156    0.0056213182       10210.089
2.000       337.78404    0.0046775582       9132.8609
2.000       345.82652    0.0049939453       10463.788
2.000       353.86900    0.0047674197       10702.400
2.000       361.91147    0.0037730430       9060.8527
2.000       369.95395    0.0043194833       11080.135
2.000       377.99643    0.0041410552       11330.377
2.000       386.03891    0.0038463571       11210.193
2.000       394.08138    0.0039452054       12232.005
2.000       402.12386    0.0040799839       13440.278
2.000       410.16634    0.0038476266       13450.648
2.000       418.20881    0.0029948760       11097.589
2.000       426.25129    0.0033548193       13162.443
2.000       434.29377    0.0032717016       13576.716
2.000       442.33625    0.0031055392       13616.480
2.000       450.37872    0.0030723799       14219.318
2.000       458.42120    0.0033792851       16492.602
2.000       466.46368    0.0031190121       16037.653
2.000       474.50615    0.0027590679       14933.383
2.000       482.54863    0.0027056072       15401.331
2.000       490.59111    0.0032626658       19516.497
2.000       498.63359    0.0034735246       21816.507
2.000       506.67606    0.0027657773       18225.465
2.000       514.71854    0.0025680685       17741.335
1.750     0.015707963       5337.5599    0.0010480274
1.750     0.031415927       4583.0307    0.0071990078
1.750     0.047123890       3074.7931     0.016300824
1.750     0.062831853       1958.7179     0.024613975
1.750     0.078539816       1804.8901     0.044298669
1.750     0.094247780       1323.3870     0.056126831
1.750      0.10995574       1226.9393     0.082631773
1.750      0.12566371       937.31237     0.094228917
1.750      0.14137167       766.78976      0.10975738
1.750      0.15707963       635.90512      0.12485968
1.750      0.17278760       535.45947      0.13993764
1.750      0.18849556       519.63006      0.17630633
1.750      0.20420352       414.51895      0.17881516
1.750      0.21991149       362.93289      0.19554212
1.750      0.23561945       335.77228      0.22250947
1.750      0.25132741       308.63019      0.24821513
1.750      0.26703538       270.81509      0.26124592
1.750      0.28274334       244.16131      0.27959169
1.750      0.29845130       228.83537      0.30818666
1.750      0.31415927       214.07499      0.33626821
1.750      0.32986723       187.35622      0.34068726
1.750      0.34557519       175.14228      0.36617521
1.750      0.36128316       162.42362      0.38802758
1.750      0.37699112       154.57996      0.41958197
1.750      0.39269908       146.16280      0.44842184
1.750      0.40840704       134.99644      0.46587807
1.750      0.42411501       122.59682      0.47380582
1.750      0.43982297       117.18390      0.50509370
1.750      0.45553093       110.94618      0.53129562
1.750      0.47123890       105.70498      0.56038837
1.750      0.48694686       100.00484      0.58497325
1.750      0.50265482       96.430231      0.62043035
1.750      0.51836279       90.555950      0.63898211
1.750      0.53407075       86.248282      0.66560579
1.750      0.54977871       81.404197      0.68530014
1.750      0.56548668       76.947265      0.70490498
1.750      0.58119464       76.115220      0.75701864
1.750      0.59690260       72.136578      0.77720613
1.750      0.61261057       70.348399      0.81936598
1.750      0.62831853       66.927587      0.84103686
1.750      0.64402649       64.345534      0.87076280
1.750      0.65973446       61.865633      0.89996832
1.750      0.67544242       59.529437      0.92932374
1.750      0.69115038       58.290113      0.97495106
1.750      0.70685835       56.069705       1.0032189
1.750      0.72256631       53.530078       1.0230604
1.750      0.73827427       52.689806       1.0741132
1.750      0.75398224       51.388142       1.1158775
1.750      0.76969020       49.301611       1.1388833
1.750      0.78539816       47.928379       1.1763394
1.750      0.80110613       46.236686       1.2042790
1.750      0.81681409       44.734718       1.2350502
1.750      0.83252205       43.608944       1.2747736
1.750      0.84823002       42.420740       1.3115638
1.750      0.86393798       41.497268       1.3556184
1.750      0.87964594       40.601425       1.4000233
1.750      0.89535391       39.014452       1.4186654
1.750      0.91106187       38.303799       1.4674243
1.750      0.92676983       38.181741       1.5397196
1.750      0.94247780       36.452106       1.5459885
1.750      0.95818576       35.823677       1.5965758
1.750      0.97389372       34.826419       1.6297229
1.750      0.98960169       34.429950       1.6903939
1.750       1.0053096       32.994271       1.6982763
1.750       1.0367256       31.746377       1.7920737
1.750       1.0681415       31.281283       1.9312620
1.750       1.0995574       29.076367       1.9582320
1.750       1.1309734       28.432757       2.0837535
1.750       1.1623893       27.037572       2.1512592
1.750       1.1938052       26.337289       2.2700830
1.750       1.2252211       25.654151       2.3904042
1.750       1.2566371       24.773416       2.4904954
1.750       1.2880530       23.869266       2.5841071
1.750       1.3194689       23.486281       2.7332667
1.750       1.3508848       22.911906       2.8614520
1.750       1.3823008       21.911837       2.9319509
1.750       1.4137167       21.499635       3.0774323
1.750       1.4451326       20.695714       3.1642719
1.750       1.4765485       19.848749       3.2370290
1.750       1.5079645       19.447442       3.3783612
1.750       1.5393804       18.851970       3.4838934
1.750       1.5707963       18.502567       3.6329706
1.750       1.6022123       18.592542       3.8740852
1.750       1.6336282       17.925788       3.9592066
1.750       1.6650441       17.408206       4.0710039
1.750       1.6964600       17.152770       4.2426325
1.750       1.7278760       16.751131       4.3777613
1.750       1.7592919       16.324164       4.5031343
1.750       1.7907078       16.070481       4.6749106
1.750       1.8221237       15.761389       4.8305697
1.750       1.8535397       15.393532       4.9660856
1.750       1.8849556       14.898543       5.0549564
1.750       1.9163715       14.657806       5.2261078
1.750       1.9477874       14.502068       5.4290630
1.750       1.9792034       14.116014       5.5443880
1.750       2.0106193       13.977807       5.7557093
1.750       2.0734512       13.616447       6.1491554
1.750       2.1362830       12.821971       6.3328822
1.750       2.1991149       12.487351       6.7279741
1.750       2.2619467       12.182273       7.1424250
1.750       2.3247786       11.825228       7.5270458
1.750       2.3876104       11.101124       7.6546899
1.750       2.4504423       10.887569       8.1158612
1.750       2.5132741       10.470381       8.4207802
1.750       2.5761060       10.234880       8.8642946
1.750       2.6389378       10.085265       9.3895561
1.750       2.7017697       9.6796927       9.6711207
1.750       2.7646015       9.4596476       10.126115
1.750       2.8274334       9.1273108       10.451780
1.750       2.8902652       8.7572747       10.711550
1.750       2.9530971       8.5795595       11.193565
1.750       3.0159289       8.5053708       11.820254
1.750       3.0787608       8.1927876       12.112389
1.750       3.1415927       7.9454322       12.480656
1.750       3.2044245       7.7491942       12.917454
1.750       3.2672564       7.5637572       13.364647
1.750       3.3300882       7.4358858       13.911379
1.750       3.3929201       7.2639513       14.373551
1.750       3.4557519       7.0717522       14.785124
1.750       3.5185838       7.0038936       15.456583
1.750       3.5814156       6.6926351       15.575126
1.750       3.6442475       6.5503120       16.060381
1.750       3.7070793       6.4477841       16.640884
1.750       3.7699112       6.2617197       16.996411
1.750       3.8327430       6.1184400       17.451794
1.750       3.8955749       5.9710825       17.882902
1.750       3.9584067       5.8313371       18.323130
1.750       4.0212386       5.6883271       18.738479
1.750       4.1469023       5.5297026       19.977606
1.750       4.2725660       5.2533098       20.757240
1.750       4.3982297       5.0501158       21.767338
1.750       4.5238934       4.7280592       22.176360
1.750       4.6495571       4.5575736       23.208054
1.750       4.7752208       4.4487347       24.540712
1.750       4.9008845       4.3093958       25.698635
1.750       5.0265482       4.0755611       26.222086
1.750       5.1522120       3.8964872       26.997570
1.750       5.2778757       3.7495107       27.926874
1.750       5.4035394       3.5486621       28.364156
1.750       5.5292031       3.4477203       29.525000
1.750       5.6548668       3.3314907       30.519400
1.750       5.7805305       3.1934460       31.248769
1.750       5.9061942       3.1128877       32.490536
1.750       6.0318579       2.9703463       33.024074
1.750       6.1575216       2.8954602       34.245672
1.750       6.2831853       2.7286131       34.288763
1.750       6.4088490       2.7010826       36.020376
1.750       6.5345127       2.5920812       36.640255
1.750       6.6601764       2.4999757       37.416508
1.750       6.7858401       2.4338721       38.528214
1.750       6.9115038       2.3279874       38.937544
1.750       7.0371675       2.2486194       39.699030
1.750       7.1628313       2.2051617       41.054887
1.750       7.2884950       2.1154224       41.493582
1.750       7.4141587       2.0487413       42.300258
1.750       7.5398224       2.0130086       43.711854
1.750       7.6654861       1.8926002       43.186522
1.750       7.7911498       1.8434775       44.168511
1.750       7.9168135       1.8217553       45.794312
1.750       8.0424772       1.7402676       45.862297
1.750       8.2938046       1.6207685       46.843858
1.750       8.5451320       1.5643673       49.449890
1.750       8.7964594       1.4425052       49.740639
1.750       9.0477868       1.4166893       53.158408
1.750       9.2991143       1.3002067       52.967248
1.750       9.5504417       1.2514952       55.229335
1.750       9.8017691       1.2130143       57.869479
1.750       10.053096       1.1303175       58.179537
1.750       10.304424       1.0632313       58.934442
1.750       10.555751       1.0093141       60.140087
1.750       10.807079      0.97651942       62.441897
1.750       11.058406      0.93542128       64.084812
1.750       11.309734      0.89403715       65.521366
1.750       11.561061      0.84588219       66.217566
1.750       11.812388      0.80324978       67.070884
1.750       12.063716      0.76692838       68.213190
1.750       12.315043      0.73767353       69.797888
1.750       12.566371      0.71316479       71.695145
1.750       12.817698      0.66722507       71.182415
1.750       13.069025      0.65406500       73.964067
1.750       13.320353      0.63510780       76.043990
1.750       13.571680      0.60554957       76.686835
1.750       13.823008      0.58401956       78.145738
1.750       14.074335      0.56342566       79.577546
1.750       14.325663      0.54565898       81.271020
1.750       14.576990      0.52279837       82.036673
1.750       14.828317      0.49727802       82.138192
1.750       15.079645      0.47989227       83.365689
1.750       15.330972      0.46610046       85.086151
1.750       15.582300      0.44661649       85.605105
1.750       15.833627      0.43275805       87.027527
1.750       16.084954      0.41774788       88.073248
1.750       16.587609      0.38265305       88.476273
1.750       17.090264      0.36433461       92.133379
1.750       17.592919      0.33533911       92.505629
1.750       18.095574      0.33202368       99.668147
1.750       18.598229      0.30428953       99.168103
1.750       19.100883      0.28303331       99.923622
1.750       19.603538      0.27511472       104.99956
1.750       20.106193      0.25472881       104.89091
1.750       20.608848      0.24343200       107.94662
1.750       21.111503      0.22746291       108.42721
1.750       21.614157      0.21424029       109.59389
1.750       22.116812      0.20295606       111.23460
1.750       22.619467      0.19294444       113.12266
1.750       23.122122      0.18731936       117.31026
1.750       23.624777      0.17578682       117.42477
1.750       24.127432      0.16768687       119.31707
1.750       24.630086      0.15827145       119.80381
1.750       25.132741      0.15482572       124.51823
1.750       25.635396      0.14556950       124.23980
1.750       26.138051      0.13946675       126.17128
1.750       26.640706      0.13353858       127.91285
1.750       27.143361      0.12605559       127.70951
1.750       27.646015      0.12200418       130.59983
1.750       28.148670      0.11763131       132.91281
1.750       28.651325      0.11466588       136.62765
1.750       29.153980      0.10779183       135.31616
1.750       29.656635      0.10325811       136.44576
1.750       30.159289      0.10077480       140.05078
1.750       30.661944     0.096288408       140.61878
1.750       31.164599     0.093162875       142.85577
1.750       31.667254     0.090041561       144.85867
1.750       32.169909     0.085103569       143.53821
1.750       33.175218     0.081607105       150.95225
1.750       34.180528     0.074360418       150.43483
1.750       35.185838     0.071899291       158.67136
1.750       36.191147     0.067125466       161.19985
1.750       37.196457     0.061866697       161.29909
1.750       38.201767     0.059514364       168.09020
1.750       39.207076     0.054236592       165.59836
1.750       40.212386     0.053073901       174.83597
1.750       41.217696     0.050565799       179.38175
1.750       42.223005     0.047459189       180.98309
1.750       43.228315     0.044325289       181.39560
1.750       44.233625     0.043684812       191.53948
1.750       45.238934     0.041652048       195.36363
1.750       46.244244     0.039206249       196.42583
1.750       47.249554     0.036984129       197.64179
1.750       48.254863     0.036621489       208.46326
1.750       49.260173     0.034673938       209.97192
1.750       50.265482     0.033823659       217.62080
1.750       51.270792     0.032817910       224.07389
1.750       52.276102     0.031581824       228.56886
1.750       53.281411     0.031012354       237.64690
1.750       54.286721     0.029404773       238.32462
1.750       55.292031     0.028763506       246.32002
1.750       56.297340     0.028368864       256.43414
1.750       57.302650     0.027310300       260.32798
1.750       58.307960     0.026596438       267.10208
1.750       59.313269     0.025634839       270.99198
1.750       60.318579     0.025268511       280.93330
1.750       61.323889     0.024220574       282.97218
1.750       62.329198     0.025193904       309.05826
1.750       63.334508     0.023805853       306.39044
1.750       64.339818     0.023455404       316.48465
1.750       66.350437     0.021187276       313.52830
1.750       68.361056     0.022815556       369.25604
1.750       70.371675     0.021496522       379.51779
1.750       72.382295     0.020166921       387.44218
1.750       74.392914     0.020239253       422.14287
1.750       76.403533     0.018676258       421.98835
1.750       78.414153     0.018577282       453.77002
1.750       80.424772     0.018384737       484.50382
1.750       82.435391     0.016833399       477.73073
1.750       84.446011     0.018032835       550.13804
1.750       86.456630     0.017059590       558.51361
1.750       88.467249     0.016587534       581.83477
1.750       90.477868     0.017782896       667.26728
1.750       92.488488     0.016817498       674.05399
1.750       94.499107     0.016306717       697.13985
1.750       96.509726     0.016075122       732.04501
1.750       98.520346     0.015442774       748.12359
1.750       100.53096     0.015891166       817.94780
1.750       102.54158     0.015114421       825.58510
1.750       104.55220     0.015512335       898.14613
1.750       106.56282     0.015181210       930.66591
1.750       108.57344     0.014994790       972.25789
1.750       110.58406     0.015546164       1065.0527
1.750       112.59468     0.014247101       1030.2684
1.750       114.60530     0.015065646       1148.8733
1.750       116.61592     0.015057172       1209.7265
1.750       118.62654     0.014289803       1208.4873
1.750       120.63716     0.014029174       1247.8019
1.750       122.64778     0.013770679       1287.0774
1.750       124.65840     0.013677369       1342.2624
1.750       126.66902     0.014164310       1458.4008
1.750       128.67964     0.014040630       1515.6060
1.750       132.70087     0.013741173       1626.7298
1.750       136.72211     0.013068985       1692.1092
1.750       140.74335     0.013763125       1943.8869
1.750       144.76459     0.013037665       2003.8126
1.750       148.78583     0.013320573       2222.6847
1.750       152.80707     0.012599415       2277.4611
1.750       156.82831     0.013939720       2723.9407
1.750       160.84954     0.012513451       2638.1948
1.750       164.87078     0.012601088       2860.9443
1.750       168.89202     0.011714824       2859.1269
1.750       172.91326     0.011507733       3014.0117
1.750       176.93450     0.011094073       3113.1413
1.750       180.95574     0.011204211       3363.3231
1.750       184.97698     0.011417638       3660.9986
1.750       188.99821     0.010937747       3740.8579
1.750       193.01945     0.010938374       3984.9810
1.750       197.04069     0.010748564       4165.7045
1.750       201.06193     0.011084895       4564.4807
1.750       205.08317     0.010112071       4418.7603
1.750       209.10441    0.0096609992       4474.8848
1.750       213.12565     0.010579899       5188.7043
1.750       217.14688     0.010299476       5342.5203
1.750       221.16812    0.0099989910       5480.1700
1.750       225.18936    0.0098011260       5670.0885
1.750       229.21060    0.0087856451       5359.7929
1.750       233.23184    0.0093963152       6039.3659
1.750       237.25308    0.0091438572       6186.3609
1.750       241.27432    0.0092328250       6569.5881
1.750       245.29555    0.0093629605       7000.8776
1.750       249.31679    0.0087639969       6880.6121
1.750       253.33803    0.0085652820       7055.2613
1.750       257.35927    0.0083024989       7169.6596
1.750       265.40175    0.0080392704       7613.7433
1.750       273.44422    0.0079629280       8248.0125
1.750       281.48670    0.0081668689       9227.8279
1.750       289.52918    0.0069305727       8521.5069
1.750       297.57166    0.0067824078       9053.7572
1.750       305.61413    0.0075656439       10940.482
1.750       313.65661    0.0063606004       9943.3266
1.750       321.69909    0.0054636823       9215.2088
1.750       329.74156    0.0061451565       11161.544
1.750       337.78404    0.0057665988       11259.196
1.750       345.82652    0.0055530274       11635.230
1.750       353.86900    0.0049389665       11087.506
1.750       361.91147    0.0047564208       11422.406
1.750       369.95395    0.0048713722       12495.815
1.750       377.99643    0.0046731860       12786.345
1.750       386.03891    0.0041209752       12010.566
1.750       394.08138    0.0047266148       14654.743
1.750       402.12386    0.0035835380       11804.886
1.750       410.16634    0.0039798209       13912.777
1.750       418.20881    0.0057526125       21316.452
1.750       426.25129    0.0028294373       11101.137
1.750       434.29377    0.0038256368       15875.404
1.750       442.33625    0.0034192307       14991.885
1.750       450.37872    0.0039386902       18228.699
1.750       458.42120    0.0031500212       15373.679
1.750       466.46368    0.0029968571       15409.544
1.750       474.50615    0.0036924037       19985.038
1.750       482.54863    0.0027909364       15887.057
1.750       490.59111    0.0029143044       17432.681
1.750       498.63359    0.0029690984       18648.308
1.750       506.67606    0.0030519580       20111.292
1.750       514.71854    0.0025591979       17680.053
1.500     0.015707963       6370.3884    0.0012508228
1.500     0.031415927       5458.9869    0.0085749566
1.500     0.047123890       3666.2469     0.019436379
1.500     0.062831853       2332.0294     0.029305146
1.500     0.078539816       2159.7322     0.053007802
1.500     0.094247780       1580.8180     0.067044862
1.500      0.10995574       1465.6910     0.098711200
1.500      0.12566371       1118.3288      0.11242667
1.500      0.14137167       917.86328      0.13138186
1.500      0.15707963       764.55082      0.15011920
1.500      0.17278760       643.58163      0.16819442
1.500      0.18849556       624.20125      0.21178650
1.500      0.20420352       500.66934      0.21597871
1.500      0.21991149       438.89175      0.23646748
1.500      0.23561945       406.23400      0.26920302
1.500      0.25132741       374.86358      0.30148318
1.500      0.26703538       328.76830      0.31715137
1.500      0.28274334       297.25966      0.34039516
1.500      0.29845130       278.00130      0.37440144
1.500      0.31415927       261.33898      0.41051032
1.500      0.32986723       229.88554      0.41802228
1.500      0.34557519       215.21986      0.44996659
1.500      0.36128316       199.76304      0.47723088
1.500      0.37699112       190.75510      0.51777345
1.500      0.39269908       180.20270      0.55285497
1.500      0.40840704       167.20297      0.57702406
1.500      0.42411501       152.68944      0.59010622
1.500      0.43982297       145.39652      0.62669753
1.500      0.45553093       138.25525      0.66207244
1.500      0.47123890       132.51214      0.70250484
1.500      0.48694686       125.20468      0.73237841
1.500      0.50265482       121.09419      0.77911780
1.500      0.51836279       113.79057      0.80293052
1.500      0.53407075       109.29793      0.84348732
1.500      0.54977871       102.50733      0.86295657
1.500      0.56548668       97.610623      0.89419961
1.500      0.58119464       96.416051      0.95892447
1.500      0.59690260       91.942486      0.99059680
1.500      0.61261057       89.676300       1.0444830
1.500      0.62831853       85.272672       1.0715680
1.500      0.64402649       82.406384       1.1151732
1.500      0.65973446       79.001615       1.1492479
1.500      0.67544242       76.162858       1.1889908
1.500      0.69115038       74.577805       1.2473764
1.500      0.70685835       71.918641       1.2867936
1.500      0.72256631       69.243947       1.3233819
1.500      0.73827427       68.068339       1.3876138
1.500      0.75398224       66.148618       1.4363966
1.500      0.76969020       64.016597       1.4788043
1.500      0.78539816       62.255878       1.5279891
1.500      0.80110613       59.999318       1.5627400
1.500      0.81681409       58.278678       1.6089762
1.500      0.83252205       56.760854       1.6592293
1.500      0.84823002       55.488299       1.7155864
1.500      0.86393798       54.222594       1.7713250
1.500      0.87964594       52.880167       1.8234203
1.500      0.89535391       51.155780       1.8601551
1.500      0.91106187       50.258876       1.9254251
1.500      0.92676983       50.190515       2.0239863
1.500      0.94247780       48.044380       2.0376343
1.500      0.95818576       47.367817       2.1110706
1.500      0.97389372       46.009599       2.1530465
1.500      0.98960169       45.559646       2.2368243
1.500       1.0053096       43.740200       2.2513892
1.500       1.0367256       41.842066       2.3619724
1.500       1.0681415       41.616621       2.5693510
1.500       1.0995574       38.549549       2.5962309
1.500       1.1309734       38.026251       2.7868326
1.500       1.1623893       36.341567       2.8915367
1.500       1.1938052       35.411745       3.0522352
1.500       1.2252211       34.444231       3.2094469
1.500       1.2566371       33.110947       3.3286754
1.500       1.2880530       32.193526       3.4852986
1.500       1.3194689       31.621268       3.6799934
1.500       1.3508848       31.053199       3.8782124
1.500       1.3823008       29.651839       3.9676151
1.500       1.4137167       28.913554       4.1386518
1.500       1.4451326       27.978384       4.2777558
1.500       1.4765485       26.871099       4.3822675
1.500       1.5079645       26.504367       4.6042726
1.500       1.5393804       25.658326       4.7417257
1.500       1.5707963       25.083276       4.9250897
1.500       1.6022123       25.353104       5.2827680
1.500       1.6336282       24.454707       5.4012263
1.500       1.6650441       23.873528       5.5829546
1.500       1.6964600       23.586941       5.8340853
1.500       1.7278760       23.042963       6.0220764
1.500       1.7592919       22.440130       6.1902662
1.500       1.7907078       22.050583       6.4145251
1.500       1.8221237       21.525688       6.5972188
1.500       1.8535397       21.178365       6.8323223
1.500       1.8849556       20.546891       6.9713960
1.500       1.9163715       20.254924       7.2217094
1.500       1.9477874       19.899771       7.4497726
1.500       1.9792034       19.558500       7.6820488
1.500       2.0106193       19.285511       7.9412880
1.500       2.0734512       18.642945       8.4191105
1.500       2.1362830       17.695550       8.7399848
1.500       2.1991149       17.072525       9.1983886
1.500       2.2619467       16.872452       9.8922608
1.500       2.3247786       16.474249       10.486261
1.500       2.3876104       15.480635       10.674546
1.500       2.4504423       14.990345       11.174171
1.500       2.5132741       14.417321       11.595098
1.500       2.5761060       14.172510       12.274625
1.500       2.6389378       14.001313       13.035464
1.500       2.7017697       13.394966       13.383104
1.500       2.7646015       13.047654       13.966909
1.500       2.8274334       12.715749       14.560938
1.500       2.8902652       12.075131       14.769820
1.500       2.9530971       11.795804       15.389729
1.500       3.0159289       11.594863       16.113846
1.500       3.0787608       11.238835       16.615728
1.500       3.1415927       10.847357       17.038988
1.500       3.2044245       10.630106       17.719766
1.500       3.2672564       10.299347       18.198249
1.500       3.3300882       10.122713       18.938012
1.500       3.3929201       9.8523026       19.495253
1.500       3.4557519       9.5687536       20.005679
1.500       3.5185838       9.5282784       21.027536
1.500       3.5814156       9.2277315       21.474812
1.500       3.6442475       8.8867503       21.788976
1.500       3.7070793       8.6982368       22.449006
1.500       3.7699112       8.5211362       23.129227
1.500       3.8327430       8.2801764       23.617774
1.500       3.8955749       8.1169830       24.309698
1.500       3.9584067       7.9083776       24.849572
1.500       4.0212386       7.8135557       25.739405
1.500       4.1469023       7.4619576       26.958421
1.500       4.2725660       7.0230311       27.749885
1.500       4.3982297       6.7110010       28.926194
1.500       4.5238934       6.4132764       30.080656
1.500       4.6495571       6.1638905       31.387732
1.500       4.7752208       5.8458700       32.247778
1.500       4.9008845       5.6707156       33.816724
1.500       5.0265482       5.3839040       34.639940
1.500       5.1522120       5.1956618       35.999154
1.500       5.2778757       5.0087765       37.306059
1.500       5.4035394       4.7698915       38.125340
1.500       5.5292031       4.5414454       38.891257
1.500       5.6548668       4.3563596       39.908105
1.500       5.7805305       4.1879760       40.980526
1.500       5.9061942       4.0566385       42.340866
1.500       6.0318579       3.8818633       43.158247
1.500       6.1575216       3.7339660       44.162988
1.500       6.2831853       3.6216919       45.511522
1.500       6.4088490       3.4858303       46.485405
1.500       6.5345127       3.3549228       47.423370
1.500       6.6601764       3.2321346       48.374545
1.500       6.7858401       3.1202448       49.393500
1.500       6.9115038       3.0141146       50.413597
1.500       7.0371675       2.8861168       50.953948
1.500       7.1628313       2.8403139       52.879916
1.500       7.2884950       2.7723913       54.379894
1.500       7.4141587       2.6475915       54.664687
1.500       7.5398224       2.5730699       55.873411
1.500       7.6654861       2.4638300       56.221197
1.500       7.7911498       2.3808072       57.042579
1.500       7.9168135       2.3446821       58.939367
1.500       8.0424772       2.2633297       59.646862
1.500       8.2938046       2.1372558       61.771501
1.500       8.5451320       2.0123745       63.611466
1.500       8.7964594       1.8919798       65.239475
1.500       9.0477868       1.7629451       66.150955
1.500       9.2991143       1.6992107       69.221699
1.500       9.5504417       1.6291611       71.895989
1.500       9.8017691       1.5114722       72.108062
1.500       10.053096       1.4497958       74.623676
1.500       10.304424       1.3611517       75.448034
1.500       10.555751       1.3117871       78.162974
1.500       10.807079       1.2328418       78.832000
1.500       11.058406       1.1820834       80.983397
1.500       11.309734       1.1263271       82.545220
1.500       11.561061       1.0856542       84.987464
1.500       11.812388       1.0222828       85.360011
1.500       12.063716      0.98291633       87.423884
1.500       12.315043      0.93851178       88.800990
1.500       12.566371      0.89276023       89.750048
1.500       12.817698      0.86983872       92.798104
1.500       13.069025      0.83585517       94.521565
1.500       13.320353      0.79053316       94.653688
1.500       13.571680      0.76566085       96.963338
1.500       13.823008      0.73270184       98.040426
1.500       14.074335      0.70284290       99.268665
1.500       14.325663      0.67941106       101.19220
1.500       14.576990      0.65365707       102.57081
1.500       14.828317      0.63382415       104.69228
1.500       15.079645      0.60305539       104.76128
1.500       15.330972      0.59111652       107.90770
1.500       15.582300      0.57026009       109.30446
1.500       15.833627      0.54185901       108.96770
1.500       16.084954      0.52909354       111.54811
1.500       16.587609      0.48493388       112.12544
1.500       17.090264      0.46512506       117.62139
1.500       17.592919      0.42662333       117.68702
1.500       18.095574      0.41468083       124.48049
1.500       18.598229      0.37984362       123.79122
1.500       19.100883      0.35817749       126.45293
1.500       19.603538      0.33984769       129.70538
1.500       20.106193      0.31991152       131.73151
1.500       20.608848      0.30010686       133.07832
1.500       21.111503      0.28530093       135.99749
1.500       21.614157      0.27926014       142.85457
1.500       22.116812      0.25477190       139.63342
1.500       22.619467      0.24105287       141.32847
1.500       23.122122      0.23157424       145.02523
1.500       23.624777      0.22051405       147.30235
1.500       24.127432      0.21331598       151.78433
1.500       24.630086      0.19819731       150.02575
1.500       25.132741      0.19090610       153.53580
1.500       25.635396      0.18325483       156.40325
1.500       26.138051      0.17400972       157.42125
1.500       26.640706      0.16470436       157.76568
1.500       27.143361      0.15956349       161.65705
1.500       27.646015      0.15367197       164.49873
1.500       28.148670      0.14507897       163.92620
1.500       28.651325      0.14094375       167.93848
1.500       29.153980      0.13541706       169.99541
1.500       29.656635      0.12758818       168.59563
1.500       30.159289      0.12305574       171.01549
1.500       30.661944      0.11860701       173.21268
1.500       31.164599      0.11442714       175.46235
1.500       31.667254      0.11116136       178.83616
1.500       32.169909      0.10600293       178.78769
1.500       33.175218     0.099123422       183.35296
1.500       34.180528     0.093411796       188.97671
1.500       35.185838     0.086165670       190.15520
1.500       36.191147     0.082590628       198.33898
1.500       37.196457     0.073460969       191.52772
1.500       38.201767     0.069427601       196.08879
1.500       39.207076     0.066640223       203.46985
1.500       40.212386     0.063821498       210.24069
1.500       41.217696     0.060804498       215.70345
1.500       42.223005     0.057702655       220.04600
1.500       43.228315     0.054347227       222.40911
1.500       44.233625     0.052230162       229.00724
1.500       45.238934     0.049959092       234.32676
1.500       46.244244     0.048571864       243.34816
1.500       47.249554     0.045685517       244.14168
1.500       48.254863     0.043133413       245.53157
1.500       49.260173     0.040985148       248.19016
1.500       50.265482     0.039042163       251.19657
1.500       51.270792     0.037723596       257.56890
1.500       52.276102     0.037325415       270.13726
1.500       53.281411     0.036551774       280.09534
1.500       54.286721     0.035209285       285.36999
1.500       55.292031     0.033329827       285.42430
1.500       56.297340     0.032892319       297.32292
1.500       57.302650     0.031514116       300.39971
1.500       58.307960     0.029788995       299.16421
1.500       59.313269     0.028891796       305.42205
1.500       60.318579     0.029368198       326.51329
1.500       61.323889     0.028083644       328.10494
1.500       62.329198     0.027753059       340.45188
1.500       63.334508     0.026620471       342.61565
1.500       64.339818     0.025737988       347.28364
1.500       66.350437     0.025608090       378.94729
1.500       68.361056     0.024120691       390.37887
1.500       70.371675     0.022059920       389.46449
1.500       72.382295     0.022122822       425.01849
1.500       74.392914     0.021601716       450.56060
1.500       76.403533     0.020436002       461.74960
1.500       78.414153     0.020228547       494.10393
1.500       80.424772     0.019603222       516.61525
1.500       82.435391     0.019774667       561.20374
1.500       84.446011     0.018549713       565.90673
1.500       86.456630     0.019747024       646.49745
1.500       88.467249     0.018218803       639.05417
1.500       90.477868     0.017966320       674.14991
1.500       92.488488     0.016706170       669.59190
1.500       94.499107     0.016532578       706.79579
1.500       96.509726     0.016591731       755.57087
1.500       98.520346     0.016650407       806.62726
1.500       100.53096     0.017540970       902.86623
1.500       102.54158     0.016789778       917.09701
1.500       104.55220     0.015432774       893.53962
1.500       106.56282     0.015997646       980.71649
1.500       108.57344     0.015264784       989.76419
1.500       110.58406     0.015004340       1027.9329
1.500       112.59468     0.015709995       1136.0565
1.500       114.60530     0.015602423       1189.8067
1.500       116.61592     0.015306898       1229.7900
1.500       118.62654     0.015097113       1276.7614
1.500       120.63716     0.014912223       1326.3433
1.500       122.64778     0.014318242       1338.2554
1.500       124.65840     0.014993326       1471.4072
1.500       126.66902     0.014447554       1487.5644
1.500       128.67964     0.014714554       1588.3522
1.500       132.70087     0.013650567       1616.0035
1.500       136.72211     0.014632820       1894.5870
1.500       140.74335     0.013582519       1918.3783
1.500       144.76459     0.013920535       2139.5046
1.500       148.78583     0.012803444       2136.3961
1.500       152.80707     0.012903865       2332.4933
1.500       156.82831     0.012990847       2538.5228
1.500       160.84954     0.012235596       2579.6150
1.500       164.87078     0.013162115       2988.3195
1.500       168.89202     0.012786841       3120.7640
1.500       172.91326     0.012493678       3272.2422
1.500       176.93450     0.012380017       3473.9939
1.500       180.95574     0.012282570       3687.0292
1.500       184.97698     0.012001537       3848.2223
1.500       188.99821     0.010251242       3506.0639
1.500       193.01945     0.011094919       4042.0122
1.500       197.04069     0.011301340       4379.9381
1.500       201.06193     0.010910166       4492.5317
1.500       205.08317     0.010674969       4664.7347
1.500       209.10441     0.010264305       4754.3305
1.500       213.12565     0.010832308       5312.4933
1.500       217.14688     0.011073124       5743.8252
1.500       221.16812    0.0098202044       5382.1820
1.500       225.18936     0.010003921       5787.4081
1.500       229.21060    0.0096070528       5860.9030
1.500       233.23184    0.0089618818       5760.1392
1.500       237.25308    0.0093840327       6348.8539
1.500       241.27432    0.0096697520       6880.4821
1.500       245.29555    0.0092752973       6935.3300
1.500       249.31679    0.0085606287       6720.9477
1.500       253.33803    0.0099453595       8192.0373
1.500       257.35927    0.0092016468       7946.1227
1.500       265.40175    0.0087723710       8308.0401
1.500       273.44422    0.0081744211       8467.0774
1.500       281.48670    0.0072203575       8158.3552
1.500       289.52918    0.0086689274       10658.906
1.500       297.57166    0.0081002321       10812.905
1.500       305.61413    0.0076118913       11007.359
1.500       313.65661    0.0070770543       11063.337
1.500       321.69909    0.0065732772       11086.685
1.500       329.74156    0.0068424180       12427.991
1.500       337.78404    0.0062188845       12142.277
1.500       345.82652    0.0061907970       12971.545
1.500       353.86900    0.0060173863       13508.455
1.500       361.91147    0.0056162957       13487.370
1.500       369.95395    0.0052305773       13417.231
1.500       377.99643    0.0049183430       13457.121
1.500       386.03891    0.0049613809       14459.925
1.500       394.08138    0.0051575588       15990.874
1.500       402.12386    0.0048749788       16059.148
1.500       410.16634    0.0040944043       14313.341
1.500       418.20881    0.0043505665       16121.135
1.500       426.25129    0.0043097691       16909.135
1.500       434.29377    0.0032214882       13368.344
1.500       442.33625    0.0044207074       19382.938
1.500       450.37872    0.0042608648       19719.759
1.500       458.42120    0.0039932398       19489.008
1.500       466.46368    0.0036616120       18827.648
1.500       474.50615    0.0035230155       19068.229
1.500       482.54863    0.0035495760       20205.519
1.500       490.59111    0.0031430534       18801.004
1.500       498.63359    0.0028434123       17858.899
1.500       506.67606    0.0027764513       18295.803
1.500       514.71854    0.0033311971       23013.359
1.250     0.015707963       7710.3386    0.0015139214
1.250     0.031415927       6591.4712     0.010353859
1.250     0.047123890       4431.7660     0.023494731
1.250     0.062831853       2814.1131     0.035363188
1.250     0.078539816       2621.6910     0.064345979
1.250     0.094247780       1914.9777     0.081217078
1.250      0.10995574       1775.8137      0.11959731
1.250      0.12566371       1353.1903      0.13603752
1.250      0.14137167       1114.9727      0.15959587
1.250      0.15707963       933.56393      0.18330485
1.250      0.17278760       785.42550      0.20526407
1.250      0.18849556       761.27370      0.25829408
1.250      0.20420352       615.13269      0.26535591
1.250      0.21991149       539.78855      0.29082897
1.250      0.23561945       499.78937      0.33120027
1.250      0.25132741       463.62569      0.37286990
1.250      0.26703538       406.37132      0.39201231
1.250      0.28274334       368.40969      0.42186982
1.250      0.29845130       343.95799      0.46322938
1.250      0.31415927       324.90730      0.51036319
1.250      0.32986723       287.78448      0.52330531
1.250      0.34557519       269.80624      0.56409198
1.250      0.36128316       250.73067      0.59899178
1.250      0.37699112       240.38939      0.65249759
1.250      0.39269908       226.48577      0.69484965
1.250      0.40840704       211.30245      0.72921311
1.250      0.42411501       194.37280      0.75120191
1.250      0.43982297       184.14332      0.79370653
1.250      0.45553093       175.99145      0.84278241
1.250      0.47123890       169.80407      0.90020571
1.250      0.48694686       160.43026      0.93842868
1.250      0.50265482       155.51845       1.0006029
1.250      0.51836279       146.31496       1.0324296
1.250      0.53407075       141.78940       1.0942345
1.250      0.54977871       132.06153       1.1117582
1.250      0.56548668       127.01261       1.1635478
1.250      0.58119464       125.05104       1.2437193
1.250      0.59690260       120.24807       1.2955638
1.250      0.61261057       117.21776       1.3652656
1.250      0.62831853       111.27862       1.3983684
1.250      0.64402649       108.28409       1.4653660
1.250      0.65973446       103.64312       1.5077115
1.250      0.67544242       100.25187       1.5650483
1.250      0.69115038       97.867704       1.6369195
1.250      0.70685835       94.613332       1.6928550
1.250      0.72256631       92.198406       1.7620848
1.250      0.73827427       90.168105       1.8381308
1.250      0.75398224       87.584676       1.9018739
1.250      0.76969020       85.482184       1.9746664
1.250      0.78539816       82.963224       2.0362239
1.250      0.80110613       80.031663       2.0845017
1.250      0.81681409       78.240667       2.1600931
1.250      0.83252205       75.963573       2.2205619
1.250      0.84823002       74.676355       2.3088424
1.250      0.86393798       72.897941       2.3814048
1.250      0.87964594       70.949512       2.4464896
1.250      0.89535391       68.970208       2.5079334
1.250      0.91106187       67.825278       2.5983967
1.250      0.92676983       67.776872       2.7331751
1.250      0.94247780       65.198036       2.7651466
1.250      0.95818576       64.528216       2.8758687
1.250      0.97389372       62.765542       2.9371508
1.250      0.98960169       61.963725       3.0422091
1.250       1.0053096       60.029865       3.0898485
1.250       1.0367256       56.911073       3.2126134
1.250       1.0681415       57.000173       3.5191097
1.250       1.0995574       52.949767       3.5660552
1.250       1.1309734       52.479847       3.8460944
1.250       1.1623893       50.678167       4.0322360
1.250       1.1938052       49.052395       4.2279601
1.250       1.2252211       47.692723       4.4439158
1.250       1.2566371       45.876209       4.6119796
1.250       1.2880530       45.204313       4.8938575
1.250       1.3194689       44.030413       5.1241344
1.250       1.3508848       43.258995       5.4025857
1.250       1.3823008       41.376234       5.5364179
1.250       1.4137167       40.299086       5.7683635
1.250       1.4451326       38.923794       5.9512547
1.250       1.4765485       37.589066       6.1302048
1.250       1.5079645       37.223654       6.4664004
1.250       1.5393804       36.000446       6.6529767
1.250       1.5707963       35.189267       6.9093965
1.250       1.6022123       35.206043       7.3358024
1.250       1.6336282       34.086672       7.5286050
1.250       1.6650441       33.559864       7.8481569
1.250       1.6964600       33.043966       8.1732226
1.250       1.7278760       32.211761       8.4182617
1.250       1.7592919       31.587834       8.7137240
1.250       1.7907078       30.551436       8.8874276
1.250       1.8221237       29.930888       9.1732548
1.250       1.8535397       29.644717       9.5636400
1.250       1.8849556       28.979000       9.8323430
1.250       1.9163715       28.438290       10.139414
1.250       1.9477874       27.821296       10.415313
1.250       1.9792034       27.290444       10.718947
1.250       2.0106193       26.813915       11.041295
1.250       2.0734512       25.910964       11.701331
1.250       2.1362830       24.689380       12.194298
1.250       2.1991149       23.906769       12.880564
1.250       2.2619467       23.415022       13.728148
1.250       2.3247786       22.975383       14.624391
1.250       2.3876104       21.918935       15.114024
1.250       2.4504423       21.008639       15.660355
1.250       2.5132741       20.403493       16.409463
1.250       2.5761060       20.262643       17.549208
1.250       2.6389378       19.466506       18.123653
1.250       2.7017697       19.017399       19.000557
1.250       2.7646015       18.238287       19.523243
1.250       2.8274334       17.671363       20.235664
1.250       2.8902652       17.208283       21.048488
1.250       2.9530971       16.279276       21.239219
1.250       3.0159289       16.211771       22.530147
1.250       3.0787608       15.643213       23.127253
1.250       3.1415927       15.127881       23.762819
1.250       3.2044245       14.709160       24.519311
1.250       3.2672564       14.366093       25.383914
1.250       3.3300882       14.050373       26.286050
1.250       3.3929201       13.680064       27.069439
1.250       3.4557519       13.152623       27.498583
1.250       3.5185838       12.965008       28.611901
1.250       3.5814156       12.467572       29.014583
1.250       3.6442475       12.109944       29.691764
1.250       3.7070793       11.858184       30.604416
1.250       3.7699112       11.454080       31.090221
1.250       3.8327430       11.309454       32.258264
1.250       3.8955749       10.957379       32.816451
1.250       3.9584067       10.824955       34.013992
1.250       4.0212386       10.435187       34.375579
1.250       4.1469023       9.9763832       36.042490
1.250       4.2725660       9.5750746       37.833696
1.250       4.3982297       8.9281685       38.482773
1.250       4.5238934       8.6459784       40.552861
1.250       4.6495571       8.3787356       42.666155
1.250       4.7752208       7.7170872       42.570039
1.250       4.9008845       7.4695356       44.543801
1.250       5.0265482       7.0529490       45.378545
1.250       5.1522120       6.8898187       47.737450
1.250       5.2778757       6.6170700       49.284852
1.250       5.4035394       6.2486927       49.945272
1.250       5.5292031       6.0370134       51.698747
1.250       5.6548668       5.7920411       53.060218
1.250       5.7805305       5.6053761       54.850186
1.250       5.9061942       5.3277955       55.608473
1.250       6.0318579       5.0454041       56.094401
1.250       6.1575216       4.9726396       58.813236
1.250       6.2831853       4.8258075       60.642886
1.250       6.4088490       4.6004694       61.349711
1.250       6.5345127       4.4426831       62.799359
1.250       6.6601764       4.2639532       63.817515
1.250       6.7858401       4.0915289       64.768935
1.250       6.9115038       3.9893827       66.725773
1.250       7.0371675       3.8476872       67.930326
1.250       7.1628313       3.7150962       69.166290
1.250       7.2884950       3.5734545       70.092586
1.250       7.4141587       3.4459683       71.148732
1.250       7.5398224       3.3237714       72.174660
1.250       7.6654861       3.2117854       73.288507
1.250       7.7911498       3.1277697       74.939308
1.250       7.9168135       3.0735329       77.260830
1.250       8.0424772       2.8965070       76.333355
1.250       8.2938046       2.7831379       80.438948
1.250       8.5451320       2.6110451       82.535533
1.250       8.7964594       2.3824851       82.153139
1.250       9.0477868       2.2806662       85.577396
1.250       9.2991143       2.1758542       88.638989
1.250       9.5504417       2.0495337       90.447316
1.250       9.8017691       1.9245506       91.814861
1.250       10.053096       1.8883965       97.199271
1.250       10.304424       1.8145479       100.57959
1.250       10.555751       1.6817108       100.20492
1.250       10.807079       1.5955982       102.02785
1.250       11.058406       1.5153093       103.81238
1.250       11.309734       1.4562227       106.72230
1.250       11.561061       1.3732007       107.49725
1.250       11.812388       1.3192707       110.15832
1.250       12.063716       1.2741624       113.32829
1.250       12.315043       1.2066609       114.17298
1.250       12.566371       1.1654789       117.16672
1.250       12.817698       1.1102611       118.44739
1.250       13.069025       1.0745078       121.50928
1.250       13.320353       1.0323815       123.61115
1.250       13.571680      0.98492762       124.73130
1.250       13.823008      0.93238250       124.75904
1.250       14.074335      0.91843445       129.71855
1.250       14.325663      0.86690690       129.11802
1.250       14.576990      0.83189202       130.53915
1.250       14.828317      0.81028723       133.83967
1.250       15.079645      0.78373081       136.14776
1.250       15.330972      0.76147559       139.00657
1.250       15.582300      0.72508165       138.97984
1.250       15.833627      0.70012750       140.79545
1.250       16.084954      0.68133387       143.64474
1.250       16.587609      0.63153973       146.02335
1.250       17.090264      0.58240583       147.27950
1.250       17.592919      0.55675944       153.58597
1.250       18.095574      0.52443290       157.42629
1.250       18.598229      0.48967494       159.58530
1.250       19.100883      0.45417624       160.34485
1.250       19.603538      0.43171739       164.76812
1.250       20.106193      0.41578188       171.20851
1.250       20.608848      0.38515230       170.79057
1.250       21.111503      0.35815767       170.72690
1.250       21.614157      0.34476324       176.36246
1.250       22.116812      0.32299327       177.02366
1.250       22.619467      0.30895663       181.14022
1.250       23.122122      0.29403292       184.14048
1.250       23.624777      0.27831360       185.91217
1.250       24.127432      0.26717703       190.10899
1.250       24.630086      0.25389299       192.18468
1.250       25.132741      0.24484400       196.91523
1.250       25.635396      0.23173183       197.77712
1.250       26.138051      0.21719980       196.49400
1.250       26.640706      0.20878873       199.99286
1.250       27.143361      0.20065875       203.29149
1.250       27.646015      0.19450293       208.20638
1.250       28.148670      0.18292079       206.68406
1.250       28.651325      0.17835783       212.51842
1.250       29.153980      0.16944712       212.71494
1.250       29.656635      0.16317995       215.62676
1.250       30.159289      0.15540020       215.96589
1.250       30.661944      0.15065545       220.01595
1.250       31.164599      0.14588635       223.70183
1.250       31.667254      0.13854885       222.89710
1.250       32.169909      0.13409484       226.16834
1.250       33.175218      0.12854973       237.78410
1.250       34.180528      0.11431971       231.27446
1.250       35.185838      0.10951729       241.68886
1.250       36.191147      0.10233875       245.76352
1.250       37.196457     0.095190360       248.18067
1.250       38.201767     0.092349507       260.82858
1.250       39.207076     0.082877821       253.04744
1.250       40.212386     0.080068660       263.76207
1.250       41.217696     0.075528102       267.93531
1.250       42.223005     0.070569952       269.11475
1.250       43.228315     0.067326017       275.52316
1.250       44.233625     0.061989620       271.79835
1.250       45.238934     0.059210175       277.71779
1.250       46.244244     0.058140220       291.28625
1.250       47.249554     0.054380266       290.60609
1.250       48.254863     0.053826048       306.39806
1.250       49.260173     0.049585408       300.27000
1.250       50.265482     0.048179846       309.98825
1.250       51.270792     0.046534126       317.72538
1.250       52.276102     0.043558605       315.24906
1.250       53.281411     0.042812167       328.06858
1.250       54.286721     0.039731604       322.02322
1.250       55.292031     0.039237567       336.01600
1.250       56.297340     0.038065701       344.08657
1.250       57.302650     0.036585811       348.74426
1.250       58.307960     0.035541041       356.93073
1.250       59.313269     0.034282825       362.41190
1.250       60.318579     0.033739707       375.11537
1.250       61.323889     0.031581323       368.96880
1.250       62.329198     0.032016307       392.74992
1.250       63.334508     0.030325594       390.30200
1.250       64.339818     0.029824658       402.42524
1.250       66.350437     0.029335216       434.10112
1.250       68.361056     0.024986196       404.38653
1.250       70.371675     0.024736263       436.71491
1.250       72.382295     0.024521552       471.10232
1.250       74.392914     0.024993758       521.31057
1.250       76.403533     0.023763069       536.92438
1.250       78.414153     0.021799297       532.47117
1.250       80.424772     0.021821877       575.08478
1.250       82.435391     0.020245167       574.55649
1.250       84.446011     0.020458530       624.14012
1.250       86.456630     0.020322419       665.33529
1.250       88.467249     0.019535510       685.23981
1.250       90.477868     0.019557187       733.84396
1.250       92.488488     0.020541455       823.31210
1.250       94.499107     0.019466087       832.20826
1.250       96.509726     0.018054093       822.16539
1.250       98.520346     0.017013299       824.20754
1.250       100.53096     0.017803048       916.35587
1.250       102.54158     0.017075563       932.70729
1.250       104.55220     0.017297842       1001.5249
1.250       106.56282     0.016806253       1030.2872
1.250       108.57344     0.016884967       1094.8164
1.250       110.58406     0.015620851       1070.1695
1.250       112.59468     0.016772718       1212.9065
1.250       114.60530     0.016448028       1254.2907
1.250       116.61592     0.015594047       1252.8602
1.250       118.62654     0.015904857       1345.0722
1.250       120.63716     0.015356531       1365.8615
1.250       122.64778     0.014719165       1375.7277
1.250       124.65840     0.015088168       1480.7147
1.250       126.66902     0.014539701       1497.0521
1.250       128.67964     0.015043767       1623.8889
1.250       132.70087     0.014116782       1671.1957
1.250       136.72211     0.014901645       1929.3932
1.250       140.74335     0.014074202       1987.8230
1.250       144.76459     0.013099033       2013.2446
1.250       148.78583     0.013950133       2327.7338
1.250       152.80707     0.012767141       2307.7790
1.250       156.82831     0.013384070       2615.3619
1.250       160.84954     0.014313964       3017.7946
1.250       164.87078     0.012747861       2894.2675
1.250       168.89202     0.013719083       3348.2874
1.250       172.91326     0.011411372       2988.7736
1.250       176.93450     0.012560074       3524.5204
1.250       180.95574     0.011344281       3405.3698
1.250       184.97698     0.011419100       3661.4674
1.250       188.99821     0.012213164       4177.0680
1.250       193.01945     0.011805554       4300.9052
1.250       197.04069     0.011378565       4409.8675
1.250       201.06193     0.012044791       4959.7416
1.250       205.08317     0.010741378       4693.7538
1.250       209.10441     0.010937352       5066.0795
1.250       213.12565     0.011879477       5826.0569
1.250       217.14688     0.010542427       5468.5434
1.250       221.16812     0.010833054       5937.2970
1.250       225.18936     0.010386997       6009.0230
1.250       229.21060     0.010916207       6659.5687
1.250       233.23184     0.010059936       6465.8997
1.250       237.25308    0.0098076198       6635.4357
1.250       241.27432     0.010270991       7308.2916
1.250       245.29555    0.0097302682       7275.5210
1.250       249.31679     0.010189809       8000.0167
1.250       253.33803     0.010174073       8380.4293
1.250       257.35927    0.0093661061       8088.1422
1.250       265.40175    0.0095374111       9032.5858
1.250       273.44422    0.0086410311       8950.3927
1.250       281.48670    0.0086776568       9804.9724
1.250       289.52918    0.0087624001       10773.836
1.250       297.57166    0.0073161218       9766.2058
1.250       305.61413    0.0083219423       12034.146
1.250       313.65661    0.0069220014       10820.947
1.250       321.69909    0.0074996546       12649.140
1.250       329.74156    0.0067908970       12334.413
1.250       337.78404    0.0063211332       12341.916
1.250       345.82652    0.0076984726       16130.570
1.250       353.86900    0.0062707866       14077.315
1.250       361.91147    0.0065747905       15789.168
1.250       369.95395    0.0065744031       16864.350
1.250       377.99643    0.0059150150       16184.124
1.250       386.03891    0.0060653243       17677.364
1.250       394.08138    0.0053917833       16717.081
1.250       402.12386    0.0052632288       17338.121
1.250       410.16634    0.0053838268       18820.943
1.250       418.20881    0.0052923529       19610.949
1.250       426.25129    0.0056009759       21975.111
1.250       434.29377    0.0047334485       19642.588
1.250       442.33625    0.0045232288       19832.451
1.250       450.37872    0.0042331664       19591.568
1.250       458.42120    0.0040703466       19865.328
1.250       466.46368    0.0041361261       21267.553
1.250       474.50615    0.0037168904       20117.572
1.250       482.54863    0.0039351042       22400.090
1.250       490.59111    0.0032629951       19518.467
1.250       498.63359    0.0036092806       22669.163
1.250       506.67606    0.0032957068       21717.508
1.250       514.71854    0.0035279516       24372.626
1.000     0.015707963       9474.9265    0.0018603975
1.000     0.031415927       8076.6495     0.012686771
1.000     0.047123890       5436.7776     0.028822737
1.000     0.062831853       3445.3905     0.043296053
1.000     0.078539816       3232.3409     0.079333582
1.000     0.094247780       2355.1703     0.099886306
1.000      0.10995574       2184.7391      0.14713757
1.000      0.12566371       1662.6380      0.16714660
1.000      0.14137167       1376.3546      0.19700977
1.000      0.15707963       1159.3885      0.22764541
1.000      0.17278760       974.59667      0.25470230
1.000      0.18849556       943.93385      0.32026921
1.000      0.20420352       770.36384      0.33231951
1.000      0.21991149       676.42363      0.36444565
1.000      0.23561945       626.36847      0.41508167
1.000      0.25132741       585.05662      0.47053045
1.000      0.26703538       512.60711      0.49449429
1.000      0.28274334       465.74479      0.53332926
1.000      0.29845130       434.60145      0.58530450
1.000      0.31415927       412.12792      0.64736903
1.000      0.32986723       368.38707      0.66987251
1.000      0.34557519       345.88887      0.72316021
1.000      0.36128316       322.09021      0.76946863
1.000      0.37699112       310.16338      0.84188763
1.000      0.39269908       290.86214      0.89235387
1.000      0.40840704       273.00296      0.94214401
1.000      0.42411501       253.32134      0.97902315
1.000      0.43982297       238.65164       1.0286518
1.000      0.45553093       229.35137       1.0983107
1.000      0.47123890       222.64317       1.1803289
1.000      0.48694686       210.81678       1.2331620
1.000      0.50265482       204.48657       1.3156628
1.000      0.51836279       192.92648       1.3613304
1.000      0.53407075       188.35241       1.4535763
1.000      0.54977871       174.32640       1.4675645
1.000      0.56548668       169.75962       1.5551482
1.000      0.58119464       166.25912       1.6535622
1.000      0.59690260       161.25961       1.7374259
1.000      0.61261057       157.29340       1.8320369
1.000      0.62831853       148.83624       1.8703314
1.000      0.64402649       145.83129       1.9734775
1.000      0.65973446       139.57457       2.0304115
1.000      0.67544242       135.68183       2.1181512
1.000      0.69115038       131.76526       2.2038846
1.000      0.70685835       127.86489       2.2878035
1.000      0.72256631       125.99816       2.4080616
1.000      0.73827427       122.30322       2.4932244
1.000      0.75398224       119.34888       2.5916236
1.000      0.76969020       117.01753       2.7031432
1.000      0.78539816       113.31928       2.7812735
1.000      0.80110613       109.55731       2.8535256
1.000      0.81681409       107.80550       2.9763284
1.000      0.83252205       104.43340       3.0527899
1.000      0.84823002       103.16342       3.1896050
1.000      0.86393798       100.35698       3.2784272
1.000      0.87964594       97.892307       3.3755344
1.000      0.89535391       95.190564       3.4613727
1.000      0.91106187       93.811673       3.5939394
1.000      0.92676983       93.753377       3.7807055
1.000      0.94247780       90.655264       3.8448258
1.000      0.95818576       89.875108       4.0055192
1.000      0.97389372       87.958509       4.1160706
1.000      0.98960169       86.352238       4.2396025
1.000       1.0053096       84.495203       4.3491248
1.000       1.0367256       80.064590       4.5196227
1.000       1.0681415       80.154549       4.9486280
1.000       1.0995574       75.350612       5.0747049
1.000       1.1309734       74.056080       5.4273534
1.000       1.1623893       72.127366       5.7388533
1.000       1.1938052       69.632197       6.0017896
1.000       1.2252211       67.322869       6.2730148
1.000       1.2566371       65.900634       6.6250544
1.000       1.2880530       65.197776       7.0583668
1.000       1.3194689       63.068766       7.3397638
1.000       1.3508848       61.477902       7.6779323
1.000       1.3823008       59.478854       7.9586701
1.000       1.4137167       58.075149       8.3128081
1.000       1.4451326       55.978803       8.5588808
1.000       1.4765485       54.138545       8.8291730
1.000       1.5079645       53.388740       9.2745588
1.000       1.5393804       51.589411       9.5338582
1.000       1.5707963       50.777262       9.9700921
1.000       1.6022123       50.420968       10.506101
1.000       1.6336282       48.743904       10.765897
1.000       1.6650441       48.536152       11.350443
1.000       1.6964600       47.320498       11.704435
1.000       1.7278760       46.270766       12.092459
1.000       1.7592919       45.355937       12.511751
1.000       1.7907078       43.584256       12.678681
1.000       1.8221237       43.085679       13.204951
1.000       1.8535397       42.410685       13.682051
1.000       1.8849556       41.568219       14.103764
1.000       1.9163715       40.226020       14.342222
1.000       1.9477874       39.809656       14.903332
1.000       1.9792034       39.015275       15.324143
1.000       2.0106193       38.348847       15.791090
1.000       2.0734512       37.112764       16.760038
1.000       2.1362830       35.156676       17.364186
1.000       2.1991149       34.221307       18.437863
1.000       2.2619467       33.150934       19.436279
1.000       2.3247786       32.005050       20.371994
1.000       2.3876104       31.281954       21.570218
1.000       2.4504423       29.432579       21.939767
1.000       2.5132741       28.341507       22.793592
1.000       2.5761060       28.271565       24.485630
1.000       2.6389378       27.309294       25.425424
1.000       2.7017697       26.506062       26.482589
1.000       2.7646015       25.581969       27.384314
1.000       2.8274334       24.699288       28.283414
1.000       2.8902652       23.988422       29.341684
1.000       2.9530971       23.161520       30.218333
1.000       3.0159289       22.579194       31.379210
1.000       3.0787608       21.746599       32.150628
1.000       3.1415927       21.075456       33.105250
1.000       3.2044245       20.416337       34.032841
1.000       3.2672564       19.883837       35.133392
1.000       3.3300882       19.277780       36.065711
1.000       3.3929201       19.033875       37.663299
1.000       3.4557519       18.403663       38.477089
1.000       3.5185838       17.941386       39.594050
1.000       3.5814156       17.025078       39.620827
1.000       3.6442475       16.855295       41.326650
1.000       3.7070793       16.217448       41.855103
1.000       3.7699112       15.905754       43.173561
1.000       3.8327430       15.369883       43.839937
1.000       3.8955749       15.066865       45.124026
1.000       3.9584067       14.715723       46.239497
1.000       4.0212386       14.296941       47.096964
1.000       4.1469023       13.678761       49.418373
1.000       4.2725660       12.717948       50.252035
1.000       4.3982297       11.960038       51.550937
1.000       4.5238934       11.551062       54.178784
1.000       4.6495571       11.132770       56.690233
1.000       4.7752208       10.396770       57.352066
1.000       4.9008845       10.168921       60.641305
1.000       5.0265482       9.5584323       61.498779
1.000       5.1522120       9.0841453       62.941269
1.000       5.2778757       8.7280510       65.007729
1.000       5.4035394       8.3773663       66.959580
1.000       5.5292031       7.9870702       68.398312
1.000       5.6548668       7.5512180       69.175834
1.000       5.7805305       7.3677001       72.095024
1.000       5.9061942       7.1075338       74.184360
1.000       6.0318579       6.9035670       76.753309
1.000       6.1575216       6.6240315       78.344854
1.000       6.2831853       6.3612745       79.938134
1.000       6.4088490       6.1208089       81.624250
1.000       6.5345127       5.7844225       81.765461
1.000       6.6601764       5.5850039       83.589349
1.000       6.7858401       5.4612931       86.452313
1.000       6.9115038       5.2474241       87.767572
1.000       7.0371675       5.0935168       89.925255
1.000       7.1628313       4.9470437       92.102234
1.000       7.2884950       4.7102857       92.391301
1.000       7.4141587       4.5154561       93.230392
1.000       7.5398224       4.3579082       94.630619
1.000       7.6654861       4.2336132       96.605206
1.000       7.7911498       4.0932228       98.070933
1.000       7.9168135       3.9935442       100.38758
1.000       8.0424772       3.8711883       102.01971
1.000       8.2938046       3.6711297       106.10391
1.000       8.5451320       3.4226181       108.18948
1.000       8.7964594       3.2561972       112.28059
1.000       9.0477868       3.0710094       115.23343
1.000       9.2991143       2.8493587       116.07592
1.000       9.5504417       2.7469566       121.22507
1.000       9.8017691       2.5331490       120.84937
1.000       10.053096       2.4523615       126.22759
1.000       10.304424       2.3272537       128.99864
1.000       10.555751       2.2288757       132.80779
1.000       10.807079       2.0623976       131.87655
1.000       11.058406       2.0030212       137.22505
1.000       11.309734       1.9007487       139.30031
1.000       11.561061       1.8187045       142.37229
1.000       11.812388       1.7391790       145.22042
1.000       12.063716       1.6496580       146.72613
1.000       12.315043       1.5776939       149.27973
1.000       12.566371       1.5194252       152.74928
1.000       12.817698       1.4698384       156.80863
1.000       13.069025       1.4149244       160.00484
1.000       13.320353       1.3108826       156.95720
1.000       13.571680       1.2783565       161.89114
1.000       13.823008       1.2332598       165.01845
1.000       14.074335       1.2021497       169.79014
1.000       14.325663       1.1413680       169.99655
1.000       14.576990       1.0997813       172.57590
1.000       14.828317       1.0616986       175.36669
1.000       15.079645       1.0288814       178.73471
1.000       15.330972      0.98603728       180.00007
1.000       15.582300      0.94842488       181.78910
1.000       15.833627      0.91135110       183.27246
1.000       16.084954      0.88772902       187.15877
1.000       16.587609      0.83426598       192.89731
1.000       17.090264      0.77353268       195.61189
1.000       17.592919      0.72607547       200.29298
1.000       18.095574      0.68612422       205.96341
1.000       18.598229      0.62883103       204.93633
1.000       19.100883      0.59536674       210.19152
1.000       19.603538      0.56949854       217.35331
1.000       20.106193      0.52949124       218.03117
1.000       20.608848      0.49777090       220.72977
1.000       21.111503      0.47238100       225.17497
1.000       21.614157      0.44875521       229.55919
1.000       22.116812      0.43587330       238.89008
1.000       22.619467      0.40340304       236.51382
1.000       23.122122      0.37909937       237.41403
1.000       23.624777      0.36416199       243.25849
1.000       24.127432      0.33997573       241.90868
1.000       24.630086      0.32857247       248.71343
1.000       25.132741      0.31743802       255.29881
1.000       25.635396      0.30471643       260.06759
1.000       26.138051      0.28912799       261.56522
1.000       26.640706      0.27645761       264.81097
1.000       27.143361      0.25893491       262.33226
1.000       27.646015      0.25182915       269.57145
1.000       28.148670      0.23940108       270.50170
1.000       28.651325      0.22772962       271.34630
1.000       29.153980      0.21649304       271.77390
1.000       29.656635      0.21106731       278.90534
1.000       30.159289      0.20087376       279.16232
1.000       30.661944      0.19571350       285.81835
1.000       31.164599      0.18505378       283.76109
1.000       31.667254      0.18143942       291.89935
1.000       32.169909      0.17440644       294.15908
1.000       33.175218      0.16405431       303.45848
1.000       34.180528      0.14896006       301.35361
1.000       35.185838      0.13973371       308.37213
1.000       36.191147      0.12981941       311.75752
1.000       37.196457      0.12290793       320.44602
1.000       38.201767      0.11453970       323.50176
1.000       39.207076      0.10643993       324.98866
1.000       40.212386     0.096808196       318.90543
1.000       41.217696     0.095485514       338.73406
1.000       42.223005     0.090433167       344.86207
1.000       43.228315     0.082545891       337.80855
1.000       44.233625     0.080141745       351.38777
1.000       45.238934     0.076843580       360.42503
1.000       46.244244     0.074021743       370.85370
1.000       47.249554     0.070139879       374.82487
1.000       48.254863     0.064764689       368.66492
1.000       49.260173     0.062263303       377.04242
1.000       50.265482     0.059649577       383.78429
1.000       51.270792     0.055841706       381.27560
1.000       52.276102     0.053263647       385.48789
1.000       53.281411     0.052018088       398.61332
1.000       54.286721     0.050606678       410.16530
1.000       55.292031     0.048295403       413.58395
1.000       56.297340     0.046788486       422.93428
1.000       57.302650     0.044227405       421.58567
1.000       58.307960     0.042801012       429.84099
1.000       59.313269     0.040759728       430.88078
1.000       60.318579     0.039847857       443.02530
1.000       61.323889     0.038708574       452.23742
1.000       62.329198     0.038052996       466.80311
1.000       63.334508     0.035869200       461.65032
1.000       64.339818     0.035625790       480.70013
1.000       66.350437     0.033077503       489.47931
1.000       68.361056     0.031986136       517.67635
1.000       70.371675     0.029164089       514.88749
1.000       72.382295     0.028979364       556.74478
1.000       74.392914     0.027562117       574.88046
1.000       76.403533     0.025562778       577.58863
1.000       78.414153     0.026017185       635.49762
1.000       80.424772     0.024303707       640.48992
1.000       82.435391     0.025065649       711.36145
1.000       84.446011     0.022403766       683.48454
1.000       86.456630     0.021224843       694.87973
1.000       88.467249     0.021378005       749.86832
1.000       90.477868     0.021149871       793.60623
1.000       92.488488     0.020282058       812.91535
1.000       94.499107     0.019539032       835.32680
1.000       96.509726     0.019785232       900.99973
1.000       98.520346     0.019004977       920.69414
1.000       100.53096     0.018459208       950.12964
1.000       102.54158     0.017968692       981.49207
1.000       104.55220     0.018946142       1096.9595
1.000       106.56282     0.017542362       1075.4135
1.000       108.57344     0.016842524       1092.0644
1.000       110.58406     0.017863040       1223.7797
1.000       112.59468     0.017136255       1239.1954
1.000       114.60530     0.017113799       1305.0609
1.000       116.61592     0.015723799       1263.2847
1.000       118.62654     0.016264105       1375.4538
1.000       120.63716     0.016389859       1457.7692
1.000       122.64778     0.015762821       1473.2731
1.000       124.65840     0.015629172       1533.8075
1.000       126.66902     0.015972778       1644.6062
1.000       128.67964     0.015715390       1696.3868
1.000       132.70087     0.013178635       1560.1345
1.000       136.72211     0.014366982       1860.1677
1.000       140.74335     0.014876952       2101.2024
1.000       144.76459     0.014736397       2264.8977
1.000       148.78583     0.014165319       2363.6399
1.000       152.80707     0.014600820       2639.2335
1.000       156.82831     0.013640378       2665.4468
1.000       160.84954     0.013495584       2845.2567
1.000       164.87078     0.012411372       2817.8714
1.000       168.89202     0.013300939       3246.2351
1.000       172.91326     0.013558292       3551.0774
1.000       176.93450     0.012082803       3390.5920
1.000       180.95574     0.011805912       3543.9441
1.000       184.97698     0.013017121       4173.8633
1.000       188.99821     0.011497587       3932.3310
1.000       193.01945     0.013447610       4899.1259
1.000       197.04069     0.012663673       4907.9225
1.000       201.06193     0.011593909       4774.0800
1.000       205.08317     0.012755860       5574.0398
1.000       209.10441     0.011231687       5202.4126
1.000       213.12565     0.011706757       5741.3497
1.000       217.14688     0.010849317       5627.7330
1.000       221.16812     0.011249401       6165.4851
1.000       225.18936     0.011417433       6605.1450
1.000       229.21060     0.011626554       7092.9250
1.000       233.23184     0.011660465       7494.6202
1.000       237.25308     0.011181166       7564.7211
1.000       241.27432     0.010827265       7704.1069
1.000       245.29555     0.010716188       8012.7137
1.000       249.31679    0.0098173477       7707.5975
1.000       253.33803    0.0097437629       8025.9812
1.000       257.35927     0.010796905       9323.7153
1.000       265.40175    0.0096729004       9160.9035
1.000       273.44422    0.0098979544       10252.316
1.000       281.48670    0.0095144974       10750.527
1.000       289.52918    0.0092379285       11358.523
1.000       297.57166    0.0091304595       12188.144
1.000       305.61413    0.0086156435       12458.859
1.000       313.65661    0.0093965010       14689.255
1.000       321.69909    0.0082277118       13877.103
1.000       329.74156    0.0085391134       15509.726
1.000       337.78404    0.0073354560       14322.366
1.000       345.82652    0.0078224698       16390.380
1.000       353.86900    0.0070377210       15799.009
1.000       361.91147    0.0078676683       18893.976
1.000       369.95395    0.0070305988       18034.561
1.000       377.99643    0.0066623350       18228.873
1.000       386.03891    0.0065687222       19144.516
1.000       394.08138    0.0059660892       18497.701
1.000       402.12386    0.0057286056       18871.165
1.000       410.16634    0.0057348648       20048.112
1.000       418.20881    0.0059158898       21921.481
1.000       426.25129    0.0054810655       21504.650
1.000       434.29377    0.0051396523       21328.229
1.000       442.33625    0.0057460282       25193.911
1.000       450.37872    0.0050636050       23434.931
1.000       458.42120    0.0046416710       22653.677
1.000       466.46368    0.0044306004       22781.711
1.000       474.50615    0.0045069985       24394.011
1.000       482.54863    0.0046979685       26742.599
1.000       490.59111    0.0044399095       26558.491
1.000       498.63359    0.0045561274       28616.117
1.000       506.67606    0.0039654842       26131.097
1.000       514.71854    0.0043927829       30347.257
0.750     0.015707963       11828.266    0.0023224745
0.750     0.031415927       10047.220     0.015782136
0.750     0.047123890       6771.6204     0.035899323
0.750     0.062831853       4281.4533     0.053802328
0.750     0.078539816       4050.0416     0.099402977
0.750     0.094247780       2942.1718      0.12478192
0.750      0.10995574       2730.8168      0.18391475
0.750      0.12566371       2075.9391      0.20869617
0.750      0.14137167       1728.0140      0.24734588
0.750      0.15707963       1465.6039      0.28777066
0.750      0.17278760       1230.6729      0.32162557
0.750      0.18849556       1190.9889      0.40409301
0.750      0.20420352       985.14771      0.42497296
0.750      0.21991149       864.84451      0.46596364
0.750      0.23561945       800.62084      0.53055518
0.750      0.25132741       754.43904      0.60675588
0.750      0.26703538       661.42339      0.63805219
0.750      0.28274334       601.72492      0.68904153
0.750      0.29845130       562.54174      0.75760956
0.750      0.31415927       534.21965      0.83915026
0.750      0.32986723       483.16675      0.87858709
0.750      0.34557519       454.73253      0.95072290
0.750      0.36128316       424.90919       1.0151016
0.750      0.37699112       410.67229       1.1147026
0.750      0.39269908       382.96824       1.1749318
0.750      0.40840704       361.58365       1.2478395
0.750      0.42411501       338.59910       1.3086002
0.750      0.43982297       317.89331       1.3702044
0.750      0.45553093       306.69921       1.4687116
0.750      0.47123890       299.19464       1.5861617
0.750      0.48694686       284.90058       1.6665114
0.750      0.50265482       275.80774       1.7745420
0.750      0.51836279       261.69181       1.8465533
0.750      0.53407075       256.54834       1.9798662
0.750      0.54977871       236.63436       1.9921032
0.750      0.56548668       233.68812       2.1407898
0.750      0.58119464       227.48453       2.2624914
0.750      0.59690260       221.59494       2.3874843
0.750      0.61261057       217.25030       2.5303703
0.750      0.62831853       204.95945       2.5755964
0.750      0.64402649       201.85677       2.7316483
0.750      0.65973446       193.28269       2.8117113
0.750      0.67544242       188.72139       2.9461604
0.750      0.69115038       182.49692       3.0524141
0.750      0.70685835       178.49157       3.1936340
0.750      0.72256631       176.54839       3.3741714
0.750      0.73827427       170.50345       3.4758149
0.750      0.75398224       167.69359       3.6414141
0.750      0.76969020       164.30149       3.7954182
0.750      0.78539816       159.23954       3.9083264
0.750      0.80110613       154.24696       4.0175106
0.750      0.81681409       152.30506       4.2048863
0.750      0.83252205       147.87574       4.3226932
0.750      0.84823002       146.58736       4.5321857
0.750      0.86393798       141.77116       4.6313314
0.750      0.87964594       139.00192       4.7930810
0.750      0.89535391       134.94766       4.9070426
0.750      0.91106187       133.10430       5.0992458
0.750      0.92676983       132.67602       5.3503029
0.750      0.94247780       129.02195       5.4720144
0.750      0.95818576       127.83934       5.6974944
0.750      0.97389372       125.66706       5.8806645
0.750      0.98960169       123.42882       6.0599372
0.750       1.0053096       120.79268       6.2174231
0.750       1.0367256       116.04632       6.5507810
0.750       1.0681415       115.04456       7.1026879
0.750       1.0995574       110.44058       7.4379400
0.750       1.1309734       105.63075       7.7413684
0.750       1.1623893       102.86032       8.1841379
0.750       1.1938052       100.31367       8.6463098
0.750       1.2252211       96.872873       9.0264271
0.750       1.2566371       95.605859       9.6113492
0.750       1.2880530       93.387719       10.110234
0.750       1.3194689       90.760851       10.562490
0.750       1.3508848       88.865929       11.098404
0.750       1.3823008       86.345597       11.553621
0.750       1.4137167       84.721304       12.126907
0.750       1.4451326       81.047449       12.391752
0.750       1.4765485       79.257044       12.925618
0.750       1.5079645       77.369098       13.440367
0.750       1.5393804       75.754847       13.999694
0.750       1.5707963       74.408671       14.610108
0.750       1.6022123       73.578537       15.331391
0.750       1.6336282       71.662881       15.827932
0.750       1.6650441       70.076737       16.387827
0.750       1.6964600       67.663274       16.736096
0.750       1.7278760       67.949993       17.758135
0.750       1.7592919       66.080601       18.228794
0.750       1.7907078       63.944957       18.601619
0.750       1.8221237       62.750347       19.231802
0.750       1.8535397       61.340716       19.789041
0.750       1.8849556       60.139784       20.404948
0.750       1.9163715       59.105157       21.073407
0.750       1.9477874       57.781796       21.631467
0.750       1.9792034       56.962638       22.373381
0.750       2.0106193       55.621335       22.903466
0.750       2.0734512       53.578776       24.196050
0.750       2.1362830       52.172605       25.768500
0.750       2.1991149       49.729532       26.793434
0.750       2.2619467       47.748724       27.994914
0.750       2.3247786       45.300275       28.834729
0.750       2.3876104       45.527342       31.393010
0.750       2.4504423       42.817825       31.917458
0.750       2.5132741       41.164857       33.106743
0.750       2.5761060       40.088418       34.720051
0.750       2.6389378       38.547839       35.888704
0.750       2.7017697       37.596977       37.563682
0.750       2.7646015       35.517254       38.019577
0.750       2.8274334       34.846842       39.903485
0.750       2.8902652       33.603338       41.102267
0.750       2.9530971       32.784608       42.773366
0.750       3.0159289       32.073262       44.573497
0.750       3.0787608       30.496439       45.086574
0.750       3.1415927       29.345682       46.096089
0.750       3.2044245       28.873279       48.130071
0.750       3.2672564       28.163691       49.763333
0.750       3.3300882       26.878138       50.284790
0.750       3.3929201       26.320270       52.081261
0.750       3.4557519       25.296319       52.887770
0.750       3.5185838       24.648526       54.395742
0.750       3.5814156       23.691272       55.134419
0.750       3.6442475       23.129351       56.709692
0.750       3.7070793       22.574391       58.261536
0.750       3.7699112       21.920027       59.498320
0.750       3.8327430       21.293373       60.735671
0.750       3.8955749       20.866263       62.492747
0.750       3.9584067       20.546923       64.562197
0.750       4.0212386       19.802111       65.232086
0.750       4.1469023       18.784046       67.862648
0.750       4.2725660       17.928079       70.838663
0.750       4.3982297       16.716535       72.052697
0.750       4.5238934       15.911308       74.629965
0.750       4.6495571       15.304522       77.933609
0.750       4.7752208       14.404872       79.462100
0.750       4.9008845       13.869403       82.708747
0.750       5.0265482       13.248635       85.241479
0.750       5.1522120       12.682740       87.874830
0.750       5.2778757       11.853667       88.287747
0.750       5.4035394       11.386360       91.010210
0.750       5.5292031       10.821095       92.667853
0.750       5.6548668       10.313660       94.482244
0.750       5.7805305       10.027301       98.119971
0.750       5.9061942       9.5742292       99.930313
0.750       6.0318579       9.1968322       102.24965
0.750       6.1575216       8.8350345       104.49520
0.750       6.2831853       8.5733547       107.73595
0.750       6.4088490       8.1349235       108.48354
0.750       6.5345127       7.8079922       110.36955
0.750       6.6601764       7.6201623       114.04905
0.750       6.7858401       7.2447898       114.68508
0.750       6.9115038       7.0359405       117.68201
0.750       7.0371675       6.7356349       118.91660
0.750       7.1628313       6.5129795       121.25625
0.750       7.2884950       6.4045585       125.62412
0.750       7.4141587       6.1805603       127.60971
0.750       7.5398224       5.9703245       129.64374
0.750       7.6654861       5.7067138       130.21933
0.750       7.7911498       5.5925375       133.99353
0.750       7.9168135       5.3882728       135.44752
0.750       8.0424772       5.1680368       136.19632
0.750       8.2938046       4.8513225       140.21414
0.750       8.5451320       4.5751847       144.62229
0.750       8.7964594       4.4231107       152.51824
0.750       9.0477868       4.1054661       154.04933
0.750       9.2991143       3.8052169       155.01525
0.750       9.5504417       3.6675383       161.85096
0.750       9.8017691       3.4834273       166.18446
0.750       10.053096       3.3336919       171.59130
0.750       10.304424       3.1594332       175.12598
0.750       10.555751       2.9724939       177.11636
0.750       10.807079       2.7936139       178.63296
0.750       11.058406       2.7256209       186.72966
0.750       11.309734       2.5539717       187.17311
0.750       11.561061       2.4332066       190.47690
0.750       11.812388       2.3474725       196.01257
0.750       12.063716       2.2593631       200.95535
0.750       12.315043       2.1391448       202.40362
0.750       12.566371       2.0333080       204.41042
0.750       12.817698       1.9761875       210.82811
0.750       13.069025       1.8995251       214.80526
0.750       13.320353       1.8292312       219.02115
0.750       13.571680       1.7297069       219.05020
0.750       13.823008       1.6606471       222.20574
0.750       14.074335       1.6075091       227.04261
0.750       14.325663       1.5430549       229.82422
0.750       14.576990       1.4975965       235.00042
0.750       14.828317       1.4329013       236.68031
0.750       15.079645       1.3722480       238.38350
0.750       15.330972       1.3310574       242.98313
0.750       15.582300       1.2852732       246.35442
0.750       15.833627       1.2432505       250.01735
0.750       16.084954       1.1799456       248.76641
0.750       16.587609       1.0963146       253.48766
0.750       17.090264       1.0311964       260.77020
0.750       17.592919      0.96691555       266.73039
0.750       18.095574      0.91485155       274.62366
0.750       18.598229      0.86092685       280.57647
0.750       19.100883      0.79175395       279.52513
0.750       19.603538      0.75427628       287.87510
0.750       20.106193      0.71285042       293.53386
0.750       20.608848      0.67533959       299.47020
0.750       21.111503      0.62060721       295.83157
0.750       21.614157      0.59796038       305.88459
0.750       22.116812      0.56783855       311.21658
0.750       22.619467      0.55004909       322.49190
0.750       23.122122      0.50873255       318.59785
0.750       23.624777      0.48923998       326.81000
0.750       24.127432      0.47543145       338.29178
0.750       24.630086      0.44700182       338.35871
0.750       25.132741      0.42696319       343.38417
0.750       25.635396      0.41063260       350.46429
0.750       26.138051      0.38641345       349.57639
0.750       26.640706      0.36900417       353.45872
0.750       27.143361      0.35824901       362.94942
0.750       27.646015      0.33512677       358.73770
0.750       28.148670      0.32541272       367.68713
0.750       28.651325      0.31614587       376.69677
0.750       29.153980      0.29741253       373.35595
0.750       29.656635      0.28529391       376.98873
0.750       30.159289      0.27220634       378.29605
0.750       30.661944      0.26184755       382.39997
0.750       31.164599      0.25404269       389.54855
0.750       31.667254      0.24214862       389.56818
0.750       32.169909      0.23138652       390.26338
0.750       33.175218      0.21244343       392.96596
0.750       34.180528      0.20457314       413.86164
0.750       35.185838      0.18546607       409.29687
0.750       36.191147      0.17443152       418.89221
0.750       37.196457      0.16324970       425.62523
0.750       38.201767      0.15877233       448.43079
0.750       39.207076      0.14429693       440.57589
0.750       40.212386      0.13540452       446.04939
0.750       41.217696      0.12459976       442.01660
0.750       42.223005      0.11432286       435.96414
0.750       43.228315      0.10979215       449.31038
0.750       44.233625      0.10499235       460.34718
0.750       45.238934     0.098765895       463.24886
0.750       46.244244     0.096088900       481.41158
0.750       47.249554     0.091097898       486.82373
0.750       48.254863     0.085018551       483.95750
0.750       49.260173     0.081252464       492.03341
0.750       50.265482     0.076282343       490.79921
0.750       51.270792     0.073047156       498.75085
0.750       52.276102     0.071468773       517.24485
0.750       53.281411     0.066265938       507.79424
0.750       54.286721     0.064342839       521.49640
0.750       55.292031     0.060449243       517.66493
0.750       56.297340     0.059462874       537.50164
0.750       57.302650     0.057324586       546.43097
0.750       58.307960     0.055161019       553.96978
0.750       59.313269     0.052699002       557.09369
0.750       60.318579     0.050862078       565.48054
0.750       61.323889     0.047928511       559.95517
0.750       62.329198     0.046011023       564.42568
0.750       63.334508     0.045079462       580.18992
0.750       64.339818     0.043683960       589.42932
0.750       66.350437     0.040521315       599.63248
0.750       68.361056     0.040584283       656.83219
0.750       70.371675     0.036714505       648.18893
0.750       72.382295     0.034212077       657.27444
0.750       74.392914     0.031524160       657.51929
0.750       76.403533     0.030108512       680.29908
0.750       78.414153     0.029485752       720.22108
0.750       80.424772     0.030602097       806.47510
0.750       82.435391     0.027858940       790.63485
0.750       84.446011     0.027410698       836.23390
0.750       86.456630     0.025943241       849.35529
0.750       88.467249     0.023909284       838.65704
0.750       90.477868     0.022947495       861.05842
0.750       92.488488     0.023345124       935.68458
0.750       94.499107     0.023502950       1004.7910
0.750       96.509726     0.020842026       949.12509
0.750       98.520346     0.022573249       1093.5587
0.750       100.53096     0.020778177       1069.4913
0.750       102.54158     0.020120123       1099.0082
0.750       104.55220     0.020235468       1171.6100
0.750       106.56282     0.020129461       1234.0125
0.750       108.57344     0.018558007       1203.2958
0.750       110.58406     0.019366387       1326.7726
0.750       112.59468     0.017807200       1287.7143
0.750       114.60530     0.018284317       1394.3221
0.750       116.61592     0.017609267       1414.7675
0.750       118.62654     0.016824228       1422.8233
0.750       120.63716     0.017317792       1540.3027
0.750       122.64778     0.017877331       1670.9059
0.750       124.65840     0.017207524       1688.7029
0.750       126.66902     0.017266671       1777.8293
0.750       128.67964     0.016791821       1812.5814
0.750       132.70087     0.016201793       1918.0269
0.750       136.72211     0.015780649       2043.2025
0.750       140.74335     0.015372054       2171.1300
0.750       144.76459     0.014846947       2281.8886
0.750       148.78583     0.014398287       2402.5131
0.750       152.80707     0.015563332       2813.2165
0.750       156.82831     0.014216882       2778.1005
0.750       160.84954     0.013674118       2882.8966
0.750       164.87078     0.014071070       3194.6883
0.750       168.89202     0.013154556       3210.5087
0.750       172.91326     0.013934370       3649.5766
0.750       176.93450     0.013773030       3864.8915
0.750       180.95574     0.012640136       3794.3648
0.750       184.97698     0.013193130       4230.2996
0.750       188.99821     0.013065049       4468.4243
0.750       193.01945     0.011962655       4358.1389
0.750       197.04069     0.012814316       4966.3056
0.750       201.06193     0.012848344       5290.6247
0.750       205.08317     0.012567044       5491.5313
0.750       209.10441     0.011867030       5496.6977
0.750       213.12565     0.011697265       5736.6944
0.750       217.14688     0.012387174       6425.4461
0.750       221.16812     0.011890083       6516.6249
0.750       225.18936     0.011904054       6886.6618
0.750       229.21060     0.011560471       7052.6102
0.750       233.23184     0.012025741       7729.3973
0.750       237.25308     0.011050449       7476.2832
0.750       241.27432     0.011458365       8153.1643
0.750       245.29555     0.011027488       8245.4789
0.750       249.31679     0.011557756       9073.9913
0.750       253.33803     0.011093629       9137.8717
0.750       257.35927     0.010890337       9404.3988
0.750       265.40175     0.010119191       9583.5717
0.750       273.44422     0.010802575       11189.323
0.750       281.48670    0.0098921874       11177.283
0.750       289.52918    0.0098746155       12141.364
0.750       297.57166    0.0098381021       13132.768
0.750       305.61413     0.010017714       14486.358
0.750       313.65661    0.0088984172       13910.616
0.750       321.69909    0.0088929694       14999.146
0.750       329.74156    0.0095292836       17308.188
0.750       337.78404    0.0094918556       18532.703
0.750       345.82652    0.0086810509       18189.361
0.750       353.86900    0.0093849721       21068.363
0.750       361.91147    0.0083550987       20064.526
0.750       369.95395    0.0080730678       20708.654
0.750       377.99643    0.0077880711       21309.009
0.750       386.03891    0.0079343938       23124.760
0.750       394.08138    0.0071103685       22045.509
0.750       402.12386    0.0074753547       24625.303
0.750       410.16634    0.0063240931       22107.954
0.750       418.20881    0.0071998930       26679.387
0.750       426.25129    0.0064078975       25141.023
0.750       434.29377    0.0070083484       29082.835
0.750       442.33625    0.0061058042       26771.377
0.750       450.37872    0.0058615862       27128.077
0.750       458.42120    0.0065421175       31928.806
0.750       466.46368    0.0057860550       29751.325
0.750       474.50615    0.0053092517       28736.186
0.750       482.54863    0.0054819669       31205.413
0.750       490.59111    0.0050015110       29917.859
0.750       498.63359    0.0048388210       30391.658
0.750       506.67606    0.0055410893       36513.761
0.750       514.71854    0.0055775151       38531.902
0.500     0.015707963       14985.196    0.0029423363
0.500     0.031415927       12674.072     0.019908385
0.500     0.047123890       8552.5474     0.045340797
0.500     0.062831853       5393.5234     0.067777014
0.500     0.078539816       5151.7493      0.12644295
0.500     0.094247780       3729.1406      0.15815845
0.500      0.10995574       3464.3055      0.23331367
0.500      0.12566371       2631.9285      0.26459032
0.500      0.14137167       2205.1507      0.31564266
0.500      0.15707963       1884.1977      0.36996136
0.500      0.17278760       1580.4104      0.41302640
0.500      0.18849556       1528.3296      0.51855002
0.500      0.20420352       1286.7149      0.55506300
0.500      0.21991149       1127.9744      0.60773360
0.500      0.23561945       1043.3297      0.69139340
0.500      0.25132741       993.74399      0.79921633
0.500      0.26703538       873.76778      0.84289345
0.500      0.28274334       795.24666      0.91064531
0.500      0.29845130       747.33722       1.0064850
0.500      0.31415927       708.09776       1.1122774
0.500      0.32986723       649.24621       1.1805848
0.500      0.34557519       614.12692       1.2839735
0.500      0.36128316       577.29132       1.3791402
0.500      0.37699112       558.08036       1.5148176
0.500      0.39269908       518.39028       1.5904014
0.500      0.40840704       492.27500       1.6988605
0.500      0.42411501       464.23556       1.7941535
0.500      0.43982297       436.69194       1.8822580
0.500      0.45553093       421.26284       2.0173304
0.500      0.47123890       412.27787       2.1856654
0.500      0.48694686       396.48253       2.3192044
0.500      0.50265482       382.30157       2.4597213
0.500      0.51836279       366.24257       2.5842857
0.500      0.53407075       358.37678       2.7657091
0.500      0.54977871       332.16611       2.7963359
0.500      0.56548668       331.77594       3.0393610
0.500      0.58119464       321.63628       3.1988958
0.500      0.59690260       311.80298       3.3593940
0.500      0.61261057       308.31165       3.5909854
0.500      0.62831853       291.84348       3.6674133
0.500      0.64402649       288.41761       3.9030421
0.500      0.65973446       276.36529       4.0203259
0.500      0.67544242       270.01026       4.2151742
0.500      0.69115038       261.02181       4.3658088
0.500      0.70685835       257.75221       4.6117932
0.500      0.72256631       254.26921       4.8595623
0.500      0.73827427       245.60501       5.0068051
0.500      0.75398224       242.96873       5.2759904
0.500      0.76969020       237.70398       5.4910397
0.500      0.78539816       230.74025       5.6632178
0.500      0.80110613       223.92831       5.8324286
0.500      0.81681409       221.39198       6.1122598
0.500      0.83252205       215.48880       6.2991538
0.500      0.84823002       214.77035       6.6402662
0.500      0.86393798       207.10909       6.7657681
0.500      0.87964594       203.36730       7.0125360
0.500      0.89535391       199.25136       7.2452896
0.500      0.91106187       195.17747       7.4772783
0.500      0.92676983       193.11787       7.7876853
0.500      0.94247780       189.61743       8.0419599
0.500      0.95818576       187.31784       8.3483092
0.500      0.97389372       183.94639       8.6078806
0.500      0.98960169       182.04507       8.9377964
0.500       1.0053096       177.57020       9.1398676
0.500       1.0367256       173.84880       9.8137140
0.500       1.0681415       169.94886       10.492401
0.500       1.0995574       164.80373       11.099184
0.500       1.1309734       156.68061       11.482664
0.500       1.1623893       150.83029       12.000895
0.500       1.1938052       147.69580       12.730305
0.500       1.2252211       144.67386       13.480431
0.500       1.2566371       138.79244       13.952938
0.500       1.2880530       135.91026       14.713760
0.500       1.3194689       132.07959       15.371047
0.500       1.3508848       131.08368       16.370950
0.500       1.3823008       126.62297       16.943003
0.500       1.4137167       124.69926       17.849305
0.500       1.4451326       118.50703       18.119137
0.500       1.4765485       118.20963       19.278192
0.500       1.5079645       114.85036       19.951518
0.500       1.5393804       112.26912       20.747627
0.500       1.5707963       109.73889       21.547181
0.500       1.6022123       106.78179       22.249876
0.500       1.6336282       105.69184       23.343791
0.500       1.6650441       104.05041       24.332756
0.500       1.6964600       99.448834       24.598060
0.500       1.7278760       99.041607       25.883656
0.500       1.7592919       97.251988       26.827639
0.500       1.7907078       94.223805       27.409751
0.500       1.8221237       92.043461       28.209592
0.500       1.8535397       91.433722       29.497303
0.500       1.8849556       89.265940       30.287220
0.500       1.9163715       87.224113       31.098966
0.500       1.9477874       84.895281       31.781800
0.500       1.9792034       82.990263       32.596327
0.500       2.0106193       81.021892       33.362776
0.500       2.0734512       78.916505       35.638509
0.500       2.1362830       75.878663       37.477126
0.500       2.1991149       72.387354       39.001086
0.500       2.2619467       69.438345       40.711465
0.500       2.3247786       66.291278       42.196014
0.500       2.3876104       65.023404       44.836361
0.500       2.4504423       61.707279       45.998120
0.500       2.5132741       60.253191       48.458491
0.500       2.5761060       57.839535       50.094059
0.500       2.6389378       56.611879       52.706637
0.500       2.7017697       53.056581       53.009596
0.500       2.7646015       51.546246       55.177871
0.500       2.8274334       49.870395       57.107114
0.500       2.8902652       48.196854       58.952476
0.500       2.9530971       46.180072       60.250137
0.500       3.0159289       44.423891       61.737661
0.500       3.0787608       43.225334       63.905239
0.500       3.1415927       42.268044       66.394488
0.500       3.2044245       40.971954       68.297856
0.500       3.2672564       39.013222       68.933720
0.500       3.3300882       38.308196       71.668641
0.500       3.3929201       36.926306       73.067965
0.500       3.4557519       36.505788       76.323743
0.500       3.5185838       34.935624       77.097882
0.500       3.5814156       33.487849       77.933052
0.500       3.6442475       32.748185       80.293629
0.500       3.7070793       31.854522       82.212337
0.500       3.7699112       30.506247       82.804206
0.500       3.8327430       30.078857       85.794746
0.500       3.8955749       28.999728       86.851807
0.500       3.9584067       28.300855       88.926472
0.500       4.0212386       27.439644       90.391639
0.500       4.1469023       26.067446       94.175980
0.500       4.2725660       24.896213       98.371634
0.500       4.3982297       23.741994       102.33429
0.500       4.5238934       21.787147       102.18984
0.500       4.6495571       21.409111       109.01936
0.500       4.7752208       20.220223       111.54152
0.500       4.9008845       19.204770       114.52565
0.500       5.0265482       18.113097       116.53933
0.500       5.1522120       17.642440       122.23908
0.500       5.2778757       16.779374       124.97510
0.500       5.4035394       15.818100       126.43273
0.500       5.5292031       15.316306       131.16317
0.500       5.6548668       14.534230       133.14639
0.500       5.7805305       13.875346       135.77417
0.500       5.9061942       13.601716       141.96691
0.500       6.0318579       12.726067       141.48740
0.500       6.1575216       12.376961       146.38687
0.500       6.2831853       11.837600       148.75567
0.500       6.4088490       11.489981       153.22501
0.500       6.5345127       10.838153       153.20225
0.500       6.6601764       10.640129       159.24814
0.500       6.7858401       10.135680       160.44789
0.500       6.9115038       9.8776288       165.21163
0.500       7.0371675       9.4613536       167.03874
0.500       7.1628313       9.2098503       171.46559
0.500       7.2884950       8.9328296       175.21564
0.500       7.4141587       8.5112254       175.73084
0.500       7.5398224       8.2615437       179.39685
0.500       7.6654861       7.9976400       182.49510
0.500       7.7911498       7.7187864       184.93706
0.500       7.9168135       7.5101803       188.78690
0.500       8.0424772       7.2605612       191.34185
0.500       8.2938046       6.8590737       198.24267
0.500       8.5451320       6.4912991       205.19095
0.500       8.7964594       6.0559638       208.82248
0.500       9.0477868       5.6217447       210.94462
0.500       9.2991143       5.4024509       220.08266
0.500       9.5504417       5.1367910       226.69008
0.500       9.8017691       4.8579100       231.75714
0.500       10.053096       4.5788175       235.68023
0.500       10.304424       4.3672300       242.07362
0.500       10.555751       4.1286104       246.00369
0.500       10.807079       3.9886894       255.05005
0.500       11.058406       3.7395731       256.19455
0.500       11.309734       3.5650624       261.27299
0.500       11.561061       3.3924289       265.56699
0.500       11.812388       3.2218362       269.02143
0.500       12.063716       3.1090711       276.53124
0.500       12.315043       3.0111496       284.91178
0.500       12.566371       2.8614876       287.66811
0.500       12.817698       2.7306485       291.31722
0.500       13.069025       2.6074808       294.86349
0.500       13.320353       2.5268216       302.54643
0.500       13.571680       2.4426870       309.34204
0.500       13.823008       2.3197027       310.39180
0.500       14.074335       2.2402194       316.40583
0.500       14.325663       2.1613820       321.91849
0.500       14.576990       2.0758140       325.73337
0.500       14.828317       1.9863471       328.09605
0.500       15.079645       1.9081910       331.48618
0.500       15.330972       1.8516040       338.00836
0.500       15.582300       1.7995994       344.93776
0.500       15.833627       1.7371676       349.34393
0.500       16.084954       1.6525582       348.40673
0.500       16.587609       1.5642655       361.68635
0.500       17.090264       1.4614341       369.56925
0.500       17.592919       1.3542729       373.58561
0.500       18.095574       1.2552516       376.80627
0.500       18.598229       1.2154736       396.12343
0.500       19.100883       1.1318663       399.60025
0.500       19.603538       1.0574544       403.58525
0.500       20.106193       1.0100409       415.90941
0.500       20.608848      0.94454495       418.84566
0.500       21.111503      0.89331928       425.82819
0.500       21.614157      0.83133976       425.26902
0.500       22.116812      0.80843768       443.08230
0.500       22.619467      0.75200490       440.89791
0.500       23.122122      0.73036390       457.39627
0.500       23.624777      0.68418233       457.03057
0.500       24.127432      0.66208255       471.10279
0.500       24.630086      0.62387982       472.24678
0.500       25.132741      0.59181507       475.96592
0.500       25.635396      0.57317685       489.19160
0.500       26.138051      0.53786880       486.59340
0.500       26.640706      0.51054034       489.03224
0.500       27.143361      0.48972343       496.14885
0.500       27.646015      0.46443237       497.15336
0.500       28.148670      0.45198623       510.70382
0.500       28.651325      0.43215492       514.92485
0.500       29.153980      0.41649440       522.84502
0.500       29.656635      0.39737266       525.09011
0.500       30.159289      0.37585307       522.33807
0.500       30.661944      0.36520757       533.34607
0.500       31.164599      0.35482043       544.08094
0.500       31.667254      0.33660442       541.52845
0.500       32.169909      0.32980563       556.25998
0.500       33.175218      0.30197126       558.56954
0.500       34.180528      0.27932474       565.08784
0.500       35.185838      0.26407785       582.78172
0.500       36.191147      0.24734583       593.99381
0.500       37.196457      0.22250916       580.12673
0.500       38.201767      0.20909529       590.56113
0.500       39.207076      0.20182653       616.22865
0.500       40.212386      0.18495016       609.26256
0.500       41.217696      0.16919232       600.20836
0.500       42.223005      0.16745663       638.58693
0.500       43.228315      0.15553782       636.51874
0.500       44.233625      0.14827737       650.13377
0.500       45.238934      0.13889698       651.47862
0.500       46.244244      0.13122535       657.44746
0.500       47.249554      0.12512555       668.66623
0.500       48.254863      0.11669845       664.29134
0.500       49.260173      0.11359872       687.90978
0.500       50.265482      0.10680881       687.20594
0.500       51.270792      0.10074732       687.88185
0.500       52.276102     0.096687454       699.76137
0.500       53.281411     0.090592003       694.20428
0.500       54.286721     0.086788548       703.41806
0.500       55.292031     0.083903181       718.51578
0.500       56.297340     0.080179303       724.76326
0.500       57.302650     0.076284677       727.16286
0.500       58.307960     0.073241530       735.54831
0.500       59.313269     0.070932541       749.84476
0.500       60.318579     0.068651649       763.26358
0.500       61.323889     0.065746059       768.11995
0.500       62.329198     0.061659553       756.38909
0.500       63.334508     0.060569734       779.55566
0.500       64.339818     0.057973764       782.24218
0.500       66.350437     0.051375047       760.24549
0.500       68.361056     0.050313252       814.28969
0.500       70.371675     0.047718747       842.46713
0.500       72.382295     0.044243385       849.99358
0.500       74.392914     0.041902796       873.99305
0.500       76.403533     0.040036570       904.62263
0.500       78.414153     0.038407368       938.14111
0.500       80.424772     0.035641160       939.27250
0.500       82.435391     0.033882320       961.57797
0.500       84.446011     0.031605191       964.19768
0.500       86.456630     0.030232637       989.78575
0.500       88.467249     0.028709849       1007.0447
0.500       90.477868     0.029158907       1094.1291
0.500       92.488488     0.028150051       1128.2685
0.500       94.499107     0.026611245       1137.6759
0.500       96.509726     0.025528672       1162.5503
0.500       98.520346     0.024543801       1189.0219
0.500       100.53096     0.024543206       1263.2843
0.500       102.54158     0.023560167       1286.9115
0.500       104.55220     0.022485868       1301.9056
0.500       106.56282     0.021947995       1345.4956
0.500       108.57344     0.021593926       1400.1439
0.500       110.58406     0.021164798       1449.9799
0.500       112.59468     0.020255804       1464.7832
0.500       114.60530     0.020456490       1559.9673
0.500       116.61592     0.020430822       1641.4574
0.500       118.62654     0.019876479       1680.9519
0.500       120.63716     0.019479872       1732.6054
0.500       122.64778     0.018808547       1757.9420
0.500       124.65840     0.018559206       1821.3536
0.500       126.66902     0.019048679       1961.3103
0.500       128.67964     0.017455446       1884.2160
0.500       132.70087     0.017341943       2053.0019
0.500       136.72211     0.015966626       2067.2818
0.500       140.74335     0.017057456       2409.1740
0.500       144.76459     0.016201020       2490.0018
0.500       148.78583     0.015745571       2627.3224
0.500       152.80707     0.015600772       2819.9841
0.500       156.82831     0.015696719       3067.2735
0.500       160.84954     0.014991935       3160.7304
0.500       164.87078     0.014564093       3306.6239
0.500       168.89202     0.014921642       3641.7848
0.500       172.91326     0.014184622       3715.1206
0.500       176.93450     0.014428234       4048.7504
0.500       180.95574     0.013790181       4139.5895
0.500       184.97698     0.014034078       4499.9447
0.500       188.99821     0.014019557       4794.8789
0.500       193.01945     0.014272933       5199.8012
0.500       197.04069     0.013868652       5374.9232
0.500       201.06193     0.013092134       5391.0114
0.500       205.08317     0.012941220       5655.0381
0.500       209.10441     0.012915732       5982.4467
0.500       213.12565     0.012303860       6034.1871
0.500       217.14688     0.013409518       6955.7544
0.500       221.16812     0.012383664       6787.1431
0.500       225.18936     0.012896619       7460.8746
0.500       229.21060     0.012862883       7847.1630
0.500       233.23184     0.012464163       8011.1870
0.500       237.25308     0.011847024       8015.2137
0.500       241.27432     0.012059392       8580.8229
0.500       245.29555     0.012290335       9189.7355
0.500       249.31679     0.012175418       9558.9183
0.500       253.33803     0.012669334       10435.787
0.500       257.35927     0.011908584       10283.711
0.500       265.40175     0.011296684       10698.739
0.500       273.44422     0.011562536       11976.492
0.500       281.48670     0.011133417       12579.760
0.500       289.52918     0.011568984       14224.680
0.500       297.57166     0.011459994       15297.812
0.500       305.61413    0.0099042453       14322.273
0.500       313.65661     0.010803919       16889.428
0.500       321.69909    0.0097075572       16373.054
0.500       329.74156    0.0098468161       17884.927
0.500       337.78404    0.0097135509       18965.560
0.500       345.82652    0.0096101760       20136.152
0.500       353.86900     0.010275275       23067.007
0.500       361.91147    0.0083689056       20097.683
0.500       369.95395    0.0091514414       23474.847
0.500       377.99643    0.0083926159       22963.109
0.500       386.03891    0.0086855431       25313.982
0.500       394.08138    0.0085670688       26561.969
0.500       402.12386    0.0087958165       28975.167
0.500       410.16634    0.0083054933       29034.593
0.500       418.20881    0.0080176774       29709.708
0.500       426.25129    0.0073106067       28682.751
0.500       434.29377    0.0075324594       31257.760
0.500       442.33625    0.0070866014       31071.760
0.500       450.37872    0.0070270485       32521.967
0.500       458.42120    0.0072761463       35511.234
0.500       466.46368    0.0064662930       33249.042
0.500       474.50615    0.0074067731       40088.966
0.500       482.54863    0.0065002162       37001.670
0.500       490.59111    0.0064725935       38717.527
0.500       498.63359    0.0061465380       38605.165
0.500       506.67606    0.0060361743       39776.191
0.500       514.71854    0.0061212846       42288.498
0.375     0.015707963       16941.518    0.0033264592
0.375     0.031415927       14293.174     0.022451666
0.375     0.047123890       9650.6374     0.051162252
0.375     0.062831853       6077.6362     0.076373830
0.375     0.078539816       5836.6978      0.14325412
0.375     0.094247780       4216.5512      0.17883027
0.375      0.10995574       3919.3458      0.26395968
0.375      0.12566371       2977.6507      0.29934610
0.375      0.14137167       2503.8895      0.35840378
0.375      0.15707963       2147.4390      0.42164867
0.375      0.17278760       1800.3479      0.47050516
0.375      0.18849556       1740.5286      0.59054745
0.375      0.20420352       1480.9128      0.63883608
0.375      0.21991149       1296.6047      0.69858876
0.375      0.23561945       1198.5301      0.79424158
0.375      0.25132741       1148.1549      0.92340095
0.375      0.26703538       1012.4893      0.97671333
0.375      0.28274334       921.52312       1.0552458
0.375      0.29845130       869.46380       1.1709604
0.375      0.31415927       821.51834       1.2904380
0.375      0.32986723       758.63924       1.3795043
0.375      0.34557519       720.58434       1.5065472
0.375      0.36128316       680.17996       1.6249396
0.375      0.37699112       656.26253       1.7813170
0.375      0.39269908       609.46688       1.8698210
0.375      0.40840704       580.42679       2.0030758
0.375      0.42411501       548.49157       2.1197817
0.375      0.43982297       517.80422       2.2318735
0.375      0.45553093       498.57693       2.3875697
0.375      0.47123890       488.16525       2.5879776
0.375      0.48694686       472.44877       2.7635651
0.375      0.50265482       454.43534       2.9238287
0.375      0.51836279       437.88241       3.0897918
0.375      0.53407075       426.97556       3.2951080
0.375      0.54977871       398.74041       3.3567908
0.375      0.56548668       399.63256       3.6609876
0.375      0.58119464       386.97884       3.8487729
0.375      0.59690260       373.57152       4.0248939
0.375      0.61261057       370.33596       4.3133986
0.375      0.62831853       352.42110       4.4286541
0.375      0.64402649       348.69422       4.7187417
0.375      0.65973446       335.17704       4.8758689
0.375      0.67544242       327.13670       5.1069843
0.375      0.69115038       316.75426       5.2979809
0.375      0.70685835       313.26234       5.6050000
0.375      0.72256631       308.77509       5.9012722
0.375      0.73827427       298.66148       6.0883931
0.375      0.75398224       295.63531       6.4196286
0.375      0.76969020       289.82625       6.6950812
0.375      0.78539816       281.20423       6.9017901
0.375      0.80110613       273.41756       7.1214236
0.375      0.81681409       270.32395       7.4631891
0.375      0.83252205       263.07794       7.6902760
0.375      0.84823002       262.76280       8.1240960
0.375      0.86393798       254.01153       8.2979611
0.375      0.87964594       248.66342       8.5744422
0.375      0.89535391       245.81938       8.9386220
0.375      0.91106187       239.41490       9.1720210
0.375      0.92676983       236.20467       9.5252064
0.375      0.94247780       232.59859       9.8648551
0.375      0.95818576       229.82411       10.242712
0.375      0.97389372       225.65212       10.559525
0.375      0.98960169       223.56180       10.976127
0.375       1.0053096       217.42297       11.191164
0.375       1.0367256       214.78258       12.124414
0.375       1.0681415       207.33794       12.800750
0.375       1.0995574       202.20563       13.618123
0.375       1.1309734       194.31420       14.240719
0.375       1.1623893       186.89495       14.870399
0.375       1.1938052       181.57200       15.650187
0.375       1.2252211       179.74432       16.748229
0.375       1.2566371       171.39199       17.230203
0.375       1.2880530       167.89977       18.176973
0.375       1.3194689       162.40737       18.900508
0.375       1.3508848       161.83025       20.210868
0.375       1.3823008       155.78747       20.845410
0.375       1.4137167       153.75561       22.008397
0.375       1.4451326       146.04557       22.329642
0.375       1.4765485       146.72076       23.927923
0.375       1.5079645       142.33509       24.726097
0.375       1.5393804       136.65324       25.253876
0.375       1.5707963       134.90372       26.488284
0.375       1.6022123       130.74505       27.243045
0.375       1.6336282       129.29500       28.556938
0.375       1.6650441       127.88551       29.906723
0.375       1.6964600       122.19145       30.223308
0.375       1.7278760       121.54519       31.764771
0.375       1.7592919       118.14129       32.590099
0.375       1.7907078       115.32572       33.548308
0.375       1.8221237       113.17365       34.685597
0.375       1.8535397       112.15079       36.180807
0.375       1.8849556       109.41238       37.122746
0.375       1.9163715       106.35917       37.921396
0.375       1.9477874       104.01329       38.938910
0.375       1.9792034       101.19264       39.745728
0.375       2.0106193       99.673710       41.043125
0.375       2.0734512       95.796968       43.261687
0.375       2.1362830       93.326780       46.094902
0.375       2.1991149       88.333916       47.592825
0.375       2.2619467       84.136367       49.328865
0.375       2.3247786       81.010028       51.564857
0.375       2.3876104       77.984373       53.773492
0.375       2.4504423       74.651291       55.646904
0.375       2.5132741       73.448761       59.070998
0.375       2.5761060       70.103860       60.716030
0.375       2.6389378       68.631158       63.896793
0.375       2.7017697       64.290381       64.233448
0.375       2.7646015       62.715111       67.133624
0.375       2.8274334       59.570383       68.214672
0.375       2.8902652       58.167409       71.148063
0.375       2.9530971       56.651654       73.912184
0.375       3.0159289       53.529275       74.391777
0.375       3.0787608       52.343008       77.384999
0.375       3.1415927       51.260907       80.520444
0.375       3.2044245       49.743900       82.920178
0.375       3.2672564       47.353324       83.670114
0.375       3.3300882       46.095744       86.237926
0.375       3.3929201       44.402922       87.862326
0.375       3.4557519       43.031000       89.966199
0.375       3.5185838       41.998483       92.684593
0.375       3.5814156       40.417843       94.060560
0.375       3.6442475       39.650401       97.216823
0.375       3.7070793       38.181795       98.542197
0.375       3.7699112       36.653311       99.489403
0.375       3.8327430       36.149853       103.11121
0.375       3.8955749       34.868417       104.42805
0.375       3.9584067       33.998889       106.83074
0.375       4.0212386       33.485136       110.30669
0.375       4.1469023       31.324290       113.16781
0.375       4.2725660       29.141121       115.14441
0.375       4.3982297       28.447630       122.61683
0.375       4.5238934       26.461421       124.11393
0.375       4.6495571       25.295529       128.80976
0.375       4.7752208       24.028085       132.54697
0.375       4.9008845       23.621268       140.86298
0.375       5.0265482       21.919336       141.02861
0.375       5.1522120       21.135512       146.44151
0.375       5.2778757       20.103347       149.73251
0.375       5.4035394       19.160031       153.14451
0.375       5.5292031       18.496044       158.39327
0.375       5.6548668       17.496656       160.28484
0.375       5.7805305       16.720267       163.61253
0.375       5.9061942       15.994275       166.93906
0.375       6.0318579       15.623085       173.69621
0.375       6.1575216       14.633687       173.07799
0.375       6.2831853       14.143095       177.72738
0.375       6.4088490       13.925730       185.70703
0.375       6.5345127       13.342952       188.60874
0.375       6.6601764       12.871406       192.64309
0.375       6.7858401       12.329512       195.17627
0.375       6.9115038       11.872659       198.58019
0.375       7.0371675       11.357257       200.51063
0.375       7.1628313       11.027664       205.30897
0.375       7.2884950       10.581526       207.55449
0.375       7.4141587       10.319306       213.06218
0.375       7.5398224       9.9791703       216.69457
0.375       7.6654861       9.6622824       220.47994
0.375       7.7911498       9.4418651       226.22089
0.375       7.9168135       8.9965590       226.15070
0.375       8.0424772       8.7607644       230.87759
0.375       8.2938046       8.1567878       235.74952
0.375       8.5451320       7.6024838       240.31567
0.375       8.7964594       7.3260819       252.61884
0.375       9.0477868       6.7597190       253.64481
0.375       9.2991143       6.4823992       264.07712
0.375       9.5504417       6.1283302       270.44739
0.375       9.8017691       5.8751260       280.28564
0.375       10.053096       5.5031243       283.25601
0.375       10.304424       5.2464984       290.81108
0.375       10.555751       5.0343422       299.97181
0.375       10.807079       4.7532034       303.93562
0.375       11.058406       4.5020915       308.43396
0.375       11.309734       4.2804010       313.69806
0.375       11.561061       4.1708743       326.50545
0.375       11.812388       3.9381525       328.83342
0.375       12.063716       3.7922522       337.29567
0.375       12.315043       3.5932917       339.99345
0.375       12.566371       3.4635289       348.19191
0.375       12.817698       3.2671156       348.54983
0.375       13.069025       3.1614390       357.50710
0.375       13.320353       3.0128760       360.74366
0.375       13.571680       2.8898256       365.96770
0.375       13.823008       2.7956064       374.07091
0.375       14.074335       2.6588635       375.53460
0.375       14.325663       2.5459930       379.20286
0.375       14.576990       2.4721689       387.92874
0.375       14.828317       2.4102374       398.11238
0.375       15.079645       2.2819984       396.42307
0.375       15.330972       2.2315386       407.36503
0.375       15.582300       2.1473315       411.58923
0.375       15.833627       2.0862463       419.54357
0.375       16.084954       2.0056295       422.84429
0.375       16.587609       1.8314689       423.46857
0.375       17.090264       1.7389142       439.73875
0.375       17.592919       1.6082838       443.65629
0.375       18.095574       1.5608902       468.55404
0.375       18.598229       1.4453797       471.04994
0.375       19.100883       1.3867179       489.57445
0.375       19.603538       1.2447225       475.05750
0.375       20.106193       1.2191194       502.00269
0.375       20.608848       1.1506302       510.23136
0.375       21.111503       1.1045250       526.50591
0.375       21.614157       1.0235529       523.59499
0.375       22.116812      0.97391318       533.77484
0.375       22.619467      0.91883153       538.70779
0.375       23.122122      0.87049099       545.15199
0.375       23.624777      0.83202002       555.78545
0.375       24.127432      0.78702034       560.00189
0.375       24.630086      0.74041248       560.45635
0.375       25.132741      0.70604854       567.83793
0.375       25.635396      0.68347593       583.32901
0.375       26.138051      0.64172059       580.54492
0.375       26.640706      0.62955575       603.03376
0.375       27.143361      0.59689148       604.72300
0.375       27.646015      0.56158681       601.15269
0.375       28.148670      0.54410441       614.78909
0.375       28.651325      0.51602254       614.85551
0.375       29.153980      0.49575075       622.33924
0.375       29.656635      0.47618681       629.23550
0.375       30.159289      0.46408337       644.95525
0.375       30.661944      0.44684519       652.56897
0.375       31.164599      0.42205632       647.18032
0.375       31.667254      0.41073572       660.79074
0.375       32.169909      0.39253363       662.05888
0.375       33.175218      0.36739368       679.58426
0.375       34.180528      0.33773119       683.24700
0.375       35.185838      0.31198520       688.50632
0.375       36.191147      0.30104147       722.94231
0.375       37.196457      0.27101330       706.58692
0.375       38.201767      0.25751366       727.31219
0.375       39.207076      0.23714332       724.05997
0.375       40.212386      0.22832652       752.15293
0.375       41.217696      0.21712799       770.25973
0.375       42.223005      0.20054079       764.75162
0.375       43.228315      0.18980378       776.74783
0.375       44.233625      0.17762984       778.83195
0.375       45.238934      0.16511215       774.43751
0.375       46.244244      0.15685963       785.87684
0.375       47.249554      0.14964434       799.69368
0.375       48.254863      0.14039149       799.16104
0.375       49.260173      0.13513077       818.29951
0.375       50.265482      0.12660356       814.56500
0.375       51.270792      0.12044685       822.38615
0.375       52.276102      0.11477897       830.69608
0.375       53.281411      0.11156081       854.88774
0.375       54.286721      0.10373836       840.79571
0.375       55.292031     0.099597860       852.91919
0.375       56.297340     0.096237283       869.91586
0.375       57.302650     0.091207407       869.40972
0.375       58.307960     0.087031021       874.03308
0.375       59.313269     0.083940152       887.35132
0.375       60.318579     0.081069631       901.32571
0.375       61.323889     0.078115667       912.63572
0.375       62.329198     0.073737985       904.55743
0.375       63.334508     0.071769453       923.70032
0.375       64.339818     0.069364682       935.94027
0.375       66.350437     0.064333419       952.00285
0.375       68.361056     0.058786828       951.42943
0.375       70.371675     0.057688689       1018.4849
0.375       72.382295     0.051583453       991.00926
0.375       74.392914     0.048952143       1021.0257
0.375       76.403533     0.046924800       1060.2616
0.375       78.414153     0.043764192       1068.9873
0.375       80.424772     0.041536647       1094.6397
0.375       82.435391     0.040005348       1135.3491
0.375       84.446011     0.037209275       1135.1647
0.375       86.456630     0.035176591       1151.6458
0.375       88.467249     0.034618926       1214.3152
0.375       90.477868     0.033618176       1261.4542
0.375       92.488488     0.030626120       1227.5107
0.375       94.499107     0.029642985       1267.2880
0.375       96.509726     0.029169491       1328.3495
0.375       98.520346     0.026718132       1294.3571
0.375       100.53096     0.026657072       1372.0889
0.375       102.54158     0.026159223       1428.8781
0.375       104.55220     0.025140528       1455.6073
0.375       106.56282     0.025060854       1536.3256
0.375       108.57344     0.024048783       1559.3162
0.375       110.58406     0.024019905       1645.5806
0.375       112.59468     0.022426697       1621.7697
0.375       114.60530     0.022276608       1698.7655
0.375       116.61592     0.021628828       1737.7079
0.375       118.62654     0.020907182       1768.1184
0.375       120.63716     0.021203614       1885.9207
0.375       122.64778     0.020333804       1900.5003
0.375       124.65840     0.019890678       1952.0209
0.375       126.66902     0.020514979       2112.2851
0.375       128.67964     0.019742859       2131.1291
0.375       132.70087     0.018977510       2246.6263
0.375       136.72211     0.018833528       2438.4746
0.375       140.74335     0.017402200       2457.8653
0.375       144.76459     0.016325702       2509.1646
0.375       148.78583     0.016403331       2737.0769
0.375       152.80707     0.016814616       3039.3978
0.375       156.82831     0.015718328       3071.4961
0.375       160.84954     0.015535994       3275.4336
0.375       164.87078     0.015536889       3527.4869
0.375       168.89202     0.015471506       3775.9848
0.375       172.91326     0.015104352       3956.0088
0.375       176.93450     0.015316579       4298.0314
0.375       180.95574     0.014989704       4499.6670
0.375       184.97698     0.014667297       4702.9826
0.375       188.99821     0.013657916       4671.1928
0.375       193.01945     0.013283058       4839.1777
0.375       197.04069     0.013786378       5343.0373
0.375       201.06193     0.013476327       5549.2122
0.375       205.08317     0.013461697       5882.4754
0.375       209.10441     0.012505720       5792.5331
0.375       213.12565     0.014087664       6909.0188
0.375       217.14688     0.013104249       6797.4056
0.375       221.16812     0.013004057       7127.1635
0.375       225.18936     0.012993367       7516.8444
0.375       229.21060     0.012869863       7851.4211
0.375       233.23184     0.012903612       8293.6378
0.375       237.25308     0.011733262       7938.2469
0.375       241.27432     0.012238770       8708.4589
0.375       245.29555     0.012213957       9132.6259
0.375       249.31679     0.011576568       9088.7607
0.375       253.33803     0.012491595       10289.383
0.375       257.35927     0.012290867       10613.832
0.375       265.40175     0.012483285       11822.532
0.375       273.44422     0.012411456       12855.805
0.375       281.48670     0.010819778       12225.377
0.375       289.52918     0.012240925       15050.867
0.375       297.57166     0.010925686       14584.572
0.375       305.61413     0.011405743       16493.551
0.375       313.65661     0.010951963       17120.860
0.375       321.69909     0.010760925       18149.697
0.375       329.74156     0.011014618       20006.024
0.375       337.78404    0.0094199715       18392.351
0.375       345.82652     0.010517243       22036.724
0.375       353.86900    0.0096303475       21619.207
0.375       361.91147    0.0081995310       19690.934
0.375       369.95395    0.0096194932       24675.472
0.375       377.99643    0.0091318637       24985.772
0.375       386.03891    0.0095288599       27771.826
0.375       394.08138    0.0091433798       28348.806
0.375       402.12386    0.0092771944       30560.921
0.375       410.16634    0.0086139633       30112.951
0.375       418.20881    0.0082941048       30734.017
0.375       426.25129    0.0087996873       34525.074
0.375       434.29377    0.0078783536       32693.132
0.375       442.33625    0.0081489923       35729.896
0.375       450.37872    0.0080155666       37096.940
0.375       458.42120    0.0075435891       36816.489
0.375       466.46368    0.0074367281       38238.923
0.375       474.50615    0.0074156141       40136.817
0.375       482.54863    0.0069650784       39647.840
0.375       490.59111    0.0071847020       42977.192
0.375       498.63359    0.0072358879       45447.152
0.375       506.67606    0.0071519651       47128.846
0.375       514.71854    0.0065289372       45104.740
0.250     0.015707963       19187.933    0.0037675418
0.250     0.031415927       16144.646     0.025359950
0.250     0.047123890       10906.290     0.057819015
0.250     0.062831853       6858.7272     0.086189308
0.250     0.078539816       6624.8230      0.16259762
0.250     0.094247780       4775.9573      0.20255552
0.250      0.10995574       4442.1251      0.29916776
0.250      0.12566371       3375.9554      0.33938805
0.250      0.14137167       2849.5087      0.40787530
0.250      0.15707963       2452.7180      0.48159005
0.250      0.17278760       2055.5352      0.53719612
0.250      0.18849556       1986.7786      0.67409811
0.250      0.20420352       1710.1096      0.73770700
0.250      0.21991149       1494.8968      0.80542521
0.250      0.23561945       1380.9449      0.91512417
0.250      0.25132741       1330.1571       1.0697758
0.250      0.26703538       1178.0078       1.1363833
0.250      0.28274334       1072.1781       1.2277624
0.250      0.29845130       1016.1751       1.3685455
0.250      0.31415927       956.71134       1.5027987
0.250      0.32986723       889.62672       1.6176911
0.250      0.34557519       849.41674       1.7759010
0.250      0.36128316       805.47764       1.9242739
0.250      0.37699112       774.59049       2.1024989
0.250      0.39269908       720.17238       2.2094612
0.250      0.40840704       688.19840       2.3749999
0.250      0.42411501       650.95858       2.5157909
0.250      0.43982297       617.68517       2.6623869
0.250      0.45553093       593.35778       2.8414533
0.250      0.47123890       580.30421       3.0764466
0.250      0.48694686       565.34863       3.3069781
0.250      0.50265482       542.03703       3.4874564
0.250      0.51836279       525.74969       3.7098020
0.250      0.53407075       509.15277       3.9292961
0.250      0.54977871       481.16712       4.0506990
0.250      0.56548668       483.07253       4.4253715
0.250      0.58119464       466.81067       4.6427558
0.250      0.59690260       449.63309       4.8443882
0.250      0.61261057       444.89389       5.1817941
0.250      0.62831853       426.47962       5.3593010
0.250      0.64402649       421.75653       5.7074653
0.250      0.65973446       408.12878       5.9371085
0.250      0.67544242       398.24903       6.2171306
0.250      0.69115038       386.35891       6.4621771
0.250      0.70685835       381.48584       6.8256789
0.250      0.72256631       376.20737       7.1900298
0.250      0.73827427       364.05272       7.4214324
0.250      0.75398224       360.22236       7.8221164
0.250      0.76969020       354.33658       8.1852909
0.250      0.78539816       343.70818       8.4358679
0.250      0.80110613       334.93047       8.7235865
0.250      0.81681409       331.05848       9.1399672
0.250      0.83252205       322.61866       9.4307664
0.250      0.84823002       321.65965       9.9450678
0.250      0.86393798       312.79100       10.218148
0.250      0.87964594       304.66833       10.505610
0.250      0.89535391       303.52846       11.037072
0.250      0.91106187       294.20483       11.271032
0.250      0.92676983       289.82608       11.687548
0.250      0.94247780       285.56598       12.111282
0.250      0.95818576       282.75187       12.601576
0.250      0.97389372       278.46414       13.030895
0.250      0.98960169       275.06094       13.504561
0.250       1.0053096       266.93235       13.739503
0.250       1.0367256       265.00314       14.959350
0.250       1.0681415       252.13322       15.566347
0.250       1.0995574       247.77292       16.686984
0.250       1.1309734       240.54248       17.628654
0.250       1.1623893       232.73228       18.517471
0.250       1.1938052       223.38959       19.254560
0.250       1.2252211       222.02784       20.688125
0.250       1.2566371       213.80920       21.494445
0.250       1.2880530       207.33843       22.446635
0.250       1.3194689       200.05590       23.281937
0.250       1.3508848       199.77106       24.949268
0.250       1.3823008       192.08891       25.702786
0.250       1.4137167       188.73995       27.016014
0.250       1.4451326       180.97259       27.669809
0.250       1.4765485       181.13657       29.540619
0.250       1.5079645       176.59980       30.678477
0.250       1.5393804       167.26558       30.911117
0.250       1.5707963       165.38224       32.472727
0.250       1.6022123       160.71534       33.487886
0.250       1.6336282       158.16545       34.933454
0.250       1.6650441       156.14348       36.515002
0.250       1.6964600       150.82797       37.306375
0.250       1.7278760       148.03735       38.688264
0.250       1.7592919       142.83866       39.403041
0.250       1.7907078       140.53310       40.881145
0.250       1.8221237       137.71580       42.207305
0.250       1.8535397       136.28927       43.968088
0.250       1.8849556       132.98877       45.122027
0.250       1.9163715       129.43743       46.149739
0.250       1.9477874       126.36765       47.307592
0.250       1.9792034       122.97954       48.303031
0.250       2.0106193       121.30596       49.950740
0.250       2.0734512       116.24549       52.496192
0.250       2.1362830       111.87468       55.255871
0.250       2.1991149       105.08491       56.617977
0.250       2.2619467       100.40838       58.869088
0.250       2.3247786       98.750708       62.857232
0.250       2.3876104       93.612355       64.549640
0.250       2.4504423       91.126253       67.927745
0.250       2.5132741       88.633430       71.283234
0.250       2.5761060       82.989253       71.875899
0.250       2.6389378       81.442258       75.824148
0.250       2.7017697       77.008423       76.940227
0.250       2.7646015       75.204446       80.502879
0.250       2.8274334       72.368056       82.869422
0.250       2.8902652       69.309871       84.777080
0.250       2.9530971       67.367639       87.893097
0.250       3.0159289       64.532392       89.683250
0.250       3.0787608       63.663156       94.120942
0.250       3.1415927       60.051507       94.328686
0.250       3.2044245       59.022757       98.387491
0.250       3.2672564       56.991445       100.70002
0.250       3.3300882       54.943207       102.79014
0.250       3.3929201       53.675099       106.20965
0.250       3.4557519       51.720516       108.13363
0.250       3.5185838       50.186586       110.75456
0.250       3.5814156       48.877396       113.74766
0.250       3.6442475       46.738865       114.59667
0.250       3.7070793       45.583448       117.64489
0.250       3.7699112       44.356658       120.39888
0.250       3.8327430       42.983649       122.60344
0.250       3.8955749       41.543595       124.41966
0.250       3.9584067       40.991543       128.80294
0.250       4.0212386       39.301281       129.46623
0.250       4.1469023       36.889535       133.27382
0.250       4.2725660       35.526131       140.37330
0.250       4.3982297       33.987880       146.49677
0.250       4.5238934       32.458405       152.24202
0.250       4.6495571       31.114621       158.44171
0.250       4.7752208       29.408718       162.22835
0.250       4.9008845       27.513566       164.07430
0.250       5.0265482       25.944549       166.92676
0.250       5.1522120       25.345241       175.60943
0.250       5.2778757       24.190670       180.17545
0.250       5.4035394       22.686315       181.32979
0.250       5.5292031       22.072216       189.01828
0.250       5.6548668       20.849016       190.99542
0.250       5.7805305       20.032333       196.02203
0.250       5.9061942       19.488698       203.41185
0.250       6.0318579       18.669323       207.56405
0.250       6.1575216       18.108262       214.17306
0.250       6.2831853       17.291508       217.29150
0.250       6.4088490       16.734211       223.15963
0.250       6.5345127       15.833229       223.80995
0.250       6.6601764       15.101966       226.02733
0.250       6.7858401       14.827741       234.72326
0.250       6.9115038       14.196198       237.44332
0.250       7.0371675       13.703969       241.94146
0.250       7.1628313       13.263986       246.94399
0.250       7.2884950       12.833738       251.73116
0.250       7.4141587       12.555449       259.23171
0.250       7.5398224       12.082816       262.37459
0.250       7.6654861       11.606798       264.85109
0.250       7.7911498       11.182991       267.93712
0.250       7.9168135       10.871312       273.27724
0.250       8.0424772       10.619783       279.86939
0.250       8.2938046       9.7881869       282.90063
0.250       8.5451320       9.4264604       297.97185
0.250       8.7964594       8.7938550       303.23077
0.250       9.0477868       8.3919054       314.88931
0.250       9.2991143       7.9489769       323.82192
0.250       9.5504417       7.6076625       335.73133
0.250       9.8017691       7.0558225       336.61333
0.250       10.053096       6.8024553       350.13499
0.250       10.304424       6.3843669       353.88263
0.250       10.555751       6.0299179       359.29329
0.250       10.807079       5.7972333       370.69437
0.250       11.058406       5.5775304       382.11124
0.250       11.309734       5.2908874       387.75365
0.250       11.561061       4.9400300       386.71669
0.250       11.812388       4.7837895       399.44361
0.250       12.063716       4.5632361       405.86957
0.250       12.315043       4.3721822       413.69124
0.250       12.566371       4.1763156       419.84904
0.250       12.817698       4.0089626       427.69322
0.250       13.069025       3.8616005       436.68394
0.250       13.320353       3.6798427       440.60224
0.250       13.571680       3.5175714       445.46546
0.250       13.823008       3.4200638       457.62749
0.250       14.074335       3.2709027       461.97826
0.250       14.325663       3.1210937       464.85896
0.250       14.576990       3.0054921       471.61695
0.250       14.828317       2.9191213       482.16760
0.250       15.079645       2.7893423       484.55759
0.250       15.330972       2.7147153       495.56843
0.250       15.582300       2.6157461       501.37248
0.250       15.833627       2.5245128       507.67885
0.250       16.084954       2.4493451       516.39229
0.250       16.587609       2.2606330       522.69906
0.250       17.090264       2.1318295       539.09965
0.250       17.592919       1.9994109       551.55142
0.250       18.095574       1.9095019       573.20164
0.250       18.598229       1.8007203       586.85561
0.250       19.100883       1.6251300       573.74475
0.250       19.603538       1.5845861       604.76895
0.250       20.106193       1.4857868       611.80959
0.250       20.608848       1.4117415       626.01765
0.250       21.111503       1.2795981       609.95990
0.250       21.614157       1.2312480       629.84071
0.250       22.116812       1.1695492       640.99755
0.250       22.619467       1.0986515       644.13561
0.250       23.122122       1.0695001       669.78306
0.250       23.624777       1.0183962       680.28383
0.250       24.127432      0.95944952       682.69334
0.250       24.630086      0.90784899       687.19767
0.250       25.132741      0.88465625       711.48277
0.250       25.635396      0.84907719       724.66540
0.250       26.138051      0.79932288       723.12288
0.250       26.640706      0.75233089       720.63662
0.250       27.143361      0.72238391       731.86195
0.250       27.646015      0.69145452       740.17006
0.250       28.148670      0.67299518       760.42408
0.250       28.651325      0.64025120       762.87748
0.250       29.153980      0.61424169       771.08650
0.250       29.656635      0.58295450       770.31884
0.250       30.159289      0.56428299       784.20667
0.250       30.661944      0.54322118       793.31566
0.250       31.164599      0.52362810       802.93029
0.250       31.667254      0.50405234       810.91832
0.250       32.169909      0.48483811       817.74236
0.250       33.175218      0.44529907       823.68928
0.250       34.180528      0.41498141       839.52803
0.250       35.185838      0.38855908       857.49383
0.250       36.191147      0.35606550       855.08091
0.250       37.196457      0.33623151       876.62407
0.250       38.201767      0.31187350       880.84416
0.250       39.207076      0.29369435       896.72490
0.250       40.212386      0.27502063       905.97259
0.250       41.217696      0.25964587       921.09154
0.250       42.223005      0.24329510       927.79289
0.250       43.228315      0.23317890       954.25498
0.250       44.233625      0.21608664       947.44880
0.250       45.238934      0.20583875       965.46047
0.250       46.244244      0.19495983       976.76132
0.250       47.249554      0.18179207       971.48999
0.250       48.254863      0.17671217       1005.9120
0.250       49.260173      0.16336849       989.29623
0.250       50.265482      0.15319391       985.64680
0.250       51.270792      0.14744828       1006.7463
0.250       52.276102      0.14220554       1029.1919
0.250       53.281411      0.13590806       1041.4601
0.250       54.286721      0.12995353       1053.2687
0.250       55.292031      0.12351816       1057.7638
0.250       56.297340      0.11611165       1049.5659
0.250       57.302650      0.11123326       1060.3007
0.250       58.307960      0.10814237       1086.0496
0.250       59.313269      0.10221211       1080.5086
0.250       60.318579     0.098121020       1090.9017
0.250       61.323889     0.094839505       1108.0225
0.250       62.329198     0.090914709       1115.2675
0.250       63.334508     0.086777024       1116.8535
0.250       64.339818     0.083257031       1123.3903
0.250       66.350437     0.078193282       1157.1004
0.250       68.361056     0.071854000       1162.9137
0.250       70.371675     0.064892546       1145.6679
0.250       72.382295     0.061388536       1179.3822
0.250       74.392914     0.058635257       1222.9925
0.250       76.403533     0.055795739       1260.6996
0.250       78.414153     0.052850513       1290.9304
0.250       80.424772     0.049264156       1298.2873
0.250       82.435391     0.046122173       1308.9442
0.250       84.446011     0.043306703       1321.1824
0.250       86.456630     0.041704372       1365.3587
0.250       88.467249     0.040024299       1403.9174
0.250       90.477868     0.036176226       1357.4399
0.250       92.488488     0.036503957       1463.0974
0.250       94.499107     0.034990605       1495.9078
0.250       96.509726     0.031980700       1456.3692
0.250       98.520346     0.031241473       1513.4899
0.250       100.53096     0.029992536       1543.7714
0.250       102.54158     0.028975099       1582.6878
0.250       104.55220     0.029406054       1702.5763
0.250       106.56282     0.028354583       1738.2437
0.250       108.57344     0.026573508       1723.0186
0.250       110.58406     0.025871122       1772.4057
0.250       112.59468     0.025540474       1846.9402
0.250       114.60530     0.024433748       1863.2642
0.250       116.61592     0.023179732       1862.3109
0.250       118.62654     0.023526336       1989.6200
0.250       120.63716     0.022999645       2045.6658
0.250       122.64778     0.022262424       2080.7589
0.250       124.65840     0.021733570       2132.8776
0.250       126.66902     0.021038632       2166.2019
0.250       128.67964     0.021055484       2272.8195
0.250       132.70087     0.020823898       2465.2083
0.250       136.72211     0.020692907       2679.2180
0.250       140.74335     0.018294524       2583.8960
0.250       144.76459     0.018315009       2814.9094
0.250       148.78583     0.017923775       2990.7798
0.250       152.80707     0.018906354       3417.4987
0.250       156.82831     0.017437523       3407.4414
0.250       160.84954     0.016323387       3441.4386
0.250       164.87078     0.016583243       3765.0507
0.250       168.89202     0.015581398       3802.8052
0.250       172.91326     0.016233378       4251.7141
0.250       176.93450     0.016210004       4548.7382
0.250       180.95574     0.015223223       4569.7657
0.250       184.97698     0.014869138       4767.7016
0.250       188.99821     0.014700383       5027.7308
0.250       193.01945     0.014987436       5460.1032
0.250       197.04069     0.014135526       5478.3527
0.250       201.06193     0.013585657       5594.2315
0.250       205.08317     0.013364413       5839.9643
0.250       209.10441     0.013551506       6276.9312
0.250       213.12565     0.013926984       6830.2167
0.250       217.14688     0.013875566       7197.5015
0.250       221.16812     0.013491213       7394.1604
0.250       225.18936     0.013489376       7803.7927
0.250       229.21060     0.013007157       7935.1790
0.250       233.23184     0.012719445       8175.2669
0.250       237.25308     0.013039954       8822.3009
0.250       241.27432     0.012604438       8968.6486
0.250       245.29555     0.012641406       9452.2386
0.250       249.31679     0.012382645       9721.6122
0.250       253.33803     0.012467038       10269.155
0.250       257.35927     0.012377050       10688.256
0.250       265.40175     0.011789315       11165.294
0.250       273.44422     0.013021976       13488.182
0.250       281.48670     0.012111110       13684.466
0.250       289.52918     0.011918982       14655.021
0.250       297.57166     0.012230228       16325.989
0.250       305.61413     0.010899332       15761.243
0.250       313.65661     0.011592945       18122.887
0.250       321.69909    0.0097728001       16483.095
0.250       329.74156     0.011482598       20856.023
0.250       337.78404     0.011525450       22503.266
0.250       345.82652     0.010004223       20961.797
0.250       353.86900    0.0094291585       21167.557
0.250       361.91147    0.0097491274       23412.245
0.250       369.95395    0.0098352273       25228.862
0.250       377.99643    0.0093496882       25581.763
0.250       386.03891    0.0089450417       26070.290
0.250       394.08138    0.0098560401       30558.391
0.250       402.12386    0.0092214099       30377.156
0.250       410.16634    0.0097683112       34148.355
0.250       418.20881    0.0091271769       33820.986
0.250       426.25129    0.0082024526       32181.858
0.250       434.29377    0.0083138442       34500.305
0.250       442.33625    0.0086013377       37713.239
0.250       450.37872    0.0084056873       38902.462
0.250       458.42120    0.0084758978       41366.622
0.250       466.46368    0.0083505010       42937.454
0.250       474.50615    0.0081898773       44327.497
0.250       482.54863    0.0077765540       44267.064
0.250       490.59111    0.0073601947       44026.948
0.250       498.63359    0.0080747658       50715.975
0.250       506.67606    0.0071662903       47223.244
0.250       514.71854    0.0072805475       50297.191
0.125     0.015707963       21742.570    0.0042691437
0.125     0.031415927       18240.697     0.028652420
0.125     0.047123890       12327.733     0.065354710
0.125     0.062831853       7741.4930     0.097282470
0.125     0.078539816       7522.8686      0.18463898
0.125     0.094247780       5411.8866      0.22952623
0.125      0.10995574       5036.8733      0.33922280
0.125      0.12566371       3830.8626      0.38512032
0.125      0.14137167       3246.0504      0.46463580
0.125      0.15707963       2803.5825      0.55048214
0.125      0.17278760       2349.2419      0.61395380
0.125      0.18849556       2269.8368      0.77013749
0.125      0.20420352       1978.4844      0.85347850
0.125      0.21991149       1726.1476      0.93001923
0.125      0.23561945       1593.6756       1.0560965
0.125      0.25132741       1542.1478       1.2402689
0.125      0.26703538       1374.0148       1.3254643
0.125      0.28274334       1250.6291       1.4321085
0.125      0.29845130       1190.6000       1.6034542
0.125      0.31415927       1116.6864       1.7540869
0.125      0.32986723       1045.5494       1.9012198
0.125      0.34557519       1004.2457       2.0996066
0.125      0.36128316       956.29737       2.2845799
0.125      0.37699112       916.10578       2.4866189
0.125      0.39269908       853.83595       2.6195359
0.125      0.40840704       819.08606       2.8266984
0.125      0.42411501       774.97628       2.9950880
0.125      0.43982297       739.74972       3.1885174
0.125      0.45553093       709.07441       3.3955935
0.125      0.47123890       691.53842       3.6661478
0.125      0.48694686       678.18405       3.9670031
0.125      0.50265482       647.86646       4.1683610
0.125      0.51836279       632.36675       4.4621148
0.125      0.53407075       607.05047       4.6848042
0.125      0.54977871       582.12621       4.9006216
0.125      0.56548668       584.31538       5.3528456
0.125      0.58119464       563.03188       5.5997424
0.125      0.59690260       543.04242       5.8507890
0.125      0.61261057       533.66651       6.2157518
0.125      0.62831853       515.68279       6.4802610
0.125      0.64402649       508.49142       6.8812144
0.125      0.65973446       496.06213       7.2162877
0.125      0.67544242       485.18799       7.5743488
0.125      0.69115038       471.85688       7.8922024
0.125      0.70685835       463.91240       8.3004839
0.125      0.72256631       458.41827       8.7612344
0.125      0.73827427       443.43228       9.0396323
0.125      0.75398224       438.18453       9.5150406
0.125      0.76969020       431.95462       9.9782931
0.125      0.78539816       420.47135       10.319919
0.125      0.80110613       409.78762       10.673313
0.125      0.81681409       405.43817       11.193465
0.125      0.83252205       396.21843       11.582230
0.125      0.84823002       393.04937       12.152294
0.125      0.86393798       385.33627       12.588032
0.125      0.87964594       373.51041       12.879431
0.125      0.89535391       372.13956       13.531947
0.125      0.91106187       361.16607       13.836327
0.125      0.92676983       355.63251       14.341262
0.125      0.94247780       349.87108       14.838557
0.125      0.95818576       346.62303       15.448162
0.125      0.97389372       343.83664       16.090040
0.125      0.98960169       337.60750       16.575385
0.125       1.0053096       328.65892       16.916684
0.125       1.0367256       324.86078       18.338296
0.125       1.0681415       307.49704       18.984430
0.125       1.0995574       304.01752       20.474939
0.125       1.1309734       294.86115       21.609511
0.125       1.1623893       290.00648       23.074524
0.125       1.1938052       276.35267       23.819593
0.125       1.2252211       273.22935       25.458983
0.125       1.2566371       264.52505       26.592958
0.125       1.2880530       255.04420       27.611303
0.125       1.3194689       246.99632       28.744730
0.125       1.3508848       247.10572       30.860861
0.125       1.3823008       236.66729       31.667672
0.125       1.4137167       231.14061       33.085193
0.125       1.4451326       223.80999       34.219436
0.125       1.4765485       222.74065       36.325612
0.125       1.5079645       219.01293       38.046381
0.125       1.5393804       207.90725       38.421804
0.125       1.5707963       203.18114       39.894524
0.125       1.6022123       199.15609       41.497696
0.125       1.6336282       196.06050       43.303202
0.125       1.6650441       191.33093       44.743780
0.125       1.6964600       187.11490       46.281725
0.125       1.7278760       180.95733       47.291613
0.125       1.7592919       175.34374       48.369793
0.125       1.7907078       173.42169       50.448453
0.125       1.8221237       170.09611       52.131263
0.125       1.8535397       166.98482       53.870736
0.125       1.8849556       162.58943       55.165293
0.125       1.9163715       159.85907       56.996299
0.125       1.9477874       155.33434       58.151701
0.125       1.9792034       151.60868       59.547784
0.125       2.0106193       148.50353       61.150015
0.125       2.0734512       142.09958       64.171839
0.125       2.1362830       135.94876       67.146265
0.125       2.1991149       129.65492       69.855887
0.125       2.2619467       123.66374       72.503630
0.125       2.3247786       121.04700       77.049366
0.125       2.3876104       114.56135       78.994848
0.125       2.4504423       111.62478       83.207848
0.125       2.5132741       107.70342       86.620231
0.125       2.5761060       101.19987       87.647877
0.125       2.6389378       99.844092       92.956573
0.125       2.7017697       94.590748       94.506982
0.125       2.7646015       91.593176       98.046255
0.125       2.8274334       87.936666       100.69720
0.125       2.8902652       84.824857       103.75439
0.125       2.9530971       82.484685       107.61598
0.125       3.0159289       79.349795       110.27559
0.125       3.0787608       77.481330       114.55002
0.125       3.1415927       74.022861       116.27484
0.125       3.2044245       72.032117       120.07333
0.125       3.2672564       69.155755       122.19353
0.125       3.3300882       67.067539       125.47287
0.125       3.3929201       65.469923       129.54867
0.125       3.4557519       63.135002       131.99824
0.125       3.5185838       61.521045       135.76807
0.125       3.5814156       59.375655       138.17925
0.125       3.6442475       57.336611       140.58075
0.125       3.7070793       55.918287       144.31775
0.125       3.7699112       54.405673       147.67528
0.125       3.8327430       52.490447       149.71994
0.125       3.8955749       50.953949       152.60290
0.125       3.9584067       49.969495       157.01331
0.125       4.0212386       47.839166       157.59172
0.125       4.1469023       45.350637       163.84193
0.125       4.2725660       43.557685       172.10813
0.125       4.3982297       41.448525       178.65413
0.125       4.5238934       39.387304       184.74114
0.125       4.6495571       36.988087       188.35055
0.125       4.7752208       35.455852       195.58636
0.125       4.9008845       33.762642       201.34002
0.125       5.0265482       32.162236       206.93124
0.125       5.1522120       30.496238       211.29912
0.125       5.2778757       29.573843       220.27007
0.125       5.4035394       28.531871       228.05283
0.125       5.5292031       27.265266       233.48964
0.125       5.6548668       25.982079       238.01882
0.125       5.7805305       25.094493       245.55669
0.125       5.9061942       24.275969       253.37863
0.125       6.0318579       23.059183       256.37016
0.125       6.1575216       22.005782       260.27047
0.125       6.2831853       21.654875       272.12319
0.125       6.4088490       20.470883       272.99013
0.125       6.5345127       19.541554       276.22882
0.125       6.6601764       18.869187       282.41038
0.125       6.7858401       18.043424       285.62755
0.125       6.9115038       17.815217       297.97446
0.125       7.0371675       16.918414       298.69199
0.125       7.1628313       16.355919       304.50847
0.125       7.2884950       15.916496       312.19885
0.125       7.4141587       15.292396       315.74133
0.125       7.5398224       14.884470       323.21162
0.125       7.6654861       14.381891       328.17490
0.125       7.7911498       13.858604       332.04306
0.125       7.9168135       13.650061       343.12794
0.125       8.0424772       13.134704       346.14660
0.125       8.2938046       12.310660       355.80578
0.125       8.5451320       11.328924       358.10902
0.125       8.7964594       11.037190       380.58573
0.125       9.0477868       10.272224       385.44447
0.125       9.2991143       9.6462971       392.96660
0.125       9.5504417       9.1986326       405.94192
0.125       9.8017691       8.7107647       415.56594
0.125       10.053096       8.2019052       422.16727
0.125       10.304424       7.8748512       436.49952
0.125       10.555751       7.5334751       448.88291
0.125       10.807079       7.2375729       462.79447
0.125       11.058406       6.7990301       465.79501
0.125       11.309734       6.4906986       475.68430
0.125       11.561061       6.2225654       487.11646
0.125       11.812388       5.9279884       494.98354
0.125       12.063716       5.6898247       506.07215
0.125       12.315043       5.4098523       511.87449
0.125       12.566371       5.1604346       518.78346
0.125       12.817698       4.9725056       530.48810
0.125       13.069025       4.8285653       546.03185
0.125       13.320353       4.5826550       548.69956
0.125       13.571680       4.3857265       555.40868
0.125       13.823008       4.3201172       578.06069
0.125       14.074335       4.0338356       569.73397
0.125       14.325663       3.9569216       589.34804
0.125       14.576990       3.7732450       592.09149
0.125       14.828317       3.6415583       601.49655
0.125       15.079645       3.5194765       611.39468
0.125       15.330972       3.3342603       608.66573
0.125       15.582300       3.2728688       627.32630
0.125       15.833627       3.1379830       631.04754
0.125       16.084954       3.0503615       643.10379
0.125       16.587609       2.8373752       656.05222
0.125       17.090264       2.6716901       675.62025
0.125       17.592919       2.4667677       680.47505
0.125       18.095574       2.3288310       699.07747
0.125       18.598229       2.2401884       730.07845
0.125       19.100883       2.0829441       735.37395
0.125       19.603538       1.9449893       742.31949
0.125       20.106193       1.8216656       750.11603
0.125       20.608848       1.7290470       766.72249
0.125       21.111503       1.6332643       778.54581
0.125       21.614157       1.5409391       788.26216
0.125       22.116812       1.4681755       804.66630
0.125       22.619467       1.4240125       834.89367
0.125       23.122122       1.3434291       841.33332
0.125       23.624777       1.2667018       846.15081
0.125       24.127432       1.2271746       873.19232
0.125       24.630086       1.1673376       883.61796
0.125       25.132741       1.0940678       879.90157
0.125       25.635396       1.0429617       890.14082
0.125       26.138051       1.0059012       910.00797
0.125       26.640706      0.95670272       916.39866
0.125       27.143361      0.91568019       927.69438
0.125       27.646015      0.88445328       946.76630
0.125       28.148670      0.84407084       953.72420
0.125       28.651325      0.80228735       955.94815
0.125       29.153980      0.77105373       967.94003
0.125       29.656635      0.75098138       992.35035
0.125       30.159289      0.71298691       990.86647
0.125       30.661944      0.68375328       998.54755
0.125       31.164599      0.65920666       1010.8262
0.125       31.667254      0.62935328       1012.5022
0.125       32.169909      0.60401880       1018.7561
0.125       33.175218      0.55849144       1033.0662
0.125       34.180528      0.52112324       1054.2582
0.125       35.185838      0.49307580       1088.1471
0.125       36.191147      0.46039201       1105.6180
0.125       37.196457      0.42767641       1115.0396
0.125       38.201767      0.40023574       1130.4113
0.125       39.207076      0.37206275       1136.0039
0.125       40.212386      0.35222326       1160.2934
0.125       41.217696      0.33050955       1172.4799
0.125       42.223005      0.31006543       1182.4180
0.125       43.228315      0.29184742       1194.3484
0.125       44.233625      0.27475385       1204.6798
0.125       45.238934      0.26069338       1222.7491
0.125       46.244244      0.24411817       1223.0477
0.125       47.249554      0.23174209       1238.4210
0.125       48.254863      0.22004502       1252.5788
0.125       49.260173      0.21063033       1275.4956
0.125       50.265482      0.19794608       1273.5814
0.125       51.270792      0.18665059       1274.4116
0.125       52.276102      0.18010537       1303.4864
0.125       53.281411      0.17081825       1308.9760
0.125       54.286721      0.16394824       1328.7946
0.125       55.292031      0.15830502       1355.6656
0.125       56.297340      0.14942208       1350.6682
0.125       57.302650      0.14018906       1336.3140
0.125       58.307960      0.13474446       1353.2084
0.125       59.313269      0.12762909       1349.1975
0.125       60.318579      0.12183012       1354.4976
0.125       61.323889      0.11726903       1370.0697
0.125       62.329198      0.11382957       1396.3683
0.125       63.334508      0.10934068       1407.2565
0.125       64.339818      0.10508453       1417.9095
0.125       66.350437     0.092545027       1369.4769
0.125       68.361056     0.089173705       1443.2227
0.125       70.371675     0.084464573       1491.2090
0.125       72.382295     0.077290667       1484.8903
0.125       74.392914     0.072268199       1507.3434
0.125       76.403533     0.068221543       1541.4595
0.125       78.414153     0.062693311       1531.3513
0.125       80.424772     0.060258358       1588.0240
0.125       82.435391     0.056000568       1589.2924
0.125       84.446011     0.054349248       1658.0637
0.125       86.456630     0.050050212       1638.5930
0.125       88.467249     0.046802450       1641.6721
0.125       90.477868     0.044053936       1653.0350
0.125       92.488488     0.042752500       1713.5422
0.125       94.499107     0.042509822       1817.3671
0.125       96.509726     0.039178411       1784.1457
0.125       98.520346     0.038821918       1880.7238
0.125       100.53096     0.036735131       1890.8253
0.125       102.54158     0.034293157       1873.1726
0.125       104.55220     0.033689068       1950.5578
0.125       106.56282     0.032097657       1967.7084
0.125       108.57344     0.031208924       2023.5776
0.125       110.58406     0.030024158       2056.9262
0.125       112.59468     0.029048352       2100.6097
0.125       114.60530     0.028516415       2174.5996
0.125       116.61592     0.026925506       2163.2547
0.125       118.62654     0.025977125       2196.8829
0.125       120.63716     0.025813649       2295.9528
0.125       122.64778     0.025168930       2352.4156
0.125       124.65840     0.024357134       2390.3476
0.125       126.66902     0.024484014       2520.9490
0.125       128.67964     0.024011340       2591.8873
0.125       132.70087     0.023576216       2791.0377
0.125       136.72211     0.021468388       2779.6235
0.125       140.74335     0.020734533       2928.5198
0.125       144.76459     0.019958785       3067.5482
0.125       148.78583     0.018921195       3157.2103
0.125       152.80707     0.019190136       3468.7950
0.125       156.82831     0.018642384       3642.8816
0.125       160.84954     0.018533983       3907.4958
0.125       164.87078     0.017279094       3923.0363
0.125       168.89202     0.017032058       4156.8541
0.125       172.91326     0.016406751       4297.1226
0.125       176.93450     0.015952490       4476.4765
0.125       180.95574     0.016688275       5009.5507
0.125       184.97698     0.014753499       4730.6228
0.125       188.99821     0.015910792       5441.7070
0.125       193.01945     0.015311523       5578.1719
0.125       197.04069     0.014194710       5501.2901
0.125       201.06193     0.016005334       6590.5936
0.125       205.08317     0.014908773       6514.8168
0.125       209.10441     0.014520668       6725.8384
0.125       213.12565     0.014908696       7311.6781
0.125       217.14688     0.014249952       7391.7023
0.125       221.16812     0.013631447       7471.0183
0.125       225.18936     0.013772676       7967.6856
0.125       229.21060     0.013754817       8391.2984
0.125       233.23184     0.013797659       8868.2754
0.125       237.25308     0.014327751       9693.5721
0.125       241.27432     0.013943665       9921.5719
0.125       245.29555     0.013401170       10020.329
0.125       249.31679     0.013091128       10277.842
0.125       253.33803     0.013897978       11447.827
0.125       257.35927     0.012886209       11127.942
0.125       265.40175     0.012337350       11684.321
0.125       273.44422     0.011947745       12375.492
0.125       281.48670     0.011907348       13454.233
0.125       289.52918     0.012196234       14995.917
0.125       297.57166     0.013331534       17796.110
0.125       305.61413     0.011707401       16929.770
0.125       313.65661     0.010826283       16924.388
0.125       321.69909     0.011317078       19087.721
0.125       329.74156     0.011440918       20780.319
0.125       337.78404     0.011005856       21488.765
0.125       345.82652     0.010433952       21862.205
0.125       353.86900     0.011383907       25555.781
0.125       361.91147     0.011724390       28155.781
0.125       369.95395     0.010358018       26569.901
0.125       377.99643     0.010367048       28365.371
0.125       386.03891    0.0098694673       28764.524
0.125       394.08138    0.0098563607       30559.385
0.125       402.12386    0.0094028565       30974.877
0.125       410.16634    0.0095253678       33299.066
0.125       418.20881    0.0091257715       33815.779
0.125       426.25129    0.0096530431       37873.168
0.125       434.29377    0.0095739371       39729.365
0.125       442.33625    0.0088937851       38995.498
0.125       450.37872    0.0088900289       41144.049
0.125       458.42120    0.0088006438       42951.544
0.125       466.46368    0.0085423534       43923.940
0.125       474.50615    0.0085831089       46455.852
0.125       482.54863    0.0083148192       47331.071
0.125       490.59111    0.0087398768       52279.881
0.125       498.63359    0.0079473305       49915.580
0.125       506.67606    0.0088703932       58452.662
0.125       514.71854    0.0076302228       52712.901
0.000     0.015707963       24606.259    0.0048314276
0.000     0.031415927       20579.228     0.032325776
0.000     0.047123890       13913.204     0.073759983
0.000     0.062831853       8724.7601      0.10963857
0.000     0.078539816       8531.6170      0.20939739
0.000     0.094247780       6124.7340      0.25975916
0.000      0.10995574       5703.9380      0.38414820
0.000      0.12566371       4343.5121      0.43665746
0.000      0.14137167       3695.2481      0.52893343
0.000      0.15707963       3201.3190      0.62857752
0.000      0.17278760       2683.0826      0.70120014
0.000      0.18849556       2590.7033      0.87900493
0.000      0.20420352       2288.5591      0.98723851
0.000      0.21991149       1992.3168       1.0734267
0.000      0.23561945       1839.1673       1.2187788
0.000      0.25132741       1785.1611       1.4357117
0.000      0.26703538       1603.0479       1.5464047
0.000      0.28274334       1459.4622       1.6712456
0.000      0.29845130       1394.7125       1.8783451
0.000      0.31415927       1303.8126       2.0480240
0.000      0.32986723       1228.9870       2.2347814
0.000      0.34557519       1188.0954       2.4839866
0.000      0.36128316       1134.6539       2.7106710
0.000      0.37699112       1083.0883       2.9398655
0.000      0.39269908       1013.0064       3.1078646
0.000      0.40840704       975.91658       3.3679267
0.000      0.42411501       924.23064       3.5719185
0.000      0.43982297       887.29097       3.8244593
0.000      0.45553093       849.03547       4.0658347
0.000      0.47123890       825.31049       4.3753321
0.000      0.48694686       813.73080       4.7598769
0.000      0.50265482       775.12854       4.9871629
0.000      0.51836279       759.73049       5.3608205
0.000      0.53407075       723.77578       5.5856110
0.000      0.54977871       704.09078       5.9273788
0.000      0.56548668       704.71869       6.4558463
0.000      0.58119464       677.21653       6.7353879
0.000      0.59690260       656.04823       7.0683239
0.000      0.61261057       639.57107       7.4492496
0.000      0.62831853       622.01867       7.8165171
0.000      0.64402649       610.99644       8.2683746
0.000      0.65973446       598.92726       8.7126816
0.000      0.67544242       588.38737       9.1854112
0.000      0.69115038       573.67252       9.5951543
0.000      0.70685835       561.54064       10.047283
0.000      0.72256631       556.15568       10.629180
0.000      0.73827427       537.37818       10.954776
0.000      0.75398224       530.42255       11.517961
0.000      0.76969020       522.93694       12.080014
0.000      0.78539816       512.94085       12.589462
0.000      0.80110613       498.27380       12.978021
0.000      0.81681409       494.09013       13.640996
0.000      0.83252205       484.26714       14.156064
0.000      0.84823002       477.47232       14.762482
0.000      0.86393798       472.23637       15.426855
0.000      0.87964594       456.84601       15.753019
0.000      0.89535391       453.24670       16.481211
0.000      0.91106187       442.52386       16.953156
0.000      0.92676983       435.19025       17.549513
0.000      0.94247780       427.17640       18.117192
0.000      0.95818576       422.54059       18.831626
0.000      0.97389372       422.27656       19.760682
0.000      0.98960169       411.33606       20.195208
0.000       1.0053096       404.73362       20.832390
0.000       1.0367256       393.06810       22.188579
0.000       1.0681415       375.69714       23.195008
0.000       1.0995574       373.37119       25.145763
0.000       1.1309734       356.20865       26.105489
0.000       1.1623893       356.25552       28.345665
0.000       1.1938052       340.32695       29.333711
0.000       1.2252211       332.79397       31.009099
0.000       1.2566371       320.91442       32.261836
0.000       1.2880530       314.52647       34.050904
0.000       1.3194689       301.64677       35.104794
0.000       1.3508848       302.38585       37.764758
0.000       1.3823008       287.39385       38.455227
0.000       1.4137167       280.81849       40.196025
0.000       1.4451326       273.50798       41.818011
0.000       1.4765485       271.10623       44.213302
0.000       1.5079645       265.42976       46.109797
0.000       1.5393804       256.29401       47.363803
0.000       1.5707963       247.97604       48.689982
0.000       1.6022123       244.52167       50.950420
0.000       1.6336282       239.56591       52.912091
0.000       1.6650441       232.07393       54.271751
0.000       1.6964600       228.10179       56.419580
0.000       1.7278760       218.57634       57.123010
0.000       1.7592919       212.68887       58.671707
0.000       1.7907078       212.09258       61.697835
0.000       1.8221237       206.21307       63.200431
0.000       1.8535397       202.76403       65.413415
0.000       1.8849556       197.41176       66.980232
0.000       1.9163715       192.74422       68.721201
0.000       1.9477874       187.52840       70.204022
0.000       1.9792034       182.96130       71.862241
0.000       2.0106193       179.59058       73.950883
0.000       2.0734512       170.38583       76.945842
0.000       2.1362830       161.53898       79.785495
0.000       2.1991149       157.62562       84.926029
0.000       2.2619467       152.34674       89.320372
0.000       2.3247786       148.24278       94.360140
0.000       2.3876104       139.93794       96.493071
0.000       2.4504423       136.31585       101.61318
0.000       2.5132741       130.62944       105.05843
0.000       2.5761060       124.74913       108.04358
0.000       2.6389378       121.30564       112.93764
0.000       2.7017697       114.84644       114.74474
0.000       2.7646015       111.79795       119.67453
0.000       2.8274334       107.47717       123.07324
0.000       2.8902652       104.48653       127.80377
0.000       2.9530971       100.63919       131.30177
0.000       3.0159289       96.929902       134.70737
0.000       3.0787608       93.892033       138.81195
0.000       3.1415927       91.962153       144.45381
0.000       3.2044245       88.634727       147.74892
0.000       3.2672564       85.856024       151.70178
0.000       3.3300882       82.668841       154.66047
0.000       3.3929201       80.339222       158.97131
0.000       3.4557519       77.423768       161.87219
0.000       3.5185838       75.501238       166.62034
0.000       3.5814156       73.359365       170.72220
0.000       3.6442475       70.394828       172.59754
0.000       3.7070793       69.272872       178.78418
0.000       3.7699112       66.792837       181.29820
0.000       3.8327430       65.034877       185.50076
0.000       3.8955749       63.577888       190.41056
0.000       3.9584067       61.576227       193.48379
0.000       4.0212386       59.993746       197.63132
0.000       4.1469023       57.457025       207.57966
0.000       4.2725660       53.302161       210.61118
0.000       4.3982297       51.228489       220.80837
0.000       4.5238934       48.379328       226.91708
0.000       4.6495571       45.606462       232.23700
0.000       4.7752208       43.463999       239.76198
0.000       4.9008845       42.509522       253.50113
0.000       5.0265482       40.099739       258.00099
0.000       5.1522120       38.920679       269.66950
0.000       5.2778757       37.052080       275.96901
0.000       5.4035394       35.555276       284.19032
0.000       5.5292031       33.459060       286.53100
0.000       5.6548668       32.772881       300.22857
0.000       5.7805305       30.729039       300.69231
0.000       5.9061942       30.044392       313.58613
0.000       6.0318579       28.480503       316.64396
0.000       6.1575216       27.861434       329.52742
0.000       6.2831853       26.386915       331.58776
0.000       6.4088490       25.405150       338.79121
0.000       6.5345127       24.738251       349.68650
0.000       6.6601764       23.743942       355.36961
0.000       6.7858401       22.854049       361.77977
0.000       6.9115038       22.248441       372.12385
0.000       7.0371675       21.531553       380.13625
0.000       7.1628313       20.675518       384.92916
0.000       7.2884950       19.924218       390.80950
0.000       7.4141587       19.303970       398.56809
0.000       7.5398224       18.636937       404.69528
0.000       7.6654861       17.814956       406.51269
0.000       7.7911498       17.381905       416.45904
0.000       7.9168135       16.841324       423.34820
0.000       8.0424772       16.224022       427.56120
0.000       8.2938046       15.914879       459.97582
0.000       8.5451320       14.782284       467.27024
0.000       8.7964594       13.668784       471.32866
0.000       9.0477868       13.356675       501.18226
0.000       9.2991143       12.261392       499.49918
0.000       9.5504417       11.478722       506.56380
0.000       9.8017691       11.049860       527.15753
0.000       10.053096       10.388152       534.69742
0.000       10.304424       9.9784448       553.10078
0.000       10.555751       9.4288116       561.81673
0.000       10.807079       9.0710377       580.03230
0.000       11.058406       8.5666784       586.89490
0.000       11.309734       8.2019253       601.09510
0.000       11.561061       7.8933144       617.90646
0.000       11.812388       7.5102206       627.09900
0.000       12.063716       7.1946410       639.91557
0.000       12.315043       6.9402570       656.67976
0.000       12.566371       6.6491835       668.44883
0.000       12.817698       6.3879794       681.49688
0.000       13.069025       5.9611338       674.10684
0.000       13.320353       5.7837255       692.50851
0.000       13.571680       5.5805632       706.72288
0.000       13.823008       5.3962761       722.05797
0.000       14.074335       5.1712012       730.37408
0.000       14.325663       4.9925610       743.59726
0.000       14.576990       4.7652144       747.74974
0.000       14.828317       4.6399227       766.40197
0.000       15.079645       4.3936813       763.25937
0.000       15.330972       4.3157230       787.83071
0.000       15.582300       4.1161989       788.97140
0.000       15.833627       4.0196431       808.34915
0.000       16.084954       3.8590980       813.60866
0.000       16.587609       3.6684851       848.21980
0.000       17.090264       3.3525607       847.79963
0.000       17.592919       3.1747772       875.78441
0.000       18.095574       2.9700136       891.55012
0.000       18.598229       2.8513219       929.24718
0.000       19.100883       2.6464729       934.32519
0.000       19.603538       2.4948618       952.18239
0.000       20.106193       2.3344888       961.28373
0.000       20.608848       2.2345056       990.86124
0.000       21.111503       2.1489288       1024.3532
0.000       21.614157       1.9928099       1019.4151
0.000       22.116812       1.8700166       1024.9043
0.000       22.619467       1.7665200       1035.7047
0.000       23.122122       1.6913387       1059.2145
0.000       23.624777       1.6243117       1085.0326
0.000       24.127432       1.5632059       1112.2944
0.000       24.630086       1.4849814       1124.0589
0.000       25.132741       1.3952716       1122.1440
0.000       25.635396       1.3444816       1147.4802
0.000       26.138051       1.3131951       1188.0073
0.000       26.640706       1.2364842       1184.3935
0.000       27.143361       1.1765345       1191.9712
0.000       27.646015       1.1240764       1203.2718
0.000       28.148670       1.0862613       1227.3777
0.000       28.651325       1.0426414       1242.3369
0.000       29.153980      0.98695977       1238.9770
0.000       29.656635      0.96526218       1275.5020
0.000       30.159289      0.91294509       1268.7564
0.000       30.661944      0.87731867       1281.2288
0.000       31.164599      0.85053662       1304.2112
0.000       31.667254      0.81738773       1315.0116
0.000       32.169909      0.79108356       1334.2650
0.000       33.175218      0.73193884       1353.8995
0.000       34.180528      0.67365366       1362.8349
0.000       35.185838      0.63290166       1396.7227
0.000       36.191147      0.58570147       1406.5450
0.000       37.196457      0.54682069       1425.6730
0.000       38.201767      0.51958917       1467.5087
0.000       39.207076      0.48082550       1468.0848
0.000       40.212386      0.45758458       1507.3745
0.000       41.217696      0.42788183       1517.9072
0.000       42.223005      0.40419864       1541.3900
0.000       43.228315      0.37194960       1522.1564
0.000       44.233625      0.35921019       1574.9852
0.000       45.238934      0.34234592       1605.7300
0.000       46.244244      0.32086724       1607.5655
0.000       47.249554      0.30215603       1614.7104
0.000       48.254863      0.27994422       1593.5476
0.000       49.260173      0.27092310       1640.6052
0.000       50.265482      0.25914918       1667.3611
0.000       51.270792      0.24846544       1696.4706
0.000       52.276102      0.23289996       1685.5795
0.000       53.281411      0.22083600       1692.2608
0.000       54.286721      0.20954225       1698.3324
0.000       55.292031      0.19902051       1704.3379
0.000       56.297340      0.19491755       1761.9146
0.000       57.302650      0.18370918       1751.1576
0.000       58.307960      0.17622972       1769.8357
0.000       59.313269      0.16808277       1776.8430
0.000       60.318579      0.15710601       1746.6921
0.000       61.323889      0.15381635       1797.0569
0.000       62.329198      0.14604542       1791.5661
0.000       63.334508      0.14106389       1815.5462
0.000       64.339818      0.13349363       1801.2346
0.000       66.350437      0.12403265       1835.4292
0.000       68.361056      0.11319902       1832.0580
0.000       70.371675      0.10633443       1877.3180
0.000       72.382295      0.10051074       1930.9890
0.000       74.392914     0.094892683       1979.2365
0.000       76.403533     0.087530317       1977.7395
0.000       78.414153     0.078867019       1926.4114
0.000       80.424772     0.078575280       2070.7407
0.000       82.435391     0.071678153       2034.2212
0.000       84.446011     0.067831938       2069.3879
0.000       86.456630     0.064416678       2108.9364
0.000       88.467249     0.059398247       2083.4902
0.000       90.477868     0.056138479       2106.4831
0.000       92.488488     0.054375418       2179.3948
0.000       94.499107     0.050868715       2174.7240
0.000       96.509726     0.048984917       2230.7243
0.000       98.520346     0.046090784       2232.8633
0.000       100.53096     0.043631523       2245.7954
0.000       102.54158     0.041626104       2273.7153
0.000       104.55220     0.040476019       2343.5144
0.000       106.56282     0.038951473       2387.8734
0.000       108.57344     0.037838303       2453.4247
0.000       110.58406     0.035480508       2430.7355
0.000       112.59468     0.034441170       2490.5873
0.000       114.60530     0.033602333       2562.4405
0.000       116.61592     0.033319940       2676.9977
0.000       118.62654     0.031660390       2677.5161
0.000       120.63716     0.030165987       2683.0643
0.000       122.64778     0.029759067       2781.4331
0.000       124.65840     0.028163899       2763.9339
0.000       126.66902     0.027555644       2837.2134
0.000       128.67964     0.026978104       2912.1326
0.000       132.70087     0.025375562       3004.0508
0.000       136.72211     0.024909757       3225.1953
0.000       140.74335     0.023792350       3360.4022
0.000       144.76459     0.023174605       3561.8008
0.000       148.78583     0.021738581       3627.3223
0.000       152.80707     0.020229684       3656.7028
0.000       156.82831     0.020629818       4031.2433
0.000       160.84954     0.020737425       4372.0446
0.000       164.87078     0.019413863       4407.7132
0.000       168.89202     0.017920129       4373.5974
0.000       172.91326     0.017320152       4536.3530
0.000       176.93450     0.018626868       5226.9415
0.000       180.95574     0.017457783       5240.5447
0.000       184.97698     0.016454127       5275.9191
0.000       188.99821     0.016766712       5734.4434
0.000       193.01945     0.015818310       5762.8005
0.000       197.04069     0.016152596       6260.0869
0.000       201.06193     0.015689288       6460.4540
0.000       205.08317     0.015304149       6687.5878
0.000       209.10441     0.015952378       7388.9928
0.000       213.12565     0.015644685       7672.6295
0.000       217.14688     0.015428637       8003.1073
0.000       221.16812     0.014360719       7870.7123
0.000       225.18936     0.014693835       8500.5893
0.000       229.21060     0.014834989       9050.2708
0.000       233.23184     0.014672678       9430.6831
0.000       237.25308     0.014771090       9993.5172
0.000       241.27432     0.014661922       10432.645
0.000       245.29555     0.014245632       10651.751
0.000       249.31679     0.014000300       10991.633
0.000       253.33803     0.013785698       11355.341
0.000       257.35927     0.012826369       11076.267
0.000       265.40175     0.012914825       12231.230
0.000       273.44422     0.013659878       14148.922
0.000       281.48670     0.012598538       14235.216
0.000       289.52918     0.013076476       16078.222
0.000       297.57166     0.012089054       16137.537
0.000       305.61413     0.012176620       17608.295
0.000       313.65661     0.011785592       18424.045
0.000       321.69909     0.011528069       19443.583
0.000       329.74156     0.011502970       20893.025
0.000       337.78404     0.011608957       22666.311
0.000       345.82652     0.011932993       25003.139
0.000       353.86900     0.010937245       24553.066
0.000       361.91147     0.010426274       25038.393
0.000       369.95395    0.0098601918       25292.900
0.000       377.99643     0.011251660       30785.765
0.000       386.03891     0.011213441       32681.530
0.000       394.08138     0.010901205       33798.895
0.000       402.12386    0.0098949567       32595.953
0.000       410.16634     0.010125641       35397.518
0.000       418.20881     0.010416411       38598.277
0.000       426.25129    0.0099225910       38930.723
0.000       434.29377    0.0098593414       40913.719
0.000       442.33625    0.0098327598       43112.507
0.000       450.37872    0.0095213218       44065.743
0.000       458.42120    0.0097666034       47665.910
0.000       466.46368    0.0087086916       44779.234
0.000       474.50615    0.0092574326       50105.612
0.000       482.54863    0.0088797374       50546.797
0.000       490.59111    0.0087689452       52453.761
0.000       498.63359    0.0088375848       55507.087
0.000       506.67606    0.0084759239       55853.253
0.000       514.71854    0.0089434859       61785.494
