# z        k [h/Mpc]   P(k) [(Mpc/h)^3]    Delta^2(k)   
3.000     0.015707963       932.51670   0.00018309923
3.000     0.031415927       2389.2287    0.0037529917
3.000     0.047123890       1272.2933    0.0067449835
3.000     0.062831853       1015.2095     0.012757499
3.000     0.078539816       770.04111     0.018899652
3.000     0.094247780       630.07321     0.026722351
3.000      0.10995574       515.73319     0.034733543
3.000      0.12566371       443.82976     0.044618634
3.000      0.14137167       321.88674     0.046074487
3.000      0.15707963       291.07426     0.057152298
3.000      0.17278760       252.05895     0.065873397
3.000      0.18849556       223.61928     0.075872233
3.000      0.20420352       198.08712     0.085450808
3.000      0.21991149       179.30317     0.096605523
3.000      0.23561945       155.81404      0.10325480
3.000      0.25132741       141.93225      0.11414869
3.000      0.26703538       122.72966      0.11839305
3.000      0.28274334       111.17156      0.12730372
3.000      0.29845130       99.698347      0.13426990
3.000      0.31415927       89.601837      0.14074624
3.000      0.32986723       82.338386      0.14972355
3.000      0.34557519       74.532894      0.15582815
3.000      0.36128316       70.355209      0.16807753
3.000      0.37699112       63.552250      0.17250216
3.000      0.39269908       59.451976      0.18239638
3.000      0.40840704       56.432946      0.19475233
3.000      0.42411501       52.221069      0.20182127
3.000      0.43982297       49.234718      0.21221469
3.000      0.45553093       45.538088      0.21807138
3.000      0.47123890       43.151865      0.22876692
3.000      0.48694686       39.660670      0.23199307
3.000      0.50265482       38.041757      0.24475997
3.000      0.51836279       35.699869      0.25190590
3.000      0.53407075       33.992687      0.26233252
3.000      0.54977871       32.343453      0.27228293
3.000      0.56548668       31.114584      0.28503710
3.000      0.58119464       29.073634      0.28915744
3.000      0.59690260       27.615098      0.29752761
3.000      0.61261057       26.356053      0.30697576
3.000      0.62831853       25.058936      0.31489988
3.000      0.64402649       23.907960      0.32353701
3.000      0.65973446       22.594439      0.32868457
3.000      0.67544242       22.092738      0.34489333
3.000      0.69115038       21.191863      0.35445170
3.000      0.70685835       20.624772      0.36902568
3.000      0.72256631       19.229620      0.36751417
3.000      0.73827427       18.897858      0.38524414
3.000      0.75398224       18.103734      0.39311694
3.000      0.76969020       17.641560      0.40752581
3.000      0.78539816       16.854153      0.41366314
3.000      0.80110613       16.268276      0.42372292
3.000      0.81681409       15.712192      0.43378718
3.000      0.83252205       15.099240      0.44137994
3.000      0.84823002       14.674707      0.45371235
3.000      0.86393798       14.137897      0.46185193
3.000      0.87964594       13.650693      0.47070485
3.000      0.89535391       13.276565      0.48276989
3.000      0.91106187       12.991644      0.49771185
3.000      0.92676983       12.419033      0.50081083
3.000      0.94247780       12.007458      0.50925431
3.000      0.95818576       11.696516      0.52128583
3.000      0.97389372       11.507900      0.53851899
3.000      0.98960169       11.163681      0.54809894
3.000       1.0053096       10.794598      0.55561798
3.000       1.0367256       10.448840      0.58983396
3.000       1.0681415       9.5927759      0.59224435
3.000       1.0995574       9.3148094      0.62733278
3.000       1.1309734       8.6443483      0.63351899
3.000       1.1623893       8.2828898      0.65903265
3.000       1.1938052       8.0549588      0.69427893
3.000       1.2252211       7.7179813      0.71914658
3.000       1.2566371       7.3942893      0.74335504
3.000       1.2880530       7.0428470      0.76246463
3.000       1.3194689       6.7241009      0.78253176
3.000       1.3508848       6.5593028      0.81918676
3.000       1.3823008       6.2829676      0.84070325
3.000       1.4137167       6.1327694      0.87783735
3.000       1.4451326       5.7853943      0.88455805
3.000       1.4765485       5.5647764      0.90753037
3.000       1.5079645       5.5173940      0.95846794
3.000       1.5393804       5.2636675      0.97273953
3.000       1.5707963       5.1317013       1.0076072
3.000       1.6022123       4.8785077       1.0165235
3.000       1.6336282       4.7171412       1.0418586
3.000       1.6650441       4.5808188       1.0712494
3.000       1.6964600       4.5156124       1.1169090
3.000       1.7278760       4.4123661       1.1531332
3.000       1.7592919       4.2208304       1.1643455
3.000       1.7907078       4.1610468       1.2104505
3.000       1.8221237       4.0181085       1.2314748
3.000       1.8535397       3.9207890       1.2648802
3.000       1.8849556       3.8044103       1.2908060
3.000       1.9163715       3.7013865       1.3196958
3.000       1.9477874       3.6325806       1.3599101
3.000       1.9792034       3.5052138       1.3767530
3.000       2.0106193       3.4352481       1.4145487
3.000       2.0734512       3.2141347       1.4514957
3.000       2.1362830       3.1791933       1.5702310
3.000       2.1991149       3.0041476       1.6185841
3.000       2.2619467       2.8626034       1.6783346
3.000       2.3247786       2.8044341       1.7850906
3.000       2.3876104       2.6418322       1.8216540
3.000       2.4504423       2.5358041       1.8902506
3.000       2.5132741       2.4701042       1.9865757
3.000       2.5761060       2.3785573       2.0600372
3.000       2.6389378       2.2707542       2.1141114
3.000       2.7017697       2.1857037       2.1837681
3.000       2.7646015       2.1680141       2.3207588
3.000       2.8274334       2.0584161       2.3571139
3.000       2.8902652       2.0231263       2.4746077
3.000       2.9530971       1.9275101       2.5147806
3.000       3.0159289       1.9056920       2.6484164
3.000       3.0787608       1.8149236       2.6832210
3.000       3.1415927       1.7840312       2.8023496
3.000       3.2044245       1.7416288       2.9031936
3.000       3.2672564       1.6955288       2.9958845
3.000       3.3300882       1.6192570       3.0293766
3.000       3.3929201       1.5750800       3.1166912
3.000       3.4557519       1.5420985       3.2241115
3.000       3.5185838       1.5321522       3.3812390
3.000       3.5814156       1.4579656       3.3929832
3.000       3.6442475       1.4388662       3.5278837
3.000       3.7070793       1.3999720       3.6131439
3.000       3.7699112       1.3846839       3.7584973
3.000       3.8327430       1.3397760       3.8214796
3.000       3.8955749       1.3045523       3.9070270
3.000       3.9584067       1.2818034       4.0276612
3.000       4.0212386       1.2479408       4.1109649
3.000       4.1469023       1.1975865       4.3266181
3.000       4.2725660       1.1577600       4.5746212
3.000       4.3982297       1.0992515       4.7380655
3.000       4.5238934       1.0570618       4.9580139
3.000       4.6495571       1.0128177       5.1574651
3.000       4.7752208      0.96443941       5.3201710
3.000       4.9008845      0.95521217       5.6963087
3.000       5.0265482      0.90715898       5.8366443
3.000       5.1522120      0.86261025       5.9767630
3.000       5.2778757      0.83650707       6.2304202
3.000       5.4035394      0.80719221       6.4518191
3.000       5.5292031      0.77415228       6.6295535
3.000       5.6548668      0.75943684       6.9571129
3.000       5.7805305      0.73374918       7.1799426
3.000       5.9061942      0.71368895       7.4490758
3.000       6.0318579      0.69380665       7.7136871
3.000       6.1575216      0.66818122       7.9028249
3.000       6.2831853      0.64668450       8.1264771
3.000       6.4088490      0.61799743       8.2413251
3.000       6.5345127      0.60091254       8.4941739
3.000       6.6601764      0.57829491       8.6551945
3.000       6.7858401      0.57011043       9.0248526
3.000       6.9115038      0.55970149       9.3614772
3.000       7.0371675      0.53858167       9.5085765
3.000       7.1628313      0.52329079       9.7424349
3.000       7.2884950      0.51253159       10.053203
3.000       7.4141587      0.48427710       9.9988446
3.000       7.5398224      0.47913624       10.404294
3.000       7.6654861      0.45891561       10.471820
3.000       7.7911498      0.45600256       10.925522
3.000       7.9168135      0.44666776       11.228096
3.000       8.0424772      0.42999209       11.331835
3.000       8.2938046      0.41357510       11.953251
3.000       8.5451320      0.38687973       12.229327
3.000       8.7964594      0.36521935       12.593538
3.000       9.0477868      0.36471034       13.685019
3.000       9.2991143      0.34464989       14.040195
3.000       9.5504417      0.32450595       14.320669
3.000       9.8017691      0.31451109       15.004434
3.000       10.053096      0.29644131       15.258384
3.000       10.304424      0.28736951       15.928765
3.000       10.555751      0.27134841       16.168324
3.000       10.807079      0.27023695       17.279849
3.000       11.058406      0.26273169       17.999495
3.000       11.309734      0.24704124       18.104930
3.000       11.561061      0.24118300       18.880350
3.000       11.812388      0.23413153       19.549845
3.000       12.063716      0.22334828       19.865347
3.000       12.315043      0.21411710       20.259533
3.000       12.566371      0.20523284       20.632256
3.000       12.817698      0.19480800       20.782948
3.000       13.069025      0.18916867       21.391886
3.000       13.320353      0.18704236       22.395327
3.000       13.571680      0.18042826       22.849446
3.000       13.823008      0.17334943       23.195318
3.000       14.074335      0.16564720       23.395807
3.000       14.325663      0.16015996       23.854392
3.000       14.576990      0.15610314       24.495452
3.000       14.828317      0.14686386       24.258325
3.000       15.079645      0.14576190       25.321394
3.000       15.330972      0.14114496       25.765864
3.000       15.582300      0.13637057       26.138795
3.000       15.833627      0.12849569       25.840448
3.000       16.084954      0.12632878       26.633734
3.000       16.587609      0.11559585       26.727842
3.000       17.090264      0.10956414       27.706713
3.000       17.592919      0.10441805       28.804447
3.000       18.095574     0.098604989       29.599625
3.000       18.598229     0.092061152       30.002773
3.000       19.100883     0.084012384       29.660190
3.000       19.603538     0.077358683       29.524511
3.000       20.106193     0.075340663       31.023389
3.000       20.608848     0.070637787       31.323370
3.000       21.111503     0.069230730       33.000962
3.000       21.614157     0.064270403       32.877305
3.000       22.116812     0.061128269       33.502711
3.000       22.619467     0.055970810       32.815495
3.000       23.122122     0.053951347       33.787465
3.000       23.624777     0.050542755       33.762322
3.000       24.127432     0.047975069       34.136512
3.000       24.630086     0.046232599       34.995836
3.000       25.132741     0.044596579       35.866697
3.000       25.635396     0.041586424       35.492937
3.000       26.138051     0.038335746       34.681173
3.000       26.640706     0.037217128       35.649241
3.000       27.143361     0.035442594       35.907619
3.000       27.646015     0.034550762       36.984992
3.000       28.148670     0.030583139       34.556199
3.000       28.651325     0.030393168       36.214323
3.000       29.153980     0.028927284       36.313781
3.000       29.656635     0.028062952       37.082517
3.000       30.159289     0.025086023       34.863051
3.000       30.661944     0.025360970       37.036948
3.000       31.164599     0.023574727       36.149440
3.000       31.667254     0.022468568       36.147383
3.000       32.169909     0.021189413       35.738694
3.000       33.175218     0.019896916       36.804201
3.000       34.180528     0.016545718       33.472810
3.000       35.185838     0.016772046       37.013486
3.000       36.191147     0.014411313       34.608348
3.000       37.196457     0.013096350       34.144854
3.000       38.201767     0.011569452       32.676338
3.000       39.207076     0.011847796       36.174388
3.000       40.212386     0.010736758       35.369015
3.000       41.217696    0.0098963294       35.107146
3.000       42.223005    0.0091791733       35.004288
3.000       43.228315    0.0089318495       36.552457
3.000       44.233625    0.0086066748       37.736641
3.000       45.238934    0.0081497600       38.225412
3.000       46.244244    0.0072850291       36.498465
3.000       47.249554    0.0063446635       33.905642
3.000       48.254863    0.0055462040       31.571074
3.000       49.260173    0.0051302079       31.066549
3.000       50.265482    0.0051331112       33.026344
3.000       51.270792    0.0038847135       26.524020
3.000       52.276102    0.0041142499       29.776285
3.000       53.281411    0.0032375592       24.809336
3.000       54.286721    0.0045223537       36.653514
3.000       55.292031    0.0033423930       28.623016
3.000       56.297340    0.0031558189       28.526334
3.000       57.302650    0.0035462160       33.803337
3.000       58.307960    0.0027840864       27.959958
3.000       59.313269    0.0025327499       26.774301
3.000       60.318579    0.0024231727       26.940641
3.000       61.323889    0.0023498942       27.454127
3.000       62.329198    0.0028146850       34.528258
3.000       63.334508    0.0023888441       30.745338
3.000       64.339818    0.0022508789       30.371194
3.000       66.350437    0.0025106832       37.152970
3.000       68.361056    0.0026058989       42.174905
3.000       70.371675    0.0020017296       35.340228
3.000       72.382295   0.00059960908       11.519550
3.000       74.392914    0.0012871573       26.847052
3.000       76.403533    0.0010672748       24.114976
3.000       78.414153   0.00078785262       19.244144
3.000       80.424772   0.00041693214       10.987658
3.000       82.435391   0.00081453307       23.116394
3.000       84.446011    0.0011854081       36.163924
3.000       86.456630   0.00062370287       20.419397
3.000       88.467249    0.0012252671       42.978237
3.000       90.477868  -0.00048686055      -18.268460
3.000       92.488488   0.00097599418       39.118349
3.000       94.499107  -0.00014050248      -6.0067198
3.000       96.509726   0.00086305664       39.302738
3.000       98.520346   0.00076496505       37.058653
3.000       100.53096   0.00040756639       20.978198
3.000       102.54158   0.00011440417       6.2490237
3.000       104.55220   0.00063704952       36.884425
3.000       106.56282   0.00040940878       25.098315
3.000       108.57344   0.00059857129       38.811190
3.000       110.58406  -0.00078354256      -53.679747
3.000       112.59468   4.4618407e-05       3.2265466
3.000       114.60530   0.00018509566       14.114991
3.000       116.61592   0.00076512385       61.471742
3.000       118.62654   7.0967529e-06      0.60017171
3.000       120.63716  -9.1711601e-05      -8.1571383
3.000       122.64778  -0.00029345633      -27.427914
3.000       124.65840  -0.00053153301      -52.163306
3.000       126.66902   9.5434983e-05       9.8262780
3.000       128.67964   0.00026167186       28.245986
3.000       132.70087  -0.00029789466      -35.265848
3.000       136.72211   2.0617705e-05       2.6694812
3.000       140.74335   0.00040844762       57.688638
3.000       144.76459   -0.0010709587      -164.60007
3.000       148.78583   0.00054846657       91.517705
3.000       152.80707  -0.00097820348      -176.81935
3.000       156.82831  -0.00020944775      -40.927885
3.000       160.84954   0.00079441359       167.48520
3.000       164.87078   0.00015133835       34.359778
3.000       168.89202   0.00034708282       84.709238
3.000       172.91326   0.00015643572       40.972368
3.000       176.93450   6.7977626e-06       1.9075407
3.000       180.95574  -0.00055747997      -167.34649
3.000       184.97698  -0.00036377985      -116.64387
3.000       188.99821  -0.00069246731      -236.83323
3.000       193.01945   0.00076835254       279.92006
3.000       197.04069   8.9313260e-05       34.614174
3.000       201.06193   0.00071006155       292.38548
3.000       205.08317   0.00045907235       200.60486
3.000       209.10441  -3.6902024e-05      -17.092674
3.000       213.12565  -0.00019135496      -93.846290
3.000       217.14688  -3.5191902e-05      -18.254662
3.000       221.16812   0.00016822792       92.201065
3.000       225.18936  -0.00027353257      -158.24242
3.000       229.21060   0.00038026031       231.98257
3.000       233.23184    0.0010901709       700.69390
3.000       237.25308   0.00014386401       97.332523
3.000       241.27432  -0.00072448128      -515.50242
3.000       245.29555   0.00069003127       515.95053
3.000       249.31679  -0.00011967127      -93.953885
3.000       253.33803  -0.00042812924      -352.65198
3.000       257.35927  -0.00014370050      -124.09320
3.000       265.40175  -0.00021018049      -199.05541
3.000       273.44422   0.00033978325       351.94799
3.000       281.48670   0.00053745788       607.27910
3.000       289.52918   -0.0015275284      -1878.1772
3.000       297.57166  -0.00056206766      -750.29757
3.000       305.61413   8.4873496e-05       122.73337
3.000       313.65661  -0.00020455557      -319.77529
3.000       321.69909  -3.3606831e-05      -56.682280
3.000       329.74156   0.00098757171       1793.7420
3.000       337.78404  -0.00012783357      -249.59310
3.000       345.82652   0.00016895613       354.01291
3.000       353.86900   0.00017767461       398.86246
3.000       361.91147   4.8806676e-05       117.20781
3.000       369.95395   0.00031413564       805.80597
3.000       377.99643   0.00014133145       386.69822
3.000       386.03891   7.5036670e-05       218.69409
3.000       394.08138   0.00054512330       1690.1403
3.000       402.12386   0.00014105420       464.66056
3.000       410.16634   0.00042611332       1489.6197
3.000       418.20881  -0.00067998030      -2519.6843
3.000       426.25129  -0.00035516036      -1393.4515
3.000       434.29377   0.00022155367       919.39050
3.000       442.33625   0.00050229348       2202.3451
3.000       450.37872   0.00015561596       720.20810
3.000       458.42120  -0.00011410677      -556.89813
3.000       466.46368   0.00013373201       687.63684
3.000       474.50615   7.3246814e-05       396.44646
3.000       482.54863  -7.6156221e-05      -433.50979
3.000       490.59111   0.00041607152       2488.8416
3.000       498.63359    0.0012980963       8153.0809
3.000       506.67606  -0.00054637295      -3600.3988
3.000       514.71854  -0.00065283936      -4510.0985
2.750     0.015707963       1057.9121   0.00020772055
2.750     0.031415927       2711.7211    0.0042595615
2.750     0.047123890       1442.8041    0.0076489360
2.750     0.062831853       1152.8703     0.014487396
2.750     0.078539816       874.41845     0.021461458
2.750     0.094247780       715.50616     0.030345690
2.750      0.10995574       585.14347     0.039408179
2.750      0.12566371       502.92066     0.050559099
2.750      0.14137167       366.01078     0.052390350
2.750      0.15707963       331.21517     0.065033946
2.750      0.17278760       286.92043     0.074984140
2.750      0.18849556       254.34144     0.086296018
2.750      0.20420352       225.42910     0.097245591
2.750      0.21991149       204.39883      0.11012664
2.750      0.23561945       177.60708      0.11769660
2.750      0.25132741       162.09526      0.13036474
2.750      0.26703538       140.26909      0.13531272
2.750      0.28274334       127.47904      0.14597759
2.750      0.29845130       114.13951      0.15371870
2.750      0.31415927       102.76196      0.16141811
2.750      0.32986723       94.439460      0.17172806
2.750      0.34557519       85.472637      0.17870020
2.750      0.36128316       80.893666      0.19325374
2.750      0.37699112       73.196712      0.19868047
2.750      0.39269908       68.430948      0.20994352
2.750      0.40840704       65.039754      0.22445476
2.750      0.42411501       60.181714      0.23258716
2.750      0.43982297       56.731143      0.24452627
2.750      0.45553093       52.729838      0.25251101
2.750      0.47123890       49.934160      0.26472283
2.750      0.48694686       45.912596      0.26856340
2.750      0.50265482       44.080438      0.28361274
2.750      0.51836279       41.420204      0.29226980
2.750      0.53407075       39.501318      0.30484441
2.750      0.54977871       37.654629      0.31699499
2.750      0.56548668       36.189142      0.33152453
2.750      0.58119464       33.926173      0.33741931
2.750      0.59690260       32.196967      0.34689309
2.750      0.61261057       30.767361      0.35835540
2.750      0.62831853       29.333726      0.36861847
2.750      0.64402649       27.993622      0.37882667
2.750      0.65973446       26.456092      0.38486060
2.750      0.67544242       25.918860      0.40462354
2.750      0.69115038       24.850036      0.41563770
2.750      0.70685835       24.235908      0.43363740
2.750      0.72256631       22.623202      0.43237189
2.750      0.73827427       22.240288      0.45338159
2.750      0.75398224       21.325565      0.46307800
2.750      0.76969020       20.809761      0.48071229
2.750      0.78539816       19.901897      0.48846604
2.750      0.80110613       19.211745      0.50038839
2.750      0.81681409       18.591116      0.51326942
2.750      0.83252205       17.906138      0.52343098
2.750      0.84823002       17.358812      0.53669947
2.750      0.86393798       16.814599      0.54929352
2.750      0.87964594       16.223847      0.55943265
2.750      0.89535391       15.769812      0.57343073
2.750      0.91106187       15.462606      0.59237477
2.750      0.92676983       14.820494      0.59765232
2.750      0.94247780       14.334566      0.60795046
2.750      0.95818576       13.948629      0.62165711
2.750      0.97389372       13.745735      0.64323984
2.750      0.98960169       13.334828      0.65469488
2.750       1.0053096       12.935635      0.66582114
2.750       1.0367256       12.527759      0.70718831
2.750       1.0681415       11.528928      0.71177964
2.750       1.0995574       11.201869      0.75442226
2.750       1.1309734       10.417956      0.76350152
2.750       1.1623893       10.010734      0.79650953
2.750       1.1938052       9.7231335      0.83806348
2.750       1.2252211       9.3433359      0.87059398
2.750       1.2566371       8.9715431      0.90191788
2.750       1.2880530       8.5389455      0.92443353
2.750       1.3194689       8.1805806      0.95203272
2.750       1.3508848       8.0159549       1.0011070
2.750       1.3823008       7.6774756       1.0272978
2.750       1.4137167       7.5223227       1.0767364
2.750       1.4451326       7.0909721       1.0841744
2.750       1.4765485       6.8373139       1.1150619
2.750       1.5079645       6.7499829       1.1725902
2.750       1.5393804       6.4686639       1.1954260
2.750       1.5707963       6.3263132       1.2421687
2.750       1.6022123       6.0379503       1.2581138
2.750       1.6336282       5.8367291       1.2891381
2.750       1.6650441       5.6783298       1.3279083
2.750       1.6964600       5.5919575       1.3831364
2.750       1.7278760       5.4788852       1.4318586
2.750       1.7592919       5.2253673       1.4414540
2.750       1.7907078       5.1959218       1.5114962
2.750       1.8221237       5.0158516       1.5372643
2.750       1.8535397       4.8991138       1.5804961
2.750       1.8849556       4.7573965       1.6141466
2.750       1.9163715       4.6457279       1.6563921
2.750       1.9477874       4.5479523       1.7025930
2.750       1.9792034       4.4015751       1.7288194
2.750       2.0106193       4.3265623       1.7815695
2.750       2.0734512       4.0592106       1.8331300
2.750       2.1362830       4.0004144       1.9758392
2.750       2.1991149       3.7977977       2.0461894
2.750       2.2619467       3.6229236       2.1241077
2.750       2.3247786       3.5618594       2.2672103
2.750       2.3876104       3.3421115       2.3045259
2.750       2.4504423       3.2104100       2.3931184
2.750       2.5132741       3.1470459       2.5310045
2.750       2.5761060       3.0356055       2.6290979
2.750       2.6389378       2.9058828       2.7054270
2.750       2.7017697       2.8149679       2.8124751
2.750       2.7646015       2.7691994       2.9642998
2.750       2.8274334       2.6580665       3.0437799
2.750       2.8902652       2.6054198       3.1868459
2.750       2.9530971       2.4870925       3.2448556
2.750       3.0159289       2.4598465       3.4185472
2.750       3.0787608       2.3527885       3.4784118
2.750       3.1415927       2.3297409       3.6595484
2.750       3.2044245       2.2626231       3.7716607
2.750       3.2672564       2.1971793       3.8822669
2.750       3.3300882       2.1093211       3.9462098
2.750       3.3929201       2.0560061       4.0683241
2.750       3.4557519       1.9973411       4.1759008
2.750       3.5185838       1.9802805       4.3701935
2.750       3.5814156       1.9186162       4.4650110
2.750       3.6442475       1.8808270       4.6115052
2.750       3.7070793       1.8291528       4.7208031
2.750       3.7699112       1.8119980       4.9183714
2.750       3.8327430       1.7519286       4.9970739
2.750       3.8955749       1.7057116       5.1084662
2.750       3.9584067       1.6663814       5.2360757
2.750       4.0212386       1.6357114       5.3883582
2.750       4.1469023       1.5699424       5.6718586
2.750       4.2725660       1.5219769       6.0137404
2.750       4.3982297       1.4346717       6.1838154
2.750       4.5238934       1.4015425       6.5737566
2.750       4.6495571       1.3313115       6.7792975
2.750       4.7752208       1.2945297       7.1410597
2.750       4.9008845       1.2560477       7.4903103
2.750       5.0265482       1.1961417       7.6959542
2.750       5.1522120       1.1543150       7.9978961
2.750       5.2778757       1.1006030       8.1974432
2.750       5.4035394       1.0717887       8.5667164
2.750       5.5292031       1.0364934       8.8761457
2.750       5.6548668       1.0068843       9.2239500
2.750       5.7805305      0.98079034       9.5973101
2.750       5.9061942      0.93551208       9.7643384
2.750       6.0318579      0.91455154       10.167911
2.750       6.1575216      0.88214355       10.433436
2.750       6.2831853      0.84671939       10.640190
2.750       6.4088490      0.81722595       10.898144
2.750       6.5345127      0.80139825       11.328131
2.750       6.6601764      0.77048010       11.531582
2.750       6.7858401      0.75844093       12.006126
2.750       6.9115038      0.73351728       12.268692
2.750       7.0371675      0.72739948       12.842126
2.750       7.1628313      0.70017486       13.035597
2.750       7.2884950      0.67732264       13.285547
2.750       7.4141587      0.64249488       13.265559
2.750       7.5398224      0.63359100       13.758231
2.750       7.6654861      0.61595948       14.055345
2.750       7.7911498      0.60295612       14.446433
2.750       7.9168135      0.59709359       15.009420
2.750       8.0424772      0.56479733       14.884437
2.750       8.2938046      0.55418276       16.017129
2.750       8.5451320      0.51131117       16.162624
2.750       8.7964594      0.48758035       16.812805
2.750       9.0477868      0.46729741       17.534392
2.750       9.2991143      0.44371144       18.075721
2.750       9.5504417      0.42601594       18.800374
2.750       9.8017691      0.40724948       19.428721
2.750       10.053096      0.39077551       20.113940
2.750       10.304424      0.37433069       20.748985
2.750       10.555751      0.35371032       21.075866
2.750       10.807079      0.34093927       21.800790
2.750       11.058406      0.33058480       22.648046
2.750       11.309734      0.31994131       23.447562
2.750       11.561061      0.30301130       23.720408
2.750       11.812388      0.29030025       24.239900
2.750       12.063716      0.28360483       25.224768
2.750       12.315043      0.27520067       26.039196
2.750       12.566371      0.25897865       26.035374
2.750       12.817698      0.25001111       26.672251
2.750       13.069025      0.23759284       26.867869
2.750       13.320353      0.23687634       28.362148
2.750       13.571680      0.22339601       28.290884
2.750       13.823008      0.21437013       28.684163
2.750       14.074335      0.20391109       28.800152
2.750       14.325663      0.19787520       29.471739
2.750       14.576990      0.19260929       30.223937
2.750       14.828317      0.18461210       30.493413
2.750       15.079645      0.17824858       30.964899
2.750       15.330972      0.17541800       32.022373
2.750       15.582300      0.16469763       31.568377
2.750       15.833627      0.15811940       31.797768
2.750       16.084954      0.15669347       33.035482
2.750       16.587609      0.14162921       32.747223
2.750       17.090264      0.13577007       34.333700
2.750       17.592919      0.12835813       35.408484
2.750       18.095574      0.11890073       35.692081
2.750       18.598229      0.10971378       35.755775
2.750       19.100883      0.10494912       37.051808
2.750       19.603538     0.097173062       37.086815
2.750       20.106193     0.090472897       37.254462
2.750       20.608848     0.085501280       37.914385
2.750       21.111503     0.085415675       40.716016
2.750       21.614157     0.078178526       39.991958
2.750       22.116812     0.074010430       40.563066
2.750       22.619467     0.068611999       40.226981
2.750       23.122122     0.065209974       40.838271
2.750       23.624777     0.062815810       41.960665
2.750       24.127432     0.058857852       41.880123
2.750       24.630086     0.055078426       41.691698
2.750       25.132741     0.052712566       42.393961
2.750       25.635396     0.050282670       42.914957
2.750       26.138051     0.047002615       42.521823
2.750       26.640706     0.045132355       43.231015
2.750       27.143361     0.044067268       44.645453
2.750       27.646015     0.040482988       43.335165
2.750       28.148670     0.037590000       42.473322
2.750       28.651325     0.037229653       44.360188
2.750       29.153980     0.035066374       44.020470
2.750       29.656635     0.032350672       42.748332
2.750       30.159289     0.031615630       43.937507
2.750       30.661944     0.029324253       42.824894
2.750       31.164599     0.028843617       44.228745
2.750       31.667254     0.025631666       41.236169
2.750       32.169909     0.026547850       44.776392
2.750       33.175218     0.022487743       41.596568
2.750       34.180528     0.021748021       43.997328
2.750       35.185838     0.019982538       44.098580
2.750       36.191147     0.017867285       42.907764
2.750       37.196457     0.015391988       40.130050
2.750       38.201767     0.014527632       41.031316
2.750       39.207076     0.012950561       39.541416
2.750       40.212386     0.013079565       43.086685
2.750       41.217696     0.011048342       39.193902
2.750       42.223005    0.0099215280       37.835218
2.750       43.228315     0.011100741       45.428368
2.750       44.233625    0.0083168675       36.465958
2.750       45.238934    0.0082310454       38.606671
2.750       46.244244    0.0074490366       37.320153
2.750       47.249554    0.0074816727       39.981777
2.750       48.254863    0.0065134031       37.076735
2.750       49.260173    0.0073677785       44.616409
2.750       50.265482    0.0060293738       38.792881
2.750       51.270792    0.0044506037       30.387801
2.750       52.276102    0.0049410547       35.760164
2.750       53.281411    0.0062740403       48.077815
2.750       54.286721    0.0053431155       43.305759
2.750       55.292031    0.0039246027       33.608844
2.750       56.297340    0.0038154890       34.489277
2.750       57.302650    0.0025878864       24.668321
2.750       58.307960    0.0034317980       34.464780
2.750       59.313269    0.0033211316       35.108472
2.750       60.318579    0.0032710763       36.367566
2.750       61.323889    0.0031022065       36.243490
2.750       62.329198    0.0023242933       28.512533
2.750       63.334508    0.0024871495       32.010566
2.750       64.339818    0.0027314450       36.855490
2.750       66.350437    0.0026722387       39.543660
2.750       68.361056    0.0024511656       39.670640
2.750       70.371675    0.0014576798       25.735113
2.750       72.382295    0.0019960083       38.346845
2.750       74.392914    0.0018450514       38.483400
2.750       76.403533    0.0018695932       42.243287
2.750       78.414153   0.00053225170       13.000818
2.750       80.424772   0.00092987344       24.505503
2.750       82.435391   0.00083036727       23.565768
2.750       84.446011    0.0016341158       49.852909
2.750       86.456630    0.0010304774       33.736781
2.750       88.467249   0.00045398266       15.924180
2.750       90.477868   0.00014566386       5.4657422
2.750       92.488488   0.00090983809       36.466779
2.750       94.499107   0.00071405763       30.527177
2.750       96.509726    0.0015896103       72.389268
2.750       98.520346   0.00088328429       42.790617
2.750       100.53096   0.00044060759       22.678889
2.750       102.54158   0.00092459959       50.503796
2.750       104.55220    0.0013157562       76.180752
2.750       106.56282  -0.00014697283      -9.0099932
2.750       108.57344   0.00021540860       13.967032
2.750       110.58406   0.00046237598       31.676933
2.750       112.59468   0.00011393242       8.2389374
2.750       114.60530   5.9620620e-05       4.5465383
2.750       116.61592   9.5784546e-05       7.6955422
2.750       118.62654   0.00039340853       33.270521
2.750       120.63716   0.00036591179       32.545425
2.750       122.64778   0.00024078397       22.504889
2.750       124.65840   0.00047311788       46.430593
2.750       126.66902  -4.6405636e-05      -4.7780663
2.750       128.67964   0.00048485576       52.337417
2.750       132.70087   0.00050532604       59.822324
2.750       136.72211  -0.00023982558      -31.051460
2.750       140.74335   0.00036918174       52.142773
2.750       144.76459   0.00046327971       71.203373
2.750       148.78583   0.00029919625       49.924198
2.750       152.80707  -0.00014474197      -26.163452
2.750       156.82831  -0.00015791834      -30.858597
2.750       160.84954   0.00034787143       73.341287
2.750       164.87078   6.9221141e-06       1.5715931
2.750       168.89202   0.00042042589       102.60939
2.750       172.91326   0.00057022346       149.34828
2.750       176.93450   5.2461825e-05       14.721471
2.750       180.95574   1.6889988e-06      0.50701015
2.750       184.97698  -0.00021639295      -69.385126
2.750       188.99821  -0.00037948957      -129.79059
2.750       193.01945  -0.00035395293      -128.94930
2.750       197.04069  -0.00037889379      -146.84377
2.750       201.06193  -0.00015672746      -64.536422
2.750       205.08317  -0.00034079626      -148.92072
2.750       209.10441   0.00020539064       95.135030
2.750       213.12565   0.00074866100       367.16612
2.750       217.14688  -0.00075161097      -389.87391
2.750       221.16812  -0.00025055769      -137.32373
2.750       225.18936  -0.00069144870      -400.01275
2.750       229.21060   0.00027072136       165.15696
2.750       233.23184   0.00038126162       245.05121
2.750       237.25308  -0.00045900519      -310.54420
2.750       241.27432  -4.8279392e-06      -3.4353052
2.750       245.29555   0.00045186495       337.86869
2.750       249.31679   0.00026054232       204.55172
2.750       253.33803  -0.00038226358      -314.87223
2.750       257.35927   0.00019656545       169.74496
2.750       265.40175   -0.0010065398      -953.26258
2.750       273.44422   0.00016601805       171.96174
2.750       281.48670  -1.1009385e-05      -12.439616
2.750       289.52918   0.00018410595       226.36803
2.750       297.57166   0.00067818383       905.29969
2.750       305.61413   0.00072697999       1051.2670
2.750       313.65661  -0.00040173838      -628.02497
2.750       321.69909  -0.00014041497      -236.82805
2.750       329.74156  -0.00043968888      -798.61382
2.750       337.78404  -0.00094430799      -1843.7469
2.750       345.82652   -0.0014313510      -2999.1022
2.750       353.86900   0.00012654035       284.07096
2.750       361.91147   0.00048695139       1169.3996
2.750       369.95395   0.00070181184       1800.2547
2.750       377.99643  -0.00047234190      -1292.3788
2.750       386.03891   -0.0010225693      -2980.2743
2.750       394.08138   0.00019434048       602.54750
2.750       402.12386  -0.00027376429      -901.83394
2.750       410.16634   0.00061137420       2137.2602
2.750       418.20881   0.00029008947       1074.9339
2.750       426.25129   0.00033020247       1295.5307
2.750       434.29377   6.8198575e-05       283.00646
2.750       442.33625  -0.00012145170      -532.51449
2.750       450.37872   0.00058984195       2729.8546
2.750       458.42120  -0.00087397441      -4265.4324
2.750       466.46368  -0.00053292657      -2740.2559
2.750       474.50615    0.0010505642       5686.1510
2.750       482.54863   0.00049582932       2822.4466
2.750       490.59111  -0.00045607971      -2728.1612
2.750       498.63359  -0.00015270430      -959.10492
2.750       506.67606   0.00031209831       2056.6142
2.750       514.71854  -0.00039957505      -2760.4384
2.500     0.015707963       1209.9469   0.00023757253
2.500     0.031415927       3102.9613    0.0048741203
2.500     0.047123890       1649.3889    0.0087441324
2.500     0.062831853       1320.0105     0.016587741
2.500     0.078539816       1001.1575     0.024572102
2.500     0.094247780       819.22542     0.034744580
2.500      0.10995574       669.34523     0.045078990
2.500      0.12566371       574.44677     0.057749688
2.500      0.14137167       419.73249     0.060080011
2.500      0.15707963       380.15032     0.074642340
2.500      0.17278760       329.47608     0.086105688
2.500      0.18849556       291.76354     0.098993038
2.500      0.20420352       258.80395      0.11164283
2.500      0.21991149       235.07618      0.12665508
2.500      0.23561945       204.27028      0.13536577
2.500      0.25132741       186.83771      0.15026380
2.500      0.26703538       161.81984      0.15610198
2.500      0.28274334       147.61294      0.16903313
2.500      0.29845130       131.96123      0.17772031
2.500      0.31415927       119.06445      0.18702599
2.500      0.32986723       109.44417      0.19901253
2.500      0.34557519       99.012894      0.20700922
2.500      0.36128316       93.990692      0.22454234
2.500      0.37699112       85.230939      0.23134541
2.500      0.39269908       79.606416      0.24422943
2.500      0.40840704       75.774824      0.26150191
2.500      0.42411501       70.107110      0.27094631
2.500      0.43982297       66.072527      0.28479011
2.500      0.45553093       61.744252      0.29567896
2.500      0.47123890       58.458241      0.30991272
2.500      0.48694686       53.766587      0.31450492
2.500      0.50265482       51.670336      0.33244600
2.500      0.51836279       48.635610      0.34318325
2.500      0.53407075       46.451915      0.35848440
2.500      0.54977871       44.370105      0.37352913
2.500      0.56548668       42.594296      0.39020142
2.500      0.58119464       40.107274      0.39889464
2.500      0.59690260       37.999713      0.40941241
2.500      0.61261057       36.376258      0.42368368
2.500      0.62831853       34.781937      0.43708271
2.500      0.64402649       33.203981      0.44933642
2.500      0.65973446       31.393420      0.45668463
2.500      0.67544242       30.815269      0.48106218
2.500      0.69115038       29.530230      0.49391789
2.500      0.70685835       28.840190      0.51601882
2.500      0.72256631       26.990031      0.51583020
2.500      0.73827427       26.531291      0.54085624
2.500      0.75398224       25.466490      0.55299689
2.500      0.76969020       24.887805      0.57491643
2.500      0.78539816       23.828200      0.58483201
2.500      0.80110613       23.008660      0.59928270
2.500      0.81681409       22.309573      0.61592975
2.500      0.83252205       21.529996      0.62936335
2.500      0.84823002       20.824799      0.64386080
2.500      0.86393798       20.289249      0.66280219
2.500      0.87964594       19.564472      0.67462451
2.500      0.89535391       19.008127      0.69118416
2.500      0.91106187       18.679179      0.71560219
2.500      0.92676983       17.949772      0.72384381
2.500      0.94247780       17.374642      0.73688465
2.500      0.95818576       16.888810      0.75269397
2.500      0.97389372       16.668452      0.78001008
2.500      0.98960169       16.167898      0.79378905
2.500       1.0053096       15.744541      0.81040070
2.500       1.0367256       15.256096      0.86120215
2.500       1.0681415       14.080895      0.86933443
2.500       1.0995574       13.681451      0.92141691
2.500       1.1309734       12.764337      0.93546088
2.500       1.1623893       12.302930      0.97888938
2.500       1.1938052       11.928570       1.0281561
2.500       1.2252211       11.479650       1.0696516
2.500       1.2566371       11.072550       1.1131342
2.500       1.2880530       10.534432       1.1404666
2.500       1.3194689       10.138881       1.1799341
2.500       1.3508848       9.9533232       1.2430636
2.500       1.3823008       9.5362270       1.2760112
2.500       1.4137167       9.3813813       1.3428398
2.500       1.4451326       8.8397147       1.3515485
2.500       1.4765485       8.5644141       1.3967256
2.500       1.5079645       8.3937450       1.4581405
2.500       1.5393804       8.0818601       1.4935489
2.500       1.5707963       7.9282731       1.5567128
2.500       1.6022123       7.6254221       1.5888917
2.500       1.6336282       7.3720262       1.6282338
2.500       1.6650441       7.1708110       1.6769332
2.500       1.6964600       7.0412238       1.7416036
2.500       1.7278760       6.9178422       1.8079175
2.500       1.7592919       6.5965911       1.8197156
2.500       1.7907078       6.5879415       1.9164354
2.500       1.8221237       6.3725856       1.9530778
2.500       1.8535397       6.2405158       2.0132439
2.500       1.8849556       6.0554605       2.0545694
2.500       1.9163715       5.9401040       2.1178902
2.500       1.9477874       5.7865560       2.1662826
2.500       1.9792034       5.6227371       2.2084588
2.500       2.0106193       5.5506825       2.2856314
2.500       2.0734512       5.2234606       2.3589026
2.500       2.1362830       5.1130583       2.5253836
2.500       2.1991149       4.8919075       2.6356773
2.500       2.2619467       4.6786796       2.7430939
2.500       2.3247786       4.5875603       2.9200939
2.500       2.3876104       4.3116862       2.9730883
2.500       2.4504423       4.1193669       3.0706772
2.500       2.5132741       4.0720501       3.2749370
2.500       2.5761060       3.9555619       3.4258601
2.500       2.6389378       3.7781224       3.5174971
2.500       2.7017697       3.6903519       3.6870839
2.500       2.7646015       3.5754428       3.8273460
2.500       2.8274334       3.4860689       3.9919342
2.500       2.8902652       3.3978023       4.1560567
2.500       2.9530971       3.2688397       4.2647842
2.500       3.0159289       3.2150594       4.4680969
2.500       3.0787608       3.0825395       4.5572909
2.500       3.1415927       3.0702545       4.8227445
2.500       3.2044245       2.9787996       4.9654850
2.500       3.2672564       2.8863336       5.0999558
2.500       3.3300882       2.7962387       5.2313251
2.500       3.3929201       2.7211267       5.3844321
2.500       3.4557519       2.6412945       5.5222335
2.500       3.5185838       2.5847087       5.7040793
2.500       3.5814156       2.5558456       5.9479738
2.500       3.6442475       2.5085704       6.1506377
2.500       3.7070793       2.4247993       6.2580884
2.500       3.7699112       2.3847047       6.4728899
2.500       3.8327430       2.3083414       6.5841453
2.500       3.8955749       2.2557119       6.7556722
2.500       3.9584067       2.2049693       6.9284178
2.500       4.0212386       2.1743506       7.1627429
2.500       4.1469023       2.0832301       7.5262546
2.500       4.2725660       2.0331979       8.0337118
2.500       4.3982297       1.8859705       8.1290330
2.500       4.5238934       1.8740596       8.7900380
2.500       4.6495571       1.7742304       9.0347273
2.500       4.7752208       1.7164275       9.4683891
2.500       4.9008845       1.6541074       9.8640982
2.500       5.0265482       1.5837387       10.189746
2.500       5.1522120       1.5452629       10.706655
2.500       5.2778757       1.4689246       10.940753
2.500       5.4035394       1.4401454       11.510961
2.500       5.5292031       1.3776421       11.797617
2.500       5.6548668       1.3400869       12.276381
2.500       5.7805305       1.3145217       12.862966
2.500       5.9061942       1.2537275       13.085689
2.500       6.0318579       1.2106058       13.459419
2.500       6.1575216       1.1625606       13.750031
2.500       6.2831853       1.1230631       14.112827
2.500       6.4088490       1.0956763       14.611428
2.500       6.5345127       1.0579097       14.954038
2.500       6.6601764       1.0346353       15.485127
2.500       6.7858401       1.0060387       15.925601
2.500       6.9115038      0.97302292       16.274625
2.500       7.0371675      0.94829192       16.741948
2.500       7.1628313      0.93010579       17.316366
2.500       7.2884950      0.88393621       17.338230
2.500       7.4141587      0.86418751       17.842836
2.500       7.5398224      0.83907709       18.220298
2.500       7.6654861      0.81290167       18.549294
2.500       7.7911498      0.79792411       19.117738
2.500       7.9168135      0.76902198       19.331264
2.500       8.0424772      0.75484608       19.892904
2.500       8.2938046      0.71236326       20.588901
2.500       8.5451320      0.67882830       21.457866
2.500       8.7964594      0.62471366       21.541452
2.500       9.0477868      0.60217210       22.595293
2.500       9.2991143      0.57565401       23.450739
2.500       9.5504417      0.55008075       24.275438
2.500       9.8017691      0.53091252       25.328334
2.500       10.053096      0.51161150       26.333592
2.500       10.304424      0.48131402       26.679023
2.500       10.555751      0.46319684       27.599632
2.500       10.807079      0.43812525       28.015184
2.500       11.058406      0.41168021       28.203815
2.500       11.309734      0.41284458       30.256171
2.500       11.561061      0.38869818       30.428171
2.500       11.812388      0.37155119       31.024306
2.500       12.063716      0.34932349       31.070006
2.500       12.315043      0.34191454       32.351591
2.500       12.566371      0.32624302       32.797525
2.500       12.817698      0.31648947       33.764446
2.500       13.069025      0.30471537       34.458330
2.500       13.320353      0.29264655       35.039739
2.500       13.571680      0.27878320       35.305121
2.500       13.823008      0.26827994       35.897658
2.500       14.074335      0.25495199       36.009105
2.500       14.325663      0.24977416       37.201625
2.500       14.576990      0.24168446       37.924735
2.500       14.828317      0.22925300       37.867000
2.500       15.079645      0.22197615       38.561144
2.500       15.330972      0.21357429       38.987763
2.500       15.582300      0.20394590       39.091279
2.500       15.833627      0.19803076       39.823932
2.500       16.084954      0.19222989       40.527581
2.500       16.587609      0.17428687       40.298261
2.500       17.090264      0.16057395       40.606136
2.500       17.592919      0.15798327       43.580786
2.500       18.095574      0.14521674       43.591722
2.500       18.598229      0.14022362       45.698944
2.500       19.100883      0.12814735       45.241839
2.500       19.603538      0.12133813       46.309591
2.500       20.106193      0.11169950       45.995041
2.500       20.608848      0.10561968       46.835615
2.500       21.111503     0.099383928       47.374414
2.500       21.614157     0.095519302       48.862573
2.500       22.116812     0.088889983       48.718138
2.500       22.619467     0.085346166       50.038166
2.500       23.122122     0.080518713       50.425492
2.500       23.624777     0.077436362       51.727125
2.500       24.127432     0.071167711       50.639165
2.500       24.630086     0.066474188       50.317738
2.500       25.132741     0.065166452       52.409970
2.500       25.635396     0.059426128       50.718662
2.500       26.138051     0.058626209       53.037332
2.500       26.640706     0.053961122       51.687843
2.500       27.143361     0.052598603       53.288723
2.500       27.646015     0.050086482       53.615260
2.500       28.148670     0.046915666       53.010487
2.500       28.651325     0.044381057       52.881290
2.500       29.153980     0.043955064       55.178859
2.500       29.656635     0.040916125       54.066761
2.500       30.159289     0.039074188       54.302964
2.500       30.661944     0.036178681       52.835042
2.500       31.164599     0.035289210       54.112404
2.500       31.667254     0.033548374       53.972551
2.500       32.169909     0.031780570       53.602053
2.500       33.175218     0.029421561       54.422356
2.500       34.180528     0.028739828       58.142102
2.500       35.185838     0.023129001       51.042368
2.500       36.191147     0.022477980       53.980213
2.500       37.196457     0.018917135       49.320828
2.500       38.201767     0.018679554       52.757852
2.500       39.207076     0.018109049       55.291614
2.500       40.212386     0.016060513       52.906520
2.500       41.217696     0.013880993       49.242706
2.500       42.223005     0.014183244       54.087044
2.500       43.228315     0.012055218       49.334445
2.500       44.233625     0.011281380       49.464095
2.500       45.238934     0.011214095       52.598287
2.500       46.244244     0.010809543       54.156506
2.500       47.249554    0.0092145879       49.242410
2.500       48.254863    0.0083132678       47.322240
2.500       49.260173    0.0079666994       48.243242
2.500       50.265482    0.0062626300       40.293647
2.500       51.270792    0.0067496178       46.084993
2.500       52.276102    0.0064375820       46.591062
2.500       53.281411    0.0055720333       42.698353
2.500       54.286721    0.0053581077       43.427270
2.500       55.292031    0.0059133884       50.640068
2.500       56.297340    0.0051480331       46.534518
2.500       57.302650    0.0054214812       51.678790
2.500       58.307960    0.0047271919       47.474131
2.500       59.313269    0.0038084420       40.259946
2.500       60.318579    0.0043900563       48.808296
2.500       61.323889    0.0037758308       44.113533
2.500       62.329198    0.0036082899       44.263556
2.500       63.334508    0.0032718282       42.109681
2.500       64.339818    0.0034107390       46.021230
2.500       66.350437    0.0029810046       44.112763
2.500       68.361056    0.0027358708       44.278421
2.500       70.371675    0.0024747667       43.691625
2.500       72.382295   0.00084434623       16.221383
2.500       74.392914    0.0024727264       51.575214
2.500       76.403533    0.0022962063       51.882572
2.500       78.414153    0.0020924122       51.109411
2.500       80.424772    0.0018329685       48.305300
2.500       82.435391    0.0011245847       31.915638
2.500       84.446011    0.0013234871       40.376381
2.500       86.456630    0.0010615531       34.754166
2.500       88.467249   0.00041841248       14.676499
2.500       90.477868   0.00013238327       4.9674149
2.500       92.488488   0.00080878069       32.416347
2.500       94.499107    0.0013064284       55.852035
2.500       96.509726  -0.00018969278      -8.6384200
2.500       98.520346    0.0010009986       48.493272
2.500       100.53096   0.00061600516       31.706928
2.500       102.54158   0.00055889566       30.528191
2.500       104.55220    0.0010266691       59.442945
2.500       106.56282   0.00022950458       14.069503
2.500       108.57344   0.00044077661       28.579828
2.500       110.58406   0.00066069127       45.263323
2.500       112.59468   0.00032722436       23.662984
2.500       114.60530   0.00084676526       64.572470
2.500       116.61592  -4.0193032e-05      -3.2291971
2.500       118.62654   0.00055343930       46.804308
2.500       120.63716   0.00070434523       62.646834
2.500       122.64778   0.00042152167       39.397550
2.500       124.65840    0.0013798716       135.41711
2.500       126.66902   0.00016187351       16.666993
2.500       128.67964   0.00026729131       28.852573
2.500       132.70087   -0.0017440431      -206.46613
2.500       136.72211   0.00080780686       104.59094
2.500       140.74335  -0.00042777676      -60.418662
2.500       144.76459  -0.00063842800      -98.122637
2.500       148.78583    0.0013059909       217.91900
2.500       152.80707   5.8533453e-05       10.580464
2.500       156.82831  -0.00086262737      -168.56478
2.500       160.84954   -0.0012944764      -272.91279
2.500       164.87078   0.00067409829       153.04692
2.500       168.89202   0.00034211530       83.496861
2.500       172.91326   0.00094596222       247.75872
2.500       176.93450  -1.7627539e-05      -4.9465168
2.500       180.95574   0.00026617598       79.901732
2.500       184.97698  -0.00036263681      -116.27736
2.500       188.99821   0.00074693345       255.46139
2.500       193.01945  -0.00022092777      -80.486640
2.500       197.04069   -0.0011188412      -433.61719
2.500       201.06193  -0.00025220590      -103.85204
2.500       205.08317  -0.00068922105      -301.17495
2.500       209.10441  -0.00053984231      -250.04993
2.500       213.12565   0.00043796296       214.79035
2.500       217.14688   0.00012390611       64.272291
2.500       221.16812  -0.00077328902      -423.81829
2.500       225.18936   0.00024825226       143.61741
2.500       229.21060  -0.00019748391      -120.47753
2.500       233.23184  -0.00029056636      -186.75795
2.500       237.25308   0.00067869423       459.17684
2.500       241.27432  -0.00046754081      -332.67722
2.500       245.29555  -4.1636705e-05      -31.132618
2.500       249.31679  -0.00011972051      -93.992548
2.500       253.33803   0.00042270000       348.17989
2.500       257.35927  -0.00019153136      -165.39775
2.500       265.40175   0.00031128072       294.80430
2.500       273.44422  -0.00083632605      -866.26776
2.500       281.48670    0.0010362043       1170.8177
2.500       289.52918  -0.00053187414      -653.96748
2.500       297.57166   0.00029679637       396.19002
2.500       305.61413  -0.00097516657      -1410.1632
2.500       313.65661   0.00030836383       482.05548
2.500       321.69909   -0.0012430200      -2096.5145
2.500       329.74156  -0.00017714664      -321.75422
2.500       337.78404   0.00071101144       1388.2390
2.500       345.82652  -0.00024296209      -509.07721
2.500       353.86900   0.00020727633       465.31550
2.500       361.91147    0.0015266543       3666.2157
2.500       369.95395  -0.00099507599      -2552.5221
2.500       377.99643  -0.00012508575      -342.24820
2.500       386.03891  -0.00042685180      -1244.0579
2.500       394.08138  -0.00016416856      -509.00025
2.500       402.12386   0.00012433942       409.59875
2.500       410.16634  -9.3498623e-05      -326.85529
2.500       418.20881  -0.00057315337      -2123.8344
2.500       426.25129  -0.00036609551      -1436.3550
2.500       434.29377  -0.00041986802      -1742.3438
2.500       442.33625   0.00021725366       952.56569
2.500       450.37872  -0.00011016677      -509.86413
2.500       458.42120  -0.00033273570      -1623.9167
2.500       466.46368   2.9087271e-05       149.56388
2.500       474.50615  -0.00030449360      -1648.0637
2.500       482.54863   0.00019127259       1088.7953
2.500       490.59111   4.9395256e-05       295.47077
2.500       498.63359   0.00061529688       3864.5556
2.500       506.67606   4.5278120e-05       298.36633
2.500       514.71854  -0.00049472892      -3417.8027
2.250     0.015707963       1396.5132   0.00027420472
2.250     0.031415927       3583.3771    0.0056287556
2.250     0.047123890       1902.6778     0.010086928
2.250     0.062831853       1525.4283     0.019169097
2.250     0.078539816       1156.9416     0.028395619
2.250     0.094247780       946.68252     0.040150227
2.250      0.10995574       772.74356     0.052042650
2.250      0.12566371       662.05839     0.066557369
2.250      0.14137167       485.97600     0.069562029
2.250      0.15707963       440.58232     0.086508136
2.250      0.17278760       382.11862     0.099863355
2.250      0.18849556       337.93340      0.11465810
2.250      0.20420352       300.08954      0.12945261
2.250      0.21991149       273.07624      0.14712888
2.250      0.23561945       237.33902      0.15727975
2.250      0.25132741       217.62427      0.17502383
2.250      0.26703538       188.67356      0.18200684
2.250      0.28274334       172.83179      0.19791150
2.250      0.29845130       154.29000      0.20779183
2.250      0.31415927       139.57990      0.21925160
2.250      0.32986723       128.35369      0.23339746
2.250      0.34557519       116.03724      0.24260253
2.250      0.36128316       110.53277      0.26406110
2.250      0.37699112       100.50476      0.27280369
2.250      0.39269908       93.744455      0.28760438
2.250      0.40840704       89.390575      0.30849041
2.250      0.42411501       82.693449      0.31958934
2.250      0.43982297       77.907367      0.33580141
2.250      0.45553093       73.226255      0.35066362
2.250      0.47123890       69.359094      0.36770291
2.250      0.48694686       63.810663      0.37325723
2.250      0.50265482       61.381120      0.39492500
2.250      0.51836279       57.903069      0.40857641
2.250      0.53407075       55.376379      0.42735737
2.250      0.54977871       53.015391      0.44630936
2.250      0.56548668       50.823469      0.46558791
2.250      0.58119464       48.132060      0.47870670
2.250      0.59690260       45.484155      0.49005047
2.250      0.61261057       43.647808      0.50837730
2.250      0.62831853       41.855587      0.52597282
2.250      0.64402649       39.974895      0.54096453
2.250      0.65973446       37.834214      0.55037978
2.250      0.67544242       37.197655      0.58069866
2.250      0.69115038       35.641844      0.59613975
2.250      0.70685835       34.814680      0.62291650
2.250      0.72256631       32.722040      0.62537966
2.250      0.73827427       32.147651      0.65534910
2.250      0.75398224       30.893971      0.67085296
2.250      0.76969020       30.237137      0.69848776
2.250      0.78539816       28.987324      0.71145596
2.250      0.80110613       28.009944      0.72954596
2.250      0.81681409       27.207852      0.75116299
2.250      0.83252205       26.294732      0.76864579
2.250      0.84823002       25.393514      0.78511626
2.250      0.86393798       24.878742      0.81273016
2.250      0.87964594       23.982384      0.82696345
2.250      0.89535391       23.301417      0.84729920
2.250      0.91106187       22.949206      0.87918756
2.250      0.92676983       22.103760      0.89135783
2.250      0.94247780       21.425768      0.90869897
2.250      0.95818576       20.808759      0.92739677
2.250      0.97389372       20.562842      0.96225038
2.250      0.98960169       19.939441      0.97895901
2.250       1.0053096       19.502536       1.0038317
2.250       1.0367256       18.910289       1.0674803
2.250       1.0681415       17.527213       1.0821052
2.250       1.0995574       17.010808       1.1456421
2.250       1.1309734       15.934566       1.1677977
2.250       1.1623893       15.409203       1.2260417
2.250       1.1938052       14.915404       1.2855995
2.250       1.2252211       14.350548       1.3371563
2.250       1.2566371       13.942562       1.4016592
2.250       1.2880530       13.263195       1.4358848
2.250       1.3194689       12.839187       1.4941881
2.250       1.3508848       12.573161       1.5702533
2.250       1.3823008       12.071009       1.6151821
2.250       1.4137167       11.911415       1.7049858
2.250       1.4451326       11.231579       1.7172526
2.250       1.4765485       10.965078       1.7882375
2.250       1.5079645       10.651163       1.8502935
2.250       1.5393804       10.298019       1.9031009
2.250       1.5707963       10.113176       1.9857174
2.250       1.6022123       9.8301575       2.0482873
2.250       1.6336282       9.5185353       2.1023259
2.250       1.6650441       9.2274245       2.1578835
2.250       1.6964600       9.0294816       2.2333870
2.250       1.7278760       8.8925194       2.3239820
2.250       1.7592919       8.5096163       2.3474369
2.250       1.7907078       8.4934939       2.4707615
2.250       1.8221237       8.2488386       2.5281141
2.250       1.8535397       8.1102647       2.6164410
2.250       1.8849556       7.8524082       2.6642593
2.250       1.9163715       7.7289438       2.7556847
2.250       1.9477874       7.5012338       2.8081975
2.250       1.9792034       7.3292227       2.8787201
2.250       2.0106193       7.2483046       2.9846694
2.250       2.0734512       6.8433118       3.0904236
2.250       2.1362830       6.6464499       3.2827389
2.250       2.1991149       6.4330553       3.4660217
2.250       2.2619467       6.1810012       3.6238999
2.250       2.3247786       5.9885506       3.8118584
2.250       2.3876104       5.6835284       3.9190309
2.250       2.4504423       5.3829041       4.0125488
2.250       2.5132741       5.3538436       4.3058165
2.250       2.5761060       5.2684079       4.5628987
2.250       2.6389378       4.9949032       4.6503411
2.250       2.7017697       4.8935013       4.8891678
2.250       2.7646015       4.7313494       5.0646905
2.250       2.8274334       4.6532650       5.3285027
2.250       2.8902652       4.5285537       5.5391469
2.250       2.9530971       4.3721340       5.7042283
2.250       3.0159289       4.2654361       5.9278475
2.250       3.0787608       4.1031359       6.0661620
2.250       3.1415927       4.0751506       6.4012316
2.250       3.2044245       3.9609375       6.6026516
2.250       3.2672564       3.8581259       6.8170470
2.250       3.3300882       3.7657473       7.0451241
2.250       3.3929201       3.6362472       7.1952277
2.250       3.4557519       3.5626797       7.4486010
2.250       3.5185838       3.4455923       7.6039252
2.250       3.5814156       3.4224658       7.9647757
2.250       3.6442475       3.3720608       8.2677864
2.250       3.7070793       3.2584674       8.4096764
2.250       3.7699112       3.1837559       8.6417834
2.250       3.8327430       3.0991359       8.8397502
2.250       3.8955749       3.0266961       9.0647065
2.250       3.9584067       2.9837292       9.3754240
2.250       4.0212386       2.9056603       9.5718221
2.250       4.1469023       2.8147533       10.169088
2.250       4.2725660       2.6999371       10.668178
2.250       4.3982297       2.5525555       11.002191
2.250       4.5238934       2.4953503       11.704123
2.250       4.6495571       2.3738078       12.087892
2.250       4.7752208       2.2557785       12.443630
2.250       4.9008845       2.1805424       13.003438
2.250       5.0265482       2.1443199       13.796515
2.250       5.1522120       2.0303922       14.067967
2.250       5.2778757       1.9615010       14.609530
2.250       5.4035394       1.9372335       15.484144
2.250       5.5292031       1.8418864       15.773233
2.250       5.6548668       1.7919795       16.416117
2.250       5.7805305       1.7060709       16.694385
2.250       5.9061942       1.6377234       17.093617
2.250       6.0318579       1.5898705       17.676054
2.250       6.1575216       1.5219400       18.000543
2.250       6.2831853       1.5076122       18.945213
2.250       6.4088490       1.4573872       19.435036
2.250       6.5345127       1.3880859       19.621230
2.250       6.6601764       1.3502559       20.208941
2.250       6.7858401       1.3135526       20.793549
2.250       6.9115038       1.2796134       21.402608
2.250       7.0371675       1.2255134       21.636249
2.250       7.1628313       1.1992774       22.327705
2.250       7.2884950       1.1538872       22.633264
2.250       7.4141587       1.1282522       23.294965
2.250       7.5398224       1.0959245       23.797659
2.250       7.6654861       1.0433746       23.808369
2.250       7.7911498       1.0274094       24.616056
2.250       7.9168135      0.99853667       25.100682
2.250       8.0424772      0.98703817       26.011999
2.250       8.2938046      0.94679848       27.364607
2.250       8.5451320      0.87130673       27.542139
2.250       8.7964594      0.82427762       28.422840
2.250       9.0477868      0.80211963       30.097920
2.250       9.2991143      0.75069906       30.581648
2.250       9.5504417      0.70354370       31.047862
2.250       9.8017691      0.66553634       31.750856
2.250       10.053096      0.63464100       32.666149
2.250       10.304424      0.61162241       33.901959
2.250       10.555751      0.58246690       34.706351
2.250       10.807079      0.56062361       35.848137
2.250       11.058406      0.54437651       37.294711
2.250       11.309734      0.52486318       38.465686
2.250       11.561061      0.47972139       37.553673
2.250       11.812388      0.47559641       39.712020
2.250       12.063716      0.45156639       40.163833
2.250       12.315043      0.43336023       41.004086
2.250       12.566371      0.40363490       40.577806
2.250       12.817698      0.39689342       42.342283
2.250       13.069025      0.37967086       42.934572
2.250       13.320353      0.36472197       43.669616
2.250       13.571680      0.35334050       44.747063
2.250       13.823008      0.33439820       44.744725
2.250       14.074335      0.32734267       46.233476
2.250       14.325663      0.30994223       46.163121
2.250       14.576990      0.29821572       46.795528
2.250       14.828317      0.28998434       47.898335
2.250       15.079645      0.28052809       48.732641
2.250       15.330972      0.26973740       49.240280
2.250       15.582300      0.25389397       48.665064
2.250       15.833627      0.25254550       50.786831
2.250       16.084954      0.23957079       50.508402
2.250       16.587609      0.21938324       50.725355
2.250       17.090264      0.21044251       53.216959
2.250       17.592919      0.20024084       55.237831
2.250       18.095574      0.18051560       54.187869
2.250       18.598229      0.17554547       57.210354
2.250       19.100883      0.15984448       56.432366
2.250       19.603538      0.15244793       58.182875
2.250       20.106193      0.13758703       56.654876
2.250       20.608848      0.13002748       57.658925
2.250       21.111503      0.12454902       59.370132
2.250       21.614157      0.11649903       59.594682
2.250       22.116812      0.10895878       59.717289
2.250       22.619467      0.10504814       61.589367
2.250       23.122122     0.099870062       62.544430
2.250       23.624777     0.092686814       61.914355
2.250       24.127432     0.089433780       63.636330
2.250       24.630086     0.084277788       63.794200
2.250       25.132741     0.081269666       65.360944
2.250       25.635396     0.075565979       64.493607
2.250       26.138051     0.068605124       62.064950
2.250       26.640706     0.066582691       63.777689
2.250       27.143361     0.066608246       67.482180
2.250       27.646015     0.060854080       65.141476
2.250       28.148670     0.058230539       65.795277
2.250       28.651325     0.055234076       65.812969
2.250       29.153980     0.052811924       66.297293
2.250       29.656635     0.049933015       65.981723
2.250       30.159289     0.049253099       68.449004
2.250       30.661944     0.046336579       67.669551
2.250       31.164599     0.043425256       66.588200
2.250       31.667254     0.041674980       67.046618
2.250       32.169909     0.039045010       65.854475
2.250       33.175218     0.035009094       64.757862
2.250       34.180528     0.034913539       70.631826
2.250       35.185838     0.030938739       68.277335
2.250       36.191147     0.029577726       71.030045
2.250       37.196457     0.024238451       63.194581
2.250       38.201767     0.024131834       68.157073
2.250       39.207076     0.020938712       63.931310
2.250       40.212386     0.019914112       65.601040
2.250       41.217696     0.017845620       63.307186
2.250       42.223005     0.017309424       66.008568
2.250       43.228315     0.015603614       63.855806
2.250       44.233625     0.014924513       65.437699
2.250       45.238934     0.012794792       60.012344
2.250       46.244244     0.013003214       65.146940
2.250       47.249554     0.011265854       60.204300
2.250       48.254863     0.011036774       62.825459
2.250       49.260173     0.010104868       61.191161
2.250       50.265482    0.0095484959       61.434848
2.250       51.270792    0.0082646401       56.429251
2.250       52.276102    0.0079129847       57.269075
2.250       53.281411    0.0072910676       55.871271
2.250       54.286721    0.0068975965       55.904771
2.250       55.292031    0.0064640128       55.355412
2.250       56.297340    0.0065486861       59.195415
2.250       57.302650    0.0064469239       61.453542
2.250       58.307960    0.0054586810       54.820313
2.250       59.313269    0.0051097182       54.016047
2.250       60.318579    0.0046052345       51.200631
2.250       61.323889    0.0050345544       58.819368
2.250       62.329198    0.0042958955       52.698541
2.250       63.334508    0.0043793124       56.363427
2.250       64.339818    0.0035861126       48.387553
2.250       66.350437    0.0034220570       50.639435
2.250       68.361056    0.0031866321       51.573722
2.250       70.371675    0.0018821484       33.229040
2.250       72.382295    0.0027276667       52.403296
2.250       74.392914    0.0031547986       65.801624
2.250       76.403533    0.0026282727       59.385582
2.250       78.414153    0.0027472712       67.105041
2.250       80.424772   0.00075720092       19.954962
2.250       82.435391    0.0015587268       44.236562
2.250       84.446011   0.00053710871       16.385884
2.250       86.456630    0.0010263073       33.600256
2.250       88.467249   0.00095491059       33.495043
2.250       90.477868   0.00019622800       7.3630595
2.250       92.488488   0.00060147310       24.107352
2.250       94.499107    0.0017578961       75.153042
2.250       96.509726    0.0012372258       56.342030
2.250       98.520346   0.00086813706       42.056810
2.250       100.53096   0.00041504995       21.363390
2.250       102.54158   0.00058694706       32.060424
2.250       104.55220    0.0011081448       64.160291
2.250       106.56282   0.00054528543       33.428070
2.250       108.57344  -4.0917802e-05      -2.6530985
2.250       110.58406   0.00083921910       57.494093
2.250       112.59468   0.00070600626       51.054313
2.250       114.60530   0.00031721641       24.190231
2.250       116.61592   0.00068703544       55.197946
2.250       118.62654   0.00041005673       34.678458
2.250       120.63716   0.00065072792       57.877931
2.250       122.64778   0.00016511142       15.432149
2.250       124.65840   0.00042911151       42.111919
2.250       126.66902  -0.00029951787      -30.839277
2.250       128.67964  -0.00015090681      -16.289531
2.250       132.70087   0.00062967023       74.542639
2.250       136.72211   0.00084625918       109.56956
2.250       140.74335   0.00020027886       28.287139
2.250       144.76459   3.9766515e-05       6.1118801
2.250       148.78583  -0.00014615968      -24.388357
2.250       152.80707  -5.3007947e-05      -9.5816778
2.250       156.82831   0.00048152724       94.094549
2.250       160.84954   0.00024207560       51.036488
2.250       164.87078  -0.00032958647      -74.829135
2.250       168.89202   0.00042910501       104.72762
2.250       172.91326   0.00039515088       103.49470
2.250       176.93450   0.00049396267       138.61236
2.250       180.95574  -0.00013063775      -39.215343
2.250       184.97698   -0.0012369624      -396.62471
2.250       188.99821   0.00032057333       109.64043
2.250       193.01945   0.00057302139       208.75858
2.250       197.04069  -0.00020348242      -78.861479
2.250       201.06193  -3.9087898e-05      -16.095413
2.250       205.08317   6.6028534e-05       28.853066
2.250       209.10441  -0.00069964188      -324.06760
2.250       213.12565   0.00071573258       351.01702
2.250       217.14688   0.00051991193       269.68752
2.250       221.16812  -0.00042075130      -230.60213
2.250       225.18936  -0.00075527257      -436.93575
2.250       229.21060   0.00010475473       63.906936
2.250       233.23184   0.00027745165       178.32864
2.250       237.25308  -0.00037363310      -252.78492
2.250       241.27432  -0.00026054333      -185.38880
2.250       245.29555   0.00030226224       226.00768
2.250       249.31679  -0.00034402355      -270.09281
2.250       253.33803   0.00076835138       632.89448
2.250       257.35927  -0.00012965176      -111.96135
2.250       265.40175   0.00045699090       432.80188
2.250       273.44422   -0.0018203589      -1885.5304
2.250       281.48670  -5.9110460e-05      -66.789509
2.250       289.52918    0.0014671813       1803.9772
2.250       297.57166   0.00021802655       291.04110
2.250       305.61413   -0.0013895191      -2009.3477
2.250       313.65661   0.00017879796       279.50923
2.250       321.69909   -0.0011955064      -2016.3766
2.250       329.74156  -0.00021736110      -394.79638
2.250       337.78404  -0.00063007883      -1230.2193
2.250       345.82652  -0.00031754637      -665.35326
2.250       353.86900  -6.6975850e-06      -15.035436
2.250       361.91147   0.00061257196       1471.0737
2.250       369.95395  -0.00026454123      -678.58872
2.250       377.99643  -0.00013293412      -363.72219
2.250       386.03891  -0.00052228117      -1522.1865
2.250       394.08138  -0.00017554638      -544.27688
2.250       402.12386  -0.00064562389      -2126.8133
2.250       410.16634  -0.00023908672      -835.80654
2.250       418.20881  -0.00086729232      -3213.7738
2.250       426.25129  -0.00034176804      -1340.9075
2.250       434.29377  -0.00060067844      -2492.6603
2.250       442.33625   0.00042443519       1860.9694
2.250       450.37872  -0.00083281811      -3854.3754
2.250       458.42120   0.00044820357       2187.4576
2.250       466.46368   0.00018443668       948.35527
2.250       474.50615   1.2650255e-05       68.469176
2.250       482.54863   0.00013729852       781.55472
2.250       490.59111   0.00044201789       2644.0467
2.250       498.63359   0.00069940257       4392.8064
2.250       506.67606   0.00020350730       1341.0390
2.250       514.71854  -0.00019493201      -1346.6752
2.000     0.015707963       1628.4205   0.00031973962
2.000     0.031415927       4180.9682    0.0065674496
2.000     0.047123890       2217.2015     0.011754356
2.000     0.062831853       1781.1970     0.022383181
2.000     0.078539816       1350.9505     0.033157314
2.000     0.094247780       1105.3526     0.046879663
2.000      0.10995574       901.38534     0.060706403
2.000      0.12566371       770.74206     0.077483443
2.000      0.14137167       568.78570     0.081415311
2.000      0.15707963       516.26124      0.10136766
2.000      0.17278760       448.18401      0.11712896
2.000      0.18849556       395.68462      0.13425263
2.000      0.20420352       351.90816      0.15180612
2.000      0.21991149       320.82449      0.17285483
2.000      0.23561945       278.96404      0.18486381
2.000      0.25132741       256.51289      0.20629991
2.000      0.26703538       222.64775      0.21478056
2.000      0.28274334       204.91346      0.23464856
2.000      0.29845130       182.73423      0.24609942
2.000      0.31415927       165.84622      0.26051063
2.000      0.32986723       152.61531      0.27751463
2.000      0.34557519       137.81779      0.28813978
2.000      0.36128316       131.80045      0.31486929
2.000      0.37699112       120.25724      0.32641856
2.000      0.39269908       111.95914      0.34348633
2.000      0.40840704       106.98352      0.36920436
2.000      0.42411501       98.961469      0.38246114
2.000      0.43982297       93.184288      0.40164898
2.000      0.45553093       88.109124      0.42193424
2.000      0.47123890       83.566595      0.44302309
2.000      0.48694686       76.914106      0.44990515
2.000      0.50265482       74.057365      0.47648374
2.000      0.51836279       70.045657      0.49425711
2.000      0.53407075       67.059089      0.51751660
2.000      0.54977871       64.372078      0.54191547
2.000      0.56548668       61.605457      0.56436046
2.000      0.58119464       58.766891      0.58447748
2.000      0.59690260       55.340378      0.59624232
2.000      0.61261057       53.283025      0.62060116
2.000      0.62831853       51.232448      0.64380593
2.000      0.64402649       48.958535      0.66253660
2.000      0.65973446       46.424871      0.67534931
2.000      0.67544242       45.686701      0.71322254
2.000      0.69115038       43.808240      0.73272958
2.000      0.70685835       42.725196      0.76445424
2.000      0.72256631       40.411738      0.77234425
2.000      0.73827427       39.656268      0.80841676
2.000      0.75398224       38.165431      0.82875045
2.000      0.76969020       37.399725      0.86394588
2.000      0.78539816       35.913470      0.88144917
2.000      0.80110613       34.752457      0.90516120
2.000      0.81681409       33.804523      0.93328596
2.000      0.83252205       32.690529      0.95560729
2.000      0.84823002       31.559038      0.97574185
2.000      0.86393798       31.049375       1.0143103
2.000      0.87964594       29.940892       1.0324255
2.000      0.89535391       29.124035       1.0590245
2.000      0.91106187       28.733766       1.1007949
2.000      0.92676983       27.725631       1.1180658
2.000      0.94247780       26.941146       1.1426144
2.000      0.95818576       26.153790       1.1656120
2.000      0.97389372       25.858819       1.2100788
2.000      0.98960169       25.067754       1.2307418
2.000       1.0053096       24.632464       1.2678786
2.000       1.0367256       23.908955       1.3496535
2.000       1.0681415       22.306253       1.3771563
2.000       1.0995574       21.588721       1.4539549
2.000       1.1309734       20.316934       1.4889687
2.000       1.1623893       19.706766       1.5679796
2.000       1.1938052       19.077931       1.6443790
2.000       1.2252211       18.307776       1.7058831
2.000       1.2566371       17.948565       1.8043866
2.000       1.2880530       17.082707       1.8493884
2.000       1.3194689       16.634534       1.9358798
2.000       1.3508848       16.170443       2.0195154
2.000       1.3823008       15.612677       2.0890810
2.000       1.4137167       15.396516       2.2038391
2.000       1.4451326       14.580999       2.2293622
2.000       1.4765485       14.367186       2.3430694
2.000       1.5079645       13.844278       2.4049935
2.000       1.5393804       13.441609       2.4840446
2.000       1.5707963       13.160115       2.5839826
2.000       1.6022123       12.927260       2.6936234
2.000       1.6336282       12.543839       2.7705142
2.000       1.6650441       12.082594       2.8255803
2.000       1.6964600       11.812901       2.9218488
2.000       1.7278760       11.656233       3.0462543
2.000       1.7592919       11.204565       3.0908573
2.000       1.7907078       11.151226       3.2438971
2.000       1.8221237       10.882027       3.3351367
2.000       1.8535397       10.746015       3.4667566
2.000       1.8849556       10.379926       3.5218258
2.000       1.9163715       10.194412       3.6347250
2.000       1.9477874       9.9325000       3.7183778
2.000       1.9792034       9.7713876       3.8379364
2.000       2.0106193       9.6111784       3.9576414
2.000       2.0734512       9.1324109       4.1241754
2.000       2.1362830       8.8352139       4.3637884
2.000       2.1991149       8.6442792       4.6573919
2.000       2.2619467       8.3282732       4.8828381
2.000       2.3247786       7.9523566       5.0618688
2.000       2.3876104       7.6094769       5.2470531
2.000       2.4504423       7.2534027       5.4068643
2.000       2.5132741       7.1330386       5.7367300
2.000       2.5761060       7.1007089       6.1498305
2.000       2.6389378       6.7114273       6.2484547
2.000       2.7017697       6.5224930       6.5167169
2.000       2.7646015       6.4112947       6.8629943
2.000       2.8274334       6.2428956       7.1488055
2.000       2.8902652       6.1146659       7.4792162
2.000       2.9530971       5.9163775       7.7189693
2.000       3.0159289       5.7409746       7.9784624
2.000       3.0787608       5.6160131       8.3028313
2.000       3.1415927       5.4639464       8.5827469
2.000       3.2044245       5.3443494       8.9087185
2.000       3.2672564       5.2495423       9.2755856
2.000       3.3300882       5.0896221       9.5218867
2.000       3.3929201       4.8992228       9.6943419
2.000       3.4557519       4.8293166       10.096797
2.000       3.5185838       4.6622565       10.288928
2.000       3.5814156       4.5841888       10.668342
2.000       3.6442475       4.4865994       11.000467
2.000       3.7070793       4.3990501       11.353371
2.000       3.7699112       4.3313818       11.756826
2.000       3.8327430       4.2045611       11.992785
2.000       3.8955749       4.0960464       12.267323
2.000       3.9584067       4.0647109       12.772066
2.000       4.0212386       3.9247287       12.928836
2.000       4.1469023       3.7932712       13.704259
2.000       4.2725660       3.5714138       14.111617
2.000       4.3982297       3.5083970       15.122121
2.000       4.5238934       3.3212989       15.578130
2.000       4.6495571       3.2162221       16.377630
2.000       4.7752208       3.0417191       16.779142
2.000       4.9008845       2.9732270       17.730531
2.000       5.0265482       2.8392463       18.267659
2.000       5.1522120       2.7004024       18.710263
2.000       5.2778757       2.6226111       19.533570
2.000       5.4035394       2.5483267       20.368559
2.000       5.5292031       2.4261555       20.776697
2.000       5.6548668       2.3497298       21.525602
2.000       5.7805305       2.2508035       22.024747
2.000       5.9061942       2.1760568       22.712433
2.000       6.0318579       2.1186921       23.555450
2.000       6.1575216       2.0199302       23.890457
2.000       6.2831853       1.9718821       24.779401
2.000       6.4088490       1.9350451       25.804858
2.000       6.5345127       1.8049215       25.513391
2.000       6.6601764       1.7882137       26.763744
2.000       6.7858401       1.7411479       27.562386
2.000       6.9115038       1.6524893       27.639271
2.000       7.0371675       1.6330659       28.831526
2.000       7.1628313       1.5737909       29.300258
2.000       7.2884950       1.5143983       29.704617
2.000       7.4141587       1.4731474       30.416000
2.000       7.5398224       1.4282508       31.014020
2.000       7.6654861       1.3828197       31.554035
2.000       7.7911498       1.3413837       32.138674
2.000       7.9168135       1.2950552       32.554405
2.000       8.0424772       1.2649484       33.335930
2.000       8.2938046       1.2079312       34.911929
2.000       8.5451320       1.1107932       35.112342
2.000       8.7964594       1.0641493       36.694123
2.000       9.0477868       1.0221474       38.354017
2.000       9.2991143      0.96905266       39.476841
2.000       9.5504417      0.92141332       40.662597
2.000       9.8017691      0.86023545       41.039399
2.000       10.053096      0.82497477       42.462981
2.000       10.304424      0.78226825       43.360783
2.000       10.555751      0.74496418       44.388769
2.000       10.807079      0.71270577       45.572775
2.000       11.058406      0.67797837       46.447646
2.000       11.309734      0.64937200       47.590573
2.000       11.561061      0.61680911       48.285208
2.000       11.812388      0.59407714       49.605091
2.000       12.063716      0.56035871       49.840189
2.000       12.315043      0.53970282       51.066108
2.000       12.566371      0.51972390       52.248345
2.000       12.817698      0.50097796       53.446465
2.000       13.069025      0.47632763       53.864873
2.000       13.320353      0.45896943       54.954240
2.000       13.571680      0.43735971       55.387261
2.000       13.823008      0.42245199       56.526913
2.000       14.074335      0.39926775       56.392085
2.000       14.325663      0.38757827       57.726313
2.000       14.576990      0.37286414       58.509237
2.000       14.828317      0.35684499       58.942083
2.000       15.079645      0.34608071       60.120278
2.000       15.330972      0.33173038       60.557034
2.000       15.582300      0.32006655       61.348677
2.000       15.833627      0.31083436       62.508707
2.000       16.084954      0.29614867       62.436642
2.000       16.587609      0.28320832       65.482863
2.000       17.090264      0.26132881       66.085148
2.000       17.592919      0.24525316       67.654794
2.000       18.095574      0.22205261       66.656607
2.000       18.598229      0.21292928       69.393756
2.000       19.100883      0.19468944       68.734219
2.000       19.603538      0.18277621       69.757885
2.000       20.106193      0.17340780       71.404967
2.000       20.608848      0.16749608       74.273868
2.000       21.111503      0.15502956       73.899620
2.000       21.614157      0.14360551       73.460909
2.000       22.116812      0.14211124       77.887233
2.000       22.619467      0.13104759       76.832756
2.000       23.122122      0.12370034       77.468335
2.000       23.624777      0.11750603       78.493472
2.000       24.127432      0.11072788       78.788078
2.000       24.630086      0.10658437       80.679200
2.000       25.132741      0.10054946       80.866676
2.000       25.635396     0.094250882       80.440688
2.000       26.138051     0.087963249       79.577652
2.000       26.640706     0.085043114       81.460409
2.000       27.143361     0.080865778       81.926778
2.000       27.646015     0.076611103       82.008639
2.000       28.148670     0.073095084       82.590876
2.000       28.651325     0.069367576       82.653436
2.000       29.153980     0.067473435       84.702578
2.000       29.656635     0.062813961       83.002665
2.000       30.159289     0.060484628       84.057910
2.000       30.661944     0.057716545       84.288758
2.000       31.164599     0.054499053       83.568739
2.000       31.667254     0.051669271       83.125411
2.000       32.169909     0.051451132       86.779007
2.000       33.175218     0.047917496       88.635101
2.000       34.180528     0.042339358       85.654628
2.000       35.185838     0.039214181       86.540040
2.000       36.191147     0.034940553       83.908719
2.000       37.196457     0.033099433       86.296969
2.000       38.201767     0.031500028       88.967533
2.000       39.207076     0.024906851       76.047064
2.000       40.212386     0.026333036       86.746250
2.000       41.217696     0.023686812       84.028767
2.000       42.223005     0.020923666       79.791286
2.000       43.228315     0.019755733       80.847822
2.000       44.233625     0.019320732       84.713266
2.000       45.238934     0.017121929       80.308226
2.000       46.244244     0.016852546       84.432342
2.000       47.249554     0.014319590       76.523347
2.000       48.254863     0.014027665       79.850732
2.000       49.260173     0.012977245       78.585166
2.000       50.265482     0.012003636       77.231177
2.000       51.270792     0.010941780       74.708211
2.000       52.276102     0.011235831       81.317693
2.000       53.281411    0.0092054915       70.541453
2.000       54.286721    0.0084963630       68.862716
2.000       55.292031    0.0085009660       72.799125
2.000       56.297340    0.0083899550       75.839162
2.000       57.302650    0.0078483760       74.812502
2.000       58.307960    0.0072454897       72.764832
2.000       59.313269    0.0066692432       70.502157
2.000       60.318579    0.0067980447       75.580120
2.000       61.323889    0.0058588021       68.449163
2.000       62.329198    0.0056948953       69.860328
2.000       63.334508    0.0054577206       70.242952
2.000       64.339818    0.0050367025       67.960417
2.000       66.350437    0.0047691166       70.573159
2.000       68.361056    0.0034806313       56.331923
2.000       70.371675    0.0035925491       63.425901
2.000       72.382295    0.0045196037       86.829571
2.000       74.392914    0.0040401908       84.268807
2.000       76.403533    0.0030673746       69.307049
2.000       78.414153    0.0018723983       45.735334
2.000       80.424772    0.0023880898       62.934737
2.000       82.435391    0.0025818137       73.271699
2.000       84.446011   0.00076596596       23.367763
2.000       86.456630    0.0013934931       45.621543
2.000       88.467249    0.0024502655       85.947048
2.000       90.477868    0.0015516257       58.221622
2.000       92.488488    0.0013718981       54.986382
2.000       94.499107   0.00093456136       39.954085
2.000       96.509726    0.0015713768       71.558933
2.000       98.520346    0.0014372896       69.629347
2.000       100.53096   0.00077058808       39.663597
2.000       102.54158    0.0013963906       76.274126
2.000       104.55220   0.00078568932       45.490497
2.000       106.56282   0.00023659293       14.504046
2.000       108.57344    0.0014209501       92.133998
2.000       110.58406   0.00041152667       28.193296
2.000       112.59468  -0.00021865526      -15.811891
2.000       114.60530   0.00053681831       40.936592
2.000       116.61592    0.0013389249       107.57219
2.000       118.62654   0.00040189496       33.988218
2.000       120.63716   0.00063475367       56.457126
2.000       122.64778    0.0014506894       135.58878
2.000       124.65840   0.00018409347       18.066468
2.000       126.66902  -0.00012858785      -13.239799
2.000       128.67964   0.00073885681       79.755382
2.000       132.70087   0.00087314850       103.36648
2.000       136.72211   0.00016749266       21.686144
2.000       140.74335   0.00026106161       36.872020
2.000       144.76459    0.0012907067       198.37405
2.000       148.78583  -0.00088888417      -148.32014
2.000       152.80707   0.00076578979       138.42360
2.000       156.82831   0.00067581918       132.06086
2.000       160.84954   0.00029068860       61.285503
2.000       164.87078  -0.00019688258      -44.700117
2.000       168.89202  -0.00091713637      -223.83684
2.000       172.91326   0.00017028804       44.600456
2.000       176.93450   0.00028111208       78.883711
2.000       180.95574   0.00033550669       100.71369
2.000       184.97698  -0.00010377262      -33.274080
2.000       188.99821  -7.9425831e-05      -27.164713
2.000       193.01945  -0.00048407907      -176.35582
2.000       197.04069   0.00032349475       125.37336
2.000       201.06193   0.00050153185       206.51819
2.000       205.08317  -9.7763320e-05      -42.720493
2.000       209.10441   0.00046885641       217.16992
2.000       213.12565  -0.00027176456      -133.28161
2.000       217.14688   0.00026702626       138.51125
2.000       221.16812  -0.00023664948      -129.70103
2.000       225.18936   1.7338407e-05       10.030511
2.000       229.21060  -0.00065560573      -399.96049
2.000       233.23184   0.00027546823       177.05381
2.000       237.25308   0.00028533649       193.04704
2.000       241.27432   -0.0012719975      -905.08586
2.000       245.29555   0.00014623229       109.34088
2.000       249.31679  -0.00011105936      -87.192681
2.000       253.33803  -0.00054047383      -445.19072
2.000       257.35927   0.00093429228       806.81222
2.000       265.40175    0.0010035680       950.44806
2.000       273.44422   0.00073217996       758.39308
2.000       281.48670   0.00056883941       642.73741
2.000       289.52918    0.0010290670       1265.2925
2.000       297.57166   0.00043456805       580.09984
2.000       305.61413   0.00038417743       555.54906
2.000       313.65661   0.00049210101       769.28604
2.000       321.69909   0.00026099738       440.20593
2.000       329.74156   0.00044989559       817.15243
2.000       337.78404   0.00048807151       952.95216
2.000       345.82652   0.00013351871       279.76106
2.000       353.86900   0.00010525872       236.29574
2.000       361.91147  -0.00011918332      -286.21526
2.000       369.95395   0.00033100754       849.08496
2.000       377.99643   0.00012946740       354.23689
2.000       386.03891   0.00025195938       734.33463
2.000       394.08138   0.00039782152       1233.4350
2.000       402.12386   0.00066661033       2195.9468
2.000       410.16634   0.00066423381       2322.0485
2.000       418.20881  -0.00010133429      -375.49678
2.000       426.25129    0.0010168073       3989.3857
2.000       434.29377  -0.00064691753      -2684.5406
2.000       442.33625   0.00033780434       1481.1296
2.000       450.37872   0.00025655490       1187.3648
2.000       458.42120   0.00066503613       3245.7090
2.000       466.46368  -0.00013094227      -673.29226
2.000       474.50615   0.00049924527       2702.1520
2.000       482.54863   0.00059205949       3370.2248
2.000       490.59111   2.4858807e-06       14.869952
2.000       498.63359  -8.9793004e-05      -563.97174
2.000       506.67606  -0.00061517652      -4053.7893
2.000       514.71854  -0.00035581718      -2458.1399
1.750     0.015707963       1921.0710   0.00037720142
1.750     0.031415927       4935.6528    0.0077529053
1.750     0.047123890       2613.6197     0.013855942
1.750     0.062831853       2104.5508     0.026446566
1.750     0.078539816       1596.3037     0.039179188
1.750     0.094247780       1305.9024     0.055385279
1.750      0.10995574       1063.9204     0.071652799
1.750      0.12566371       907.59133     0.091241032
1.750      0.14137167       673.98932     0.096474033
1.750      0.15707963       612.61227      0.12028614
1.750      0.17278760       532.52348      0.13917035
1.750      0.18849556       469.10726      0.15916435
1.750      0.20420352       418.08411      0.18035310
1.750      0.21991149       381.84810      0.20573332
1.750      0.23561945       332.29149      0.22020283
1.750      0.25132741       306.52099      0.24651881
1.750      0.26703538       266.41452      0.25700084
1.750      0.28274334       246.47843      0.28224504
1.750      0.29845130       219.69657      0.29587888
1.750      0.31415927       200.17413      0.31443278
1.750      0.32986723       184.41540      0.33533968
1.750      0.34557519       166.27737      0.34764108
1.750      0.36128316       159.72840      0.38158874
1.750      0.37699112       146.37643      0.39731481
1.750      0.39269908       135.95095      0.41709230
1.750      0.40840704       130.22969      0.44942781
1.750      0.42411501       120.48726      0.46565290
1.750      0.43982297       113.36664      0.48864026
1.750      0.45553093       107.80410      0.51624894
1.750      0.47123890       102.50041      0.54339951
1.750      0.48694686       94.425581      0.55233763
1.750      0.50265482       91.017287      0.58560357
1.750      0.51836279       86.342803      0.60925325
1.750      0.53407075       82.719223      0.63837091
1.750      0.54977871       79.661458      0.67062891
1.750      0.56548668       76.076746      0.69693026
1.750      0.58119464       73.199646      0.72802123
1.750      0.59690260       68.668005      0.73983541
1.750      0.61261057       66.398063      0.77335539
1.750      0.62831853       63.980041      0.80399691
1.750      0.64402649       61.182037      0.82795245
1.750      0.65973446       58.189431      0.84649008
1.750      0.67544242       57.265058      0.89397415
1.750      0.69115038       55.020597      0.92026567
1.750      0.70685835       53.474256      0.95678021
1.750      0.72256631       51.004995      0.97480129
1.750      0.73827427       49.947401       1.0182077
1.750      0.75398224       48.174659       1.0460977
1.750      0.76969020       47.235600       1.0911578
1.750      0.78539816       45.462551       1.1158189
1.750      0.80110613       44.097947       1.1485735
1.750      0.81681409       42.932636       1.1852978
1.750      0.83252205       41.513936       1.2135325
1.750      0.84823002       40.134474       1.2408770
1.750      0.86393798       39.531375       1.2913973
1.750      0.87964594       38.173862       1.3163157
1.750      0.89535391       37.247437       1.3544122
1.750      0.91106187       36.763714       1.4084234
1.750      0.92676983       35.520357       1.4323965
1.750      0.94247780       34.643345       1.4692762
1.750      0.95818576       33.643683       1.4994187
1.750      0.97389372       33.243319       1.5556409
1.750      0.98960169       32.224065       1.5820925
1.750       1.0053096       31.801350       1.6368744
1.750       1.0367256       30.917098       1.7452612
1.750       1.0681415       29.111453       1.7972997
1.750       1.0995574       28.052463       1.8892743
1.750       1.1309734       26.557721       1.9463377
1.750       1.1623893       25.802243       2.0529695
1.750       1.1938052       25.076941       2.1614501
1.750       1.2252211       23.924018       2.2291938
1.750       1.2566371       23.617670       2.3743072
1.750       1.2880530       22.525918       2.4386751
1.750       1.3194689       22.028689       2.5636362
1.750       1.3508848       21.250044       2.6539033
1.750       1.3823008       20.700044       2.7698049
1.750       1.4137167       20.283497       2.9033557
1.750       1.4451326       19.389400       2.9645430
1.750       1.4765485       19.276526       3.1437082
1.750       1.5079645       18.464002       3.2075204
1.750       1.5393804       18.063289       3.3381431
1.750       1.5707963       17.553454       3.4466126
1.750       1.6022123       17.370308       3.6194112
1.750       1.6336282       16.846548       3.7208387
1.750       1.6650441       16.155354       3.7780175
1.750       1.6964600       15.868288       3.9249237
1.750       1.7278760       15.663148       4.0934264
1.750       1.7592919       15.095080       4.1640830
1.750       1.7907078       14.992687       4.3613798
1.750       1.8221237       14.659621       4.4928984
1.750       1.8535397       14.546737       4.6929022
1.750       1.8849556       14.080306       4.7773352
1.750       1.9163715       13.697840       4.8838406
1.750       1.9477874       13.457997       5.0381995
1.750       1.9792034       13.351989       5.2442994
1.750       2.0106193       12.986703       5.3475975
1.750       2.0734512       12.526102       5.6567581
1.750       2.1362830       12.028082       5.9407736
1.750       2.1991149       11.832951       6.3753944
1.750       2.2619467       11.421820       6.6965739
1.750       2.3247786       10.865195       6.9159615
1.750       2.3876104       10.402763       7.1731406
1.750       2.4504423       10.105889       7.5331780
1.750       2.5132741       9.7491679       7.8407461
1.750       2.5761060       9.7081673       8.4081158
1.750       2.6389378       9.2097436       8.5744303
1.750       2.7017697       8.9866501       8.9786918
1.750       2.7646015       8.8705354       9.4954976
1.750       2.8274334       8.5428892       9.7825523
1.750       2.8902652       8.3765770       10.245896
1.750       2.9530971       8.0951000       10.561501
1.750       3.0159289       7.9280682       11.017954
1.750       3.0787608       7.7259643       11.422227
1.750       3.1415927       7.4228746       11.659824
1.750       3.2044245       7.2867080       12.146517
1.750       3.2672564       7.1609084       12.652840
1.750       3.3300882       6.8983627       12.905757
1.750       3.3929201       6.6966563       13.251015
1.750       3.4557519       6.5835795       13.764487
1.750       3.5185838       6.3327408       13.975445
1.750       3.5814156       6.2271890       14.491938
1.750       3.6442475       6.1341356       15.039978
1.750       3.7070793       5.9210938       15.281565
1.750       3.7699112       5.8294982       15.823217
1.750       3.8327430       5.6878074       16.223489
1.750       3.8955749       5.5303147       16.562839
1.750       3.9584067       5.4927111       17.259105
1.750       4.0212386       5.3555502       17.642246
1.750       4.1469023       5.0268048       18.160746
1.750       4.2725660       4.7944976       18.944350
1.750       4.3982297       4.7820391       20.611856
1.750       4.5238934       4.4219216       20.740460
1.750       4.6495571       4.2692842       21.740027
1.750       4.7752208       4.1065803       22.653273
1.750       4.9008845       3.9437795       23.518320
1.750       5.0265482       3.8102326       24.514967
1.750       5.1522120       3.6666213       25.404900
1.750       5.2778757       3.4825077       25.938198
1.750       5.4035394       3.3925777       27.116586
1.750       5.5292031       3.2144611       27.527454
1.750       5.6548668       3.0913931       28.319894
1.750       5.7805305       3.0066618       29.421034
1.750       5.9061942       2.9168094       30.443984
1.750       6.0318579       2.8033728       31.167675
1.750       6.1575216       2.6624112       31.489316
1.750       6.2831853       2.5839817       32.471272
1.750       6.4088490       2.5211135       33.620392
1.750       6.5345127       2.4351173       34.421498
1.750       6.6601764       2.3129579       34.617459
1.750       6.7858401       2.2691576       35.920782
1.750       6.9115038       2.1681781       36.264599
1.750       7.0371675       2.1252524       37.521003
1.750       7.1628313       2.0095274       37.412640
1.750       7.2884950       1.9581108       38.407947
1.750       7.4141587       1.9219060       39.681496
1.750       7.5398224       1.8481706       40.132448
1.750       7.6654861       1.8004115       41.082904
1.750       7.7911498       1.7170953       41.140477
1.750       7.9168135       1.6937417       42.576375
1.750       8.0424772       1.6418565       43.268811
1.750       8.2938046       1.5252792       44.084000
1.750       8.5451320       1.4558033       46.018163
1.750       8.7964594       1.3568122       46.785763
1.750       9.0477868       1.2847302       48.206908
1.750       9.2991143       1.2082844       49.222559
1.750       9.5504417       1.1456212       50.557044
1.750       9.8017691       1.1396949       54.371618
1.750       10.053096       1.0516463       54.130185
1.750       10.304424      0.99838104       55.339819
1.750       10.555751      0.94444494       56.274851
1.750       10.807079      0.89035213       56.932074
1.750       11.058406      0.87907761       60.224761
1.750       11.309734      0.83007076       60.833457
1.750       11.561061      0.77535707       60.696701
1.750       11.812388      0.76446174       63.832105
1.750       12.063716      0.71665943       63.742100
1.750       12.315043      0.69025398       65.311099
1.750       12.566371      0.66508938       66.862077
1.750       12.817698      0.62986713       67.196911
1.750       13.069025      0.59198724       66.944085
1.750       13.320353      0.57602969       68.970332
1.750       13.571680      0.55197621       69.902302
1.750       13.823008      0.52695365       70.509937
1.750       14.074335      0.51231923       72.359336
1.750       14.325663      0.49336176       73.481818
1.750       14.576990      0.47247038       74.139288
1.750       14.828317      0.45840624       75.717523
1.750       15.079645      0.43712781       75.936754
1.750       15.330972      0.42543695       77.663070
1.750       15.582300      0.40665623       77.945732
1.750       15.833627      0.39134179       78.698728
1.750       16.084954      0.37800982       79.695324
1.750       16.587609      0.35328806       81.686559
1.750       17.090264      0.32590651       82.415637
1.750       17.592919      0.30836990       85.065985
1.750       18.095574      0.28593870       85.834179
1.750       18.598229      0.27142496       88.457524
1.750       19.100883      0.25181456       88.901984
1.750       19.603538      0.23598499       90.065410
1.750       20.106193      0.22090438       90.962864
1.750       20.608848      0.21007039       93.152869
1.750       21.111503      0.19710921       93.958186
1.750       21.614157      0.18336004       93.797200
1.750       22.116812      0.17487172       95.842345
1.750       22.619467      0.16582838       97.224611
1.750       23.122122      0.15555657       97.418555
1.750       23.624777      0.14789840       98.795432
1.750       24.127432      0.14107216       100.37946
1.750       24.630086      0.13218191       100.05530
1.750       25.132741      0.12818089       103.08919
1.750       25.635396      0.11788462       100.61147
1.750       26.138051      0.11404070       103.16912
1.750       26.640706      0.10550778       101.06293
1.750       27.143361      0.10358062       104.93965
1.750       27.646015     0.097534410       104.40607
1.750       28.148670     0.093492630       105.63827
1.750       28.651325     0.088891145       105.91632
1.750       29.153980     0.084196155       105.69540
1.750       29.656635     0.080503881       106.37821
1.750       30.159289     0.076116901       105.78271
1.750       30.661944     0.072988992       106.59251
1.750       31.164599     0.068932341       105.70071
1.750       31.667254     0.067198235       108.10837
1.750       32.169909     0.063308549       106.77808
1.750       33.175218     0.058290989       107.82341
1.750       34.180528     0.052210873       105.62519
1.750       35.185838     0.049810983       109.92565
1.750       36.191147     0.045116004       108.34477
1.750       37.196457     0.041722163       108.77818
1.750       38.201767     0.038309134       108.19892
1.750       39.207076     0.035719975       109.06233
1.750       40.212386     0.032240086       106.20525
1.750       41.217696     0.029243003       103.73931
1.750       42.223005     0.027858737       106.23781
1.750       43.228315     0.025742055       105.34608
1.750       44.233625     0.024060370       105.49458
1.750       45.238934     0.021688109       101.72531
1.750       46.244244     0.020707047       103.74364
1.750       47.249554     0.019948097       106.60188
1.750       48.254863     0.018938254       107.80365
1.750       49.260173     0.016721461       101.25868
1.750       50.265482     0.015167991       97.590581
1.750       51.270792     0.014440536       98.596988
1.750       52.276102     0.013215515       95.645364
1.750       53.281411     0.012904477       98.886688
1.750       54.286721     0.011866694       96.179131
1.750       55.292031     0.011690519       100.11327
1.750       56.297340     0.010903260       98.557633
1.750       57.302650     0.010558197       100.64313
1.750       58.307960    0.0097717555       98.135555
1.750       59.313269    0.0092222857       97.490976
1.750       60.318579    0.0081776328       90.918272
1.750       61.323889    0.0086278913       100.80080
1.750       62.329198    0.0075177770       92.221953
1.750       63.334508    0.0076862166       98.924549
1.750       64.339818    0.0064702808       87.303743
1.750       66.350437    0.0084815432       125.50947
1.750       68.361056    0.0045653541       73.887507
1.750       70.371675    0.0048823575       86.197269
1.750       72.382295    0.0045133753       86.709912
1.750       74.392914    0.0049351263       102.93504
1.750       76.403533    0.0037662773       85.098690
1.750       78.414153    0.0035202384       85.985594
1.750       80.424772    0.0034601299       91.186842
1.750       82.435391    0.0025795253       73.206755
1.750       84.446011    0.0012431445       37.925324
1.750       86.456630    0.0028513008       93.348686
1.750       88.467249    0.0010690617       37.499078
1.750       90.477868    0.0017891878       67.135661
1.750       92.488488    0.0023426037       93.892763
1.750       94.499107    0.0017574860       75.135511
1.750       96.509726    0.0017684080       80.531534
1.750       98.520346   0.00011740015       5.6874381
1.750       100.53096    0.0019916362       102.51321
1.750       102.54158   0.00071698706       39.163513
1.750       104.55220    0.0011962105       69.259194
1.750       106.56282    0.0013907273       85.256871
1.750       108.57344    0.0010530230       68.277706
1.750       110.58406   0.00088765263       60.812227
1.750       112.59468   0.00086963295       62.886854
1.750       114.60530   0.00052556842       40.078700
1.750       116.61592   0.00031051637       24.947572
1.750       118.62654   0.00042680288       36.094678
1.750       120.63716   0.00062513741       55.601824
1.750       122.64778   0.00042575204       39.792941
1.750       124.65840   0.00034328501       33.689123
1.750       126.66902   0.00064399849       66.308056
1.750       128.67964  -5.2706217e-05      -5.6893358
1.750       132.70087  -0.00074079956      -87.698531
1.750       136.72211   0.00074651230       96.654817
1.750       140.74335   0.00083499437       117.93357
1.750       144.76459  -0.00055464305      -85.245383
1.750       148.78583   0.00035357787       58.998372
1.750       152.80707   0.00024877526       44.968434
1.750       156.82831   4.3911362e-06      0.85806565
1.750       160.84954   0.00032379320       68.264905
1.750       164.87078   0.00072852888       165.40481
1.750       168.89202   -0.0012785750      -312.04977
1.750       172.91326    0.0011370947       297.81858
1.750       176.93450   -0.0010009018      -280.86608
1.750       180.95574   0.00028691282       86.126596
1.750       184.97698  -0.00079027795      -253.39798
1.750       188.99821   0.00018219579       62.313437
1.750       193.01945   0.00035299916       128.60183
1.750       197.04069   0.00029896056       115.86491
1.750       201.06193  -0.00038906320      -160.20643
1.750       205.08317  -0.00010197448      -44.560680
1.750       209.10441  -0.00048759823      -225.85096
1.750       213.12565  -0.00012428273      -60.952031
1.750       217.14688   0.00021574077       111.90855
1.750       221.16812  -0.00097878368      -536.44422
1.750       225.18936   5.6449260e-05       32.656687
1.750       229.21060   0.00040741264       248.54719
1.750       233.23184  -9.0959905e-05      -58.463359
1.750       237.25308   0.00044093849       298.32100
1.750       241.27432   0.00017602601       125.25076
1.750       245.29555  -1.4385337e-05      -10.756211
1.750       249.31679   0.00076241876       598.57480
1.750       253.33803  -0.00045016233      -370.80073
1.750       257.35927   0.00028302645       244.40874
1.750       265.40175   0.00030331397       287.25924
1.750       273.44422   0.00025155051       260.55639
1.750       281.48670   0.00084407843       953.73278
1.750       289.52918  -0.00083479433      -1026.4239
1.750       297.57166  -0.00057331515      -765.31172
1.750       305.61413  -0.00015772935      -228.08833
1.750       313.65661  -0.00014020245      -219.17408
1.750       321.69909   0.00022795024       384.46764
1.750       329.74156   0.00038271794       695.13661
1.750       337.78404   -0.0014020466      -2737.4746
1.750       345.82652  -0.00084921160      -1779.3487
1.750       353.86900  -0.00076740401      -1722.7484
1.750       361.91147  -0.00025846338      -620.69226
1.750       369.95395  -0.00029340853      -752.63776
1.750       377.99643  -0.00044960525      -1230.1688
1.750       386.03891  -0.00077803592      -2267.5827
1.750       394.08138  -0.00022201945      -688.36542
1.750       402.12386   0.00045950901       1513.7140
1.750       410.16634   0.00042764004       1494.9569
1.750       418.20881   0.00014276000       529.00082
1.750       426.25129  -0.00026012659      -1020.5919
1.750       434.29377   0.00024855894       1031.4554
1.750       442.33625  -0.00022730413      -996.63277
1.750       450.37872   0.00039754838       1839.8984
1.750       458.42120   0.00017739867       865.79424
1.750       466.46368  -0.00048383819      -2487.8483
1.750       474.50615  -6.3240885e-05      -342.28964
1.750       482.54863   0.00021178035       1205.5332
1.750       490.59111   0.00041612211       2489.1443
1.750       498.63359  -1.1583136e-05      -72.751342
1.750       506.67606   0.00041507793       2735.2124
1.750       514.71854  -0.00018394770      -1270.7908
1.500     0.015707963       2296.2013   0.00045085807
1.500     0.031415927       5903.8073    0.0092736789
1.500     0.047123890       3121.0010     0.016545792
1.500     0.062831853       2519.8650     0.031665558
1.500     0.078539816       1911.5766     0.046917147
1.500     0.094247780       1563.4001     0.066306143
1.500      0.10995574       1272.6017     0.085707044
1.500      0.12566371       1082.5896      0.10883378
1.500      0.14137167       809.92217      0.11593130
1.500      0.15707963       737.43217      0.14479447
1.500      0.17278760       642.14904      0.16782002
1.500      0.18849556       564.05795      0.19138035
1.500      0.20420352       504.16513      0.21748672
1.500      0.21991149       461.24121      0.24850899
1.500      0.23561945       401.90672      0.26633542
1.500      0.25132741       372.04755      0.29921839
1.500      0.26703538       323.88328      0.31243896
1.500      0.28274334       301.36728      0.34509884
1.500      0.29845130       268.74625      0.36193710
1.500      0.31415927       246.01975      0.38644692
1.500      0.32986723       227.04992      0.41286601
1.500      0.34557519       204.33006      0.42719898
1.500      0.36128316       197.23003      0.47117955
1.500      0.37699112       181.72708      0.49326837
1.500      0.39269908       168.32134      0.51640341
1.500      0.40840704       161.69261      0.55800757
1.500      0.42411501       149.72024      0.57863102
1.500      0.43982297       140.72684      0.60657000
1.500      0.45553093       134.46150      0.64390507
1.500      0.47123890       128.32873      0.68032676
1.500      0.48694686       118.45193      0.69287857
1.500      0.50265482       114.32526      0.73556663
1.500      0.51836279       108.77771      0.76755871
1.500      0.53407075       104.26700      0.80466207
1.500      0.54977871       100.79659      0.84855474
1.500      0.56548668       96.032780      0.87974518
1.500      0.58119464       93.263691      0.92757207
1.500      0.59690260       87.257160      0.94011667
1.500      0.61261057       84.782717      0.98748621
1.500      0.62831853       81.798366       1.0279086
1.500      0.64402649       78.289473       1.0594606
1.500      0.65973446       74.759106       1.0875315
1.500      0.67544242       73.499343       1.1474102
1.500      0.69115038       70.865054       1.1852775
1.500      0.70685835       68.522859       1.2260351
1.500      0.72256631       66.020675       1.2617792
1.500      0.73827427       64.422308       1.3132873
1.500      0.75398224       62.348939       1.3538878
1.500      0.76969020       61.112434       1.4117172
1.500      0.78539816       59.011307       1.4483554
1.500      0.80110613       57.413576       1.4953919
1.500      0.81681409       55.929697       1.5441248
1.500      0.83252205       54.068378       1.5805231
1.500      0.84823002       52.467653       1.6221941
1.500      0.86393798       51.511093       1.6827466
1.500      0.87964594       49.872604       1.7197132
1.500      0.89535391       48.918507       1.7788022
1.500      0.91106187       48.216321       1.8471746
1.500      0.92676983       46.651121       1.8812565
1.500      0.94247780       45.710791       1.9386632
1.500      0.95818576       44.439550       1.9805648
1.500      0.97389372       43.848407       2.0519122
1.500      0.98960169       42.509590       2.0870769
1.500       1.0053096       42.053634       2.1645785
1.500       1.0367256       40.962463       2.3123190
1.500       1.0681415       38.969510       2.4059222
1.500       1.0995574       37.355665       2.5158253
1.500       1.1309734       35.730371       2.6185743
1.500       1.1623893       34.644612       2.7565175
1.500       1.1938052       33.833020       2.9161606
1.500       1.2252211       32.104490       2.9914344
1.500       1.2566371       31.655597       3.1823677
1.500       1.2880530       30.381862       3.2891663
1.500       1.3194689       29.700477       3.4564571
1.500       1.3508848       28.741954       3.5895626
1.500       1.3823008       28.135341       3.7646975
1.500       1.4137167       27.324329       3.9111721
1.500       1.4451326       26.367473       4.0314556
1.500       1.4765485       26.372740       4.3009928
1.500       1.5079645       25.175657       4.3734524
1.500       1.5393804       24.876380       4.5972201
1.500       1.5707963       24.036178       4.7194926
1.500       1.6022123       23.837851       4.9670384
1.500       1.6336282       23.045876       5.0900627
1.500       1.6650441       22.152557       5.1804961
1.500       1.6964600       21.899263       5.4166484
1.500       1.7278760       21.567055       5.6363609
1.500       1.7592919       20.908071       5.7676371
1.500       1.7907078       20.652466       6.0078123
1.500       1.8221237       20.171286       6.1821201
1.500       1.8535397       20.012618       6.4562422
1.500       1.8849556       19.576034       6.6419918
1.500       1.9163715       18.946296       6.7551297
1.500       1.9477874       18.648446       6.9813208
1.500       1.9792034       18.611484       7.3100865
1.500       2.0106193       17.976091       7.4021017
1.500       2.0734512       17.529530       7.9162950
1.500       2.1362830       16.575720       8.1868911
1.500       2.1991149       16.274429       8.7683882
1.500       2.2619467       15.761593       9.2409683
1.500       2.3247786       15.093091       9.6071203
1.500       2.3876104       14.510184       10.005380
1.500       2.4504423       14.135401       10.536874
1.500       2.5132741       13.755208       11.062595
1.500       2.5761060       13.501022       11.693058
1.500       2.6389378       12.858629       11.971606
1.500       2.7017697       12.690706       12.679467
1.500       2.7646015       12.427193       13.302735
1.500       2.8274334       11.887621       13.612640
1.500       2.8902652       11.691618       14.300722
1.500       2.9530971       11.217582       14.635335
1.500       3.0159289       10.999588       15.286568
1.500       3.0787608       10.607269       15.682008
1.500       3.1415927       10.339746       16.241635
1.500       3.2044245       10.152824       16.924165
1.500       3.2672564       9.9887179       17.649388
1.500       3.3300882       9.6455165       18.045252
1.500       3.3929201       9.2486732       18.300821
1.500       3.4557519       9.0929697       19.010944
1.500       3.5185838       8.7476642       19.304833
1.500       3.5814156       8.5982155       20.009800
1.500       3.6442475       8.4133846       20.628354
1.500       3.7070793       8.1731521       21.093832
1.500       3.7699112       7.9703671       21.634255
1.500       3.8327430       7.8417468       22.367229
1.500       3.8955749       7.6477304       22.904325
1.500       3.9584067       7.4681509       23.466299
1.500       4.0212386       7.2732002       23.959366
1.500       4.1469023       6.9443289       25.088341
1.500       4.2725660       6.5554359       25.902291
1.500       4.3982297       6.3361764       27.310600
1.500       4.5238934       6.0897430       28.563164
1.500       4.6495571       5.7233999       29.144668
1.500       4.7752208       5.4634368       30.138148
1.500       4.9008845       5.3192443       31.720762
1.500       5.0265482       5.1701919       33.264920
1.500       5.1522120       4.9277757       34.143053
1.500       5.2778757       4.6155978       34.377610
1.500       5.4035394       4.3765512       34.981403
1.500       5.5292031       4.2475460       36.374412
1.500       5.6548668       4.1666881       38.170547
1.500       5.7805305       3.9157008       38.316237
1.500       5.9061942       3.8025970       39.689326
1.500       6.0318579       3.6645842       40.742556
1.500       6.1575216       3.5316119       41.769672
1.500       6.2831853       3.4155146       42.920622
1.500       6.4088490       3.2967336       43.963700
1.500       6.5345127       3.1630925       44.711761
1.500       6.6601764       3.0848232       46.169773
1.500       6.7858401       2.9869059       47.282744
1.500       6.9115038       2.8693380       47.992086
1.500       7.0371675       2.7645360       48.807458
1.500       7.1628313       2.6298009       48.960663
1.500       7.2884950       2.5867215       50.738019
1.500       7.4141587       2.5083336       51.789435
1.500       7.5398224       2.4311570       52.791817
1.500       7.6654861       2.3345977       53.272296
1.500       7.7911498       2.2636982       54.236722
1.500       7.9168135       2.1970499       55.228269
1.500       8.0424772       2.1309618       56.158492
1.500       8.2938046       1.9819729       57.283477
1.500       8.5451320       1.8600258       58.795698
1.500       8.7964594       1.7383591       59.942310
1.500       9.0477868       1.6532441       62.034647
1.500       9.2991143       1.5727633       64.070541
1.500       9.5504417       1.5079371       66.546291
1.500       9.8017691       1.4041367       66.987391
1.500       10.053096       1.3624815       70.129448
1.500       10.304424       1.2928159       71.660210
1.500       10.555751       1.2047312       71.784036
1.500       10.807079       1.1758729       75.189220
1.500       11.058406       1.1093006       75.997116
1.500       11.309734       1.0468395       76.719801
1.500       11.561061      0.99099015       77.576945
1.500       11.812388      0.93997320       78.487208
1.500       12.063716      0.92193390       81.999902
1.500       12.315043      0.87229125       82.535274
1.500       12.566371      0.84426154       84.874427
1.500       12.817698      0.80291627       85.658531
1.500       13.069025      0.75991078       85.933495
1.500       13.320353      0.74097912       88.720385
1.500       13.571680      0.70488115       89.266193
1.500       13.823008      0.68401132       91.525307
1.500       14.074335      0.65115028       91.967663
1.500       14.325663      0.61949815       92.268704
1.500       14.576990      0.60229188       94.510667
1.500       14.828317      0.59000554       97.454515
1.500       15.079645      0.56043650       97.357632
1.500       15.330972      0.54152582       98.854971
1.500       15.582300      0.51783002       99.254940
1.500       15.833627      0.49196125       98.933273
1.500       16.084954      0.47778913       100.73167
1.500       16.587609      0.43903812       101.51352
1.500       17.090264      0.41954524       106.09511
1.500       17.592919      0.38675386       106.68875
1.500       18.095574      0.37007176       111.08957
1.500       18.598229      0.34156064       111.31477
1.500       19.100883      0.32255672       113.87718
1.500       19.603538      0.29996039       114.48209
1.500       20.106193      0.28001915       115.30484
1.500       20.608848      0.26531168       117.64887
1.500       21.111503      0.24569381       117.11753
1.500       21.614157      0.23440199       119.90754
1.500       22.116812      0.22201582       121.68072
1.500       22.619467      0.20850970       122.24852
1.500       23.122122      0.19804553       124.02761
1.500       23.624777      0.19074740       127.41837
1.500       24.127432      0.17708358       126.00327
1.500       24.630086      0.17107918       129.49865
1.500       25.132741      0.16102763       129.50610
1.500       25.635396      0.15305921       130.63208
1.500       26.138051      0.14553102       131.65744
1.500       26.640706      0.13740527       131.61665
1.500       27.143361      0.13277701       134.51911
1.500       27.646015      0.12514520       133.96214
1.500       28.148670      0.12053233       136.19070
1.500       28.651325      0.11486389       136.86358
1.500       29.153980      0.10952358       137.49010
1.500       29.656635      0.10241575       135.33266
1.500       30.159289     0.099564963       138.36942
1.500       30.661944     0.093967879       137.22990
1.500       31.164599     0.089394223       137.07692
1.500       31.667254     0.086576688       139.28439
1.500       32.169909     0.082194920       138.63239
1.500       33.175218     0.077743020       143.80469
1.500       34.180528     0.068707101       138.99788
1.500       35.185838     0.066520827       146.80187
1.500       36.191147     0.057547604       138.19889
1.500       37.196457     0.053776586       140.20652
1.500       38.201767     0.048130431       135.93784
1.500       39.207076     0.044822349       136.85424
1.500       40.212386     0.042057013       138.54416
1.500       41.217696     0.038752573       137.47443
1.500       42.223005     0.034095820       130.02259
1.500       43.228315     0.032941623       134.80940
1.500       44.233625     0.031785802       139.36734
1.500       45.238934     0.028814569       135.15107
1.500       46.244244     0.026379064       132.16081
1.500       47.249554     0.026003060       138.95937
1.500       48.254863     0.024798219       141.16077
1.500       49.260173     0.022057379       133.57093
1.500       50.265482     0.021616287       139.07879
1.500       51.270792     0.019615036       133.92741
1.500       52.276102     0.019001190       137.51835
1.500       53.281411     0.018264115       139.95746
1.500       54.286721     0.016118608       130.64074
1.500       55.292031     0.015543514       133.10890
1.500       56.297340     0.014155241       127.95320
1.500       57.302650     0.012994061       123.86234
1.500       58.307960     0.012280127       123.32657
1.500       59.313269     0.010884784       115.06564
1.500       60.318579     0.011330351       125.96994
1.500       61.323889     0.010445092       122.03140
1.500       62.329198    0.0098928986       121.35801
1.500       63.334508    0.0089967084       115.79108
1.500       64.339818    0.0091392234       123.31589
1.500       66.350437    0.0083149772       123.04463
1.500       68.361056    0.0079033684       127.91126
1.500       70.371675    0.0051150915       90.306152
1.500       72.382295    0.0064038296       123.02888
1.500       74.392914    0.0063932635       133.34833
1.500       76.403533    0.0042011446       94.924479
1.500       78.414153    0.0050390308       123.08373
1.500       80.424772    0.0040411089       106.49773
1.500       82.435391    0.0039803121       112.96099
1.500       84.446011    0.0043792570       133.60051
1.500       86.456630    0.0027242542       89.189308
1.500       88.467249    0.0028454502       99.808796
1.500       90.477868    0.0028512701       106.98816
1.500       92.488488    0.0027079693       108.53680
1.500       94.499107    0.0010086219       43.120297
1.500       96.509726    0.0022251171       101.32961
1.500       98.520346    0.0017660561       85.556408
1.500       100.53096    0.0022437572       115.49034
1.500       102.54158    0.0019308122       105.46549
1.500       104.55220    0.0018474050       106.96260
1.500       106.56282    0.0022871074       140.20838
1.500       108.57344    0.0014553363       94.363584
1.500       110.58406    0.0014487474       99.252290
1.500       112.59468    0.0015256560       110.32667
1.500       114.60530   0.00013019126       9.9281015
1.500       116.61592   0.00040284857       32.365745
1.500       118.62654    0.0010274381       86.890345
1.500       120.63716    0.0012477671       110.98060
1.500       122.64778    0.0013443553       125.65025
1.500       124.65840    0.0016945323       166.29711
1.500       126.66902   0.00033077438       34.057543
1.500       128.67964   0.00016491853       17.802015
1.500       132.70087    0.0010721411       126.92394
1.500       136.72211    0.0010703286       138.58099
1.500       140.74335   0.00022643944       31.982028
1.500       144.76459   0.00022531121       34.629011
1.500       148.78583  -0.00021304163      -35.548349
1.500       152.80707  -6.8560628e-06      -1.2392969
1.500       156.82831  -0.00029665182      -57.968307
1.500       160.84954  -0.00017224147      -36.313447
1.500       164.87078    0.0011440701       259.74906
1.500       168.89202   0.00025041620       61.116725
1.500       172.91326  -0.00051481356      -134.83577
1.500       176.93450   0.00092336578       259.10846
1.500       180.95574  -0.00043761579      -131.36520
1.500       184.97698   0.00035824968       114.87065
1.500       188.99821   0.00089205278       305.09417
1.500       193.01945  -0.00045943919      -167.37922
1.500       197.04069   5.2849393e-06       2.0482267
1.500       201.06193  -0.00040272122      -165.83046
1.500       205.08317  -0.00041842166      -182.84137
1.500       209.10441   0.00050353462       233.23255
1.500       213.12565  -9.1070360e-05      -44.663674
1.500       217.14688   0.00059807720       310.23323
1.500       221.16812   0.00031715337       173.82298
1.500       225.18936   0.00082418412       476.80205
1.500       229.21060   0.00021240190       129.57844
1.500       233.23184  -1.5979099e-05      -10.270369
1.500       237.25308  -0.00055581624      -376.04260
1.500       241.27432   1.5303691e-05       10.889294
1.500       245.29555   0.00084143782       629.16031
1.500       249.31679   0.00027370569       214.88628
1.500       253.33803   0.00039225147       323.09930
1.500       257.35927   9.9202028e-05       85.666349
1.500       265.40175   0.00031451971       297.87184
1.500       273.44422  -0.00046316784      -479.74993
1.500       281.48670   0.00029205473       329.99560
1.500       289.52918   0.00013249295       162.90711
1.500       297.57166  -0.00029690698      -396.33767
1.500       305.61413  -0.00084896985      -1227.6734
1.500       313.65661  -7.3431949e-05      -114.79386
1.500       321.69909   0.00073779013       1244.3788
1.500       329.74156   0.00082152926       1492.1565
1.500       337.78404   0.00070690949       1380.2300
1.500       345.82652   0.00013816949       289.50582
1.500       353.86900   0.00023136076       519.38273
1.500       361.91147  -0.00086855984      -2085.8211
1.500       369.95395  -0.00010616230      -272.32254
1.500       377.99643   3.6433451e-05       99.685882
1.500       386.03891  -5.1083662e-05      -148.88314
1.500       394.08138   0.00040666340       1260.8491
1.500       402.12386   0.00047608308       1568.3123
1.500       410.16634   0.00034944142       1221.5878
1.500       418.20881  -0.00021729354      -805.18676
1.500       426.25129  -0.00015442986      -605.89681
1.500       434.29377  -0.00029140389      -1209.2508
1.500       442.33625   2.4681871e-05       108.21960
1.500       450.37872  -9.9322756e-05      -459.67683
1.500       458.42120   0.00015543701       758.61036
1.500       466.46368   0.00017410403       895.22578
1.500       474.50615  -0.00034915121      -1889.7718
1.500       482.54863    0.0010894065       6201.3104
1.500       490.59111  -0.00063239471      -3782.8360
1.500       498.63359  -0.00022963972      -1442.3207
1.500       506.67606   0.00046997869       3096.9884
1.500       514.71854  -0.00060482748      -4178.4115
1.250     0.015707963       2785.2857   0.00054688957
1.250     0.031415927       7167.1050     0.011258062
1.250     0.047123890       3781.2928     0.020046288
1.250     0.062831853       3062.4987     0.038484494
1.250     0.078539816       2323.7761     0.057034046
1.250     0.094247780       1899.6951     0.080568919
1.250      0.10995574       1545.2705      0.10407071
1.250      0.12566371       1310.1703      0.13171268
1.250      0.14137167       988.85423      0.14154342
1.250      0.15707963       902.24373      0.17715514
1.250      0.17278760       787.51159      0.20580925
1.250      0.18849556       689.16947      0.23382969
1.250      0.20420352       618.46715      0.26679432
1.250      0.21991149       566.59648      0.30527263
1.250      0.23561945       494.70643      0.32783191
1.250      0.25132741       459.70665      0.36971802
1.250      0.26703538       400.96089      0.38679305
1.250      0.28274334       375.37129      0.42984161
1.250      0.29845130       335.36878      0.45166176
1.250      0.31415927       308.72504      0.48494415
1.250      0.32986723       285.63679      0.51939996
1.250      0.34557519       256.58150      0.53644262
1.250      0.36128316       248.83009      0.59445132
1.250      0.37699112       230.79021      0.62644219
1.250      0.39269908       213.21545      0.65413680
1.250      0.40840704       205.38154      0.70877981
1.250      0.42411501       190.60650      0.73664609
1.250      0.43982297       178.95560      0.77134608
1.250      0.45553093       171.48121      0.82118389
1.250      0.47123890       164.47271      0.87194182
1.250      0.48694686       152.37522      0.89131111
1.250      0.50265482       147.33689      0.94796284
1.250      0.51836279       140.51837      0.99152759
1.250      0.53407075       134.81150       1.0403838
1.250      0.54977871       130.86043       1.1016467
1.250      0.56548668       124.42877       1.1398775
1.250      0.58119464       121.89600       1.2123403
1.250      0.59690260       114.15307       1.2298957
1.250      0.61261057       111.41461       1.2976747
1.250      0.62831853       107.52488       1.3511975
1.250      0.64402649       103.08253       1.3949753
1.250      0.65973446       98.850028       1.4379857
1.250      0.67544242       97.054547       1.5151343
1.250      0.69115038       94.013379       1.5724527
1.250      0.70685835       90.430923       1.6180219
1.250      0.72256631       88.028622       1.6823924
1.250      0.73827427       85.429226       1.7415259
1.250      0.75398224       83.111277       1.8047355
1.250      0.76969020       81.371417       1.8797063
1.250      0.78539816       78.932907       1.9373050
1.250      0.80110613       76.960701       2.0045156
1.250      0.81681409       75.042117       2.0717865
1.250      0.83252205       72.603808       2.1223495
1.250      0.84823002       70.921986       2.1927648
1.250      0.86393798       69.107425       2.2575775
1.250      0.87964594       67.147906       2.3154022
1.250      0.89535391       66.216716       2.4078094
1.250      0.91106187       65.176503       2.4969217
1.250      0.92676983       63.233534       2.5499601
1.250      0.94247780       62.193189       2.6377065
1.250      0.95818576       60.585943       2.7001710
1.250      0.97389372       59.760096       2.7965092
1.250      0.98960169       57.992077       2.8472146
1.250       1.0053096       57.242215       2.9463629
1.250       1.0367256       55.779989       3.1487641
1.250       1.0681415       53.503623       3.3032377
1.250       1.0995574       51.156816       3.4453037
1.250       1.1309734       49.729347       3.6445183
1.250       1.1623893       47.848678       3.8071062
1.250       1.1938052       46.642822       4.0202725
1.250       1.2252211       44.515824       4.1478984
1.250       1.2566371       43.371025       4.3601310
1.250       1.2880530       42.102567       4.5580598
1.250       1.3194689       40.876532       4.7570946
1.250       1.3508848       40.447065       5.0514058
1.250       1.3823008       39.168554       5.2410156
1.250       1.4137167       37.961307       5.4337365
1.250       1.4451326       36.889204       5.6401760
1.250       1.4765485       36.796766       6.0009928
1.250       1.5079645       35.088610       6.0955058
1.250       1.5393804       34.949008       6.4586682
1.250       1.5707963       33.733686       6.6235938
1.250       1.6022123       33.542792       6.9892345
1.250       1.6336282       32.258779       7.1248846
1.250       1.6650441       31.461738       7.3574988
1.250       1.6964600       30.910159       7.6454384
1.250       1.7278760       30.367560       7.9362957
1.250       1.7592919       29.607737       8.1675005
1.250       1.7907078       29.079737       8.4593095
1.250       1.8221237       28.387157       8.7001303
1.250       1.8535397       27.832877       8.9791248
1.250       1.8849556       27.551462       9.3479909
1.250       1.9163715       26.888500       9.5868505
1.250       1.9477874       26.230557       9.8197958
1.250       1.9792034       26.091625       10.248083
1.250       2.0106193       25.419724       10.467203
1.250       2.0734512       24.382539       11.011098
1.250       2.1362830       23.366991       11.541159
1.250       2.1991149       22.675289       12.217063
1.250       2.2619467       21.789718       12.775238
1.250       2.3247786       21.093294       13.426396
1.250       2.3876104       20.344455       14.028354
1.250       2.4504423       19.921894       14.850269
1.250       2.5132741       19.289657       15.513663
1.250       2.5761060       18.841413       16.318300
1.250       2.6389378       18.031461       16.787601
1.250       2.7017697       17.817472       17.801693
1.250       2.7646015       17.052818       18.254252
1.250       2.8274334       16.454651       18.842395
1.250       2.8902652       15.948674       19.507785
1.250       2.9530971       15.415758       20.112605
1.250       3.0159289       15.049773       20.915272
1.250       3.0787608       14.701974       21.735706
1.250       3.1415927       14.401531       22.621871
1.250       3.2044245       13.948550       23.251419
1.250       3.2672564       13.600493       24.031150
1.250       3.3300882       13.197060       24.689634
1.250       3.3929201       12.832306       25.391938
1.250       3.4557519       12.448857       26.027197
1.250       3.5185838       12.205841       26.936530
1.250       3.5814156       11.878478       27.643639
1.250       3.6442475       11.583433       28.400836
1.250       3.7070793       11.205606       28.920196
1.250       3.7699112       11.032907       29.947017
1.250       3.8327430       10.640352       30.349766
1.250       3.8955749       10.548860       31.592972
1.250       3.9584067       10.037598       31.539971
1.250       4.0212386       9.8666278       32.502632
1.250       4.1469023       9.5323717       34.438374
1.250       4.2725660       8.8927340       35.137584
1.250       4.3982297       8.4295596       36.333637
1.250       4.5238934       8.1993712       38.458107
1.250       4.6495571       7.5419042       38.404847
1.250       4.7752208       7.4006805       40.824634
1.250       4.9008845       7.0662430       42.138808
1.250       5.0265482       6.8333188       43.965449
1.250       5.1522120       6.6109189       45.805038
1.250       5.2778757       6.2233902       46.352669
1.250       5.4035394       5.9145700       47.274658
1.250       5.5292031       5.6956973       48.775842
1.250       5.6548668       5.5384331       50.736944
1.250       5.7805305       5.2247948       51.126091
1.250       5.9061942       5.0363160       52.566177
1.250       6.0318579       4.9334887       54.850135
1.250       6.1575216       4.7063305       55.663500
1.250       6.2831853       4.5207126       56.808950
1.250       6.4088490       4.2836368       57.124580
1.250       6.5345127       4.1751900       59.018223
1.250       6.6601764       4.0057733       59.953402
1.250       6.7858401       3.8614821       61.127292
1.250       6.9115038       3.7375947       62.514408
1.250       7.0371675       3.6089969       63.716284
1.250       7.1628313       3.4638083       64.487904
1.250       7.2884950       3.3820929       66.339068
1.250       7.4141587       3.2442758       66.984397
1.250       7.5398224       3.1323453       68.017902
1.250       7.6654861       3.0658305       69.958017
1.250       7.7911498       2.9729610       71.230196
1.250       7.9168135       2.8673877       72.078861
1.250       8.0424772       2.7766490       73.174668
1.250       8.2938046       2.6108178       75.458511
1.250       8.5451320       2.4466329       77.338437
1.250       8.7964594       2.2930216       79.068247
1.250       9.0477868       2.2066657       82.800675
1.250       9.2991143       2.0507999       83.544581
1.250       9.5504417       1.9320984       85.264818
1.250       9.8017691       1.8454316       88.040322
1.250       10.053096       1.7689663       91.051974
1.250       10.304424       1.6485399       91.377838
1.250       10.555751       1.5819317       94.259569
1.250       10.807079       1.4937414       95.514787
1.250       11.058406       1.4380739       98.521059
1.250       11.309734       1.3441702       98.510300
1.250       11.561061       1.2962072       101.47002
1.250       11.812388       1.2293946       102.65372
1.250       12.063716       1.1867814       105.55633
1.250       12.315043       1.1112212       105.14257
1.250       12.566371       1.0821368       108.78825
1.250       12.817698       1.0433028       111.30400
1.250       13.069025      0.98526359       111.41722
1.250       13.320353      0.95441805       114.27628
1.250       13.571680      0.93464356       118.36332
1.250       13.823008      0.87611423       117.22997
1.250       14.074335      0.82879971       117.05865
1.250       14.325663      0.80617650       120.07277
1.250       14.576990      0.77528387       121.65629
1.250       14.828317      0.75322589       124.41453
1.250       15.079645      0.71746580       124.63637
1.250       15.330972      0.69245491       126.40692
1.250       15.582300      0.66768107       127.97760
1.250       15.833627      0.64177675       129.06113
1.250       16.084954      0.62258639       131.25909
1.250       16.587609      0.56779100       131.28350
1.250       17.090264      0.54366638       137.48302
1.250       17.592919      0.50425817       139.10313
1.250       18.095574      0.47078831       141.32305
1.250       18.598229      0.43931286       143.17227
1.250       19.100883      0.41322123       145.88587
1.250       19.603538      0.39120626       149.30675
1.250       20.106193      0.36938655       152.10408
1.250       20.608848      0.34082556       151.13448
1.250       21.111503      0.32564644       155.22942
1.250       21.614157      0.30757711       157.34002
1.250       22.116812      0.29501587       161.69003
1.250       22.619467      0.27029496       158.47301
1.250       23.122122      0.25811416       161.64607
1.250       23.624777      0.24823468       165.81959
1.250       24.127432      0.23320394       165.93555
1.250       24.630086      0.21746720       164.61213
1.250       25.132741      0.20956547       168.54255
1.250       25.635396      0.19792406       168.92306
1.250       26.138051      0.18935650       171.30501
1.250       26.640706      0.17923013       171.67950
1.250       27.143361      0.16948806       171.71183
1.250       27.646015      0.16625240       177.96550
1.250       28.148670      0.15655388       176.89181
1.250       28.651325      0.15229016       181.45804
1.250       29.153980      0.14007060       175.83721
1.250       29.656635      0.13466293       177.94424
1.250       30.159289      0.12808818       178.00927
1.250       30.661944      0.12297841       179.59664
1.250       31.164599      0.11532530       176.83959
1.250       31.667254      0.11292592       181.67498
1.250       32.169909      0.10831269       182.68340
1.250       33.175218     0.099732010       184.47869
1.250       34.180528     0.089296015       180.65028
1.250       35.185838     0.082098719       181.18003
1.250       36.191147     0.079024900       189.77599
1.250       37.196457     0.069650972       181.59428
1.250       38.201767     0.065060258       183.75382
1.250       39.207076     0.060156337       183.67287
1.250       40.212386     0.057356428       188.94347
1.250       41.217696     0.052512025       186.28597
1.250       42.223005     0.047371974       180.65050
1.250       43.228315     0.045542846       186.37830
1.250       44.233625     0.042341562       185.64990
1.250       45.238934     0.038946272       182.67253
1.250       46.244244     0.036687236       183.80541
1.250       47.249554     0.034178489       182.64855
1.250       48.254863     0.032086493       182.64836
1.250       49.260173     0.029556149       178.98058
1.250       50.265482     0.028174140       181.27191
1.250       51.270792     0.026927087       183.85258
1.250       52.276102     0.023652251       171.17973
1.250       53.281411     0.023530033       180.31006
1.250       54.286721     0.021337015       172.93574
1.250       55.292031     0.019688983       168.60916
1.250       56.297340     0.018910064       170.93339
1.250       57.302650     0.017999855       171.57871
1.250       58.307960     0.017329506       174.03636
1.250       59.313269     0.016247869       171.76009
1.250       60.318579     0.015543979       172.81672
1.250       61.323889     0.014501121       169.41852
1.250       62.329198     0.013682900       167.85065
1.250       63.334508     0.013326034       171.51116
1.250       64.339818     0.011639597       157.05352
1.250       66.350437     0.011524424       170.53787
1.250       68.361056    0.0093122551       150.71324
1.250       70.371675    0.0089890484       158.70026
1.250       72.382295    0.0080916692       155.45526
1.250       74.392914    0.0068436366       142.74204
1.250       76.403533    0.0063624055       143.75797
1.250       78.414153    0.0054266796       132.55246
1.250       80.424772    0.0057786969       152.28940
1.250       82.435391    0.0048397687       137.35231
1.250       84.446011    0.0051327921       156.58903
1.250       86.456630    0.0039688231       129.93523
1.250       88.467249    0.0049521272       173.70392
1.250       90.477868    0.0037318868       140.03152
1.250       92.488488    0.0030171214       120.92778
1.250       94.499107    0.0039171604       167.46526
1.250       96.509726    0.0023720805       108.02218
1.250       98.520346    0.0028722508       139.14590
1.250       100.53096    0.0020814935       107.13833
1.250       102.54158    0.0020458116       111.74703
1.250       104.55220    0.0022274049       128.96415
1.250       106.56282    0.0019714218       120.85565
1.250       108.57344    0.0021170332       137.26782
1.250       110.58406    0.0022704555       155.54672
1.250       112.59468    0.0021639776       156.48641
1.250       114.60530    0.0015642246       119.28436
1.250       116.61592    0.0015051073       120.92365
1.250       118.62654    0.0011990034       101.39960
1.250       120.63716    0.0012832331       114.13507
1.250       122.64778   0.00083025085       77.599448
1.250       124.65840    0.0014072953       138.10840
1.250       126.66902    0.0013548737       139.50194
1.250       128.67964    0.0014960721       161.49246
1.250       132.70087    0.0024314694       287.84614
1.250       136.72211   0.00079208111       102.55485
1.250       140.74335   0.00033839540       47.794549
1.250       144.76459    0.0011078922       170.27653
1.250       148.78583    0.0012033843       200.79796
1.250       152.80707   0.00014417984       26.061842
1.250       156.82831   0.00034713604       67.833357
1.250       160.84954   5.1109236e-05       10.775295
1.250       164.87078   0.00046192398       104.87497
1.250       168.89202    0.0018980262       463.23339
1.250       172.91326   0.00055234044       144.66451
1.250       176.93450  -0.00075128579      -210.82057
1.250       180.95574   0.00076084791       228.39426
1.250       184.97698   0.00056774338       182.04358
1.250       188.99821   0.00050092100       171.32179
1.250       193.01945   0.00048194607       175.57874
1.250       197.04069  -0.00018024607      -69.856017
1.250       201.06193  -0.00015583769      -64.170039
1.250       205.08317   0.00070117893       306.40029
1.250       209.10441   0.00092587406       428.85624
1.250       213.12565   8.9389673e-05       43.839414
1.250       217.14688  -0.00030098451      -156.12599
1.250       221.16812   0.00058359915       319.85453
1.250       225.18936    0.0011297111       653.55369
1.250       229.21060  -0.00011314401      -69.024920
1.250       233.23184   0.00063083056       405.45858
1.250       237.25308  -3.7512570e-05      -25.379476
1.250       241.27432  -0.00041170152      -292.94495
1.250       245.29555   3.5420328e-05       26.484506
1.250       249.31679  -0.00020230313      -158.82814
1.250       253.33803  -0.00010007766      -82.434420
1.250       257.35927   0.00015144763       130.78327
1.250       265.40175   0.00047282207       447.79509
1.250       273.44422   0.00016215644       167.96188
1.250       281.48670  -0.00075410981      -852.07632
1.250       289.52918    0.0012055672       1482.3089
1.250       297.57166    0.0010471777       1397.8653
1.250       305.61413   0.00013960831       201.88397
1.250       313.65661  -0.00047806334      -747.34140
1.250       321.69909  -0.00032999998      -556.58777
1.250       329.74156  -0.00021850563      -396.87521
1.250       337.78404   0.00073200662       1429.2318
1.250       345.82652  -0.00048148805      -1008.8594
1.250       353.86900  -0.00031965249      -717.58920
1.250       361.91147  -2.2666216e-05      -54.432256
1.250       369.95395   0.00047781186       1225.6605
1.250       377.99643   0.00015914828       435.44699
1.250       386.03891   9.7035591e-05       282.80986
1.250       394.08138  -0.00088181483      -2734.0434
1.250       402.12386  -0.00090142986      -2969.4891
1.250       410.16634  -1.0295650e-05      -35.991842
1.250       418.20881  -0.00037711751      -1397.4185
1.250       426.25129  -0.00023866339      -936.38226
1.250       434.29377   0.00053072515       2202.3722
1.250       442.33625  -0.00096317347      -4223.1096
1.250       450.37872  -0.00087018060      -4027.2932
1.250       458.42120  -0.00054913116      -2680.0348
1.250       466.46368  -0.00027540452      -1416.1029
1.250       474.50615   0.00014346205       776.48461
1.250       482.54863  -0.00011434577      -650.89903
1.250       490.59111   0.00033131344       1981.8388
1.250       498.63359   5.1217840e-05       321.68892
1.250       506.67606   3.2899688e-05       216.79697
1.250       514.71854  -0.00014923687      -1030.9933
1.000     0.015707963       3433.9658   0.00067425761
1.000     0.031415927       8844.0035     0.013892128
1.000     0.047123890       4655.0487     0.024678450
1.000     0.062831853       3783.7824     0.047548412
1.000     0.078539816       2872.2680     0.070496062
1.000     0.094247780       2346.5144     0.099519196
1.000      0.10995574       1908.0217      0.12850124
1.000      0.12566371       1611.2042      0.16197592
1.000      0.14137167       1228.9369      0.17590858
1.000      0.15707963       1124.2124      0.22073860
1.000      0.17278760       984.25810      0.25722723
1.000      0.18849556       857.23971      0.29085458
1.000      0.20420352       773.56716      0.33370136
1.000      0.21991149       709.28977      0.38215337
1.000      0.23561945       621.17708      0.41164144
1.000      0.25132741       579.52359      0.46608052
1.000      0.26703538       506.64710      0.48874487
1.000      0.28274334       477.26043      0.54651594
1.000      0.29845130       428.03498      0.57646103
1.000      0.31415927       396.55969      0.62291450
1.000      0.32986723       368.07036      0.66929660
1.000      0.34557519       330.43864      0.69085794
1.000      0.36128316       321.60701      0.76831428
1.000      0.37699112       300.53216      0.81574528
1.000      0.39269908       277.30367      0.85075699
1.000      0.40840704       267.49232      0.92312657
1.000      0.42411501       249.55870      0.96448150
1.000      0.43982297       234.16042       1.0092935
1.000      0.45553093       224.27236       1.0739885
1.000      0.47123890       216.33267       1.1468742
1.000      0.48694686       201.56681       1.1790548
1.000      0.50265482       195.45529       1.2575558
1.000      0.51836279       186.58949       1.3166153
1.000      0.53407075       179.38924       1.3844046
1.000      0.54977871       174.71196       1.4708103
1.000      0.56548668       166.05686       1.5212276
1.000      0.58119464       163.72003       1.6283092
1.000      0.59690260       154.44258       1.6639785
1.000      0.61261057       151.12592       1.7602026
1.000      0.62831853       145.80696       1.8322643
1.000      0.64402649       140.22602       1.8976236
1.000      0.65973446       134.89780       1.9623779
1.000      0.67544242       132.47836       2.0681413
1.000      0.69115038       128.92241       2.1563355
1.000      0.70685835       123.68736       2.2130578
1.000      0.72256631       121.20775       2.3165078
1.000      0.73827427       116.89147       2.3829025
1.000      0.75398224       114.50186       2.4863723
1.000      0.76969020       112.02134       2.5877297
1.000      0.78539816       109.28468       2.6822496
1.000      0.80110613       106.56725       2.7756468
1.000      0.81681409       103.89807       2.8684508
1.000      0.83252205       100.84908       2.9480134
1.000      0.84823002       99.466212       3.0752948
1.000      0.86393798       96.138505       3.1406195
1.000      0.87964594       93.709512       3.2313027
1.000      0.89535391       92.383844       3.3593131
1.000      0.91106187       91.176802       3.4929971
1.000      0.92676983       88.935431       3.5864166
1.000      0.94247780       87.526152       3.7121155
1.000      0.95818576       85.680267       3.8185652
1.000      0.97389372       84.540295       3.9561133
1.000      0.98960169       82.520716       4.0514877
1.000       1.0053096       80.904540       4.1643067
1.000       1.0367256       78.375011       4.4242465
1.000       1.0681415       75.789704       4.6791486
1.000       1.0995574       72.636372       4.8919066
1.000       1.1309734       71.817944       5.2633269
1.000       1.1623893       68.433014       5.4449102
1.000       1.1938052       66.057426       5.6936703
1.000       1.2252211       64.370882       5.9979544
1.000       1.2566371       62.194652       6.2524884
1.000       1.2880530       60.905899       6.5937246
1.000       1.3194689       58.510618       6.8092995
1.000       1.3508848       58.832932       7.3476039
1.000       1.3823008       56.370445       7.5427440
1.000       1.4137167       54.849333       7.8510686
1.000       1.4451326       53.790815       8.2243483
1.000       1.4765485       52.792390       8.6096357
1.000       1.5079645       50.720859       8.8111012
1.000       1.5393804       50.303275       9.2961769
1.000       1.5707963       48.646772       9.5517714
1.000       1.6022123       48.293979       10.062905
1.000       1.6336282       46.327790       10.232258
1.000       1.6650441       46.002373       10.757905
1.000       1.6964600       44.802515       11.081628
1.000       1.7278760       43.777467       11.440858
1.000       1.7592919       42.730325       11.787458
1.000       1.7907078       41.794538       12.158051
1.000       1.8221237       40.647265       12.457623
1.000       1.8535397       39.817025       12.845314
1.000       1.8849556       39.407321       13.370589
1.000       1.9163715       38.667817       13.786659
1.000       1.9477874       37.754491       14.133951
1.000       1.9792034       37.414731       14.695493
1.000       2.0106193       37.009516       15.239587
1.000       2.0734512       34.718716       15.678891
1.000       2.1362830       34.065142       16.825068
1.000       2.1991149       32.413201       17.463686
1.000       2.2619467       31.546742       18.495747
1.000       2.3247786       30.427775       19.368020
1.000       2.3876104       29.259856       20.175896
1.000       2.4504423       28.196145       21.018099
1.000       2.5132741       27.793370       22.352755
1.000       2.5761060       26.563903       23.006646
1.000       2.6389378       25.881383       24.096015
1.000       2.7017697       25.173989       25.151695
1.000       2.7646015       24.466924       26.190710
1.000       2.8274334       23.353414       26.742240
1.000       2.8902652       22.625790       27.674967
1.000       2.9530971       22.205793       28.971416
1.000       3.0159289       21.438702       29.794223
1.000       3.0787608       20.558606       30.394274
1.000       3.1415927       20.182342       31.702348
1.000       3.2044245       19.332680       32.226449
1.000       3.2672564       18.976726       33.530589
1.000       3.3300882       18.102462       33.866874
1.000       3.3929201       17.879881       35.379832
1.000       3.4557519       17.178102       35.914772
1.000       3.5185838       17.158465       37.866257
1.000       3.5814156       16.438269       38.255204
1.000       3.6442475       16.043872       39.337162
1.000       3.7070793       15.399990       39.745350
1.000       3.7699112       15.006429       40.732492
1.000       3.8327430       14.778853       42.154126
1.000       3.8955749       14.387003       43.087893
1.000       3.9584067       14.062631       44.187363
1.000       4.0212386       13.744489       45.277077
1.000       4.1469023       12.935716       46.733911
1.000       4.2725660       12.166173       48.071824
1.000       4.3982297       11.482569       49.492917
1.000       4.5238934       10.919208       51.215153
1.000       4.6495571       10.627952       54.119602
1.000       4.7752208       10.077940       55.593296
1.000       4.9008845       9.7075433       57.889928
1.000       5.0265482       8.9240500       57.417175
1.000       5.1522120       8.6534781       59.957307
1.000       5.2778757       8.4426376       62.881931
1.000       5.4035394       7.9801745       63.784860
1.000       5.5292031       7.6040124       65.117946
1.000       5.6548668       7.3296580       67.146148
1.000       5.7805305       7.0077902       68.573203
1.000       5.9061942       6.7251094       70.192835
1.000       6.0318579       6.4576358       71.795482
1.000       6.1575216       6.3291642       74.857350
1.000       6.2831853       5.9546787       74.828700
1.000       6.4088490       5.8048971       77.411396
1.000       6.5345127       5.5904555       79.023649
1.000       6.6601764       5.3364631       79.869501
1.000       6.7858401       5.2026995       82.358773
1.000       6.9115038       4.9551685       82.879351
1.000       7.0371675       4.8576768       85.761535
1.000       7.1628313       4.5952692       85.553026
1.000       7.2884950       4.5399176       89.049565
1.000       7.4141587       4.3083436       88.954150
1.000       7.5398224       4.1832460       90.837883
1.000       7.6654861       4.0632873       92.718604
1.000       7.7911498       3.8867963       93.125090
1.000       7.9168135       3.7673659       94.702032
1.000       8.0424772       3.6634823       96.545908
1.000       8.2938046       3.4575469       99.930887
1.000       8.5451320       3.1668764       100.10545
1.000       8.7964594       3.0226514       104.22743
1.000       9.0477868       2.9438161       110.46076
1.000       9.2991143       2.6754903       108.99294
1.000       9.5504417       2.5914262       114.36140
1.000       9.8017691       2.4670906       117.69791
1.000       10.053096       2.2918550       117.96602
1.000       10.304424       2.1820803       120.95174
1.000       10.555751       2.0626940       122.90584
1.000       10.807079       1.9861959       127.00397
1.000       11.058406       1.8798320       128.78548
1.000       11.309734       1.7983576       131.79637
1.000       11.561061       1.6954633       132.72469
1.000       11.812388       1.6445918       137.32245
1.000       12.063716       1.5585612       138.62368
1.000       12.315043       1.5047534       142.37817
1.000       12.566371       1.4185632       142.60952
1.000       12.817698       1.3648999       145.61334
1.000       13.069025       1.2988984       146.88419
1.000       13.320353       1.2545897       150.21702
1.000       13.571680       1.2195597       154.44512
1.000       13.823008       1.1542409       154.44518
1.000       14.074335       1.1121163       157.07393
1.000       14.325663       1.0659208       158.75936
1.000       14.576990       1.0262492       161.03736
1.000       14.828317      0.99475942       164.30998
1.000       15.079645      0.95104886       165.21384
1.000       15.330972      0.91871527       167.71051
1.000       15.582300      0.88981976       170.55598
1.000       15.833627      0.84934192       170.80243
1.000       16.084954      0.81687639       172.22100
1.000       16.587609      0.76171602       176.12246
1.000       17.090264      0.70990837       179.52249
1.000       17.592919      0.66550619       183.58452
1.000       18.095574      0.61687988       185.17738
1.000       18.598229      0.59782767       194.83232
1.000       19.100883      0.55649552       196.46821
1.000       19.603538      0.50647375       193.29944
1.000       20.106193      0.48404873       199.31908
1.000       20.608848      0.45906218       203.56491
1.000       21.111503      0.42900005       204.49611
1.000       21.614157      0.40623339       207.80731
1.000       22.116812      0.38190710       209.31270
1.000       22.619467      0.36289983       212.76693
1.000       23.122122      0.33714086       211.13718
1.000       23.624777      0.32856531       219.48008
1.000       24.127432      0.30947234       220.20409
1.000       24.630086      0.28954403       219.17079
1.000       25.132741      0.27622736       222.15522
1.000       25.635396      0.26066094       222.46737
1.000       26.138051      0.25133717       227.37703
1.000       26.640706      0.23472104       224.83269
1.000       27.143361      0.22816213       231.15573
1.000       27.646015      0.21855539       233.95343
1.000       28.148670      0.20766340       234.64098
1.000       28.651325      0.19932409       237.50032
1.000       29.153980      0.19059721       239.26564
1.000       29.656635      0.17749193       234.53867
1.000       30.159289      0.17295658       240.36468
1.000       30.661944      0.16383587       239.26454
1.000       31.164599      0.15808166       242.40210
1.000       31.667254      0.15474179       248.94826
1.000       32.169909      0.14385203       242.62511
1.000       33.175218      0.13252361       245.13476
1.000       34.180528      0.12308456       249.00620
1.000       35.185838      0.11738505       259.05187
1.000       36.191147      0.10342049       248.36129
1.000       37.196457     0.094667835       246.81834
1.000       38.201767     0.087402711       246.85703
1.000       39.207076     0.082297452       251.27543
1.000       40.212386     0.076797900       252.98754
1.000       41.217696     0.070170899       248.93068
1.000       42.223005     0.064483348       245.90381
1.000       43.228315     0.060037707       245.69667
1.000       44.233625     0.057196309       250.78170
1.000       45.238934     0.051986738       243.83718
1.000       46.244244     0.048667641       243.82802
1.000       47.249554     0.046531089       248.66039
1.000       48.254863     0.041102936       233.97334
1.000       49.260173     0.041607618       251.95960
1.000       50.265482     0.038181021       245.65599
1.000       51.270792     0.035303852       241.04739
1.000       52.276102     0.034449418       249.32265
1.000       53.281411     0.030880351       236.63536
1.000       54.286721     0.029334063       237.75152
1.000       55.292031     0.027090840       231.99592
1.000       56.297340     0.027300236       246.77451
1.000       57.302650     0.025132017       239.56409
1.000       58.307960     0.021854033       219.47517
1.000       59.313269     0.023079109       243.97476
1.000       60.318579     0.020855123       231.86560
1.000       61.323889     0.019955279       233.14017
1.000       62.329198     0.018653844       228.83014
1.000       63.334508     0.017152690       220.76169
1.000       64.339818     0.016582000       223.74155
1.000       66.350437     0.015240255       225.52457
1.000       68.361056     0.013738735       222.35315
1.000       70.371675     0.012155786       214.60854
1.000       72.382295     0.011895571       228.53493
1.000       74.392914     0.012503647       260.79646
1.000       76.403533    0.0079158469       178.85784
1.000       78.414153    0.0087464626       213.64172
1.000       80.424772    0.0081828631       215.64781
1.000       82.435391    0.0078862907       223.81240
1.000       84.446011    0.0067399293       205.61889
1.000       86.456630    0.0058983984       193.10756
1.000       88.467249    0.0060784845       213.21274
1.000       90.477868    0.0049023568       183.95104
1.000       92.488488    0.0039964471       160.17966
1.000       94.499107    0.0044286671       189.33304
1.000       96.509726    0.0046409614       211.34475
1.000       98.520346    0.0038352017       185.79595
1.000       100.53096    0.0034974563       180.02056
1.000       102.54158    0.0029113386       159.02414
1.000       104.55220    0.0042493910       246.03479
1.000       106.56282    0.0029580261       181.33824
1.000       108.57344    0.0020808778       134.92352
1.000       110.58406    0.0026615755       182.34197
1.000       112.59468    0.0028767213       208.02794
1.000       114.60530    0.0022140980       168.84228
1.000       116.61592    0.0022576992       181.38854
1.000       118.62654    0.0021226178       179.50958
1.000       120.63716    0.0013143474       116.90248
1.000       122.64778    0.0020459053       191.22067
1.000       124.65840    0.0020927308       205.37531
1.000       126.66902    0.0020526639       211.34856
1.000       128.67964    0.0014399887       155.43858
1.000       132.70087    0.0015526340       183.80643
1.000       136.72211   0.00040464426       52.391390
1.000       140.74335    0.0015467673       218.46351
1.000       144.76459   0.00043983623       67.600248
1.000       148.78583    0.0015914576       265.55228
1.000       152.80707    0.0017420089       314.88426
1.000       156.82831   0.00090406185       176.66143
1.000       160.84954    0.0010399524       219.25183
1.000       164.87078    0.0016118697       365.95803
1.000       168.89202    0.0010963594       267.57812
1.000       172.91326    0.0011735832       307.37534
1.000       176.93450   0.00065208079       182.98236
1.000       180.95574   0.00019924425       59.809906
1.000       184.97698   0.00038262063       122.68506
1.000       188.99821   0.00032539567       111.28974
1.000       193.01945   0.00027958768       101.85715
1.000       197.04069  -0.00056910611      -220.56229
1.000       201.06193    0.0011305917       465.54920
1.000       205.08317   0.00090941678       397.39580
1.000       209.10441   0.00063249037       292.96365
1.000       213.12565  -0.00023886275      -117.14555
1.000       217.14688   0.00024130594       125.16966
1.000       221.16812   0.00039884262       218.59459
1.000       225.18936   0.00032948193       190.60991
1.000       229.21060  -0.00011394727      -69.514961
1.000       233.23184   1.0746680e-05       6.9072964
1.000       237.25308  -9.0308145e-05      -61.098809
1.000       241.27432  -0.00012218945      -86.943528
1.000       245.29555   0.00071328636       533.33884
1.000       249.31679    0.0010908647       856.43763
1.000       253.33803   0.00045601560       375.62210
1.000       257.35927   0.00068418773       590.83334
1.000       265.40175   0.00081547836       772.31422
1.000       273.44422  -0.00063955498      -662.45199
1.000       281.48670  -0.00033795484      -381.85860
1.000       289.52918    0.0012782235       1571.6437
1.000       297.57166   0.00018325052       244.61898
1.000       305.61413  -0.00090362985      -1306.7158
1.000       313.65661   -0.0014556292      -2275.5393
1.000       321.69909  -0.00052791574      -890.39838
1.000       329.74156  -0.00024810914      -450.64454
1.000       337.78404   0.00080727409       1576.1903
1.000       345.82652   0.00070607878       1479.4432
1.000       353.86900   0.00070512656       1582.9415
1.000       361.91147   5.1262205e-05       123.10469
1.000       369.95395  -0.00083224413      -2134.8335
1.000       377.99643   0.00072911829       1994.9469
1.000       386.03891   0.00033025537       962.52801
1.000       394.08138  -0.00014328327      -444.24598
1.000       402.12386  -6.1161908e-05      -201.47948
1.000       410.16634   0.00027829037       972.85582
1.000       418.20881   -0.0010445255      -3870.5157
1.000       426.25129  -0.00038589007      -1514.0178
1.000       434.29377  -0.00076708839      -3183.2186
1.000       442.33625  -0.00051607841      -2262.7863
1.000       450.37872  -0.00069583415      -3220.3983
1.000       458.42120   0.00027056676       1320.5012
1.000       466.46368   0.00022850238       1174.9367
1.000       474.50615  -9.9128196e-05      -536.52876
1.000       482.54863   0.00021435980       1220.2164
1.000       490.59111   0.00018764939       1122.4744
1.000       498.63359   0.00032315351       2029.6620
1.000       506.67606  -0.00051958720      -3423.8905
1.000       514.71854  -0.00021564993      -1489.8036
0.750     0.015707963       4307.9531   0.00084586462
0.750     0.031415927       11105.036     0.017443749
0.750     0.047123890       5828.9263     0.030901689
0.750     0.062831853       4757.7913     0.059788169
0.750     0.078539816       3614.1518     0.088704630
0.750     0.094247780       2949.6338      0.12509840
0.750      0.10995574       2398.8617      0.16155828
0.750      0.12566371       2015.7069      0.20264096
0.750      0.14137167       1557.0383      0.22287262
0.750      0.15707963       1428.9028      0.28056442
0.750      0.17278760       1256.0104      0.32824732
0.750      0.18849556       1087.2361      0.36889053
0.750      0.20420352       988.65381      0.42648542
0.750      0.21991149       906.44440      0.48837696
0.750      0.23561945       797.36133      0.52839517
0.750      0.25132741       746.68618      0.60052066
0.750      0.26703538       654.91285      0.63177170
0.750      0.28274334       620.47808      0.71051598
0.750      0.29845130       559.82740      0.75395399
0.750      0.31415927       522.27259      0.82038387
0.750      0.32986723       486.26691      0.88422439
0.750      0.34557519       437.89056      0.91551088
0.750      0.36128316       426.62868       1.0192095
0.750      0.37699112       401.78877       1.0905898
0.750      0.39269908       371.42465       1.1395166
0.750      0.40840704       357.58274       1.2340322
0.750      0.42411501       336.67823       1.3011765
0.750      0.43982297       316.46586       1.3640518
0.750      0.45553093       301.41876       1.4434248
0.750      0.47123890       292.71508       1.5518108
0.750      0.48694686       274.38728       1.6050144
0.750      0.50265482       267.02277       1.7180196
0.750      0.51836279       255.03601       1.7995885
0.750      0.53407075       245.82097       1.8970797
0.750      0.54977871       239.40534       2.0154306
0.750      0.56548668       228.04280       2.0890737
0.750      0.58119464       225.77045       2.2454436
0.750      0.59690260       215.59832       2.3228762
0.750      0.61261057       211.04186       2.4580590
0.750      0.62831853       203.57188       2.5581597
0.750      0.64402649       196.60839       2.6606241
0.750      0.65973446       189.67902       2.7592881
0.750      0.67544242       186.71643       2.9148607
0.750      0.69115038       182.16221       3.0468159
0.750      0.70685835       175.29328       3.1364090
0.750      0.72256631       171.70815       3.2816653
0.750      0.73827427       164.88844       3.3613496
0.750      0.75398224       162.49207       3.5284648
0.750      0.76969020       159.07058       3.6745825
0.750      0.78539816       156.45254       3.8399231
0.750      0.80110613       152.17976       3.9636683
0.750      0.81681409       147.87562       4.0825968
0.750      0.83252205       144.34984       4.2196244
0.750      0.84823002       143.56864       4.4388530
0.750      0.86393798       138.47724       4.5237268
0.750      0.87964594       135.28996       4.6650849
0.750      0.89535391       131.99295       4.7996015
0.750      0.91106187       131.09643       5.0223240
0.750      0.92676983       128.73592       5.1914142
0.750      0.94247780       126.33449       5.3580354
0.750      0.95818576       124.71605       5.5582969
0.750      0.97389372       122.60036       5.7371567
0.750      0.98960169       120.83715       5.9326948
0.750       1.0053096       118.07698       6.0776410
0.750       1.0367256       113.09024       6.3839112
0.750       1.0681415       109.71715       6.7737808
0.750       1.0995574       105.55261       7.1087457
0.750       1.1309734       105.69407       7.7460092
0.750       1.1623893       101.14222       8.0474362
0.750       1.1938052       97.345242       8.3904527
0.750       1.2252211       95.577852       8.9057595
0.750       1.2566371       91.998047       9.2486525
0.750       1.2880530       90.416178       9.7885326
0.750       1.3194689       86.968966       10.121201
0.750       1.3508848       85.873347       10.724662
0.750       1.3823008       83.825450       11.216408
0.750       1.4137167       81.465373       11.660857
0.750       1.4451326       79.877391       12.212856
0.750       1.4765485       77.130229       12.578767
0.750       1.5079645       75.148650       13.054636
0.750       1.5393804       73.585174       13.598733
0.750       1.5707963       71.971977       14.131665
0.750       1.6022123       70.800821       14.752604
0.750       1.6336282       68.631645       15.158433
0.750       1.6650441       67.515160       15.788788
0.750       1.6964600       66.475913       16.442410
0.750       1.7278760       64.575798       16.876319
0.750       1.7592919       62.710752       17.299198
0.750       1.7907078       61.862315       17.995777
0.750       1.8221237       60.185623       18.445763
0.750       1.8535397       58.889569       18.998280
0.750       1.8849556       57.990813       19.675819
0.750       1.9163715       56.660529       20.201797
0.750       1.9477874       55.696097       20.850655
0.750       1.9792034       55.234764       21.694719
0.750       2.0106193       53.340480       21.964267
0.750       2.0734512       50.418971       22.769089
0.750       2.1362830       49.585418       24.490666
0.750       2.1991149       47.569659       25.629730
0.750       2.2619467       45.386401       26.609892
0.750       2.3247786       43.985053       27.997558
0.750       2.3876104       42.521127       29.320098
0.750       2.4504423       40.700187       30.338918
0.750       2.5132741       39.617658       31.862411
0.750       2.5761060       37.790250       32.729638
0.750       2.6389378       37.103870       34.544344
0.750       2.7017697       36.347886       36.315698
0.750       2.7646015       33.871397       36.257762
0.750       2.8274334       33.754413       38.652533
0.750       2.8902652       32.141054       39.313660
0.750       2.9530971       31.902037       41.621895
0.750       3.0159289       30.170079       41.928568
0.750       3.0787608       29.023751       42.909322
0.750       3.1415927       28.419483       44.641219
0.750       3.2044245       27.308247       45.521253
0.750       3.2672564       26.293084       46.458097
0.750       3.3300882       25.674138       48.032296
0.750       3.3929201       24.909431       49.289561
0.750       3.4557519       24.446115       51.110223
0.750       3.5185838       23.668308       52.232541
0.750       3.5814156       22.657056       52.727588
0.750       3.6442475       22.211772       54.459927
0.750       3.7070793       21.415754       55.271249
0.750       3.7699112       20.870754       56.650240
0.750       3.8327430       20.253483       57.769565
0.750       3.8955749       19.631957       58.796100
0.750       3.9584067       19.273710       60.561529
0.750       4.0212386       18.629612       61.369644
0.750       4.1469023       17.870197       64.561114
0.750       4.2725660       16.828980       66.495826
0.750       4.3982297       16.095337       69.375169
0.750       4.5238934       15.074481       70.704936
0.750       4.6495571       14.654827       74.625234
0.750       4.7752208       13.851487       76.409445
0.750       4.9008845       13.186541       78.636568
0.750       5.0265482       12.519907       80.552855
0.750       5.1522120       11.921019       82.597099
0.750       5.2778757       11.321475       84.323908
0.750       5.4035394       10.721593       85.696788
0.750       5.5292031       10.304688       88.245535
0.750       5.6548668       9.9408987       91.067422
0.750       5.7805305       9.4867758       92.830777
0.750       5.9061942       9.1430394       95.429801
0.750       6.0318579       8.6900453       96.615233
0.750       6.1575216       8.3875428       99.202551
0.750       6.2831853       8.1548726       102.47715
0.750       6.4088490       7.7452787       103.28742
0.750       6.5345127       7.5453768       106.65736
0.750       6.6601764       7.2143052       107.97469
0.750       6.7858401       6.9815521       110.51802
0.750       6.9115038       6.7500065       112.89952
0.750       7.0371675       6.4552800       113.96697
0.750       7.1628313       6.2631837       116.60564
0.750       7.2884950       6.0872174       119.39954
0.750       7.4141587       5.8218485       120.20341
0.750       7.5398224       5.6725867       123.17845
0.750       7.6654861       5.4498900       124.35896
0.750       7.7911498       5.2710648       126.29125
0.750       7.9168135       5.1223402       128.76265
0.750       8.0424772       4.9556560       130.59932
0.750       8.2938046       4.5785329       132.32990
0.750       8.5451320       4.3825065       138.53170
0.750       8.7964594       4.0497117       139.64265
0.750       9.0477868       3.8942659       146.12447
0.750       9.2991143       3.6001646       146.66192
0.750       9.5504417       3.4229274       151.05612
0.750       9.8017691       3.2447472       154.79771
0.750       10.053096       3.1178687       160.48248
0.750       10.304424       2.9972494       166.13621
0.750       10.555751       2.7945922       166.51607
0.750       10.807079       2.6786791       171.28364
0.750       11.058406       2.5279149       173.18502
0.750       11.309734       2.4424397       178.99926
0.750       11.561061       2.3234129       181.88200
0.750       11.812388       2.2205956       185.41843
0.750       12.063716       2.0917805       186.04999
0.750       12.315043       2.0267573       191.76962
0.750       12.566371       1.9598809       197.02871
0.750       12.817698       1.8322583       195.47313
0.750       13.069025       1.8026027       203.84492
0.750       13.320353       1.6842945       201.66730
0.750       13.571680       1.6361283       207.19939
0.750       13.823008       1.5706683       210.16596
0.750       14.074335       1.4945684       211.09100
0.750       14.325663       1.4531990       216.44098
0.750       14.576990       1.3800879       216.56116
0.750       14.828317       1.3444239       222.06601
0.750       15.079645       1.2910147       224.27186
0.750       15.330972       1.2213137       222.94954
0.750       15.582300       1.1968065       229.39758
0.750       15.833627       1.1581149       232.89660
0.750       16.084954       1.1152661       235.13012
0.750       16.587609       1.0452034       241.66985
0.750       17.090264      0.95867780       242.43161
0.750       17.592919      0.89424438       246.68354
0.750       18.095574      0.86118545       258.51397
0.750       18.598229      0.78998393       257.45614
0.750       19.100883      0.75363633       266.06787
0.750       19.603538      0.70222226       268.00830
0.750       20.106193      0.65743502       270.71519
0.750       20.608848      0.61995959       274.91268
0.750       21.111503      0.57954807       276.25946
0.750       21.614157      0.54930681       280.99602
0.750       22.116812      0.51571849       282.65102
0.750       22.619467      0.49233110       288.65205
0.750       23.122122      0.47005562       294.37611
0.750       23.624777      0.44473156       297.07858
0.750       24.127432      0.41951923       298.50761
0.750       24.630086      0.40090541       303.46596
0.750       25.132741      0.37261953       299.67840
0.750       25.635396      0.36590574       312.29108
0.750       26.138051      0.34200282       309.39946
0.750       26.640706      0.32603433       312.29913
0.750       27.143361      0.30851078       312.55860
0.750       27.646015      0.30202752       323.30649
0.750       28.148670      0.28368247       320.53570
0.750       28.651325      0.26884756       320.33950
0.750       29.153980      0.25996617       326.34777
0.750       29.656635      0.24899233       329.01965
0.750       30.159289      0.23864436       331.65362
0.750       30.661944      0.22715888       331.74092
0.750       31.164599      0.21536792       330.24474
0.750       31.667254      0.21025268       338.25405
0.750       32.169909      0.19842700       334.67288
0.750       33.175218      0.18460892       341.47925
0.750       34.180528      0.16360239       330.97578
0.750       35.185838      0.15474695       341.50420
0.750       36.191147      0.14429394       346.51769
0.750       37.196457      0.13204341       344.26407
0.750       38.201767      0.12277772       346.76892
0.750       39.207076      0.11103564       339.02055
0.750       40.212386      0.10541606       347.26145
0.750       41.217696     0.095365245       338.30741
0.750       42.223005     0.092304983       352.00013
0.750       43.228315     0.085829811       351.24758
0.750       44.233625     0.079087540       346.76552
0.750       45.238934     0.071846939       336.98892
0.750       46.244244     0.069045197       345.92088
0.750       47.249554     0.063471418       339.18887
0.750       48.254863     0.060687893       345.45826
0.750       49.260173     0.057359456       347.34662
0.750       50.265482     0.054035163       347.66125
0.750       51.270792     0.049975078       341.21948
0.750       52.276102     0.046589881       337.18748
0.750       53.281411     0.044279885       339.31566
0.750       54.286721     0.041295900       334.70179
0.750       55.292031     0.039908903       341.76507
0.750       56.297340     0.038419501       347.28467
0.750       57.302650     0.035007037       333.69503
0.750       58.307960     0.033045810       331.87168
0.750       59.313269     0.032087047       339.19981
0.750       60.318579     0.030108684       334.74595
0.750       61.323889     0.028863952       337.22138
0.750       62.329198     0.026547479       325.66281
0.750       63.334508     0.025238293       324.82649
0.750       64.339818     0.024201118       326.54660
0.750       66.350437     0.021318953       315.47684
0.750       68.361056     0.018826967       304.70312
0.750       70.371675     0.018416004       325.13172
0.750       72.382295     0.014596154       280.41790
0.750       74.392914     0.014503480       302.50822
0.750       76.403533     0.014201106       320.87270
0.750       78.414153     0.011613018       283.66042
0.750       80.424772     0.010877421       286.65909
0.750       82.435391     0.010411890       295.48874
0.750       84.446011    0.0089332735       272.53250
0.750       86.456630    0.0085003292       278.29212
0.750       88.467249    0.0077456772       271.69223
0.750       90.477868    0.0078466080       294.42813
0.750       92.488488    0.0067758919       271.58124
0.750       94.499107    0.0059309830       253.55960
0.750       96.509726    0.0051487922       234.47086
0.750       98.520346    0.0056069398       271.62762
0.750       100.53096    0.0047885578       246.47595
0.750       102.54158    0.0047190950       257.76803
0.750       104.55220    0.0043202708       250.13865
0.750       106.56282    0.0035943447       220.34699
0.750       108.57344    0.0037506618       243.19183
0.750       110.58406    0.0040288004       276.00924
0.750       112.59468    0.0033476561       242.08324
0.750       114.60530    0.0029063601       221.63268
0.750       116.61592    0.0028826526       231.59868
0.750       118.62654    0.0028590932       241.79323
0.750       120.63716    0.0025078771       223.05902
0.750       122.64778    0.0022075471       206.32853
0.750       124.65840    0.0028655951       281.22226
0.750       126.66902    0.0023424616       241.18701
0.750       128.67964    0.0023118890       249.55525
0.750       132.70087    0.0041959166       496.72779
0.750       136.72211    0.0023715107       307.05178
0.750       140.74335    0.0014750116       208.32881
0.750       144.76459   0.00074191039       114.02727
0.750       148.78583    0.0016411912       273.85088
0.750       152.80707    0.0018672893       337.52984
0.750       156.82831    0.0017212808       336.35301
0.750       160.84954   0.00060113038       126.73555
0.750       164.87078   0.00080327583       182.37531
0.750       168.89202    0.0010955796       267.38780
0.750       172.91326   0.00091645866       240.03138
0.750       176.93450   0.00031100492       87.272029
0.750       180.95574   0.00010092642       30.296481
0.750       184.97698   0.00061023286       195.66758
0.750       188.99821   0.00060409973       206.61031
0.750       193.01945  -9.7027718e-05      -35.348364
0.750       197.04069   0.00080298320       311.20351
0.750       201.06193   0.00033103565       136.31215
0.750       205.08317   0.00042611434       186.20291
0.750       209.10441   4.9382827e-05       22.873666
0.750       213.12565   0.00079517243       389.97675
0.750       217.14688   0.00094798343       491.73578
0.750       221.16812   7.7217233e-05       42.320626
0.750       225.18936   0.00016770606       97.020305
0.750       229.21060   0.00092216173       562.57632
0.750       233.23184   0.00063316751       406.96062
0.750       237.25308   0.00058030194       392.60863
0.750       241.27432   0.00089727762       638.45512
0.750       245.29555   0.00035267453       263.70198
0.750       249.31679  -0.00010022719      -78.688342
0.750       253.33803   0.00029747826       245.03418
0.750       257.35927   0.00069402815       599.33107
0.750       265.40175  -0.00029549074      -279.85011
0.750       273.44422  -0.00027001696      -279.68396
0.750       281.48670   0.00037574736       424.56075
0.750       289.52918    0.0013053707       1605.0225
0.750       297.57166  -0.00014719143      -196.48412
0.750       305.61413   0.00065499115       947.16577
0.750       313.65661   4.8775661e-05       76.249458
0.750       321.69909  -0.00022278430      -375.75462
0.750       329.74156   4.6875935e-06       8.5141499
0.750       337.78404   7.6859356e-06       15.006672
0.750       345.82652  -0.00032166362      -673.98011
0.750       353.86900   0.00013918727       312.46208
0.750       361.91147  -0.00020502347      -492.35789
0.750       369.95395  -9.8555572e-06      -25.281012
0.750       377.99643  -0.00036287880      -992.87585
0.750       386.03891  -0.00048559098      -1415.2530
0.750       394.08138  -2.3696505e-05      -73.470383
0.750       402.12386  -0.00026116852      -860.34098
0.750       410.16634  -0.00016330105      -570.87271
0.750       418.20881   0.00040516869       1501.3629
0.750       426.25129   0.00087499977       3433.0120
0.750       434.29377  -0.00012575451      -521.84873
0.750       442.33625   0.00022579180       990.00186
0.750       450.37872  -0.00043934606      -2033.3427
0.750       458.42120  -9.5671292e-05      -466.92376
0.750       466.46368  -7.3380349e-05      -377.31452
0.750       474.50615  -0.00017751917      -960.81785
0.750       482.54863  -0.00098988939      -5634.8219
0.750       490.59111  -6.1520316e-05      -368.00002
0.750       498.63359  -9.3260040e-05      -585.74749
0.750       506.67606   4.8311432e-05       318.35475
0.750       514.71854  -0.00023685276      -1636.2820
0.500     0.015707963       5497.9224    0.0010795145
0.500     0.031415927       14185.289     0.022282200
0.500     0.047123890       7421.5465     0.039344866
0.500     0.062831853       6087.0357     0.076491947
0.500     0.078539816       4629.0029      0.11361282
0.500     0.094247780       3772.5743      0.16000054
0.500      0.10995574       3071.3001      0.20684559
0.500      0.12566371       2565.3270      0.25789480
0.500      0.14137167       2011.7872      0.28796484
0.500      0.15707963       1853.4755      0.36392907
0.500      0.17278760       1637.5736      0.42796551
0.500      0.18849556       1406.7952      0.47731436
0.500      0.20420352       1292.8364      0.55770369
0.500      0.21991149       1183.1513      0.63746195
0.500      0.23561945       1047.8385      0.69438129
0.500      0.25132741       984.04911      0.79141926
0.500      0.26703538       868.03264      0.83736096
0.500      0.28274334       825.41294      0.94518904
0.500      0.29845130       751.43509       1.0120039
0.500      0.31415927       705.34792       1.1079579
0.500      0.32986723       658.77797       1.1979173
0.500      0.34557519       598.89053       1.2521183
0.500      0.36128316       581.60667       1.3894495
0.500      0.37699112       551.68049       1.4974462
0.500      0.39269908       513.89417       1.5766076
0.500      0.40840704       491.68104       1.6968107
0.500      0.42411501       468.82486       1.8118900
0.500      0.43982297       443.27603       1.9106372
0.500      0.45553093       417.43636       1.9990063
0.500      0.47123890       409.28863       2.1698181
0.500      0.48694686       384.58870       2.2496320
0.500      0.50265482       376.12362       2.4199725
0.500      0.51836279       360.30477       2.5423874
0.500      0.53407075       347.47803       2.6815999
0.500      0.54977871       336.30275       2.8311602
0.500      0.56548668       322.51064       2.9544826
0.500      0.58119464       320.93063       3.1918776
0.500      0.59690260       308.64595       3.3253799
0.500      0.61261057       303.21277       3.5315975
0.500      0.62831853       292.11429       3.6708164
0.500      0.64402649       283.03831       3.8302461
0.500      0.65973446       274.89789       3.9989794
0.500      0.67544242       270.28638       4.2194846
0.500      0.69115038       263.99970       4.4156165
0.500      0.70685835       256.00762       4.5805785
0.500      0.72256631       248.69520       4.7530326
0.500      0.73827427       239.00471       4.8722540
0.500      0.75398224       236.36670       5.1326292
0.500      0.76969020       231.18985       5.3405611
0.500      0.78539816       230.04584       5.6461743
0.500      0.80110613       222.85544       5.8044845
0.500      0.81681409       215.87999       5.9600830
0.500      0.83252205       211.77234       6.1905143
0.500      0.84823002       211.16997       6.5289497
0.500      0.86393798       204.39442       6.6770864
0.500      0.87964594       199.62927       6.8836407
0.500      0.89535391       193.91974       7.0514183
0.500      0.91106187       193.02125       7.3946734
0.500      0.92676983       190.12330       7.6669258
0.500      0.94247780       186.01431       7.8891460
0.500      0.95818576       184.45707       8.2208118
0.500      0.97389372       180.87728       8.4642596
0.500      0.98960169       178.28887       8.7533798
0.500       1.0053096       175.46577       9.0315483
0.500       1.0367256       167.22081       9.4395657
0.500       1.0681415       162.31555       10.021131
0.500       1.0995574       156.33064       10.528539
0.500       1.1309734       156.73740       11.486825
0.500       1.1623893       151.94362       12.089477
0.500       1.1938052       145.48103       12.539408
0.500       1.2252211       142.06910       13.237724
0.500       1.2566371       136.85157       13.757821
0.500       1.2880530       134.67544       14.580079
0.500       1.3194689       130.03364       15.132945
0.500       1.3508848       127.15860       15.880749
0.500       1.3823008       124.84861       16.705582
0.500       1.4137167       121.98849       17.461288
0.500       1.4451326       118.03446       18.046882
0.500       1.4765485       113.04136       18.435326
0.500       1.5079645       111.17762       19.313498
0.500       1.5393804       108.94091       20.132565
0.500       1.5707963       107.56170       21.119691
0.500       1.6022123       104.91403       21.860695
0.500       1.6336282       100.90756       22.287104
0.500       1.6650441       99.069745       23.167999
0.500       1.6964600       97.311107       24.069306
0.500       1.7278760       94.773894       24.768327
0.500       1.7592919       92.172897       25.426536
0.500       1.7907078       90.784214       26.409172
0.500       1.8221237       88.471093       27.114728
0.500       1.8535397       86.608462       27.940633
0.500       1.8849556       84.803494       28.773148
0.500       1.9163715       83.359052       29.720913
0.500       1.9477874       81.115024       30.366606
0.500       1.9792034       81.319078       31.939931
0.500       2.0106193       78.012535       32.123599
0.500       2.0734512       73.978816       33.408660
0.500       2.1362830       71.894767       35.509446
0.500       2.1991149       69.159672       37.262065
0.500       2.2619467       66.520941       39.001001
0.500       2.3247786       63.760417       40.585060
0.500       2.3876104       62.837878       43.329349
0.500       2.4504423       58.114489       43.319966
0.500       2.5132741       57.622264       46.342574
0.500       2.5761060       54.980979       47.618302
0.500       2.6389378       52.975414       49.321025
0.500       2.7017697       51.978053       51.932023
0.500       2.7646015       48.812872       52.251920
0.500       2.8274334       48.593371       55.644780
0.500       2.8902652       46.025513       56.296578
0.500       2.9530971       44.769946       58.410377
0.500       3.0159289       42.856326       59.559153
0.500       3.0787608       41.821363       61.829579
0.500       3.1415927       40.097539       62.985067
0.500       3.2044245       39.707112       66.189438
0.500       3.2672564       38.078140       67.281493
0.500       3.3300882       36.277430       67.869396
0.500       3.3929201       35.456739       70.160058
0.500       3.4557519       34.564855       72.265777
0.500       3.5185838       33.096971       73.040241
0.500       3.5814156       32.225129       74.994446
0.500       3.6442475       31.625634       77.541301
0.500       3.7070793       30.346476       78.320269
0.500       3.7699112       29.613765       80.381711
0.500       3.8327430       28.720140       81.919242
0.500       3.8955749       28.116224       84.205784
0.500       3.9584067       27.196622       85.456771
0.500       4.0212386       26.678628       87.884701
0.500       4.1469023       25.339332       91.545465
0.500       4.2725660       23.975991       94.735590
0.500       4.3982297       22.501112       96.985756
0.500       4.5238934       21.479100       100.74498
0.500       4.6495571       20.151141       102.61354
0.500       4.7752208       18.917986       104.35795
0.500       4.9008845       17.973498       107.18309
0.500       5.0265482       17.443590       112.23174
0.500       5.1522120       16.755038       116.09054
0.500       5.2778757       15.989875       119.09480
0.500       5.4035394       15.122826       120.87547
0.500       5.5292031       14.722831       126.08087
0.500       5.6548668       14.196104       130.04886
0.500       5.7805305       13.537090       132.46424
0.500       5.9061942       13.089542       136.62113
0.500       6.0318579       12.316942       136.93878
0.500       6.1575216       11.831831       139.93942
0.500       6.2831853       11.259186       141.48710
0.500       6.4088490       10.933649       145.80604
0.500       6.5345127       10.494920       148.35050
0.500       6.6601764       10.266172       153.65121
0.500       6.7858401       9.7825244       154.85744
0.500       6.9115038       9.4271788       157.67748
0.500       7.0371675       9.1905194       162.25720
0.500       7.1628313       8.9004108       165.70456
0.500       7.2884950       8.4487130       165.71980
0.500       7.4141587       8.2166566       169.64889
0.500       7.5398224       7.8831319       171.17975
0.500       7.6654861       7.5630923       172.57932
0.500       7.7911498       7.4730308       179.04891
0.500       7.9168135       7.2383058       181.95267
0.500       8.0424772       6.9321048       182.68584
0.500       8.2938046       6.4683906       186.95104
0.500       8.5451320       6.1634209       194.82667
0.500       8.7964594       5.6520422       194.89440
0.500       9.0477868       5.4097850       202.99126
0.500       9.2991143       5.1221670       208.66458
0.500       9.5504417       4.8737240       215.08076
0.500       9.8017691       4.6855839       223.53595
0.500       10.053096       4.4017490       226.56618
0.500       10.304424       4.1864879       232.05517
0.500       10.555751       3.9524049       235.50446
0.500       10.807079       3.7848357       242.01498
0.500       11.058406       3.5521826       243.35661
0.500       11.309734       3.4081678       249.77464
0.500       11.561061       3.2305329       252.89340
0.500       11.812388       3.1072823       259.45624
0.500       12.063716       2.9834673       265.35961
0.500       12.315043       2.8264641       267.43704
0.500       12.566371       2.7399641       275.45124
0.500       12.817698       2.6240154       279.94115
0.500       13.069025       2.4905982       281.64597
0.500       13.320353       2.3668022       283.38666
0.500       13.571680       2.2962952       290.80297
0.500       13.823008       2.1964402       293.89845
0.500       14.074335       2.1295359       300.77303
0.500       14.325663       2.0186681       300.66255
0.500       14.576990       1.9643027       308.23520
0.500       14.828317       1.8745679       309.63286
0.500       15.079645       1.7961742       312.02691
0.500       15.330972       1.7476702       319.03536
0.500       15.582300       1.6734250       320.75332
0.500       15.833627       1.6220493       326.19367
0.500       16.084954       1.5744234       331.93365
0.500       16.587609       1.4204267       328.42823
0.500       17.090264       1.3521567       341.93504
0.500       17.592919       1.2729509       351.15237
0.500       18.095574       1.1917596       357.74700
0.500       18.598229       1.1186343       364.56347
0.500       19.100883       1.0345804       365.25389
0.500       19.603538      0.99753244       380.71560
0.500       20.106193      0.92897282       382.52763
0.500       20.608848      0.88232882       391.25677
0.500       21.111503      0.83049271       395.87996
0.500       21.614157      0.78026936       399.14413
0.500       22.116812      0.73900073       405.02583
0.500       22.619467      0.69267999       406.11591
0.500       23.122122      0.65853319       412.41171
0.500       23.624777      0.62457406       417.21253
0.500       24.127432      0.59251619       421.60307
0.500       24.630086      0.57533528       435.50092
0.500       25.132741      0.53961800       433.98654
0.500       25.635396      0.51895823       442.91741
0.500       26.138051      0.49613356       448.83681
0.500       26.640706      0.46609534       446.45963
0.500       27.143361      0.44363324       449.45393
0.500       27.646015      0.42658195       456.63623
0.500       28.148670      0.40886339       461.97889
0.500       28.651325      0.38148280       454.54759
0.500       29.153980      0.37364342       469.05216
0.500       29.656635      0.35944318       474.96993
0.500       30.159289      0.33733384       468.80635
0.500       30.661944      0.32484092       474.39496
0.500       31.164599      0.30758516       471.65047
0.500       31.667254      0.29827830       479.86949
0.500       32.169909      0.28536010       481.29683
0.500       33.175218      0.26389134       488.13143
0.500       34.180528      0.24945650       504.66292
0.500       35.185838      0.22634412       499.50882
0.500       36.191147      0.20717785       497.53157
0.500       37.196457      0.19080156       497.45857
0.500       38.201767      0.18036254       509.40938
0.500       39.207076      0.16321233       498.32949
0.500       40.212386      0.15459249       509.25837
0.500       41.217696      0.14567406       516.77749
0.500       42.223005      0.13174667       502.40892
0.500       43.228315      0.12512238       512.04741
0.500       44.233625      0.11803555       517.53614
0.500       45.238934      0.10888772       510.72398
0.500       46.244244      0.10197008       510.87665
0.500       47.249554     0.094481360       504.90483
0.500       48.254863     0.089761176       510.95430
0.500       49.260173     0.086132313       521.58388
0.500       50.265482     0.080228171       516.18659
0.500       51.270792     0.074753248       510.39970
0.500       52.276102     0.070723845       511.85354
0.500       53.281411     0.066019138       505.90302
0.500       54.286721     0.063836044       517.38884
0.500       55.292031     0.058702945       502.71029
0.500       56.297340     0.054674075       494.21434
0.500       57.302650     0.052788730       503.19416
0.500       58.307960     0.049716298       499.28967
0.500       59.313269     0.046941415       496.22887
0.500       60.318579     0.043851591       487.53850
0.500       61.323889     0.041825372       488.65138
0.500       62.329198     0.040035945       491.12831
0.500       63.334508     0.037789519       486.36557
0.500       64.339818     0.036547155       493.13214
0.500       66.350437     0.032010006       473.68254
0.500       68.361056     0.029218123       472.87774
0.500       70.371675     0.027878429       492.18936
0.500       72.382295     0.025055120       481.35311
0.500       74.392914     0.023078043       481.35331
0.500       76.403533     0.019413328       438.64238
0.500       78.414153     0.018699270       456.74970
0.500       80.424772     0.016888296       445.06721
0.500       82.435391     0.015671256       444.74921
0.500       84.446011     0.014035448       428.18748
0.500       86.456630     0.011311825       370.33762
0.500       88.467249     0.012084737       423.89183
0.500       90.477868     0.011370233       426.64505
0.500       92.488488     0.010472857       419.75752
0.500       94.499107    0.0083467998       356.83987
0.500       96.509726    0.0081937978       373.13738
0.500       98.520346    0.0085455192       413.98680
0.500       100.53096    0.0069052515       355.42610
0.500       102.54158    0.0071664937       391.45068
0.500       104.55220    0.0071118631       411.76859
0.500       106.56282    0.0061868922       379.28001
0.500       108.57344    0.0058025508       376.23573
0.500       110.58406    0.0052173165       357.43333
0.500       112.59468    0.0051370204       371.47977
0.500       114.60530    0.0044581173       339.96629
0.500       116.61592    0.0040931648       328.85391
0.500       118.62654    0.0049062663       414.92246
0.500       120.63716    0.0035365820       314.55550
0.500       122.64778    0.0040626032       379.71146
0.500       124.65840    0.0045618175       447.68524
0.500       126.66902    0.0034234032       352.48408
0.500       128.67964    0.0028175720       304.14084
0.500       132.70087    0.0027721238       328.17405
0.500       136.72211    0.0026677909       345.41272
0.500       140.74335    0.0015419202       217.77891
0.500       144.76459    0.0024336110       374.03173
0.500       148.78583    0.0022076889       368.37727
0.500       152.80707    0.0013838938       250.15164
0.500       156.82831    0.0024680207       482.27240
0.500       160.84954    0.0023528167       496.04133
0.500       164.87078    0.0016078439       365.04401
0.500       168.89202    0.0018988798       463.44173
0.500       172.91326    0.0019267818       504.64700
0.500       176.93450    0.0015482947       434.47166
0.500       180.95574    0.0011909217       357.49548
0.500       184.97698   0.00069188706       221.84952
0.500       188.99821    0.0021351290       730.24313
0.500       193.01945   0.00088461036       322.27418
0.500       197.04069    0.0013182257       510.89048
0.500       201.06193   0.00042122645       173.45045
0.500       205.08317   0.00049302256       215.44038
0.500       209.10441   0.00080537823       373.04370
0.500       213.12565   0.00015538456       76.205313
0.500       217.14688    0.0010995729       570.36793
0.500       221.16812   8.9620497e-05       49.118512
0.500       225.18936    0.0014334782       829.28718
0.500       229.21060   0.00075928624       463.21209
0.500       233.23184   0.00052361023       336.54403
0.500       237.25308   1.2599514e-05       8.5243175
0.500       241.27432   0.00063693406       453.20846
0.500       245.29555   0.00029251157       218.71690
0.500       249.31679   0.00035375365       277.73191
0.500       253.33803   0.00074352296       612.44320
0.500       257.35927  -8.7580789e-05      -75.630777
0.500       265.40175    0.0012628603       1196.0157
0.500       273.44422   0.00083798620       867.98734
0.500       281.48670   0.00074796957       845.13840
0.500       289.52918   8.4889480e-05       104.37612
0.500       297.57166   0.00084040711       1121.8497
0.500       305.61413  -0.00081277619      -1175.3346
0.500       313.65661    0.0011618932       1816.3511
0.500       321.69909   0.00037246455       628.20978
0.500       329.74156    0.0015457958       2807.6533
0.500       337.78404   0.00011222881       219.12504
0.500       345.82652  -0.00011510102      -241.17058
0.500       353.86900  -0.00032364879      -726.56051
0.500       361.91147    0.0011020281       2646.4883
0.500       369.95395   3.9526090e-05       101.39047
0.500       377.99643  -0.00029238367      -799.99350
0.500       386.03891  -4.1997943e-05      -122.40284
0.500       394.08138   2.7014801e-05       83.758674
0.500       402.12386  -5.5252461e-05      -182.01258
0.500       410.16634   0.00084625354       2958.3585
0.500       418.20881  -0.00071189995      -2637.9634
0.500       426.25129  -0.00029890793      -1172.7483
0.500       434.29377  -0.00038698658      -1605.8943
0.500       442.33625   0.00051546610       2260.1015
0.500       450.37872   0.00031002088       1434.8113
0.500       458.42120   0.00030942023       1510.1255
0.500       466.46368  -0.00022063501      -1134.4835
0.500       474.50615   0.00025234835       1365.8288
0.500       482.54863  -6.9090859e-05      -393.29110
0.500       490.59111  -0.00060363982      -3610.8310
0.500       498.63359   0.00024399275       1532.4692
0.500       506.67606   7.0657724e-05       465.60868
0.500       514.71854  -0.00011939758      -824.85045
0.375     0.015707963       6246.0093    0.0012264011
0.375     0.031415927       16122.041     0.025324443
0.375     0.047123890       8419.6060     0.044636016
0.375     0.062831853       6924.0160     0.087009752
0.375     0.078539816       5269.5149      0.12933335
0.375     0.094247780       4290.8211      0.18198016
0.375      0.10995574       3496.5814      0.23548739
0.375      0.12566371       2910.7266      0.29261816
0.375      0.14137167       2302.2035      0.32953469
0.375      0.15707963       2126.0463      0.41744822
0.375      0.17278760       1883.7258      0.49229524
0.375      0.18849556       1611.5651      0.54679116
0.375      0.20420352       1490.6584      0.64304013
0.375      0.21991149       1361.7785      0.73370328
0.375      0.23561945       1211.6722      0.80295055
0.375      0.25132741       1139.0495      0.91607799
0.375      0.26703538       1008.8614      0.97321356
0.375      0.28274334       960.05327       1.0993671
0.375      0.29845130       879.33136       1.1842496
0.375      0.31415927       826.98206       1.2990204
0.375      0.32986723       773.85349       1.4071698
0.375      0.34557519       708.96233       1.4822488
0.375      0.36128316       686.08985       1.6390583
0.375      0.37699112       652.80451       1.7719308
0.375      0.39269908       611.52950       1.8761490
0.375      0.40840704       583.21066       2.0126830
0.375      0.42411501       559.78027       2.1634097
0.375      0.43982297       531.89338       2.2926015
0.375      0.45553093       497.56978       2.3827467
0.375      0.47123890       490.83386       2.6021251
0.375      0.48694686       460.69902       2.6948355
0.375      0.50265482       452.33841       2.9103371
0.375      0.51836279       434.31555       3.0646233
0.375      0.53407075       418.52305       3.2298773
0.375      0.54977871       402.75689       3.3906035
0.375      0.56548668       388.64393       3.5603220
0.375      0.58119464       388.24300       3.8613458
0.375      0.59690260       373.22285       4.0211373
0.375      0.61261057       368.04203       4.2866806
0.375      0.62831853       354.86352       4.4593466
0.375      0.64402649       343.77995       4.6522388
0.375      0.65973446       335.90674       4.8864840
0.375      0.67544242       329.40933       5.1424627
0.375      0.69115038       321.79861       5.3823518
0.375      0.70685835       313.29882       5.6056528
0.375      0.72256631       302.96795       5.7902868
0.375      0.73827427       291.93583       5.9512867
0.375      0.75398224       288.78340       6.2708415
0.375      0.76969020       282.20961       6.5191344
0.375      0.78539816       281.79064       6.9161828
0.375      0.80110613       273.29543       7.1182426
0.375      0.81681409       264.94464       7.3146755
0.375      0.83252205       260.55569       7.6165459
0.375      0.84823002       259.23053       8.0148855
0.375      0.86393798       251.31480       8.2098653
0.375      0.87964594       244.96326       8.4468526
0.375      0.89535391       239.05144       8.6925223
0.375      0.91106187       237.58453       9.1018994
0.375      0.92676983       234.27809       9.4475151
0.375      0.94247780       229.11640       9.7171704
0.375      0.95818576       226.49510       10.094346
0.375      0.97389372       222.38466       10.406622
0.375      0.98960169       218.73581       10.739188
0.375       1.0053096       216.00859       11.118363
0.375       1.0367256       206.28438       11.644693
0.375       1.0681415       200.96213       12.407116
0.375       1.0995574       194.98311       13.131702
0.375       1.1309734       193.45121       14.177473
0.375       1.1623893       188.14357       14.969746
0.375       1.1938052       178.91781       15.421415
0.375       1.2252211       174.69431       16.277678
0.375       1.2566371       169.34062       17.023976
0.375       1.2880530       167.03453       18.083301
0.375       1.3194689       160.68464       18.700022
0.375       1.3508848       158.63728       19.812100
0.375       1.3823008       155.06911       20.749289
0.375       1.4137167       151.22418       21.646050
0.375       1.4451326       146.30851       22.369844
0.375       1.4765485       141.18117       23.024502
0.375       1.5079645       137.93546       23.961804
0.375       1.5393804       135.51522       25.043567
0.375       1.5707963       134.31304       26.372304
0.375       1.6022123       130.16726       27.122653
0.375       1.6336282       124.62350       27.525160
0.375       1.6650441       123.85445       28.964038
0.375       1.6964600       119.99676       29.680464
0.375       1.7278760       116.61393       30.476030
0.375       1.7592919       114.26193       31.519949
0.375       1.7907078       112.84885       32.827786
0.375       1.8221237       108.53603       33.264255
0.375       1.8535397       107.52688       34.689093
0.375       1.8849556       105.18729       35.689207
0.375       1.9163715       103.21440       36.800156
0.375       1.9477874       100.00051       37.436665
0.375       1.9792034       98.875976       38.835805
0.375       2.0106193       96.050577       39.551210
0.375       2.0734512       92.421860       41.737496
0.375       2.1362830       88.257630       43.591205
0.375       2.1991149       85.476212       46.053142
0.375       2.2619467       81.084046       47.539300
0.375       2.3247786       78.504922       49.970296
0.375       2.3876104       75.827349       52.286134
0.375       2.4504423       71.308112       53.154816
0.375       2.5132741       70.125953       56.398638
0.375       2.5761060       67.509460       58.469054
0.375       2.6389378       64.178720       59.751496
0.375       2.7017697       62.307374       62.252196
0.375       2.7646015       59.015871       63.173758
0.375       2.8274334       57.917690       66.322156
0.375       2.8902652       56.174737       68.710705
0.375       2.9530971       53.454028       69.740310
0.375       3.0159289       51.262783       71.241943
0.375       3.0787608       51.555459       76.220671
0.375       3.1415927       48.677833       76.462961
0.375       3.2044245       47.904422       79.853875
0.375       3.2672564       46.034574       81.339974
0.375       3.3300882       44.038430       82.389012
0.375       3.3929201       43.042392       85.170175
0.375       3.4557519       41.636708       87.051112
0.375       3.5185838       39.826492       87.891323
0.375       3.5814156       38.605700       89.843336
0.375       3.6442475       37.878017       92.871204
0.375       3.7070793       36.338697       93.785403
0.375       3.7699112       35.369911       96.005826
0.375       3.8327430       34.392885       98.099768
0.375       3.8955749       33.307906       99.754447
0.375       3.9584067       32.447403       101.95569
0.375       4.0212386       31.724753       104.50764
0.375       4.1469023       29.795863       107.64594
0.375       4.2725660       28.266233       111.68749
0.375       4.3982297       26.703906       115.10091
0.375       4.5238934       25.568303       119.92487
0.375       4.6495571       23.752143       120.95054
0.375       4.7752208       22.945080       126.57275
0.375       4.9008845       21.976269       131.05320
0.375       5.0265482       21.258611       136.77751
0.375       5.1522120       19.758662       136.90174
0.375       5.2778757       19.028064       141.72365
0.375       5.4035394       18.424727       147.26729
0.375       5.5292031       17.704682       151.61634
0.375       5.6548668       16.673690       152.74575
0.375       5.7805305       15.864851       155.24204
0.375       5.9061942       15.522070       162.01046
0.375       6.0318579       14.765919       164.16631
0.375       6.1575216       14.190592       167.83735
0.375       6.2831853       13.735544       172.60594
0.375       6.4088490       13.228911       176.41458
0.375       6.5345127       12.591998       177.99365
0.375       6.6601764       12.058020       180.46936
0.375       6.7858401       11.635277       184.18653
0.375       6.9115038       11.286126       188.76993
0.375       7.0371675       10.966036       193.60367
0.375       7.1628313       10.631352       197.93058
0.375       7.2884950       10.149706       199.08442
0.375       7.4141587       9.7232723       200.75591
0.375       7.5398224       9.5552700       207.48971
0.375       7.6654861       9.2133400       210.23569
0.375       7.7911498       8.8346423       211.67223
0.375       7.9168135       8.5984701       216.14375
0.375       8.0424772       8.3747436       220.70455
0.375       8.2938046       7.8763966       227.64559
0.375       8.5451320       7.3113270       231.11216
0.375       8.7964594       7.0020876       241.44683
0.375       9.0477868       6.5433385       245.52557
0.375       9.2991143       6.2144933       253.16329
0.375       9.5504417       5.8423241       257.82574
0.375       9.8017691       5.4908724       261.95398
0.375       10.053096       5.2848496       272.02101
0.375       10.304424       5.0092695       277.66159
0.375       10.555751       4.8116013       286.69977
0.375       10.807079       4.5564911       291.35718
0.375       11.058406       4.3434395       297.56486
0.375       11.309734       4.0964844       300.21935
0.375       11.561061       3.8953980       304.94054
0.375       11.812388       3.7356973       311.92852
0.375       12.063716       3.5589578       316.54568
0.375       12.315043       3.4210025       323.69163
0.375       12.566371       3.2581836       327.54834
0.375       12.817698       3.1209534       332.95662
0.375       13.069025       2.9677229       335.60098
0.375       13.320353       2.8810578       344.96054
0.375       13.571680       2.7486812       348.09316
0.375       13.823008       2.6193258       350.48338
0.375       14.074335       2.5342641       357.93634
0.375       14.325663       2.4470883       364.47190
0.375       14.576990       2.3258115       364.96258
0.375       14.828317       2.2723760       375.34106
0.375       15.079645       2.1883147       380.14858
0.375       15.330972       2.1094504       385.07795
0.375       15.582300       2.0522442       393.36339
0.375       15.833627       1.9691545       395.99643
0.375       16.084954       1.8694868       394.14150
0.375       16.587609       1.7949750       415.03054
0.375       17.090264       1.6515851       417.65486
0.375       17.592919       1.5587966       430.00491
0.375       18.095574       1.4392961       432.05343
0.375       18.598229       1.3437856       437.94038
0.375       19.100883       1.2633939       446.03548
0.375       19.603538       1.1769316       449.18462
0.375       20.106193       1.1484596       472.90676
0.375       20.608848       1.0516579       466.34345
0.375       21.111503      0.99999650       476.67917
0.375       21.614157      0.94919685       485.55841
0.375       22.116812      0.90344886       495.15530
0.375       22.619467      0.84915482       497.85657
0.375       23.122122      0.79623334       498.64754
0.375       23.624777      0.75597276       504.98624
0.375       24.127432      0.73073175       519.94992
0.375       24.630086      0.68638533       519.56042
0.375       25.132741      0.64733819       520.62026
0.375       25.635396      0.61871881       528.06049
0.375       26.138051      0.59321356       536.66210
0.375       26.640706      0.56105485       537.41868
0.375       27.143361      0.53466527       541.68034
0.375       27.646015      0.51764614       554.11623
0.375       28.148670      0.49687035       561.41885
0.375       28.651325      0.46722169       556.70791
0.375       29.153980      0.44785312       562.21110
0.375       29.656635      0.42713448       564.41752
0.375       30.159289      0.41361028       574.81078
0.375       30.661944      0.38742077       565.78605
0.375       31.164599      0.37618759       576.84531
0.375       31.667254      0.36997257       595.21107
0.375       32.169909      0.34684349       584.99653
0.375       33.175218      0.32644782       603.84490
0.375       34.180528      0.29220251       591.14022
0.375       35.185838      0.27836382       614.30879
0.375       36.191147      0.24479732       587.87361
0.375       37.196457      0.23452332       611.45010
0.375       38.201767      0.21895659       618.41301
0.375       39.207076      0.20437085       623.99712
0.375       40.212386      0.18927696       623.51590
0.375       41.217696      0.17354579       615.65226
0.375       42.223005      0.16683150       636.20304
0.375       43.228315      0.15355386       628.39964
0.375       44.233625      0.13983071       613.09869
0.375       45.238934      0.13534056       634.79765
0.375       46.244244      0.12338331       618.15831
0.375       47.249554      0.12034978       643.14469
0.375       48.254863      0.11056996       629.40570
0.375       49.260173      0.10478564       634.54117
0.375       50.265482      0.10023150       644.88764
0.375       51.270792     0.092365156       630.65016
0.375       52.276102     0.088032817       637.12470
0.375       53.281411     0.083240277       637.86818
0.375       54.286721     0.078422000       635.60749
0.375       55.292031     0.074539526       638.32890
0.375       56.297340     0.071580423       647.03557
0.375       57.302650     0.066938931       638.07709
0.375       58.307960     0.063224399       634.94851
0.375       59.313269     0.059776027       631.90660
0.375       60.318579     0.056954461       633.21517
0.375       61.323889     0.051934098       606.75297
0.375       62.329198     0.051288292       629.16292
0.375       63.334508     0.047154784       606.90012
0.375       64.339818     0.046013823       620.86625
0.375       66.350437     0.043372103       641.81830
0.375       68.361056     0.038331814       620.37733
0.375       70.371675     0.033013691       582.85163
0.375       72.382295     0.028089357       539.64617
0.375       74.392914     0.027898658       581.89990
0.375       76.403533     0.025499827       576.16627
0.375       78.414153     0.024019405       586.69970
0.375       80.424772     0.021986044       579.41116
0.375       82.435391     0.020564371       583.61548
0.375       84.446011     0.017410109       531.14019
0.375       86.456630     0.016285951       533.18545
0.375       88.467249     0.015512980       544.14301
0.375       90.477868     0.013716318       514.67717
0.375       92.488488     0.012955142       519.24878
0.375       94.499107     0.010850249       463.86657
0.375       96.509726     0.010784023       491.09363
0.375       98.520346     0.010640157       515.46134
0.375       100.53096     0.010017315       515.60979
0.375       102.54158    0.0087822758       479.70848
0.375       104.55220    0.0081375176       471.15280
0.375       106.56282    0.0073476105       450.43645
0.375       108.57344    0.0079166840       513.31551
0.375       110.58406    0.0066664165       456.70978
0.375       112.59468    0.0071896729       519.91579
0.375       114.60530    0.0057649853       439.62519
0.375       116.61592    0.0059508200       478.10204
0.375       118.62654    0.0060404549       510.84069
0.375       120.63716    0.0057083411       507.71906
0.375       122.64778    0.0048891196       456.96187
0.375       124.65840    0.0040602313       398.46084
0.375       126.66902    0.0042165108       434.14486
0.375       128.67964    0.0036243484       391.22775
0.375       132.70087    0.0042494058       503.06003
0.375       136.72211    0.0040680982       526.71776
0.375       140.74335    0.0023367481       330.03942
0.375       144.76459    0.0025464795       391.37896
0.375       148.78583    0.0026959565       449.85012
0.375       152.80707    0.0035866055       648.31219
0.375       156.82831    0.0019823429       387.36680
0.375       160.84954    0.0025650726       540.79095
0.375       164.87078    0.0022040042       500.39593
0.375       168.89202    0.0015944863       389.15126
0.375       172.91326   0.00089398991       234.14655
0.375       176.93450    0.0014077894       395.04402
0.375       180.95574    0.0016268593       488.35691
0.375       184.97698    0.0018666714       598.53722
0.375       188.99821    0.0010610737       362.90162
0.375       193.01945    0.0012719261       463.37795
0.375       197.04069   0.00077824857       301.61737
0.375       201.06193   0.00063058875       259.66058
0.375       205.08317    0.0012055082       526.78147
0.375       209.10441   0.00078262795       362.50598
0.375       213.12565    0.0010186083       499.55648
0.375       217.14688    0.0014103570       731.57715
0.375       221.16812   0.00085217761       467.05494
0.375       225.18936   0.00063875762       369.53022
0.375       229.21060   0.00079436279       484.61098
0.375       233.23184   0.00049279924       316.74064
0.375       237.25308   0.00062747308       424.52270
0.375       241.27432   0.00041853903       297.81015
0.375       245.29555   0.00042460301       317.48437
0.375       249.31679  -0.00016240223      -127.50196
0.375       253.33803   0.00097530681       803.36460
0.375       257.35927   5.6903848e-05       49.139569
0.375       265.40175   0.00085201248       806.91456
0.375       273.44422   0.00055053442       570.24436
0.375       281.48670  -0.00079426451      -897.44753
0.375       289.52918   0.00095619787       1175.6960
0.375       297.57166   0.00033234124       443.63846
0.375       305.61413   0.00075584475       1093.0076
0.375       313.65661  -8.8481068e-05      -138.31967
0.375       321.69909   0.00026593744       448.53798
0.375       329.74156  -6.5397237e-05      -118.78203
0.375       337.78404  -0.00042187463      -823.70377
0.375       345.82652  -0.00012462538      -261.12691
0.375       353.86900  -0.00010745648      -241.22950
0.375       361.91147    0.0011271103       2706.7226
0.375       369.95395   -0.0011791728      -3024.7586
0.375       377.99643  -0.00042441021      -1161.2325
0.375       386.03891   -0.0012579246      -3666.2163
0.375       394.08138   0.00045675932       1416.1701
0.375       402.12386  -0.00089705217      -2955.0680
0.375       410.16634   -0.0013186435      -4609.7534
0.375       418.20881  -7.2604954e-05      -269.03951
0.375       426.25129  -0.00080081104      -3141.9367
0.375       434.29377   0.00022610454       938.27541
0.375       442.33625   0.00026817569       1175.8373
0.375       450.37872  -0.00011698183      -541.40502
0.375       458.42120   0.00051607531       2518.7057
0.375       466.46368  -0.00011927463      -613.29840
0.375       474.50615   0.00028107180       1521.2938
0.375       482.54863   0.00012756431       726.14394
0.375       490.59111   0.00021567719       1290.1301
0.375       498.63359   0.00053834212       3381.2182
0.375       506.67606  -0.00048662064      -3206.6529
0.375       514.71854  -3.3249544e-05      -229.70232
0.250     0.015707963       7115.3531    0.0013970963
0.250     0.031415927       18372.611     0.028859630
0.250     0.047123890       9576.6465     0.050769994
0.250     0.062831853       7897.6181     0.099244396
0.250     0.078539816       6016.1582      0.14765874
0.250     0.094247780       4893.8966      0.20755750
0.250      0.10995574       3993.2237      0.26893520
0.250      0.12566371       3312.4484      0.33300364
0.250      0.14137167       2643.9808      0.37845629
0.250      0.15707963       2448.1469      0.48069252
0.250      0.17278760       2175.3939      0.56852014
0.250      0.18849556       1853.3236      0.62881789
0.250      0.20420352       1726.8543      0.74493030
0.250      0.21991149       1573.5247      0.84778857
0.250      0.23561945       1407.9976      0.93305142
0.250      0.25132741       1324.7650       1.0654393
0.250      0.26703538       1179.1873       1.1375211
0.250      0.28274334       1122.2336       1.2850815
0.250      0.29845130       1035.1796       1.3941401
0.250      0.31415927       974.22427       1.5303079
0.250      0.32986723       913.60850       1.6612994
0.250      0.34557519       845.23122       1.7671502
0.250      0.36128316       814.35013       1.9454701
0.250      0.37699112       777.06321       2.1092107
0.250      0.39269908       732.01107       2.2457818
0.250      0.40840704       696.72219       2.4044158
0.250      0.42411501       672.76044       2.6000496
0.250      0.43982297       643.13372       2.7720769
0.250      0.45553093       598.37584       2.8654836
0.250      0.47123890       593.69595       3.1474420
0.250      0.48694686       556.05465       3.2526134
0.250      0.50265482       548.24415       3.5273928
0.250      0.51836279       527.96848       3.7254583
0.250      0.53407075       508.10741       3.9212287
0.250      0.54977871       485.80816       4.0897695
0.250      0.56548668       471.63269       4.3205725
0.250      0.58119464       473.29474       4.7072443
0.250      0.59690260       453.94034       4.8907950
0.250      0.61261057       449.51625       5.2356319
0.250      0.62831853       434.72024       5.4628556
0.250      0.64402649       420.55880       5.6912568
0.250      0.65973446       413.90518       6.0211385
0.250      0.67544242       404.73297       6.3183524
0.250      0.69115038       395.16779       6.6095129
0.250      0.70685835       385.35641       6.8949325
0.250      0.72256631       372.36154       7.1165287
0.250      0.73827427       359.72431       7.3331952
0.250      0.75398224       356.18392       7.7344228
0.250      0.76969020       346.91480       8.0138453
0.250      0.78539816       345.97112       8.4914089
0.250      0.80110613       337.21402       8.7830639
0.250      0.81681409       328.37386       9.0658492
0.250      0.83252205       323.44305       9.4548649
0.250      0.84823002       320.46398       9.9081003
0.250      0.86393798       310.98503       10.159152
0.250      0.87964594       302.24292       10.421977
0.250      0.89535391       297.34071       10.812070
0.250      0.91106187       294.91384       11.298194
0.250      0.92676983       290.09920       11.698561
0.250      0.94247780       284.04490       12.046771
0.250      0.95818576       279.37679       12.451157
0.250      0.97389372       275.67441       12.900348
0.250      0.98960169       270.20154       13.265980
0.250       1.0053096       266.88131       13.736876
0.250       1.0367256       256.46681       14.477476
0.250       1.0681415       249.89119       15.427927
0.250       1.0995574       244.87842       16.492046
0.250       1.1309734       238.78103       17.499563
0.250       1.1623893       232.72584       18.516959
0.250       1.1938052       221.63207       19.103075
0.250       1.2252211       216.75171       20.196505
0.250       1.2566371       210.71653       21.183536
0.250       1.2880530       206.11437       22.314118
0.250       1.3194689       199.67241       23.237307
0.250       1.3508848       197.69141       24.689542
0.250       1.3823008       192.13832       25.709398
0.250       1.4137167       187.91007       26.897225
0.250       1.4451326       181.28215       27.717139
0.250       1.4765485       176.50356       28.785046
0.250       1.5079645       170.76265       29.664462
0.250       1.5393804       167.21123       30.901074
0.250       1.5707963       165.50357       32.496550
0.250       1.6022123       160.12194       33.364242
0.250       1.6336282       154.97322       34.228396
0.250       1.6650441       153.02510       35.785753
0.250       1.6964600       148.88101       36.824806
0.250       1.7278760       143.12100       37.403420
0.250       1.7592919       141.84710       39.129511
0.250       1.7907078       140.19981       40.784193
0.250       1.8221237       134.06716       41.089065
0.250       1.8535397       133.57330       43.091892
0.250       1.8849556       129.92844       44.083680
0.250       1.9163715       126.88091       45.238237
0.250       1.9477874       123.20751       46.124548
0.250       1.9792034       120.77753       47.438141
0.250       2.0106193       118.78055       48.910841
0.250       2.0734512       114.89502       51.886323
0.250       2.1362830       109.20451       53.937048
0.250       2.1991149       103.40374       55.712190
0.250       2.2619467       98.813200       57.933842
0.250       2.3247786       96.073197       61.152931
0.250       2.3876104       91.167581       62.863866
0.250       2.4504423       87.701326       65.374721
0.250       2.5132741       84.821823       68.217758
0.250       2.5761060       82.180017       71.175031
0.250       2.6389378       78.380220       72.973338
0.250       2.7017697       74.710401       74.644240
0.250       2.7646015       73.263912       78.425627
0.250       2.8274334       68.946327       78.951165
0.250       2.8902652       68.394285       83.657171
0.250       2.9530971       65.900549       85.979017
0.250       3.0159289       62.667285       87.091237
0.250       3.0787608       61.426110       90.813646
0.250       3.1415927       59.038636       92.737673
0.250       3.2044245       56.859151       94.780886
0.250       3.2672564       55.290513       97.694591
0.250       3.3300882       53.369322       99.845652
0.250       3.3929201       52.120803       103.13409
0.250       3.4557519       49.579668       103.65769
0.250       3.5185838       48.588421       107.22764
0.250       3.5814156       47.381454       110.26630
0.250       3.6442475       46.220764       113.32637
0.250       3.7070793       44.383181       114.54716
0.250       3.7699112       43.521314       118.13147
0.250       3.8327430       41.946404       119.64488
0.250       3.8955749       40.307715       120.71830
0.250       3.9584067       39.546782       124.26324
0.250       4.0212386       38.783023       127.75898
0.250       4.1469023       36.805013       132.96846
0.250       4.2725660       34.430955       136.04596
0.250       4.3982297       31.693866       136.60897
0.250       4.5238934       30.978972       145.30293
0.250       4.6495571       29.048014       147.91815
0.250       4.7752208       27.567117       152.06945
0.250       4.9008845       26.495629       158.00394
0.250       5.0265482       25.296063       162.75441
0.250       5.1522120       24.151906       167.34118
0.250       5.2778757       23.353831       173.94256
0.250       5.4035394       22.196056       177.41120
0.250       5.5292031       21.359138       182.91175
0.250       5.6548668       20.345463       186.38243
0.250       5.7805305       19.454253       190.36535
0.250       5.9061942       19.033911       198.66505
0.250       6.0318579       17.843800       198.38595
0.250       6.1575216       17.151290       202.85461
0.250       6.2831853       16.524554       207.65367
0.250       6.4088490       16.013251       213.54523
0.250       6.5345127       15.425305       218.04376
0.250       6.6601764       14.576425       218.16168
0.250       6.7858401       14.163050       224.20119
0.250       6.9115038       13.629564       227.96590
0.250       7.0371675       13.316911       235.10801
0.250       7.1628313       12.790781       238.13404
0.250       7.2884950       12.461985       244.43931
0.250       7.4141587       11.897098       245.63877
0.250       7.5398224       11.546229       250.72277
0.250       7.6654861       11.056760       252.29998
0.250       7.7911498       10.831080       259.50557
0.250       7.9168135       10.491543       263.73080
0.250       8.0424772       10.145749       267.37689
0.250       8.2938046       9.3908110       271.41557
0.250       8.5451320       8.7963287       278.05329
0.250       8.7964594       8.3467348       287.81312
0.250       9.0477868       7.9162754       297.04226
0.250       9.2991143       7.5006383       305.55770
0.250       9.5504417       7.1557070       315.78622
0.250       9.8017691       6.7314553       321.13868
0.250       10.053096       6.3581232       327.26439
0.250       10.304424       6.0481869       335.24832
0.250       10.555751       5.8589580       349.10663
0.250       10.807079       5.4169544       346.37807
0.250       11.058406       5.2895001       362.37856
0.250       11.309734       4.9450378       362.40735
0.250       11.561061       4.7792493       374.13042
0.250       11.812388       4.5442866       379.44525
0.250       12.063716       4.3093442       383.28757
0.250       12.315043       4.1195772       389.79003
0.250       12.566371       3.9421830       396.31146
0.250       12.817698       3.7968737       405.06668
0.250       13.069025       3.6525402       413.04262
0.250       13.320353       3.4753583       416.11850
0.250       13.571680       3.3802140       428.07051
0.250       13.823008       3.2210919       431.00372
0.250       14.074335       3.0912121       436.59898
0.250       14.325663       2.9474542       438.99691
0.250       14.576990       2.8819771       452.23518
0.250       14.828317       2.7769017       458.67638
0.250       15.079645       2.6871689       466.80828
0.250       15.330972       2.5993907       474.51604
0.250       15.582300       2.4876086       476.81176
0.250       15.833627       2.3969294       482.02185
0.250       16.084954       2.3220336       489.55136
0.250       16.587609       2.1963423       507.83389
0.250       17.090264       2.0018136       506.22107
0.250       17.592919       1.8898575       521.33037
0.250       18.095574       1.7715678       531.79606
0.250       18.598229       1.6642409       542.37691
0.250       19.100883       1.5567929       549.61866
0.250       19.603538       1.4584753       556.63784
0.250       20.106193       1.3932879       573.72091
0.250       20.608848       1.2948628       574.18938
0.250       21.111503       1.2358758       589.11833
0.250       21.614157       1.1561666       591.43309
0.250       22.116812       1.1089456       607.78238
0.250       22.619467       1.0584371       620.55805
0.250       23.122122      0.98845265       619.02643
0.250       23.624777      0.92946102       620.87558
0.250       24.127432      0.89276737       635.24586
0.250       24.630086      0.85132436       644.41126
0.250       25.132741      0.80675765       648.83300
0.250       25.635396      0.77112568       658.13580
0.250       26.138051      0.74085269       670.22669
0.250       26.640706      0.70114678       671.60880
0.250       27.143361      0.67040713       679.20321
0.250       27.646015      0.63465252       679.36615
0.250       28.148670      0.60975012       688.96284
0.250       28.651325      0.57806919       688.78585
0.250       29.153980      0.55730769       699.61456
0.250       29.656635      0.53620481       708.54357
0.250       30.159289      0.51850042       720.58081
0.250       30.661944      0.49574275       723.97855
0.250       31.164599      0.47107679       722.34820
0.250       31.667254      0.45509443       732.15493
0.250       32.169909      0.43110987       727.12272
0.250       33.175218      0.39704513       734.43185
0.250       34.180528      0.36208514       732.51625
0.250       35.185838      0.33797519       745.86248
0.250       36.191147      0.31860978       765.13209
0.250       37.196457      0.28661864       747.27322
0.250       38.201767      0.27868352       787.10358
0.250       39.207076      0.25410767       775.85652
0.250       40.212386      0.23915418       787.82138
0.250       41.217696      0.21886957       776.43799
0.250       42.223005      0.20995309       800.64494
0.250       43.228315      0.19650340       804.16515
0.250       44.233625      0.18111061       794.09365
0.250       45.238934      0.16994899       797.12411
0.250       46.244244      0.16399752       821.63813
0.250       47.249554      0.14842697       793.18812
0.250       48.254863      0.14391950       819.24382
0.250       49.260173      0.13534925       819.62254
0.250       50.265482      0.12751515       820.43015
0.250       51.270792      0.11811100       806.43746
0.250       52.276102      0.10954095       792.78670
0.250       53.281411      0.10443784       800.30456
0.250       54.286721      0.10106404       819.12039
0.250       55.292031     0.094340232       807.89482
0.250       56.297340     0.088176704       797.05401
0.250       57.302650     0.085110716       811.29467
0.250       58.307960     0.079689285       800.30167
0.250       59.313269     0.074839229       791.14329
0.250       60.318579     0.070737892       786.45826
0.250       61.323889     0.069536226       812.40098
0.250       62.329198     0.065000952       797.37864
0.250       63.334508     0.061795200       795.32787
0.250       64.339818     0.059241764       799.35136
0.250       66.350437     0.053545533       792.36424
0.250       68.361056     0.047882837       774.95489
0.250       70.371675     0.044680267       788.82323
0.250       72.382295     0.040233432       772.95530
0.250       74.392914     0.036076700       752.47449
0.250       76.403533     0.034693451       783.89535
0.250       78.414153     0.029917886       730.77642
0.250       80.424772     0.028286952       745.46271
0.250       82.435391     0.024572592       697.36853
0.250       84.446011     0.023370846       712.98781
0.250       86.456630     0.020737534       678.92576
0.250       88.467249     0.018890099       662.60095
0.250       90.477868     0.018246399       684.65930
0.250       92.488488     0.016169460       648.08030
0.250       94.499107     0.016729872       715.23043
0.250       96.509726     0.014156492       644.67253
0.250       98.520346     0.013862712       671.57764
0.250       100.53096     0.012698262       653.60310
0.250       102.54158     0.012492370       682.36251
0.250       104.55220    0.0099648286       576.95197
0.250       106.56282    0.0099271667       608.57306
0.250       108.57344    0.0098497791       638.65684
0.250       110.58406    0.0086074723       589.68965
0.250       112.59468    0.0085931893       621.41003
0.250       114.60530    0.0071070726       541.96984
0.250       116.61592    0.0069869894       561.35018
0.250       118.62654    0.0060365421       510.50978
0.250       120.63716    0.0068460767       608.91309
0.250       122.64778    0.0067252960       628.58022
0.250       124.65840    0.0066129385       648.97707
0.250       126.66902    0.0059579032       613.44395
0.250       128.67964    0.0048007632       518.21503
0.250       132.70087    0.0058344382       690.70190
0.250       136.72211    0.0034070782       441.13208
0.250       140.74335    0.0031124969       439.60523
0.250       144.76459    0.0045908334       705.58416
0.250       148.78583    0.0041355378       690.06015
0.250       152.80707    0.0020358512       367.99897
0.250       156.82831    0.0030345436       592.97583
0.250       160.84954    0.0028670275       604.45172
0.250       164.87078    0.0020526515       466.03291
0.250       168.89202    0.0026475823       646.17049
0.250       172.91326    0.0017077813       447.28816
0.250       176.93450    0.0025900304       726.79626
0.250       180.95574   0.00072070386       216.34366
0.250       184.97698    0.0017229407       552.45081
0.250       188.99821    0.0014755622       504.66234
0.250       193.01945    0.0014351039       522.82561
0.250       197.04069    0.0016655606       645.50328
0.250       201.06193    0.0011276096       464.32124
0.250       205.08317    0.0010117543       442.11512
0.250       209.10441    0.0015471742       716.63667
0.250       213.12565    0.0016457200       807.11113
0.250       217.14688   0.00092879952       481.78475
0.250       221.16812   0.00091754671       502.88194
0.250       225.18936   0.00056726720       328.17201
0.250       229.21060   0.00093098329       567.95802
0.250       233.23184   0.00081862224       526.15936
0.250       237.25308   0.00085254239       576.79542
0.250       241.27432   0.00053132383       378.06183
0.250       245.29555   0.00024304361       181.72869
0.250       249.31679   0.00055399921       434.94466
0.250       253.33803   0.00088514662       729.09925
0.250       257.35927   0.00035593104       307.36582
0.250       265.40175  -1.3074984e-05      -12.382911
0.250       273.44422   0.00099070413       1026.1728
0.250       281.48670    0.0011334570       1280.7046
0.250       289.52918   0.00061923672       761.38440
0.250       297.57166  -0.00022363732      -298.53085
0.250       305.61413   7.3873877e-05       106.82710
0.250       313.65661    0.0010298160       1609.8790
0.250       321.69909   0.00023012027       388.12768
0.250       329.74156   0.00073423556       1333.6036
0.250       337.78404  -0.00051467400      -1004.8931
0.250       345.82652   0.00022485058       471.12825
0.250       353.86900    0.0010507485       2358.8296
0.250       361.91147   0.00077314804       1856.6925
0.250       369.95395  -3.2250292e-05      -82.726933
0.250       377.99643  -1.2963724e-05      -35.470158
0.250       386.03891   0.00010542321       307.25552
0.250       394.08138   0.00025042167       776.42573
0.250       402.12386   0.00053110801       1749.5753
0.250       410.16634   0.00047041160       1644.4790
0.250       418.20881   0.00099256213       3677.9643
0.250       426.25129  -0.00063209399      -2479.9849
0.250       434.29377  -7.3754558e-05      -306.06236
0.250       442.33625  -0.00051028584      -2237.3883
0.250       450.37872   7.0486739e-05       326.22052
0.250       458.42120  -0.00045241842      -2208.0282
0.250       466.46368  -0.00010028258      -515.64316
0.250       474.50615  -0.00016603515      -898.66088
0.250       482.54863  -0.00015633837      -889.93666
0.250       490.59111   1.3754116e-05       82.273874
0.250       498.63359  -0.00031667341      -1988.9618
0.250       506.67606  -0.00060118881      -3961.6154
0.250       514.71854   0.00035648495       2462.7532
0.125     0.015707963       8117.4850    0.0015938645
0.125     0.031415927       20966.504     0.032934107
0.125     0.047123890       10906.928     0.057822401
0.125     0.062831853       9021.0062      0.11336131
0.125     0.078539816       6879.7528      0.16885454
0.125     0.094247780       5590.3631      0.23709569
0.125      0.10995574       4568.9223      0.30770728
0.125      0.12566371       3776.5151      0.37965671
0.125      0.14137167       3043.4767      0.43563965
0.125      0.15707963       2826.4407      0.55497033
0.125      0.17278760       2518.8878      0.65828926
0.125      0.18849556       2137.2117      0.72513886
0.125      0.20420352       2007.5190      0.86600343
0.125      0.21991149       1822.5380      0.98195273
0.125      0.23561945       1641.9762       1.0881043
0.125      0.25132741       1545.6502       1.2430857
0.125      0.26703538       1384.5123       1.3355909
0.125      0.28274334       1316.8415       1.5079291
0.125      0.29845130       1224.6089       1.6492561
0.125      0.31415927       1151.1430       1.8082111
0.125      0.32986723       1082.2532       1.9679617
0.125      0.34557519       1012.6373       2.1171510
0.125      0.36128316       971.05875       2.3198446
0.125      0.37699112       929.65363       2.5233924
0.125      0.39269908       879.56739       2.6984789
0.125      0.40840704       837.35338       2.8897396
0.125      0.42411501       812.58795       3.1404477
0.125      0.43982297       781.47914       3.3683823
0.125      0.45553093       725.40745       3.4738087
0.125      0.47123890       722.88869       3.8323493
0.125      0.48694686       675.71641       3.9525688
0.125      0.50265482       668.43176       4.3006778
0.125      0.51836279       645.91503       4.5577143
0.125      0.53407075       621.58957       4.7970071
0.125      0.54977871       590.97687       4.9751309
0.125      0.56548668       575.73970       5.2742847
0.125      0.58119464       580.01253       5.7686268
0.125      0.59690260       554.50854       5.9743260
0.125      0.61261057       551.32016       6.4213684
0.125      0.62831853       535.71037       6.7319351
0.125      0.64402649       517.69401       7.0057494
0.125      0.65973446       512.71513       7.4585412
0.125      0.67544242       500.51537       7.8136269
0.125      0.69115038       488.07641       8.1634877
0.125      0.70685835       475.58491       8.5093326
0.125      0.72256631       460.43560       8.7997893
0.125      0.73827427       446.63173       9.1048551
0.125      0.75398224       443.23511       9.6247123
0.125      0.76969020       429.62355       9.9244445
0.125      0.78539816       425.79601       10.450606
0.125      0.80110613       417.29893       10.868952
0.125      0.81681409       409.79082       11.313634
0.125      0.83252205       403.83261       11.804807
0.125      0.84823002       397.91924       12.302861
0.125      0.86393798       386.66809       12.631540
0.125      0.87964594       375.69799       12.954864
0.125      0.89535391       372.10823       13.530808
0.125      0.91106187       368.36543       14.112135
0.125      0.92676983       361.27818       14.568930
0.125      0.94247780       353.51863       14.993256
0.125      0.95818576       346.92800       15.461754
0.125      0.97389372       344.29065       16.111285
0.125      0.98960169       336.81521       16.536486
0.125       1.0053096       330.37864       17.005201
0.125       1.0367256       321.01344       18.121115
0.125       1.0681415       310.81196       19.189089
0.125       1.0995574       307.10966       20.683188
0.125       1.1309734       293.00990       21.473838
0.125       1.1623893       287.68797       22.890051
0.125       1.1938052       276.48727       23.831195
0.125       1.2252211       271.23315       25.272981
0.125       1.2566371       262.77657       26.417182
0.125       1.2880530       253.68523       27.464179
0.125       1.3194689       247.44430       28.796865
0.125       1.3508848       244.45906       30.530322
0.125       1.3823008       237.21179       31.740530
0.125       1.4137167       234.34755       33.544231
0.125       1.4451326       225.67159       34.504065
0.125       1.4765485       219.58035       35.810215
0.125       1.5079645       213.19740       37.036121
0.125       1.5393804       206.42671       38.148195
0.125       1.5707963       204.93310       40.238521
0.125       1.6022123       198.44587       41.349710
0.125       1.6336282       192.41480       42.497990
0.125       1.6650441       190.55225       44.561682
0.125       1.6964600       185.97537       45.999868
0.125       1.7278760       179.26968       46.850560
0.125       1.7592919       177.23363       48.891133
0.125       1.7907078       174.52919       50.770627
0.125       1.8221237       169.07467       51.818211
0.125       1.8535397       165.30923       53.330176
0.125       1.8849556       161.25932       54.714000
0.125       1.9163715       157.78707       56.257549
0.125       1.9477874       151.81547       56.834361
0.125       1.9792034       149.03715       58.537754
0.125       2.0106193       147.55284       60.758548
0.125       2.0734512       142.75169       64.466331
0.125       2.1362830       136.46423       67.400863
0.125       2.1991149       128.36622       69.161556
0.125       2.2619467       121.89619       71.467318
0.125       2.3247786       116.69813       74.281205
0.125       2.3876104       113.04276       77.947721
0.125       2.4504423       109.43952       81.578905
0.125       2.5132741       105.67500       84.988879
0.125       2.5761060       101.28342       87.720238
0.125       2.6389378       96.693684       90.023490
0.125       2.7017697       92.899111       92.816842
0.125       2.7646015       88.932457       95.198079
0.125       2.8274334       85.169691       97.528710
0.125       2.8902652       84.024483       102.77541
0.125       2.9530971       80.333083       104.80883
0.125       3.0159289       77.292576       107.41659
0.125       3.0787608       74.980351       110.85252
0.125       3.1415927       72.777491       114.31861
0.125       3.2044245       69.713331       116.20805
0.125       3.2672564       68.380663       120.82400
0.125       3.3300882       65.920525       123.32699
0.125       3.3929201       63.568113       125.78547
0.125       3.4557519       61.058747       127.65735
0.125       3.5185838       59.931092       132.25928
0.125       3.5814156       58.349821       135.79193
0.125       3.6442475       56.409538       138.30771
0.125       3.7070793       54.542244       140.76637
0.125       3.7699112       53.120095       144.18579
0.125       3.8327430       51.308914       146.34982
0.125       3.8955749       50.056505       149.91513
0.125       3.9584067       48.831721       153.43822
0.125       4.0212386       47.399123       156.14213
0.125       4.1469023       44.792437       161.82528
0.125       4.2725660       42.426472       167.63841
0.125       4.3982297       40.412122       174.18696
0.125       4.5238934       36.942510       173.27414
0.125       4.6495571       36.403069       185.37152
0.125       4.7752208       34.083551       188.01629
0.125       4.9008845       32.894582       196.16343
0.125       5.0265482       31.327548       201.56087
0.125       5.1522120       29.675954       205.61562
0.125       5.2778757       28.432234       211.76721
0.125       5.4035394       27.299138       218.19970
0.125       5.5292031       26.141039       223.86218
0.125       5.6548668       24.710239       226.36763
0.125       5.7805305       23.943239       234.29134
0.125       5.9061942       23.180893       241.94886
0.125       6.0318579       22.056476       245.22215
0.125       6.1575216       21.361111       252.64571
0.125       6.2831853       20.541554       258.13278
0.125       6.4088490       19.887432       265.20950
0.125       6.5345127       18.930950       267.59764
0.125       6.6601764       18.338300       274.46473
0.125       6.7858401       17.611495       278.79010
0.125       6.9115038       16.840349       281.66896
0.125       7.0371675       16.435216       290.16121
0.125       7.1628313       15.880185       295.65143
0.125       7.2884950       15.264421       299.40852
0.125       7.4141587       14.716396       303.84868
0.125       7.5398224       14.438751       313.53298
0.125       7.6654861       13.936846       318.01959
0.125       7.7911498       13.337189       319.55029
0.125       7.9168135       12.911263       324.55644
0.125       8.0424772       12.504944       329.55016
0.125       8.2938046       11.786093       340.64460
0.125       8.5451320       11.239848       355.29331
0.125       8.7964594       10.479031       361.33922
0.125       9.0477868       9.9849710       374.66588
0.125       9.2991143       9.3733463       381.84726
0.125       9.5504417       8.8239639       389.40753
0.125       9.8017691       8.3578989       398.73171
0.125       10.053096       7.9080904       407.04408
0.125       10.304424       7.6279634       422.81463
0.125       10.555751       7.1460253       425.79667
0.125       10.807079       6.8609726       438.71339
0.125       11.058406       6.4387904       441.11533
0.125       11.309734       6.1938624       453.93005
0.125       11.561061       5.8370836       456.94007
0.125       11.812388       5.7637458       481.26938
0.125       12.063716       5.3806033       478.56896
0.125       12.315043       5.1560880       487.86358
0.125       12.566371       4.9441654       497.04172
0.125       12.817698       4.8603981       518.52799
0.125       13.069025       4.4930296       508.08824
0.125       13.320353       4.3664067       522.80728
0.125       13.571680       4.1906836       530.70843
0.125       13.823008       3.9858398       533.33212
0.125       14.074335       3.8619731       545.46032
0.125       14.325663       3.7474743       558.15275
0.125       14.576990       3.5971014       564.45133
0.125       14.828317       3.4715251       573.41121
0.125       15.079645       3.3504399       582.03007
0.125       15.330972       3.2124889       586.43648
0.125       15.582300       3.1140475       596.88428
0.125       15.833627       3.0109681       605.50488
0.125       16.084954       2.8804547       607.28255
0.125       16.587609       2.7280476       630.77371
0.125       17.090264       2.5036288       633.12071
0.125       17.592919       2.3414054       645.89299
0.125       18.095574       2.2483564       674.92029
0.125       18.598229       2.0893666       680.92556
0.125       19.100883       1.9659092       694.05529
0.125       19.603538       1.8471492       704.97810
0.125       20.106193       1.7238164       709.82421
0.125       20.608848       1.6316500       723.53311
0.125       21.111503       1.5439366       735.96499
0.125       21.614157       1.4675680       750.72941
0.125       22.116812       1.3719038       751.90249
0.125       22.619467       1.2874097       754.80394
0.125       23.122122       1.2504984       783.13472
0.125       23.624777       1.1804149       788.51162
0.125       24.127432       1.1490295       817.58841
0.125       24.630086       1.0862074       822.20638
0.125       25.132741       1.0303242       828.63590
0.125       25.635396      0.98120188       837.43040
0.125       26.138051      0.91806921       830.54903
0.125       26.640706      0.88428747       847.03412
0.125       27.143361      0.85182973       863.00616
0.125       27.646015      0.80282354       859.38544
0.125       28.148670      0.76243561       861.48373
0.125       28.651325      0.74382921       886.29362
0.125       29.153980      0.70427402       884.10832
0.125       29.656635      0.67817702       896.14632
0.125       30.159289      0.64369857       894.57369
0.125       30.661944      0.62431629       911.74628
0.125       31.164599      0.59878186       918.17091
0.125       31.667254      0.57215540       920.48237
0.125       32.169909      0.54785785       924.03333
0.125       33.175218      0.50706289       937.93655
0.125       34.180528      0.46757944       945.93647
0.125       35.185838      0.42316141       933.85619
0.125       36.191147      0.40673339       976.75836
0.125       37.196457      0.38558776       1005.3059
0.125       38.201767      0.35212512       994.52937
0.125       39.207076      0.33289531       1016.4156
0.125       40.212386      0.30401687       1001.4920
0.125       41.217696      0.28963151       1027.4654
0.125       42.223005      0.25997262       991.39173
0.125       43.228315      0.25263152       1033.8623
0.125       44.233625      0.23975644       1051.2309
0.125       45.238934      0.21933694       1028.7720
0.125       46.244244      0.20413488       1022.7289
0.125       47.249554      0.19959022       1066.6026
0.125       48.254863      0.18627401       1060.3415
0.125       49.260173      0.17569271       1063.9269
0.125       50.265482      0.16483676       1060.5567
0.125       51.270792      0.15268989       1042.5349
0.125       52.276102      0.14551251       1053.1256
0.125       53.281411      0.13801418       1057.5992
0.125       54.286721      0.12861578       1042.4263
0.125       55.292031      0.12455481       1066.6413
0.125       56.297340      0.11567699       1045.6368
0.125       57.302650      0.10875203       1036.6491
0.125       58.307960      0.10710107       1075.5921
0.125       59.313269     0.099244296       1049.1351
0.125       60.318579     0.095025466       1056.4856
0.125       61.323889     0.089079062       1040.7225
0.125       62.329198     0.085509887       1048.9655
0.125       63.334508     0.082416749       1060.7351
0.125       64.339818     0.076803820       1036.3168
0.125       66.350437     0.069289879       1025.3483
0.125       68.361056     0.063582852       1029.0502
0.125       70.371675     0.057310244       1011.8035
0.125       72.382295     0.052760609       1013.6245
0.125       74.392914     0.050270354       1048.5205
0.125       76.403533     0.043325027       978.92503
0.125       78.414153     0.041253770       1007.6675
0.125       80.424772     0.038466108       1013.7200
0.125       82.435391     0.032591465       924.94359
0.125       84.446011     0.030435453       928.51182
0.125       86.456630     0.028151941       921.66588
0.125       88.467249     0.024578475       862.13000
0.125       90.477868     0.025145282       943.52596
0.125       92.488488     0.022159775       888.17519
0.125       94.499107     0.020736028       886.50042
0.125       96.509726     0.019630428       893.95011
0.125       98.520346     0.018284321       885.78204
0.125       100.53096     0.017120082       881.20236
0.125       102.54158     0.015449072       843.86450
0.125       104.55220     0.014850144       859.80603
0.125       106.56282     0.013767694       844.01200
0.125       108.57344     0.012251860       794.40706
0.125       110.58406     0.012631666       865.38329
0.125       112.59468     0.011765123       850.78607
0.125       114.60530    0.0099104782       755.75143
0.125       116.61592     0.010075457       809.48448
0.125       118.62654    0.0090643625       766.57226
0.125       120.63716    0.0092403393       821.86686
0.125       122.64778    0.0078110640       730.06160
0.125       124.65840    0.0083700354       821.41412
0.125       126.66902    0.0070826672       729.25309
0.125       128.67964    0.0069075694       745.63275
0.125       132.70087    0.0072874293       862.71225
0.125       136.72211    0.0051856980       671.41920
0.125       140.74335    0.0051032214       720.77269
0.125       144.76459    0.0047974522       737.34025
0.125       148.78583    0.0047892086       799.13235
0.125       152.80707    0.0036623153       661.99743
0.125       156.82831    0.0022438894       438.47522
0.125       160.84954    0.0032187932       678.61402
0.125       164.87078    0.0031787183       721.69450
0.125       168.89202    0.0018147446       442.90764
0.125       172.91326    0.0023352602       611.63232
0.125       176.93450    0.0016230566       455.45080
0.125       180.95574    0.0025292316       759.23449
0.125       184.97698    0.0023600103       756.72341
0.125       188.99821    0.0020207752       691.13256
0.125       193.01945    0.0018235395       664.33736
0.125       197.04069    0.0022711365       880.19978
0.125       201.06193    0.0020970782       863.52402
0.125       205.08317    0.0012927619       564.90949
0.125       209.10441   0.00090460757       419.00580
0.125       213.12565    0.0018667596       915.51566
0.125       217.14688   0.00023024872       119.43409
0.125       221.16812    0.0013774628       754.94918
0.125       225.18936    0.0013461235       778.75130
0.125       229.21060    0.0011992807       731.63621
0.125       233.23184    0.0011974061       769.61804
0.125       237.25308   0.00042327075       286.36773
0.125       241.27432   0.00098855635       703.40421
0.125       245.29555    0.0010033498       750.22522
0.125       249.31679   0.00071597672       562.11316
0.125       253.33803   0.00036457984       300.30605
0.125       257.35927   0.00063717183       550.23254
0.125       265.40175    0.0015388621       1457.4085
0.125       273.44422   6.9681861e-05       72.176574
0.125       281.48670   4.6451681e-05       52.486225
0.125       289.52918    0.0014226752       1749.2546
0.125       297.57166    0.0012517498       1670.9463
0.125       305.61413   0.00046313516       669.72778
0.125       313.65661    0.0014503531       2267.2913
0.125       321.69909   0.00053002667       893.95873
0.125       329.74156   0.00054686285       993.27560
0.125       337.78404   0.00091081014       1778.3429
0.125       345.82652   0.00064321204       1347.7189
0.125       353.86900    0.0010367207       2327.3385
0.125       361.91147  -6.8093800e-05      -163.52527
0.125       369.95395  -0.00024419365      -626.39406
0.125       377.99643  -0.00029802240      -815.42167
0.125       386.03891   6.3520813e-05       185.13116
0.125       394.08138  -0.00016318309      -505.94485
0.125       402.12386    0.0014168069       4667.2434
0.125       410.16634   0.00044945233       1571.2089
0.125       418.20881   0.00016261212       602.56337
0.125       426.25129   0.00024710488       969.50197
0.125       434.29377  -0.00031637724      -1312.8838
0.125       442.33625  -9.8721036e-05      -432.85012
0.125       450.37872  -1.1986040e-05      -55.472735
0.125       458.42120  -0.00022972668      -1121.1811
0.125       466.46368  -0.00024578307      -1263.7923
0.125       474.50615   0.00021818582       1180.9250
0.125       482.54863   9.8856597e-05       562.72885
0.125       490.59111  -0.00016407596      -981.46365
0.125       498.63359  -0.00018148354      -1139.8615
0.125       506.67606  -0.00022045994      -1452.7508
0.125       514.71854   0.00034186287       2361.7375
0.000     0.015707963       9257.8439    0.0018177734
0.000     0.031415927       23917.197     0.037569045
0.000     0.047123890       12416.373     0.065824628
0.000     0.062831853       10300.330      0.12943776
0.000     0.078539816       7866.5255      0.19307358
0.000     0.094247780       6384.8329      0.27079035
0.000      0.10995574       5228.1471      0.35210469
0.000      0.12566371       4306.6239      0.43294906
0.000      0.14137167       3504.9972      0.50170115
0.000      0.15707963       3265.8936      0.64125671
0.000      0.17278760       2918.7494      0.76278958
0.000      0.18849556       2467.2869      0.83713072
0.000      0.20420352       2337.6160       1.0084007
0.000      0.21991149       2111.7290       1.1377640
0.000      0.23561945       1917.8966       1.2709511
0.000      0.25132741       1804.9430       1.4516213
0.000      0.26703538       1629.6830       1.5720986
0.000      0.28274334       1547.9193       1.7725387
0.000      0.29845130       1453.2894       1.9572342
0.000      0.31415927       1361.3493       2.1384025
0.000      0.32986723       1283.6586       2.3341960
0.000      0.34557519       1215.2023       2.5406597
0.000      0.36128316       1160.2407       2.7717975
0.000      0.37699112       1115.6387       3.0282184
0.000      0.39269908       1057.8676       3.2454972
0.000      0.40840704       1010.6059       3.4876408
0.000      0.42411501       983.94677       3.8027063
0.000      0.43982297       950.34752       4.0962498
0.000      0.45553093       883.77679       4.2322029
0.000      0.47123890       882.28479       4.6773778
0.000      0.48694686       825.16670       4.8267706
0.000      0.50265482       817.52170       5.2599197
0.000      0.51836279       792.71832       5.5935897
0.000      0.53407075       764.47761       5.8997202
0.000      0.54977871       724.94674       6.1029544
0.000      0.56548668       706.12237       6.4687053
0.000      0.58119464       712.12087       7.0825358
0.000      0.59690260       678.91513       7.3146940
0.000      0.61261057       676.65881       7.8812200
0.000      0.62831853       661.36769       8.3109916
0.000      0.64402649       639.64880       8.6561156
0.000      0.65973446       636.38197       9.2575407
0.000      0.67544242       620.25070       9.6828347
0.000      0.69115038       604.96453       10.118540
0.000      0.70685835       588.44178       10.528607
0.000      0.72256631       570.73260       10.907772
0.000      0.73827427       557.28447       11.360577
0.000      0.75398224       553.48809       12.018822
0.000      0.76969020       534.68685       12.351441
0.000      0.78539816       525.77885       12.904554
0.000      0.80110613       516.88552       13.462781
0.000      0.81681409       512.41331       14.146869
0.000      0.83252205       504.90829       14.759444
0.000      0.84823002       494.18653       15.279251
0.000      0.86393798       481.72949       15.736973
0.000      0.87964594       469.40913       16.186222
0.000      0.89535391       466.59963       16.966757
0.000      0.91106187       459.60923       17.607699
0.000      0.92676983       451.91082       18.223788
0.000      0.94247780       439.73377       18.649769
0.000      0.95818576       432.90018       19.293329
0.000      0.97389372       431.31144       20.183475
0.000      0.98960169       423.29722       20.782460
0.000       1.0053096       411.74978       21.193525
0.000       1.0367256       403.50309       22.777632
0.000       1.0681415       389.35419       24.038174
0.000       1.0995574       383.92885       25.856799
0.000       1.1309734       362.62742       26.575902
0.000       1.1623893       354.89129       28.237119
0.000       1.1938052       346.65089       29.878789
0.000       1.2252211       338.85950       31.574274
0.000       1.2566371       326.98521       32.872139
0.000       1.2880530       313.60428       33.951067
0.000       1.3194689       306.96138       35.723293
0.000       1.3508848       299.73012       37.433086
0.000       1.3823008       291.99031       39.070263
0.000       1.4137167       288.26439       41.261824
0.000       1.4451326       277.56487       42.438290
0.000       1.4765485       270.15977       44.058949
0.000       1.5079645       263.18719       45.720222
0.000       1.5393804       255.10801       47.144628
0.000       1.5707963       251.71354       49.423839
0.000       1.6022123       243.25900       50.687319
0.000       1.6336282       236.05535       52.136725
0.000       1.6650441       234.36677       54.807946
0.000       1.6964600       229.51710       56.769648
0.000       1.7278760       221.59858       57.912848
0.000       1.7592919       216.16603       59.630907
0.000       1.7907078       212.04148       61.682968
0.000       1.8221237       208.67219       63.954107
0.000       1.8535397       202.06613       65.188268
0.000       1.8849556       198.59020       67.380067
0.000       1.9163715       194.38116       69.304837
0.000       1.9477874       187.08598       70.038396
0.000       1.9792034       184.47236       72.455745
0.000       2.0106193       181.31300       74.660128
0.000       2.0734512       174.32175       78.723297
0.000       2.1362830       165.57878       81.780789
0.000       2.1991149       157.68271       84.956786
0.000       2.2619467       151.46988       88.806273
0.000       2.3247786       144.00590       91.663267
0.000       2.3876104       137.71085       94.957398
0.000       2.4504423       133.57386       99.569237
0.000       2.5132741       128.29179       103.17838
0.000       2.5761060       124.69599       107.99756
0.000       2.6389378       120.05657       111.77474
0.000       2.7017697       115.16529       115.06330
0.000       2.7646015       112.86351       120.81517
0.000       2.8274334       107.07110       122.60825
0.000       2.8902652       103.85355       127.02953
0.000       2.9530971       99.264266       129.50793
0.000       3.0159289       96.278314       133.80183
0.000       3.0787608       93.454351       138.16487
0.000       3.1415927       89.580530       140.71277
0.000       3.2044245       87.003738       145.03015
0.000       3.2672564       84.544562       149.38451
0.000       3.3300882       81.001805       151.54170
0.000       3.3929201       79.377833       157.06896
0.000       3.4557519       75.714265       158.29808
0.000       3.5185838       75.380673       166.35427
0.000       3.5814156       71.851076       167.21210
0.000       3.6442475       69.564234       170.56105
0.000       3.7070793       67.928427       175.31435
0.000       3.7699112       65.740655       178.44223
0.000       3.8327430       63.725938       181.76724
0.000       3.8955749       62.489955       187.15229
0.000       3.9584067       60.405852       189.80626
0.000       4.0212386       59.383829       195.62213
0.000       4.1469023       55.583230       200.81005
0.000       4.2725660       53.756964       212.40823
0.000       4.3982297       50.377102       217.13866
0.000       4.5238934       47.185047       221.31545
0.000       4.6495571       45.613701       232.27386
0.000       4.7752208       42.911075       236.71187
0.000       4.9008845       40.980842       244.38500
0.000       5.0265482       39.222386       252.35611
0.000       5.1522120       37.356067       258.82878
0.000       5.2778757       35.905452       267.42877
0.000       5.4035394       34.652955       276.97814
0.000       5.5292031       32.705273       280.07584
0.000       5.6548668       31.464906       288.24636
0.000       5.7805305       30.089053       294.42987
0.000       5.9061942       29.009240       302.78180
0.000       6.0318579       27.570854       306.53056
0.000       6.1575216       26.937139       318.59544
0.000       6.2831853       25.565351       321.26368
0.000       6.4088490       24.909377       332.17982
0.000       6.5345127       23.960814       338.69707
0.000       6.6601764       23.007699       344.35044
0.000       6.7858401       22.226360       351.84345
0.000       6.9115038       21.500045       359.60629
0.000       7.0371675       20.965556       370.14366
0.000       7.1628313       19.928934       371.02955
0.000       7.2884950       19.502059       382.52893
0.000       7.4141587       18.518962       382.36006
0.000       7.5398224       18.283227       397.01457
0.000       7.6654861       17.445482       398.08181
0.000       7.7911498       16.888238       404.63111
0.000       7.9168135       16.372890       411.57298
0.000       8.0424772       15.985276       421.26939
0.000       8.2938046       14.866939       429.68799
0.000       8.5451320       14.240010       450.12889
0.000       8.7964594       13.201961       455.23162
0.000       9.0477868       12.471647       467.97340
0.000       9.2991143       11.747458       478.56276
0.000       9.5504417       11.157846       492.40335
0.000       9.8017691       10.620750       506.68595
0.000       10.053096       10.183802       524.17917
0.000       10.304424       9.6286009       533.70908
0.000       10.555751       9.0924467       541.77439
0.000       10.807079       8.7948581       562.37246
0.000       11.058406       8.3429854       571.56990
0.000       11.309734       7.9818922       584.96952
0.000       11.561061       7.4634339       584.25444
0.000       11.812388       7.2874679       608.49928
0.000       12.063716       6.8028133       605.06510
0.000       12.315043       6.6319441       627.50752
0.000       12.566371       6.4019914       643.59837
0.000       12.817698       6.0911645       649.83140
0.000       13.069025       5.7915500       654.92969
0.000       13.320353       5.6009055       670.61875
0.000       13.571680       5.3486290       677.35072
0.000       13.823008       5.1377724       687.46844
0.000       14.074335       4.9762646       702.84148
0.000       14.325663       4.7747084       711.15007
0.000       14.576990       4.6067524       722.88413
0.000       14.828317       4.3910854       725.30013
0.000       15.079645       4.2216492       733.37438
0.000       15.330972       4.1517358       757.89501
0.000       15.582300       3.9511848       757.34236
0.000       15.833627       3.8092910       766.04738
0.000       16.084954       3.6760092       775.00830
0.000       16.587609       3.3741262       780.15873
0.000       17.090264       3.2160710       813.28394
0.000       17.592919       2.9730665       820.14110
0.000       18.095574       2.7905763       837.68594
0.000       18.598229       2.6986987       879.50718
0.000       19.100883       2.5411457       897.13993
0.000       19.603538       2.3538307       898.35681
0.000       20.106193       2.2213011       914.67590
0.000       20.608848       2.1028272       932.47023
0.000       21.111503       1.9879015       947.59457
0.000       21.614157       1.9048655       974.42745
0.000       22.116812       1.7718858       971.12153
0.000       22.619467       1.7146932       1005.3188
0.000       23.122122       1.5991643       1001.4895
0.000       23.624777       1.5276497       1020.4628
0.000       24.127432       1.4465855       1029.3134
0.000       24.630086       1.3835999       1047.3180
0.000       25.132741       1.3121364       1055.2827
0.000       25.635396       1.2585293       1074.1222
0.000       26.138051       1.1935223       1079.7430
0.000       26.640706       1.1441389       1095.9385
0.000       27.143361       1.0840061       1098.2288
0.000       27.646015       1.0466952       1120.4387
0.000       28.148670      0.99698517       1126.5037
0.000       28.651325      0.94931517       1131.1360
0.000       29.153980      0.92372396       1159.5941
0.000       29.656635      0.88381452       1167.8767
0.000       30.159289      0.85019700       1181.5528
0.000       30.661944      0.80954465       1182.2522
0.000       31.164599      0.77821568       1193.3144
0.000       31.667254      0.74257909       1194.6596
0.000       32.169909      0.71313206       1202.7897
0.000       33.175218      0.67570554       1249.8823
0.000       34.180528      0.61167161       1237.4421
0.000       35.185838      0.57901273       1277.7976
0.000       36.191147      0.52431514       1259.1275
0.000       37.196457      0.49205825       1282.8961
0.000       38.201767      0.46720875       1319.5674
0.000       39.207076      0.42991613       1312.6452
0.000       40.212386      0.40320266       1328.2297
0.000       41.217696      0.37396739       1326.6462
0.000       42.223005      0.35194811       1342.1354
0.000       43.228315      0.33176113       1357.6902
0.000       44.233625      0.31529544       1382.4376
0.000       45.238934      0.29720666       1394.0100
0.000       46.244244      0.28150717       1410.3690
0.000       47.249554      0.25802665       1378.8847
0.000       48.254863      0.24622139       1401.5846
0.000       49.260173      0.23038985       1395.1516
0.000       50.265482      0.22141794       1424.5990
0.000       51.270792      0.20589766       1405.8266
0.000       52.276102      0.19339866       1399.6946
0.000       53.281411      0.18465704       1415.0223
0.000       54.286721      0.17460208       1415.1436
0.000       55.292031      0.16518910       1414.6183
0.000       56.297340      0.15661537       1415.6904
0.000       57.302650      0.14988064       1428.6963
0.000       58.307960      0.14182629       1424.3297
0.000       59.313269      0.13478562       1424.8508
0.000       60.318579      0.12620297       1403.1146
0.000       61.323889      0.12180557       1423.0706
0.000       62.329198      0.11618948       1425.3177
0.000       63.334508      0.10922396       1405.7542
0.000       64.339818      0.10323628       1392.9710
0.000       66.350437     0.095378090       1411.4004
0.000       68.361056     0.087196498       1411.2228
0.000       70.371675     0.076998312       1359.3933
0.000       72.382295     0.071408865       1371.8905
0.000       74.392914     0.065261636       1361.2031
0.000       76.403533     0.059869120       1352.7373
0.000       78.414153     0.056399377       1377.6152
0.000       80.424772     0.049006830       1291.5059
0.000       82.435391     0.046984474       1333.4162
0.000       84.446011     0.044766323       1365.7119
0.000       86.456630     0.039816797       1303.5614
0.000       88.467249     0.036920959       1295.0627
0.000       90.477868     0.034130058       1280.6615
0.000       92.488488     0.031937637       1280.0769
0.000       94.499107     0.029475805       1260.1407
0.000       96.509726     0.027904600       1270.7477
0.000       98.520346     0.026168577       1267.7340
0.000       100.53096     0.023513553       1210.2862
0.000       102.54158     0.020971533       1145.5143
0.000       104.55220     0.020967763       1214.0091
0.000       106.56282     0.018509443       1134.6992
0.000       108.57344     0.017958931       1164.4519
0.000       110.58406     0.016684029       1143.0068
0.000       112.59468     0.016276976       1177.0573
0.000       114.60530     0.014510323       1106.5255
0.000       116.61592     0.013844703       1112.3141
0.000       118.62654     0.012892135       1090.2866
0.000       120.63716     0.012254009       1089.9128
0.000       122.64778     0.011895473       1111.8111
0.000       124.65840     0.010735335       1053.5386
0.000       126.66902     0.010439733       1074.9069
0.000       128.67964    0.0093152367       1005.5267
0.000       132.70087    0.0083881026       993.01392
0.000       136.72211    0.0081199835       1051.3364
0.000       140.74335    0.0072748135       1027.4857
0.000       144.76459    0.0060494123       929.75918
0.000       148.78583    0.0065059298       1085.5862
0.000       152.80707    0.0062197284       1124.2735
0.000       156.82831    0.0055608158       1086.6311
0.000       160.84954    0.0034605884       729.59140
0.000       164.87078    0.0050034325       1135.9766
0.000       168.89202    0.0032345873       789.43528
0.000       172.91326    0.0041033971       1074.7283
0.000       176.93450    0.0026277536       737.38188
0.000       180.95574    0.0034173702       1025.8394
0.000       184.97698    0.0026073739       836.03910
0.000       188.99821    0.0023819924       814.67376
0.000       193.01945    0.0032721407       1192.0802
0.000       197.04069    0.0030331435       1175.5226
0.000       201.06193    0.0022782563       938.12860
0.000       205.08317    0.0024389226       1065.7574
0.000       209.10441    0.0013295382       615.82970
0.000       213.12565    0.0025932930       1271.8297
0.000       217.14688    0.0015015808       778.89655
0.000       221.16812    0.0021427827       1174.3998
0.000       225.18936    0.0011808434       683.13443
0.000       229.21060    0.0015027896       916.79566
0.000       233.23184    0.0016020990       1029.7294
0.000       237.25308    0.0019419492       1313.8436
0.000       241.27432    0.0011834015       842.04566
0.000       245.29555    0.0013213382       987.99170
0.000       249.31679    0.0014037840       1102.1105
0.000       253.33803    0.0014519163       1195.9499
0.000       257.35927    0.0013310790       1149.4592
0.000       265.40175   0.00076957309       728.83877
0.000       273.44422    0.0026231040       2717.0150
0.000       281.48670   0.00081298507       918.60007
0.000       289.52918    0.0012218830       1502.3700
0.000       297.57166   0.00049843955       665.36116
0.000       305.61413   0.00096682349       1398.0985
0.000       313.65661   0.00051798891       809.75577
0.000       321.69909    0.0010187774       1718.3002
0.000       329.74156   0.00031167048       566.09199
0.000       337.78404   0.00036943618       721.31849
0.000       345.82652    0.0014135185       2961.7379
0.000       353.86900   0.00019634783       440.78206
0.000       361.91147   0.00045503806       1092.7606
0.000       369.95395  -0.00023921409      -613.62074
0.000       377.99643  -7.6450961e-05      -209.17814
0.000       386.03891  -3.3358784e-05      -97.224048
0.000       394.08138   0.00043877325       1360.4048
0.000       402.12386   0.00090949263       2996.0494
0.000       410.16634   3.0464317e-05       106.49807
0.000       418.20881   0.00085891431       3182.7289
0.000       426.25129  -8.6611520e-05      -339.81539
0.000       434.29377   0.00025971377       1077.7450
0.000       442.33625  -0.00090737447      -3978.4545
0.000       450.37872  -8.2655026e-05      -382.53671
0.000       458.42120   0.00033550104       1637.4129
0.000       466.46368   0.00029366459       1509.9944
0.000       474.50615    0.0010175816       5507.6336
0.000       482.54863   0.00015381133       875.55181
0.000       490.59111   0.00034049110       2036.7374
0.000       498.63359   6.4294858e-05       403.82303
0.000       506.67606  -9.1175597e-05      -600.81399
0.000       514.71854  -7.1071561e-05      -490.99328