# z        k [h/Mpc]   P(k) [(Mpc/h)^3]    Delta^2(k)   
3.000     0.062831853       288.45308    0.0036248083
3.000      0.12566371       442.08921     0.044443655
3.000      0.18849556       166.71696     0.056565733
3.000      0.25132741       113.44886     0.091240984
3.000      0.31415927       71.322298      0.11203280
3.000      0.37699112       51.918095      0.14092316
3.000      0.43982297       37.709832      0.16253937
3.000      0.50265482       29.514495      0.18989572
3.000      0.56548668       22.243894      0.20377373
3.000      0.62831853       19.303265      0.24257198
3.000      0.69115038       16.411803      0.27450118
3.000      0.75398224       13.253054      0.28778593
3.000      0.81681409       11.782111      0.32528424
3.000      0.87964594       10.493524      0.36183896
3.000      0.94247780       9.0509777      0.38386555
3.000       1.0053096       8.1521852      0.41960809
3.000       1.0681415       7.1009977      0.43840551
3.000       1.1309734       6.4850500      0.47527034
3.000       1.1938052       5.9283651      0.51098201
3.000       1.2566371       5.3628088      0.53912835
3.000       1.3194689       4.9457505      0.57557238
3.000       1.3823008       4.4824392      0.59978046
3.000       1.4451326       4.0940802      0.62596453
3.000       1.5079645       3.8355039      0.66629417
3.000       1.5707963       3.5563710      0.69829182
3.000       1.6336282       3.2873413      0.72606366
3.000       1.6964600       3.0881642      0.76383848
3.000       1.7592919       2.9357957      0.80985971
3.000       1.8221237       2.6825206      0.82214218
3.000       1.8849556       2.5927611      0.87970313
3.000       1.9477874       2.4264035      0.90835995
3.000       2.0106193       2.3029574      0.94829991
3.000       2.0734512       2.1895847      0.98881134
3.000       2.1362830       2.0879217       1.0312426
3.000       2.1991149       1.9428843       1.0467933
3.000       2.2619467       1.8482945       1.0836487
3.000       2.3247786       1.8416560       1.1722589
3.000       2.3876104       1.7403376       1.2000357
3.000       2.4504423       1.6993810       1.2667603
3.000       2.5132741       1.5985695       1.2856459
3.000       2.5761060       1.5252154       1.3209690
3.000       2.6389378       1.4768064       1.3749323
3.000       2.7017697       1.4396675       1.4383926
3.000       2.7646015       1.3949778       1.4932591
3.000       2.8274334       1.3278305       1.5205127
3.000       2.8902652       1.2756327       1.5603033
3.000       2.9530971       1.2220939       1.5944393
3.000       3.0159289       1.1853317       1.6473030
3.000       3.0787608       1.1491730       1.6989615
3.000       3.1415927       1.1133894       1.7489080
3.000       3.2044245       1.0750377       1.7920251
3.000       3.2672564       1.0700010       1.8906193
3.000       3.3300882       1.0108236       1.8910928
3.000       3.3929201      0.98987579       1.9587177
3.000       3.4557519      0.96399961       2.0154628
3.000       3.5185838      0.93270874       2.0583536
3.000       3.5814156      0.90178501       2.0986376
3.000       3.6442475      0.88261858       2.1640481
3.000       3.7070793      0.86725288       2.2382658
3.000       3.7699112      0.83006747       2.2530821
3.000       3.8327430      0.82602877       2.3561045
3.000       3.8955749      0.79440884       2.3791893
3.000       3.9584067      0.78025098       2.4516916
3.000       4.0212386      0.76242795       2.5115891
3.000       4.1469023      0.73907637       2.6701213
3.000       4.2725660      0.68370242       2.7014922
3.000       4.3982297      0.66644743       2.8725651
3.000       4.5238934      0.65007403       3.0490895
3.000       4.6495571      0.60863615       3.0992939
3.000       4.7752208      0.59145913       3.2626868
3.000       4.9008845      0.56274375       3.3558640
3.000       5.0265482      0.54417067       3.5011842
3.000       5.1522120      0.52630236       3.6465884
3.000       5.2778757      0.50642976       3.7719588
3.000       5.4035394      0.48803877       3.9008526
3.000       5.5292031      0.47548856       4.0719079
3.000       5.6548668      0.44728928       4.0975653
3.000       5.7805305      0.43631755       4.2694903
3.000       5.9061942      0.42203323       4.4049408
3.000       6.0318579      0.41705657       4.6368018
3.000       6.1575216      0.39897262       4.7187958
3.000       6.2831853      0.38135494       4.7922475
3.000       6.4088490      0.37333226       4.9785847
3.000       6.5345127      0.35954983       5.0824015
3.000       6.6601764      0.35038997       5.2441986
3.000       6.7858401      0.33975549       5.3783321
3.000       6.9115038      0.32871657       5.4980605
3.000       7.0371675      0.32217387       5.6879300
3.000       7.1628313      0.31872264       5.9338604
3.000       7.2884950      0.30368935       5.9568052
3.000       7.4141587      0.30148914       6.2248309
3.000       7.5398224      0.29041031       6.3061695
3.000       7.6654861      0.28638700       6.5349558
3.000       7.7911498      0.27730145       6.6439608
3.000       7.9168135      0.26412050       6.6393202
3.000       8.0424772      0.26393189       6.9555526
3.000       8.2938046      0.25006358       7.2274003
3.000       8.5451320      0.23419696       7.4030017
3.000       8.7964594      0.22567958       7.7819107
3.000       9.0477868      0.21923153       8.2262206
3.000       9.2991143      0.21085830       8.5898526
3.000       9.5504417      0.19888850       8.7770848
3.000       9.8017691      0.19266821       9.1916550
3.000       10.053096      0.18050651       9.2910049
3.000       10.304424      0.17618942       9.7661017
3.000       10.555751      0.16791013       10.004943
3.000       10.807079      0.16084133       10.284729
3.000       11.058406      0.15791019       10.818275
3.000       11.309734      0.15319442       11.227171
3.000       11.561061      0.14321747       11.211387
3.000       11.812388      0.13953091       11.650749
3.000       12.063716      0.13473757       11.984013
3.000       12.315043      0.12857960       12.166066
3.000       12.566371      0.12601699       12.668610
3.000       12.817698      0.12225640       13.042834
3.000       13.069025      0.11686275       13.215268
3.000       13.320353      0.11386068       13.632993
3.000       13.571680      0.10932866       13.845388
3.000       13.823008      0.10692032       14.306657
3.000       14.074335      0.10395844       14.682962
3.000       14.325663     0.098889477       14.728702
3.000       14.576990     0.096333472       15.116492
3.000       14.828317     0.094471689       15.604417
3.000       15.079645     0.090752036       15.765218
3.000       15.330972     0.088406059       16.138433
3.000       15.582300     0.084910293       16.275159
3.000       15.833627     0.083859609       16.864145
3.000       16.084954     0.079833524       16.831199
3.000       16.587609     0.075119158       17.368902
3.000       17.090264     0.072590350       18.356736
3.000       17.592919     0.068674153       18.944244
3.000       18.095574     0.064661022       19.410195
3.000       18.598229     0.062094606       20.236662
3.000       19.100883     0.061409000       21.680168
3.000       19.603538     0.056764503       21.664591
3.000       20.106193     0.054689195       22.519634
3.000       20.608848     0.051808772       22.973898
3.000       21.111503     0.050588088       24.114372
3.000       21.614157     0.048122863       24.617086
3.000       22.116812     0.046743154       25.618628
3.000       22.619467     0.044345338       25.999521
3.000       23.122122     0.043224682       27.069805
3.000       23.624777     0.041875438       27.972595
3.000       24.127432     0.040699362       28.959505
3.000       24.630086     0.039119627       29.611661
3.000       25.132741     0.037516984       30.172949
3.000       25.635396     0.036924865       31.514416
3.000       26.138051     0.034858699       31.535595
3.000       26.640706     0.034291020       32.846405
3.000       27.143361     0.032714502       33.143733
3.000       27.646015     0.032158278       34.423949
3.000       28.148670     0.030786158       34.785592
3.000       28.651325     0.030046597       35.801373
3.000       29.153980     0.029339549       36.831316
3.000       29.656635     0.028534534       37.705669
3.000       30.159289     0.027542748       38.277260
3.000       30.661944     0.026577835       38.814047
3.000       31.164599     0.025848046       39.635342
3.000       31.667254     0.025051624       40.302998
3.000       32.169909     0.024596742       41.485596
3.000       33.175218     0.023089288       42.709272
3.000       34.180528     0.022283986       45.081611
3.000       35.185838     0.021322780       47.056299
3.000       36.191147     0.019338120       46.439930
3.000       37.196457     0.019077639       49.739294
3.000       38.201767     0.018040305       50.952379
3.000       39.207076     0.017082838       52.158327
3.000       40.212386     0.016529755       54.452298
3.000       41.217696     0.015578579       55.264879
3.000       42.223005     0.015035769       57.338102
3.000       43.228315     0.014900267       60.977446
3.000       44.233625     0.013902171       60.955161
3.000       45.238934     0.013298535       62.375084
3.000       46.244244     0.012765904       63.958000
3.000       47.249554     0.012684530       67.785648
3.000       48.254863     0.012080623       68.767439
3.000       49.260173     0.011887976       71.988972
3.000       50.265482     0.011400242       73.348948
3.000       51.270792     0.010646864       72.694586
3.000       52.276102     0.010657202       77.129947
3.000       53.281411     0.010267149       78.676912
3.000       54.286721    0.0098342967       79.706621
3.000       55.292031    0.0095758526       82.004056
3.000       56.297340    0.0094058995       85.022570
3.000       57.302650    0.0089597760       85.406619
3.000       58.307960    0.0084911097       85.274316
3.000       59.313269    0.0086624232       91.572537
3.000       60.318579    0.0083646869       92.997924
3.000       61.323889    0.0079327214       92.679038
3.000       62.329198    0.0078201096       95.930724
3.000       63.334508    0.0075591159       97.288715
3.000       64.339818    0.0073623814       99.340890
3.000       66.350437    0.0069838127       103.34613
3.000       68.361056    0.0067316974       108.94847
3.000       70.371675    0.0063984685       112.96397
3.000       72.382295    0.0059784592       114.85676
3.000       74.392914    0.0058166037       121.32057
3.000       76.403533    0.0055127246       124.55951
3.000       78.414153    0.0051317210       125.34778
3.000       80.424772    0.0050872114       134.06628
3.000       82.435391    0.0047758051       135.53703
3.000       84.446011    0.0045387756       138.46703
3.000       86.456630    0.0043982652       143.99473
3.000       88.467249    0.0042439042       148.86185
3.000       90.477868    0.0041144368       154.38594
3.000       92.488488    0.0038838394       155.66628
3.000       94.499107    0.0037001713       158.18861
3.000       96.509726    0.0035516308       161.73772
3.000       98.520346    0.0034352970       166.42261
3.000       100.53096    0.0033304479       171.42433
3.000       102.54158    0.0032522056       177.64309
3.000       104.55220    0.0029927339       173.27581
3.000       106.56282    0.0029279859       179.49667
3.000       108.57344    0.0028964666       187.80606
3.000       110.58406    0.0029231496       200.26217
3.000       112.59468    0.0027108981       196.03656
3.000       114.60530    0.0025762808       196.46155
3.000       116.61592    0.0026239872       210.81694
3.000       118.62654    0.0025119760       212.43757
3.000       120.63716    0.0023777997       211.48951
3.000       122.64778    0.0023867957       223.08201
3.000       124.65840    0.0022052815       216.42075
3.000       126.66902    0.0022095008       227.49697
3.000       128.67964    0.0021443399       231.46928
3.000       132.70087    0.0020066416       237.55349
3.000       136.72211    0.0018582221       240.59364
3.000       140.74335    0.0017995680       254.16876
3.000       144.76459    0.0019022521       292.36499
3.000       148.78583    0.0016581836       276.68625
3.000       152.80707    0.0015937626       288.08737
3.000       156.82831    0.0015983943       312.33994
3.000       160.84954    0.0014820061       312.44944
3.000       164.87078    0.0013120395       297.88475
3.000       168.89202    0.0012229717       298.47920
3.000       172.91326    0.0012365698       323.87229
3.000       176.93450    0.0011459305       321.56303
3.000       180.95574    0.0011277275       338.52558
3.000       184.97698    0.0010484233       336.17078
3.000       188.99821    0.0010611500       362.92772
3.000       193.01945   0.00096012149       349.78380
3.000       197.04069   0.00095518235       370.18969
3.000       201.06193   0.00091405729       376.38579
3.000       205.08317   0.00094311866       412.12281
3.000       209.10441   0.00084812910       392.84550
3.000       213.12565   0.00079390412       389.35473
3.000       217.14688   0.00075766707       393.01532
3.000       221.16812   0.00066919826       366.76903
3.000       225.18936   0.00064188805       371.34122
3.000       229.21060   0.00072456735       442.03139
3.000       233.23184   0.00060855767       391.14295
3.000       237.25308   0.00059262230       400.94408
3.000       241.27432   0.00060643177       431.50465
3.000       245.29555   0.00053584608       400.66310
3.000       249.31679   0.00053155286       417.32203
3.000       253.33803   0.00045637140       375.91517
3.000       257.35927   0.00043017875       371.48276
3.000       265.40175   0.00034247817       324.35044
3.000       273.44422   0.00042621738       441.47659
3.000       281.48670   0.00044794419       506.13668
3.000       289.52918   0.00041847286       514.53459
3.000       297.57166   0.00038148230       509.23628
3.000       305.61413   0.00045583851       659.17628
3.000       313.65661   0.00024770846       387.23485
3.000       321.69909   0.00031571776       532.49895
3.000       329.74156   0.00026541320       482.07416
3.000       337.78404   0.00024570796       479.74104
3.000       345.82652   0.00023468892       491.74248
3.000       353.86900   0.00030024968       674.03174
3.000       361.91147   0.00024833322       596.36498
3.000       369.95395   0.00016502888       423.32431
3.000       377.99643   0.00015184085       415.45306
3.000       386.03891   0.00016160401       470.99427
3.000       394.08138   0.00024538333       760.80449
3.000       402.12386   0.00019195204       632.32815
3.000       410.16634   0.00017613083       615.72344
3.000       418.20881   0.00014296949       529.77709
3.000       426.25129   0.00018693804       733.44079
3.000       434.29377   0.00024850713       1031.2404
3.000       442.33625   0.00016810184       737.05572
3.000       450.37872   0.00016104813       745.34879
3.000       458.42120   0.00012665432       618.13645
3.000       466.46368   0.00018564895       954.58864
3.000       474.50615   6.3883656e-05       345.76862
3.000       482.54863   0.00022230446       1265.4404
3.000       490.59111   0.00012559364       751.27151
3.000       498.63359   6.0504374e-05       380.01577
3.000       506.67606   0.00017179496       1132.0663
3.000       514.71854   0.00016667166       1151.4404
2.750     0.062831853       326.63216    0.0041045808
2.750      0.12566371       501.35378     0.050401579
2.750      0.18849556       189.02245     0.064133806
2.750      0.25132741       129.55367      0.10419324
2.750      0.31415927       81.846516      0.12856421
2.750      0.37699112       59.695325      0.16203317
2.750      0.43982297       43.467902      0.18735818
2.750      0.50265482       34.051661      0.21908777
2.750      0.56548668       25.901458      0.23728025
2.750      0.62831853       22.576557      0.28370539
2.750      0.69115038       19.294332      0.32271390
2.750      0.75398224       15.505637      0.33670008
2.750      0.81681409       13.902081      0.38381304
2.750      0.87964594       12.346566      0.42573579
2.750      0.94247780       10.740513      0.45552128
2.750       1.0053096       9.6643495      0.49744199
2.750       1.0681415       8.4719104      0.52304371
2.750       1.1309734       7.7247685      0.56612568
2.750       1.1938052       7.1218644      0.61385298
2.750       1.2566371       6.4443164      0.64785335
2.750       1.3194689       5.9596332      0.69356517
2.750       1.3823008       5.4539537      0.72977563
2.750       1.4451326       4.9685959      0.75967363
2.750       1.5079645       4.6588477      0.80932341
2.750       1.5707963       4.3465090      0.85343505
2.750       1.6336282       4.0196085      0.88779697
2.750       1.6964600       3.7932930      0.93824779
2.750       1.7592919       3.6313148       1.0017235
2.750       1.8221237       3.3043668       1.0127263
2.750       1.8849556       3.1962434       1.0844598
2.750       1.9477874       2.9989766       1.1227111
2.750       2.0106193       2.8635675       1.1791450
2.750       2.0734512       2.7059720       1.2220106
2.750       2.1362830       2.6010250       1.2846687
2.750       2.1991149       2.4161066       1.3017575
2.750       2.2619467       2.2992606       1.3480487
2.750       2.3247786       2.2975117       1.4624222
2.750       2.3876104       2.1712265       1.4971516
2.750       2.4504423       2.1289711       1.5869873
2.750       2.5132741       1.9991903       1.6078443
2.750       2.5761060       1.9225527       1.6650975
2.750       2.6389378       1.8456524       1.7183342
2.750       2.7017697       1.8102877       1.8086846
2.750       2.7646015       1.7664119       1.8908622
2.750       2.8274334       1.6830229       1.9272473
2.750       2.8902652       1.6198786       1.9813711
2.750       2.9530971       1.5516701       2.0244303
2.750       3.0159289       1.5064795       2.0936150
2.750       3.0787608       1.4588947       2.1568605
2.750       3.1415927       1.4202439       2.2309139
2.750       3.2044245       1.3699532       2.2836320
2.750       3.2672564       1.3615312       2.4057334
2.750       3.3300882       1.2873423       2.4084161
2.750       3.3929201       1.2584955       2.4902493
2.750       3.4557519       1.2247600       2.5606424
2.750       3.5185838       1.1937007       2.6343251
2.750       3.5814156       1.1538382       2.6852168
2.750       3.6442475       1.1327277       2.7772780
2.750       3.7070793       1.1130328       2.8725914
2.750       3.7699112       1.0623271       2.8835129
2.750       3.8327430       1.0596174       3.0223758
2.750       3.8955749       1.0200540       3.0549781
2.750       3.9584067      0.99893725       3.1388439
2.750       4.0212386      0.98707604       3.2516246
2.750       4.1469023      0.94744927       3.4229270
2.750       4.2725660      0.88371962       3.4918140
2.750       4.3982297      0.86092907       3.7108326
2.750       4.5238934      0.83946909       3.9374229
2.750       4.6495571      0.78880310       4.0167392
2.750       4.7752208      0.76670539       4.2294039
2.750       4.9008845      0.72917205       4.3483419
2.750       5.0265482      0.70715508       4.5498229
2.750       5.1522120      0.67345490       4.6661633
2.750       5.2778757      0.65850140       4.9046094
2.750       5.4035394      0.63022587       5.0373420
2.750       5.5292031      0.61795872       5.2919696
2.750       5.6548668      0.59101584       5.4142277
2.750       5.7805305      0.57926853       5.6683059
2.750       5.9061942      0.55087113       5.7496769
2.750       6.0318579      0.54019063       6.0057965
2.750       6.1575216      0.52079274       6.1596071
2.750       6.2831853      0.49739432       6.2504414
2.750       6.4088490      0.49066672       6.5433022
2.750       6.5345127      0.47258154       6.6801565
2.750       6.6601764      0.45843481       6.8612785
2.750       6.7858401      0.44244834       7.0039607
2.750       6.9115038      0.42937956       7.1817335
2.750       7.0371675      0.42028211       7.4200159
2.750       7.1628313      0.40649865       7.5680419
2.750       7.2884950      0.39865374       7.8195123
2.750       7.4141587      0.39020150       8.0564704
2.750       7.5398224      0.37754187       8.1982041
2.750       7.6654861      0.37247912       8.4994592
2.750       7.7911498      0.36266011       8.6890983
2.750       7.9168135      0.35117932       8.8277582
2.750       8.0424772      0.34326510       9.0462673
2.750       8.2938046      0.32709994       9.4539243
2.750       8.5451320      0.30782181       9.7302945
2.750       8.7964594      0.28903891       9.9666745
2.750       9.0477868      0.28299794       10.618926
2.750       9.2991143      0.27213795       11.086236
2.750       9.5504417      0.25889346       11.425145
2.750       9.8017691      0.24460711       11.669513
2.750       10.053096      0.23641775       12.168860
2.750       10.304424      0.22645184       12.552125
2.750       10.555751      0.21472039       12.794137
2.750       10.807079      0.20836806       13.323746
2.750       11.058406      0.20159266       13.810919
2.750       11.309734      0.19361509       14.189483
2.750       11.561061      0.18643469       14.594528
2.750       11.812388      0.17906665       14.951959
2.750       12.063716      0.17202657       15.300622
2.750       12.315043      0.16656810       15.760497
2.750       12.566371      0.16110791       16.196334
2.750       12.817698      0.15537170       16.575716
2.750       13.069025      0.15118275       17.096299
2.750       13.320353      0.14564475       17.438627
2.750       13.571680      0.14108844       17.867449
2.750       13.823008      0.13648419       18.262501
2.750       14.074335      0.13324268       18.819032
2.750       14.325663      0.12704962       18.922904
2.750       14.576990      0.12369049       19.409312
2.750       14.828317      0.11932650       19.709826
2.750       15.079645      0.11659401       20.254422
2.750       15.330972      0.11176596       20.402758
2.750       15.582300      0.10937852       20.965100
2.750       15.833627      0.10558865       21.233849
2.750       16.084954      0.10182783       21.468231
2.750       16.587609     0.095137491       21.997501
2.750       17.090264     0.094223207       23.827279
2.750       17.592919     0.087241151       24.066079
2.750       18.095574     0.081689633       24.521909
2.750       18.598229     0.077417118       25.230276
2.750       19.100883     0.074176922       26.187825
2.750       19.603538     0.072112710       27.522347
2.750       20.106193     0.069223064       28.504316
2.750       20.608848     0.064631104       28.659788
2.750       21.111503     0.062760396       29.916678
2.750       21.614157     0.060220929       30.805811
2.750       22.116812     0.058124219       31.856275
2.750       22.619467     0.054748317       32.098752
2.750       23.122122     0.052679685       32.991077
2.750       23.624777     0.051641906       34.496550
2.750       24.127432     0.049529156       35.242318
2.750       24.630086     0.046975714       35.558338
2.750       25.132741     0.046094855       37.071682
2.750       25.635396     0.044217844       37.738785
2.750       26.138051     0.043258538       39.134672
2.750       26.640706     0.041715928       39.958515
2.750       27.143361     0.040590340       41.122906
2.750       27.646015     0.038860405       41.598265
2.750       28.148670     0.037489896       42.360214
2.750       28.651325     0.036393459       43.363839
2.750       29.153980     0.034651706       43.499917
2.750       29.656635     0.033954709       44.867913
2.750       30.159289     0.033512195       46.573240
2.750       30.661944     0.032197534       47.021008
2.750       31.164599     0.031056296       47.621663
2.750       31.667254     0.030493787       49.058339
2.750       32.169909     0.029288537       49.398917
2.750       33.175218     0.027639525       51.126047
2.750       34.180528     0.026903331       54.426777
2.750       35.185838     0.025013382       55.200926
2.750       36.191147     0.023692216       56.896166
2.750       37.196457     0.022590689       58.898531
2.750       38.201767     0.022104533       62.431237
2.750       39.207076     0.020691298       63.175891
2.750       40.212386     0.019977487       65.809810
2.750       41.217696     0.018451264       65.455706
2.750       42.223005     0.018368717       70.048123
2.750       43.228315     0.017387667       71.156812
2.750       44.233625     0.016687481       73.167571
2.750       45.238934     0.015898529       74.570028
2.750       46.244244     0.015485991       77.585814
2.750       47.249554     0.014663534       78.361372
2.750       48.254863     0.014424184       82.107867
2.750       49.260173     0.013720764       83.087627
2.750       50.265482     0.013000408       83.644390
2.750       51.270792     0.012806033       87.436938
2.750       52.276102     0.012326405       89.210559
2.750       53.281411     0.011736319       89.935121
2.750       54.286721     0.011698742       94.817884
2.750       55.292031     0.011179692       95.738745
2.750       56.297340     0.010782027       97.461770
2.750       57.302650     0.010657437       101.58911
2.750       58.307960     0.010433674       104.78306
2.750       59.313269     0.010008730       105.80466
2.750       60.318579    0.0094891026       105.49909
2.750       61.323889    0.0093412482       109.13504
2.750       62.329198    0.0092109611       112.99255
2.750       63.334508    0.0087973054       113.22469
2.750       64.339818    0.0086603319       116.85419
2.750       66.350437    0.0081084900       119.98905
2.750       68.361056    0.0078991081       127.84231
2.750       70.371675    0.0073448077       129.67145
2.750       72.382295    0.0069232024       133.00695
2.750       74.392914    0.0069503835       144.96853
2.750       76.403533    0.0064464691       145.65738
2.750       78.414153    0.0059953736       146.44342
2.750       80.424772    0.0059056764       155.63577
2.750       82.435391    0.0054407061       154.40688
2.750       84.446011    0.0053004064       161.70254
2.750       86.456630    0.0049509083       162.08770
2.750       88.467249    0.0048497715       170.11363
2.750       90.477868    0.0044670602       167.61742
2.750       92.488488    0.0044714585       179.21836
2.750       94.499107    0.0042840982       183.15247
2.750       96.509726    0.0041330039       188.21287
2.750       98.520346    0.0039020543       189.03462
2.750       100.53096    0.0039095167       201.23007
2.750       102.54158    0.0037977693       207.44306
2.750       104.55220    0.0035170737       203.63447
2.750       106.56282    0.0034700321       212.72616
2.750       108.57344    0.0033139050       214.87265
2.750       110.58406    0.0032499844       222.65330
2.750       112.59468    0.0030956992       223.86317
2.750       114.60530    0.0029564428       225.45188
2.750       116.61592    0.0029621898       237.98888
2.750       118.62654    0.0028866007       244.11954
2.750       120.63716    0.0027201969       241.94346
2.750       122.64778    0.0027450336       256.56474
2.750       124.65840    0.0025330238       248.58455
2.750       126.66902    0.0025272614       260.21457
2.750       128.67964    0.0024073065       259.85501
2.750       132.70087    0.0021084018       249.60023
2.750       136.72211    0.0022174535       287.10520
2.750       140.74335    0.0021814754       308.10889
2.750       144.76459    0.0020392114       313.41482
2.750       148.78583    0.0019677519       328.34113
2.750       152.80707    0.0017341313       313.46030
2.750       156.82831    0.0017474917       341.47486
2.750       160.84954    0.0015496044       326.70110
2.750       164.87078    0.0014201660       322.43373
2.750       168.89202    0.0014210217       346.81540
2.750       172.91326    0.0012955028       339.30753
2.750       176.93450    0.0013024650       365.48864
2.750       180.95574    0.0012304769       369.36931
2.750       184.97698    0.0011303678       362.44578
2.750       188.99821    0.0012930569       442.24303
2.750       193.01945    0.0010934343       398.35127
2.750       197.04069   0.00099806296       386.80846
2.750       201.06193    0.0010394396       428.01507
2.750       205.08317   0.00099872062       436.41968
2.750       209.10441   0.00089435565       414.25720
2.750       213.12565   0.00087407537       428.67315
2.750       217.14688   0.00083043415       430.76089
2.750       221.16812   0.00080931822       443.56490
2.750       225.18936   0.00074667132       431.95980
2.750       229.21060   0.00076300407       465.48019
2.750       233.23184   0.00074072585       476.09242
2.750       237.25308   0.00066617485       450.70674
2.750       241.27432   0.00067127879       477.64635
2.750       245.29555   0.00060850338       454.99046
2.750       249.31679   0.00061375016       481.85512
2.750       253.33803   0.00057968681       477.49063
2.750       257.35927   0.00053084386       458.41256
2.750       265.40175   0.00049461125       468.43095
2.750       273.44422   0.00047018055       487.01370
2.750       281.48670   0.00034057073       384.81432
2.750       289.52918   0.00045660144       561.41570
2.750       297.57166   0.00037753645       503.96902
2.750       305.61413   0.00035600422       514.80850
2.750       313.65661   0.00037110810       580.14163
2.750       321.69909   0.00026383676       444.99493
2.750       329.74156   0.00025032405       454.66752
2.750       337.78404   0.00024442647       477.23894
2.750       345.82652   0.00028019670       587.09470
2.750       353.86900   0.00029501573       662.28203
2.750       361.91147   0.00024703786       593.25421
2.750       369.95395   0.00023358056       599.16986
2.750       377.99643   0.00023303434       637.60729
2.750       386.03891   0.00023460996       683.76983
2.750       394.08138   0.00016878050       523.29946
2.750       402.12386   0.00017651222       581.46633
2.750       410.16634   0.00020588170       719.72742
2.750       418.20881   0.00026182395       970.19532
2.750       426.25129   0.00025763377       1010.8115
2.750       434.29377   0.00010143077       420.91150
2.750       442.33625   0.00021456323       940.76932
2.750       450.37872   0.00013818636       639.54196
2.750       458.42120   0.00018152903       885.95246
2.750       466.46368   0.00020668062       1062.7314
2.750       474.50615   9.8508954e-05       533.17713
2.750       482.54863   0.00014501683       825.49020
2.750       490.59111   0.00017394350       1040.4890
2.750       498.63359   0.00015655922       983.31688
2.750       506.67606   0.00010117529       666.70830
2.750       514.71854   0.00016648366       1150.1416
2.250     0.062831853       428.80767    0.0053885562
2.250      0.12566371       660.30374     0.066380972
2.250      0.18849556       249.08642     0.084513032
2.250      0.25132741       173.64149      0.13965077
2.250      0.31415927       111.09910      0.17451405
2.250      0.37699112       81.411133      0.22097717
2.250      0.43982297       59.709688      0.25736459
2.250      0.50265482       46.946318      0.30205176
2.250      0.56548668       36.428890      0.33372084
2.250      0.62831853       32.084432      0.40318486
2.250      0.69115038       27.751262      0.46416316
2.250      0.75398224       22.133143      0.48061430
2.250      0.81681409       20.191637      0.55745710
2.250      0.87964594       17.787405      0.61334745
2.250      0.94247780       15.783807      0.66941496
2.250       1.0053096       14.194308      0.73060737
2.250       1.0681415       12.628199      0.77964709
2.250       1.1309734       11.484104      0.84163637
2.250       1.1938052       10.794395      0.93039845
2.250       1.2566371       9.7231064      0.97747327
2.250       1.3194689       9.0666913       1.0551558
2.250       1.3823008       8.4305977       1.1280706
2.250       1.4451326       7.6724230       1.1730754
2.250       1.5079645       7.2303290       1.2560347
2.250       1.5707963       6.7675398       1.3288033
2.250       1.6336282       6.3268697       1.3973937
2.250       1.6964600       6.0301246       1.4915144
2.250       1.7592919       5.8096898       1.6026434
2.250       1.8221237       5.3241982       1.6317667
2.250       1.8849556       5.1199246       1.7371495
2.250       1.9477874       4.8275241       1.8072548
2.250       2.0106193       4.6626122       1.9199463
2.250       2.0734512       4.3548447       1.9666377
2.250       2.1362830       4.2257904       2.0871544
2.250       2.1991149       3.9752255       2.1417845
2.250       2.2619467       3.7674881       2.2088654
2.250       2.3247786       3.7474334       2.3853327
2.250       2.3876104       3.5466725       2.4455792
2.250       2.4504423       3.4920893       2.6030890
2.250       2.5132741       3.2833383       2.6406173
2.250       2.5761060       3.2278585       2.7956058
2.250       2.6389378       3.0287825       2.8198488
2.250       2.7017697       2.9813644       2.9787242
2.250       2.7646015       2.9216836       3.1275271
2.250       2.8274334       2.8108402       3.2187226
2.250       2.8902652       2.7234761       3.3312477
2.250       2.9530971       2.6157019       3.4126495
2.250       3.0159289       2.5320757       3.5189270
2.250       3.0787608       2.4533934       3.6271482
2.250       3.1415927       2.4035390       3.7754702
2.250       3.2044245       2.3138332       3.8570249
2.250       3.2672564       2.2914216       4.0487867
2.250       3.3300882       2.2043785       4.1240473
2.250       3.3929201       2.1295779       4.2139044
2.250       3.4557519       2.0525220       4.2912692
2.250       3.5185838       2.0222843       4.4628897
2.250       3.5814156       1.9477874       4.5328984
2.250       3.6442475       1.9186571       4.7042588
2.250       3.7070793       1.8811889       4.8551013
2.250       3.7699112       1.8093043       4.9110599
2.250       3.8327430       1.7719965       5.0543142
2.250       3.8955749       1.7294163       5.1794600
2.250       3.9584067       1.6828628       5.2878634
2.250       4.0212386       1.6737587       5.5136936
2.250       4.1469023       1.5918969       5.7511752
2.250       4.2725660       1.5244921       6.0236783
2.250       4.3982297       1.4528942       6.2623594
2.250       4.5238934       1.3943734       6.5401308
2.250       4.6495571       1.3502864       6.8759217
2.250       4.7752208       1.2795548       7.0584532
2.250       4.9008845       1.2375487       7.3799932
2.250       5.0265482       1.1932222       7.6771699
2.250       5.1522120       1.1449867       7.9332632
2.250       5.2778757       1.0948041       8.1542523
2.250       5.4035394       1.0541373       8.4256301
2.250       5.5292031       1.0327015       8.8436734
2.250       5.6548668       1.0004084       9.1646254
2.250       5.7805305      0.97501383       9.5407853
2.250       5.9061942      0.92138249       9.6168619
2.250       6.0318579      0.89225188       9.9199855
2.250       6.1575216      0.85947219       10.165293
2.250       6.2831853      0.82672515       10.388935
2.250       6.4088490      0.81659500       10.889730
2.250       6.5345127      0.78304293       11.068670
2.250       6.6601764      0.75443364       11.291418
2.250       6.7858401      0.72895493       11.539362
2.250       6.9115038      0.72034602       12.048392
2.250       7.0371675      0.70166580       12.387802
2.250       7.1628313      0.67829655       12.628275
2.250       7.2884950      0.66111283       12.967594
2.250       7.4141587      0.64080532       13.230675
2.250       7.5398224      0.62495374       13.570676
2.250       7.6654861      0.60281817       13.755478
2.250       7.7911498      0.59670973       14.296774
2.250       7.9168135      0.57745810       14.515833
2.250       8.0424772      0.56232315       14.819233
2.250       8.2938046      0.53706564       15.522406
2.250       8.5451320      0.50720691       16.032888
2.250       8.7964594      0.48417614       16.695420
2.250       9.0477868      0.46292709       17.370405
2.250       9.2991143      0.43847326       17.862330
2.250       9.5504417      0.41960674       18.517531
2.250       9.8017691      0.40273771       19.213476
2.250       10.053096      0.37944691       19.530836
2.250       10.304424      0.37671699       20.881256
2.250       10.555751      0.34811840       20.742671
2.250       10.807079      0.33311306       21.300356
2.250       11.058406      0.32252120       22.095617
2.250       11.309734      0.30812832       22.581823
2.250       11.561061      0.29696558       23.247136
2.250       11.812388      0.28670649       23.939823
2.250       12.063716      0.27392773       24.364054
2.250       12.315043      0.26490305       25.064846
2.250       12.566371      0.25189130       25.322875
2.250       12.817698      0.24330318       25.956621
2.250       13.069025      0.23685514       26.784447
2.250       13.320353      0.22525085       26.970182
2.250       13.571680      0.22078869       27.960693
2.250       13.823008      0.21227547       28.403883
2.250       14.074335      0.20457797       28.894340
2.250       14.325663      0.19642705       29.256051
2.250       14.576990      0.19063260       29.913758
2.250       14.828317      0.18312002       30.246958
2.250       15.079645      0.17883723       31.067158
2.250       15.330972      0.17315420       31.609117
2.250       15.582300      0.16756512       32.118002
2.250       15.833627      0.16149400       32.476399
2.250       16.084954      0.15718597       33.139315
2.250       16.587609      0.14971521       34.616851
2.250       17.090264      0.14038900       35.501742
2.250       17.592919      0.13122746       36.200009
2.250       18.095574      0.12719113       38.180724
2.250       18.598229      0.11897097       38.772695
2.250       19.100883      0.11351232       40.075008
2.250       19.603538      0.10787537       41.171430
2.250       20.106193      0.10380758       42.745349
2.250       20.608848     0.098149114       43.522895
2.250       21.111503     0.094038489       44.826346
2.250       21.614157     0.088841092       45.446357
2.250       22.116812     0.086909354       47.632610
2.250       22.619467     0.082679360       48.474627
2.250       23.122122     0.078373875       49.082270
2.250       23.624777     0.074967281       50.077790
2.250       24.127432     0.072344207       51.476297
2.250       24.630086     0.070513633       53.375402
2.250       25.132741     0.066554526       53.526326
2.250       25.635396     0.065375243       55.796078
2.250       26.138051     0.063756466       57.678518
2.250       26.640706     0.060242958       57.705037
2.250       27.143361     0.058066525       58.828387
2.250       27.646015     0.056159904       60.116578
2.250       28.148670     0.054978263       62.120497
2.250       28.651325     0.052395060       62.430202
2.250       29.153980     0.050139292       62.942212
2.250       29.656635     0.049234248       65.058368
2.250       30.159289     0.047864580       66.519325
2.250       30.661944     0.046441336       67.822538
2.250       31.164599     0.044397675       68.079306
2.250       31.667254     0.043898434       70.623706
2.250       32.169909     0.042049379       70.921731
2.250       33.175218     0.039849575       73.711514
2.250       34.180528     0.037752772       76.375736
2.250       35.185838     0.035911046       79.250499
2.250       36.191147     0.034444259       82.716884
2.250       37.196457     0.032493702       84.717705
2.250       38.201767     0.030718654       86.760647
2.250       39.207076     0.028840997       88.059030
2.250       40.212386     0.027856028       91.763289
2.250       41.217696     0.027026721       95.877066
2.250       42.223005     0.025729383       98.117632
2.250       43.228315     0.024124334       98.725764
2.250       44.233625     0.023276712       102.05857
2.250       45.238934     0.022980499       107.78711
2.250       46.244244     0.021120837       105.81676
2.250       47.249554     0.020595207       110.06001
2.250       48.254863     0.019669245       111.96472
2.250       49.260173     0.019117363       115.76733
2.250       50.265482     0.018325497       117.90591
2.250       51.270792     0.017909011       122.27902
2.250       52.276102     0.017465946       126.40724
2.250       53.281411     0.016505224       126.47912
2.250       54.286721     0.015983327       129.54429
2.250       55.292031     0.015312611       131.13153
2.250       56.297340     0.015052866       136.06709
2.250       57.302650     0.014575415       138.93617
2.250       58.307960     0.014176395       142.37037
2.250       59.313269     0.013933683       147.29628
2.250       60.318579     0.013436060       149.38105
2.250       61.323889     0.012882945       150.51316
2.250       62.329198     0.012403440       152.15528
2.250       63.334508     0.012205818       157.09355
2.250       64.339818     0.011761678       158.70077
2.250       66.350437     0.011145042       164.92379
2.250       68.361056     0.010701937       173.20441
2.250       70.371675     0.010165427       179.46904
2.250       72.382295    0.0096520077       185.43212
2.250       74.392914    0.0092098261       192.09515
2.250       76.403533    0.0085023629       192.11011
2.250       78.414153    0.0082934361       202.57606
2.250       80.424772    0.0075812554       199.79329
2.250       82.435391    0.0073530363       208.67868
2.250       84.446011    0.0069695010       212.62256
2.250       86.456630    0.0067547430       221.14341
2.250       88.467249    0.0064767465       227.18242
2.250       90.477868    0.0062185239       233.33756
2.250       92.488488    0.0059386057       238.02238
2.250       94.499107    0.0056953103       243.48419
2.250       96.509726    0.0054647605       248.85974
2.250       98.520346    0.0053085005       257.16976
2.250       100.53096    0.0050677209       260.84499
2.250       102.54158    0.0049324332       269.42106
2.250       104.55220    0.0047370860       274.27176
2.250       106.56282    0.0047474509       291.03679
2.250       108.57344    0.0043623806       282.85550
2.250       110.58406    0.0042709982       292.60198
2.250       112.59468    0.0041243589       298.24992
2.250       114.60530    0.0040381376       307.93956
2.250       116.61592    0.0038964337       313.04810
2.250       118.62654    0.0037316519       315.58544
2.250       120.63716    0.0037093822       329.92493
2.250       122.64778    0.0035342770       330.33143
2.250       124.65840    0.0034799361       341.51213
2.250       126.66902    0.0033660091       346.57461
2.250       128.67964    0.0032191572       347.48967
2.250       132.70087    0.0031976221       378.54607
2.250       136.72211    0.0029302664       379.39678
2.250       140.74335    0.0026939395       380.48869
2.250       144.76459    0.0025534581       392.45153
2.250       148.78583    0.0024924804       415.89789
2.250       152.80707    0.0022495862       406.63356
2.250       156.82831    0.0021014306       410.63755
2.250       160.84954    0.0021072574       444.27036
2.250       164.87078    0.0019781130       449.10972
2.250       168.89202    0.0020459784       499.34270
2.250       172.91326    0.0016400271       429.54253
2.250       176.93450    0.0017408740       488.51189
2.250       180.95574    0.0016677555       500.63327
2.250       184.97698    0.0016591107       531.98409
2.250       188.99821    0.0015147261       518.05691
2.250       193.01945    0.0015083144       549.49708
2.250       197.04069    0.0014398992       558.04616
2.250       201.06193    0.0013301818       547.73540
2.250       205.08317    0.0012708316       555.32640
2.250       209.10441    0.0012375933       573.24168
2.250       213.12565    0.0012287013       602.59247
2.250       217.14688    0.0010882525       564.49581
2.250       221.16812    0.0010867177       595.59989
2.250       225.18936    0.0010201442       590.16768
2.250       229.21060    0.0010095407       615.88298
2.250       233.23184   0.00095172658       611.71054
2.250       237.25308   0.00090935697       615.23385
2.250       241.27432   0.00090902615       646.81475
2.250       245.29555   0.00089219509       667.11256
2.250       249.31679   0.00081112862       636.81690
2.250       253.33803   0.00079356224       653.66078
2.250       257.35927   0.00080286081       693.31399
2.250       265.40175   0.00059317052       561.77338
2.250       273.44422   0.00075368343       780.66641
2.250       281.48670   0.00064573168       729.61877
2.250       289.52918   0.00051332684       631.16259
2.250       297.57166   0.00053059905       708.29050
2.250       305.61413   0.00049694906       718.62519
2.250       313.65661   0.00042680806       667.21561
2.250       321.69909   0.00038655123       651.96880
2.250       329.74156   0.00042271844       767.79015
2.250       337.78404   0.00037076135       723.90587
2.250       345.82652   0.00032044609       671.42903
2.250       353.86900   0.00028875949       648.23738
2.250       361.91147   0.00036337485       872.63411
2.250       369.95395   0.00033022215       847.07033
2.250       377.99643   0.00032686281       894.33217
2.250       386.03891   0.00026804266       781.20929
2.250       394.08138   0.00034555271       1071.3770
2.250       402.12386   0.00021172837       697.47530
2.250       410.16634   0.00014115569       493.45630
2.250       418.20881   0.00023864896       884.31980
2.250       426.25129   0.00019641882       770.63812
2.250       434.29377   0.00021394128       887.80101
2.250       442.33625   0.00020024139       877.97406
2.250       450.37872   0.00015054652       696.74616
2.250       458.42120   0.00020914921       1020.7528
2.250       466.46368   9.6313450e-05       495.23427
2.250       474.50615   0.00021491201       1163.2056
2.250       482.54863   0.00014414705       820.53912
2.250       490.59111   0.00017215349       1029.7816
2.250       498.63359   0.00015783133       991.30673
2.250       506.67606   0.00015724448       1036.1839
2.250       514.71854   0.00011976811       827.41023
2.000     0.062831853       497.99308    0.0062579655
2.000      0.12566371       768.11727     0.077219571
2.000      0.18849556       290.07002     0.098418440
2.000      0.25132741       204.24764      0.16426570
2.000      0.31415927       131.75708      0.20696353
2.000      0.37699112       96.818938      0.26279913
2.000      0.43982297       71.368716      0.30761809
2.000      0.50265482       56.294448      0.36219745
2.000      0.56548668       44.138999      0.40435226
2.000      0.62831853       39.102164      0.49137228
2.000      0.69115038       34.055786      0.56961161
2.000      0.75398224       27.129868      0.58911663
2.000      0.81681409       24.932582      0.68834661
2.000      0.87964594       21.856685      0.75366486
2.000      0.94247780       19.599503      0.83124434
2.000       1.0053096       17.638951      0.90790952
2.000       1.0681415       15.808267      0.97597996
2.000       1.1309734       14.380586       1.0539111
2.000       1.1938052       13.664426       1.1777743
2.000       1.2566371       12.259252       1.2324344
2.000       1.3194689       11.509509       1.3394439
2.000       1.3823008       10.722832       1.4347870
2.000       1.4451326       9.7741254       1.4944152
2.000       1.5079645       9.2740314       1.6110616
2.000       1.5707963       8.6383816       1.6961423
2.000       1.6336282       8.1542405       1.8009988
2.000       1.6964600       7.8256636       1.9356299
2.000       1.7592919       7.5065549       2.0707355
2.000       1.8221237       6.9714895       2.1366306
2.000       1.8849556       6.6764594       2.2652693
2.000       1.9477874       6.3159724       2.3644774
2.000       2.0106193       6.1189083       2.5196124
2.000       2.0734512       5.6879306       2.5686562
2.000       2.1362830       5.5226652       2.7276920
2.000       2.1991149       5.2667221       2.8376211
2.000       2.2619467       4.9816519       2.9207255
2.000       2.3247786       4.9235675       3.1339707
2.000       2.3876104       4.6605435       3.2136400
2.000       2.4504423       4.5982788       3.4276698
2.000       2.5132741       4.3259295       3.4791189
2.000       2.5761060       4.2830908       3.7095285
2.000       2.6389378       4.0281587       3.7502853
2.000       2.7017697       3.9530906       3.9495898
2.000       2.7646015       3.8525335       4.1239588
2.000       2.8274334       3.7052329       4.2429011
2.000       2.8902652       3.6150670       4.4218062
2.000       2.9530971       3.4691486       4.5261229
2.000       3.0159289       3.3868887       4.7068949
2.000       3.0787608       3.2574286       4.8158506
2.000       3.1415927       3.1775329       4.9912570
2.000       3.2044245       3.0810205       5.1358814
2.000       3.2672564       3.0303984       5.3545087
2.000       3.3300882       2.9539044       5.5262930
2.000       3.3929201       2.8529610       5.6452994
2.000       3.4557519       2.7645184       5.7798612
2.000       3.5185838       2.7059882       5.9717257
2.000       3.5814156       2.6127734       6.0804564
2.000       3.6442475       2.5378405       6.2224034
2.000       3.7070793       2.4885351       6.4225822
2.000       3.7699112       2.4092812       6.5395989
2.000       3.8327430       2.3583104       6.7266732
2.000       3.8955749       2.3024180       6.8955531
2.000       3.9584067       2.2248440       6.9908676
2.000       4.0212386       2.2092892       7.2778375
2.000       4.1469023       2.1079739       7.6156485
2.000       4.2725660       2.0151892       7.9625547
2.000       4.3982297       1.9288448       8.3138326
2.000       4.5238934       1.8551941       8.7015519
2.000       4.6495571       1.7983643       9.1576218
2.000       4.7752208       1.6997215       9.3762334
2.000       4.9008845       1.6437840       9.8025355
2.000       5.0265482       1.5873702       10.213111
2.000       5.1522120       1.5299419       10.600500
2.000       5.2778757       1.4443338       10.757598
2.000       5.4035394       1.3958432       11.156856
2.000       5.5292031       1.3703435       11.735115
2.000       5.6548668       1.3393319       12.269465
2.000       5.7805305       1.2850180       12.574264
2.000       5.9061942       1.2099296       12.628551
2.000       6.0318579       1.1908923       13.240246
2.000       6.1575216       1.1497004       13.597929
2.000       6.2831853       1.1145937       14.006398
2.000       6.4088490       1.0855970       14.477015
2.000       6.5345127       1.0462976       14.789896
2.000       6.6601764      0.99727812       14.926011
2.000       6.7858401      0.96325083       15.248268
2.000       6.9115038      0.94042854       15.729457
2.000       7.0371675      0.92155792       16.269963
2.000       7.1628313      0.89398795       16.643938
2.000       7.2884950      0.87678980       17.198054
2.000       7.4141587      0.82594650       17.053275
2.000       7.5398224      0.81986899       17.803200
2.000       7.6654861      0.78983958       18.023048
2.000       7.7911498      0.77145657       18.483593
2.000       7.9168135      0.75140945       18.888530
2.000       8.0424772      0.73385849       19.339805
2.000       8.2938046      0.69020389       19.948446
2.000       8.5451320      0.65989430       20.859359
2.000       8.7964594      0.63102147       21.758959
2.000       9.0477868      0.58853501       22.083588
2.000       9.2991143      0.56164970       22.880238
2.000       9.5504417      0.53440384       23.583605
2.000       9.8017691      0.50542830       24.112554
2.000       10.053096      0.48559222       24.994332
2.000       10.304424      0.46254558       25.638696
2.000       10.555751      0.43597426       25.977572
2.000       10.807079      0.42226649       27.001123
2.000       11.058406      0.39911877       27.343243
2.000       11.309734      0.39296796       28.799471
2.000       11.561061      0.37979598       29.731286
2.000       11.812388      0.35988354       30.050064
2.000       12.063716      0.34679954       30.845518
2.000       12.315043      0.33211841       31.424692
2.000       12.566371      0.31190758       31.356370
2.000       12.817698      0.30321618       32.348395
2.000       13.069025      0.29207911       33.029376
2.000       13.320353      0.28077307       33.618079
2.000       13.571680      0.27287428       34.556817
2.000       13.823008      0.26233140       35.101703
2.000       14.074335      0.25544437       36.078648
2.000       14.325663      0.24760506       36.878557
2.000       14.576990      0.23818143       37.375044
2.000       14.828317      0.22768094       37.607334
2.000       15.079645      0.22435982       38.975229
2.000       15.330972      0.21561088       39.359540
2.000       15.582300      0.20721774       39.718409
2.000       15.833627      0.19918941       40.056936
2.000       16.084954      0.19662422       41.454031
2.000       16.587609      0.18339516       42.404261
2.000       17.090264      0.17282722       43.704759
2.000       17.592919      0.16676531       46.003373
2.000       18.095574      0.15709870       47.158493
2.000       18.598229      0.14554687       47.433796
2.000       19.100883      0.13952126       49.257346
2.000       19.603538      0.13582663       51.839233
2.000       20.106193      0.12644075       52.065117
2.000       20.608848      0.12237334       54.264799
2.000       21.111503      0.11533450       54.977744
2.000       21.614157      0.10829565       55.398272
2.000       22.116812      0.10381825       56.899906
2.000       22.619467      0.10050659       58.926669
2.000       23.122122     0.096734776       60.580932
2.000       23.624777     0.091765527       61.298940
2.000       24.127432     0.088071820       62.667231
2.000       24.630086     0.084830482       64.212562
2.000       25.132741     0.080337880       64.611557
2.000       25.635396     0.077719784       66.331824
2.000       26.138051     0.074895871       67.755996
2.000       26.640706     0.072819143       69.751411
2.000       27.143361     0.069807487       70.723396
2.000       27.646015     0.068202209       73.007308
2.000       28.148670     0.066062793       74.645020
2.000       28.651325     0.063068168       75.147512
2.000       29.153980     0.060696670       76.195386
2.000       29.656635     0.058930569       77.871133
2.000       30.159289     0.056868722       79.032741
2.000       30.661944     0.056807783       82.961609
2.000       31.164599     0.054087124       82.937088
2.000       31.667254     0.052245655       84.052697
2.000       32.169909     0.050762508       85.617554
2.000       33.175218     0.047964954       88.722886
2.000       34.180528     0.044826037       90.685304
2.000       35.185838     0.042184315       93.094697
2.000       36.191147     0.039849251       95.696812
2.000       37.196457     0.037799122       98.550016
2.000       38.201767     0.037206073       105.08348
2.000       39.207076     0.035358991       107.96015
2.000       40.212386     0.033145415       109.18758
2.000       41.217696     0.032076224       113.79014
2.000       42.223005     0.029894632       114.00158
2.000       43.228315     0.029439653       120.47803
2.000       44.233625     0.027445130       120.33532
2.000       45.238934     0.026539431       124.47982
2.000       46.244244     0.025778335       129.15112
2.000       47.249554     0.024650653       131.73216
2.000       48.254863     0.023658196       134.67133
2.000       49.260173     0.023358081       141.44748
2.000       50.265482     0.021991424       141.49242
2.000       51.270792     0.021255229       145.12630
2.000       52.276102     0.020484668       148.25480
2.000       53.281411     0.019425464       148.85685
2.000       54.286721     0.018975581       153.79640
2.000       55.292031     0.018335063       157.01469
2.000       56.297340     0.017689500       159.90036
2.000       57.302650     0.017381301       165.68251
2.000       58.307960     0.016737425       168.09022
2.000       59.313269     0.016018501       169.33539
2.000       60.318579     0.015828845       175.98384
2.000       61.323889     0.015171048       177.24537
2.000       62.329198     0.014612175       179.25024
2.000       63.334508     0.014340706       184.57037
2.000       64.339818     0.013824978       186.54095
2.000       66.350437     0.013076764       193.50933
2.000       68.361056     0.012184899       197.20526
2.000       70.371675     0.011893538       209.97858
2.000       72.382295     0.010673601       205.05874
2.000       74.392914     0.010472753       218.43682
2.000       76.403533     0.010241394       231.40336
2.000       78.414153    0.0095591411       233.49226
2.000       80.424772    0.0090496364       238.49040
2.000       82.435391    0.0087244442       247.59914
2.000       84.446011    0.0083915958       256.00723
2.000       86.456630    0.0082078452       268.71649
2.000       88.467249    0.0077056589       270.28853
2.000       90.477868    0.0074208878       278.45384
2.000       92.488488    0.0068710575       275.39552
2.000       94.499107    0.0069107620       295.44681
2.000       96.509726    0.0062571332       284.94360
2.000       98.520346    0.0062145582       301.06363
2.000       100.53096    0.0060603039       311.93508
2.000       102.54158    0.0055848042       305.05509
2.000       104.55220    0.0056336609       326.18241
2.000       106.56282    0.0053788104       329.74153
2.000       108.57344    0.0052532552       340.61956
2.000       110.58406    0.0050000682       342.54986
2.000       112.59468    0.0048285864       349.17560
2.000       114.60530    0.0047582514       362.85386
2.000       116.61592    0.0045528150       365.78322
2.000       118.62654    0.0043490076       367.79515
2.000       120.63716    0.0042916029       381.70959
2.000       122.64778    0.0040494521       378.48230
2.000       124.65840    0.0041080931       403.15787
2.000       126.66902    0.0038908233       400.61108
2.000       128.67964    0.0038559250       416.22513
2.000       132.70087    0.0035967927       425.80132
2.000       136.72211    0.0033009679       427.39342
2.000       140.74335    0.0032080629       453.10285
2.000       144.76459    0.0030465509       468.23700
2.000       148.78583    0.0027747182       462.99238
2.000       152.80707    0.0027340981       494.21357
2.000       156.82831    0.0027247086       532.43142
2.000       160.84954    0.0024469835       515.89439
2.000       164.87078    0.0023609547       536.02990
2.000       168.89202    0.0021737955       530.53781
2.000       172.91326    0.0020387464       533.97185
2.000       176.93450    0.0020130061       564.87571
2.000       180.95574    0.0020091799       603.12337
2.000       184.97698    0.0018794173       602.62410
2.000       188.99821    0.0017574178       601.06076
2.000       193.01945    0.0016911696       616.11342
2.000       197.04069    0.0015950266       618.16720
2.000       201.06193    0.0015287375       629.49564
2.000       205.08317    0.0014326678       626.04538
2.000       209.10441    0.0014961398       692.99801
2.000       213.12565    0.0013930870       683.21225
2.000       217.14688    0.0013347860       692.37714
2.000       221.16812    0.0012872985       705.53264
2.000       225.18936    0.0013159866       761.31665
2.000       229.21060    0.0011176015       681.80677
2.000       233.23184    0.0011400256       732.73740
2.000       237.25308    0.0010511130       711.14022
2.000       241.27432    0.0011211953       797.78307
2.000       245.29555    0.0010336806       772.90416
2.000       249.31679   0.00099180300       778.66431
2.000       253.33803   0.00099588984       820.31894
2.000       257.35927   0.00092049690       794.89916
2.000       265.40175   0.00082232724       778.80058
2.000       273.44422   0.00076676972       794.22121
2.000       281.48670   0.00075725890       855.63451
2.000       289.52918   0.00079012802       971.50433
2.000       297.57166   0.00069812952       931.92497
2.000       305.61413   0.00053605353       775.17316
2.000       313.65661   0.00054115576       845.97178
2.000       321.69909   0.00064819347       1093.2624
2.000       329.74156   0.00045894023       833.58035
2.000       337.78404   0.00045307879       884.62942
2.000       345.82652   0.00038742860       811.77715
2.000       353.86900   0.00035585140       798.85229
2.000       361.91147   0.00034001763       816.54242
2.000       369.95395   0.00044288177       1136.0595
2.000       377.99643   0.00033107500       905.85719
2.000       386.03891   0.00025634448       747.11500
2.000       394.08138   0.00032629011       1011.6538
2.000       402.12386   0.00021185164       697.88138
2.000       410.16634   0.00024428044       853.96288
2.000       418.20881   0.00022459611       832.24660
2.000       426.25129   0.00019457686       763.41129
2.000       434.29377   0.00023426130       972.12385
2.000       442.33625   0.00022238799       975.07757
2.000       450.37872   0.00028483743       1318.2595
2.000       458.42120   0.00015791838       770.72069
2.000       466.46368   0.00020448607       1051.4472
2.000       474.50615   0.00015291784       827.66378
2.000       482.54863   0.00020724005       1179.6881
2.000       490.59111   0.00019852303       1187.5179
2.000       498.63359   0.00014345724       901.02597
2.000       506.67606   0.00020514845       1351.8536
2.000       514.71854   0.00015717110       1085.8064
1.750     0.062831853       584.32918    0.0073428970
1.750      0.12566371       902.76017     0.090755351
1.750      0.18849556       341.57345      0.11589314
1.750      0.25132741       243.23006      0.19561722
1.750      0.31415927       158.44550      0.24888561
1.750      0.37699112       116.78651      0.31699785
1.750      0.43982297       86.640976      0.37344558
1.750      0.50265482       68.661334      0.44176577
1.750      0.56548668       54.393329      0.49829099
1.750      0.62831853       48.472991      0.60912957
1.750      0.69115038       42.546341      0.71162325
1.750      0.75398224       33.976135      0.73778119
1.750      0.81681409       31.382155      0.86640846
1.750      0.87964594       27.392256      0.94454309
1.750      0.94247780       24.801059       1.0518501
1.750       1.0053096       22.355281       1.1506678
1.750       1.0681415       20.152826       1.2442068
1.750       1.1309734       18.363032       1.3457729
1.750       1.1938052       17.646060       1.5209622
1.750       1.2566371       15.800660       1.5884556
1.750       1.3194689       14.967387       1.7418620
1.750       1.3823008       13.896987       1.8595101
1.750       1.4451326       12.681454       1.9389313
1.750       1.5079645       12.157164       2.1119122
1.750       1.5707963       11.234870       2.2059616
1.750       1.6336282       10.698574       2.3629568
1.750       1.6964600       10.348278       2.5595833
1.750       1.7592919       9.8421827       2.7150347
1.750       1.8221237       9.3089075       2.8530053
1.750       1.8849556       8.8831006       3.0139650
1.750       1.9477874       8.4488129       3.1629377
1.750       2.0106193       8.1899879       3.3724309
1.750       2.0734512       7.5783561       3.4223679
1.750       2.1362830       7.3487513       3.6296117
1.750       2.1991149       7.1018346       3.8263488
1.750       2.2619467       6.7191464       3.9394126
1.750       2.3247786       6.6110324       4.2080832
1.750       2.3876104       6.2761223       4.3276492
1.750       2.4504423       6.2006741       4.6221347
1.750       2.5132741       5.8255729       4.6852037
1.750       2.5761060       5.7518292       4.9815835
1.750       2.6389378       5.4809319       5.1028422
1.750       2.7017697       5.3634101       5.3586604
1.750       2.7646015       5.2206225       5.5884348
1.750       2.8274334       4.9934185       5.7180160
1.750       2.8902652       4.9036502       5.9979500
1.750       2.9530971       4.6753541       6.0998330
1.750       3.0159289       4.6049551       6.3996906
1.750       3.0787608       4.4420721       6.5672523
1.750       3.1415927       4.2837118       6.7288388
1.750       3.2044245       4.1812314       6.9698687
1.750       3.2672564       4.0637384       7.1803503
1.750       3.3300882       3.9950167       7.4740513
1.750       3.3929201       3.8671253       7.6520780
1.750       3.4557519       3.7829305       7.9090859
1.750       3.5185838       3.7106546       8.1888795
1.750       3.5814156       3.5983826       8.3741700
1.750       3.6442475       3.4745895       8.5191713
1.750       3.7070793       3.3799459       8.7231964
1.750       3.7699112       3.2598326       8.8482812
1.750       3.8327430       3.2061358       9.1449488
1.750       3.8955749       3.1293614       9.3721806
1.750       3.9584067       3.0176710       9.4820753
1.750       4.0212386       2.9724303       9.7917758
1.750       4.1469023       2.8325212       10.233280
1.750       4.2725660       2.6840157       10.605268
1.750       4.3982297       2.5721672       11.086723
1.750       4.5238934       2.4788817       11.626879
1.750       4.6495571       2.3376928       11.903988
1.750       4.7752208       2.2495628       12.409342
1.750       4.9008845       2.1495660       12.818714
1.750       5.0265482       2.1150541       13.608219
1.750       5.1522120       2.0233970       14.019500
1.750       5.2778757       1.9226092       14.319859
1.750       5.4035394       1.8207441       14.553053
1.750       5.5292031       1.8034580       15.444147
1.750       5.6548668       1.7445272       15.981412
1.750       5.7805305       1.6745273       16.385722
1.750       5.9061942       1.5930875       16.627734
1.750       6.0318579       1.5545322       17.283165
1.750       6.1575216       1.4842883       17.555223
1.750       6.2831853       1.4511797       18.236062
1.750       6.4088490       1.4004023       18.675112
1.750       6.5345127       1.3499238       19.081791
1.750       6.6601764       1.3084367       19.583043
1.750       6.7858401       1.2521508       19.821557
1.750       6.9115038       1.2101277       20.240401
1.750       7.0371675       1.1825653       20.878008
1.750       7.1628313       1.1676334       21.738568
1.750       7.2884950       1.1271984       22.109769
1.750       7.4141587       1.0837653       22.376446
1.750       7.5398224       1.0592228       23.000693
1.750       7.6654861       1.0186540       23.244277
1.750       7.7911498      0.98747083       23.659153
1.750       7.9168135      0.97935273       24.618446
1.750       8.0424772      0.94511051       24.907054
1.750       8.2938046      0.87801557       25.376626
1.750       8.5451320      0.84086601       26.579903
1.750       8.7964594      0.79429464       27.388964
1.750       9.0477868      0.75639350       28.382139
1.750       9.2991143      0.70580663       28.752840
1.750       9.5504417      0.68544334       30.249081
1.750       9.8017691      0.64841190       30.933897
1.750       10.053096      0.62051752       31.939187
1.750       10.304424      0.58852506       32.621683
1.750       10.555751      0.56746466       33.812441
1.750       10.807079      0.53117486       33.965086
1.750       11.058406      0.50535577       34.621438
1.750       11.309734      0.48335816       35.423905
1.750       11.561061      0.46934611       36.741472
1.750       11.812388      0.45562991       38.044829
1.750       12.063716      0.43179766       38.405537
1.750       12.315043      0.41798152       39.548969
1.750       12.566371      0.40140082       40.353212
1.750       12.817698      0.37998567       40.538491
1.750       13.069025      0.36607755       41.397390
1.750       13.320353      0.35130998       42.063745
1.750       13.571680      0.33794600       42.797503
1.750       13.823008      0.32707400       43.764697
1.750       14.074335      0.31795826       44.908032
1.750       14.325663      0.30859883       45.963033
1.750       14.576990      0.29491156       46.277045
1.750       14.828317      0.28731684       47.457729
1.750       15.079645      0.27556090       47.869753
1.750       15.330972      0.26571386       48.505786
1.750       15.582300      0.25792331       49.437385
1.750       15.833627      0.24839450       49.952066
1.750       16.084954      0.24286526       51.202970
1.750       16.587609      0.22947543       53.058850
1.750       17.090264      0.21565640       54.535453
1.750       17.592919      0.19902672       54.902909
1.750       18.095574      0.19289233       57.903162
1.750       18.598229      0.17909504       58.367158
1.750       19.100883      0.17041123       60.162908
1.750       19.603538      0.16553483       63.177586
1.750       20.106193      0.15470458       63.703454
1.750       20.608848      0.15081467       66.876722
1.750       21.111503      0.14201684       67.696708
1.750       21.614157      0.13254118       67.800987
1.750       22.116812      0.12682467       69.509089
1.750       22.619467      0.11987302       70.281144
1.750       23.122122      0.11743489       73.544545
1.750       23.624777      0.11272704       75.301130
1.750       24.127432      0.10802714       76.866380
1.750       24.630086      0.10468924       79.244680
1.750       25.132741     0.098419822       79.153918
1.750       25.635396     0.095041728       81.115655
1.750       26.138051     0.089855790       81.289775
1.750       26.640706     0.088041459       84.332439
1.750       27.143361     0.086185463       87.316260
1.750       27.646015     0.083257600       89.123407
1.750       28.148670     0.079062081       89.333047
1.750       28.651325     0.075813439       90.333864
1.750       29.153980     0.073941758       92.822568
1.750       29.656635     0.072129291       95.311986
1.750       30.159289     0.069873196       97.105580
1.750       30.661944     0.067625619       98.759887
1.750       31.164599     0.064842851       99.429898
1.750       31.667254     0.064366187       103.55218
1.750       32.169909     0.061574585       103.85352
1.750       33.175218     0.057240644       105.88054
1.750       34.180528     0.054195114       109.63941
1.750       35.185838     0.052366141       115.56452
1.750       36.191147     0.048391085       116.20978
1.750       37.196457     0.045384522       118.32670
1.750       38.201767     0.043829904       123.79158
1.750       39.207076     0.041890812       127.90349
1.750       40.212386     0.040101078       132.10092
1.750       41.217696     0.037772593       133.99796
1.750       42.223005     0.035351702       134.81183
1.750       43.228315     0.034366645       140.64112
1.750       44.233625     0.033301683       146.01384
1.750       45.238934     0.031607616       148.25150
1.750       46.244244     0.029684144       148.71947
1.750       47.249554     0.029132915       155.68520
1.750       48.254863     0.027859900       158.58900
1.750       49.260173     0.027278558       165.18837
1.750       50.265482     0.026008635       167.33908
1.750       51.270792     0.025150425       171.72189
1.750       52.276102     0.024058536       174.12015
1.750       53.281411     0.023021224       176.41107
1.750       54.286721     0.022165767       179.65274
1.750       55.292031     0.021458951       183.76651
1.750       56.297340     0.021112890       190.84535
1.750       57.302650     0.020403360       194.48946
1.750       58.307960     0.019612704       196.96600
1.750       59.313269     0.019070672       201.60061
1.750       60.318579     0.018557723       206.32329
1.750       61.323889     0.017600131       205.62466
1.750       62.329198     0.017263891       211.77933
1.750       63.334508     0.016801573       216.24268
1.750       64.339818     0.016127866       217.61390
1.750       66.350437     0.015485807       229.15822
1.750       68.361056     0.014597472       236.25129
1.750       70.371675     0.013916511       245.69385
1.750       72.382295     0.013096039       251.59803
1.750       74.392914     0.012338195       257.34551
1.750       76.403533     0.011925114       269.44687
1.750       78.414153     0.011462772       279.99049
1.750       80.424772     0.010628203       280.09130
1.750       82.435391     0.010022592       284.44049
1.750       84.446011    0.0096954201       295.78374
1.750       86.456630    0.0091696374       300.20459
1.750       88.467249    0.0088440343       310.21889
1.750       90.477868    0.0086886960       326.02578
1.750       92.488488    0.0081675124       327.35810
1.750       94.499107    0.0079509575       339.91694
1.750       96.509726    0.0078057736       355.46714
1.750       98.520346    0.0073397098       355.57149
1.750       100.53096    0.0069854173       359.55238
1.750       102.54158    0.0064864834       354.30693
1.750       104.55220    0.0065148645       377.20307
1.750       106.56282    0.0063751779       390.82264
1.750       108.57344    0.0061622746       399.56011
1.750       110.58406    0.0059446616       407.26304
1.750       112.59468    0.0056143386       405.99668
1.750       114.60530    0.0054025596       411.98740
1.750       116.61592    0.0052149368       418.97956
1.750       118.62654    0.0050679709       428.59781
1.750       120.63716    0.0049536537       440.59463
1.750       122.64778    0.0047931859       447.99542
1.750       124.65840    0.0046047027       451.89388
1.750       126.66902    0.0044559024       458.79335
1.750       128.67964    0.0043919300       474.08382
1.750       132.70087    0.0041389678       489.98598
1.750       136.72211    0.0038784548       502.16364
1.750       140.74335    0.0037656936       531.86192
1.750       144.76459    0.0036260904       557.30882
1.750       148.78583    0.0032872967       548.52176
1.750       152.80707    0.0033248360       600.99492
1.750       156.82831    0.0028744420       561.69060
1.750       160.84954    0.0028884582       608.96993
1.750       164.87078    0.0027295467       619.71482
1.750       168.89202    0.0025915936       632.50586
1.750       172.91326    0.0024842383       650.65147
1.750       176.93450    0.0024677087       692.47118
1.750       180.95574    0.0021639308       649.57707
1.750       184.97698    0.0022618595       725.25195
1.750       188.99821    0.0021398505       731.85795
1.750       193.01945    0.0018654884       679.61983
1.750       197.04069    0.0018556934       719.19102
1.750       201.06193    0.0018248449       751.42522
1.750       205.08317    0.0017911664       782.70165
1.750       209.10441    0.0016211551       750.90395
1.750       213.12565    0.0015979813       783.69862
1.750       217.14688    0.0015112517       783.91302
1.750       221.16812    0.0014677856       804.45263
1.750       225.18936    0.0013958906       807.54223
1.750       229.21060    0.0013810708       842.53953
1.750       233.23184    0.0013379727       859.96551
1.750       237.25308    0.0013763141       931.15802
1.750       241.27432    0.0012910235       918.62377
1.750       245.29555    0.0012159703       909.20589
1.750       249.31679    0.0011117899       872.86604
1.750       253.33803    0.0010844066       893.23058
1.750       257.35927    0.0011530701       995.73875
1.750       265.40175   0.00099345691       940.87218
1.750       273.44422   0.00088912205       920.95393
1.750       281.48670   0.00088004935       994.37668
1.750       289.52918   0.00072988522       897.43260
1.750       297.57166   0.00082744803       1104.5507
1.750       305.61413   0.00078347291       1132.9599
1.750       313.65661   0.00069285418       1083.1172
1.750       321.69909   0.00065934479       1112.0705
1.750       329.74156   0.00058220815       1057.4738
1.750       337.78404   0.00055274899       1079.2340
1.750       345.82652   0.00056079479       1175.0304
1.750       353.86900   0.00038282804       859.41225
1.750       361.91147   0.00049291066       1183.7106
1.750       369.95395   0.00038995851       1000.3032
1.750       377.99643   0.00041647529       1139.5217
1.750       386.03891   0.00036291803       1057.7232
1.750       394.08138   0.00041525347       1287.4823
1.750       402.12386   0.00030259175       996.79734
1.750       410.16634   0.00027793712       971.62092
1.750       418.20881   0.00032445537       1202.2776
1.750       426.25129   0.00028875320       1132.9068
1.750       434.29377   0.00029563786       1226.8207
1.750       442.33625   0.00034005674       1491.0055
1.750       450.37872   0.00017608199       814.92715
1.750       458.42120   0.00021546656       1051.5846
1.750       466.46368   0.00020717794       1065.2885
1.750       474.50615   0.00018281463       989.47939
1.750       482.54863   0.00019878652       1131.5675
1.750       490.59111   0.00020165711       1206.2653
1.750       498.63359   0.00018440027       1158.1809
1.750       506.67606   0.00020388358       1343.5186
1.750       514.71854   0.00019924639       1376.4808
1.500     0.062831853       693.37460    0.0087132021
1.500      0.12566371       1072.8564      0.10785529
1.500      0.18849556       407.19856      0.13815922
1.500      0.25132741       293.63332      0.23615393
1.500      0.31415927       193.50688      0.30395990
1.500      0.37699112       143.10316      0.38843006
1.500      0.43982297       107.03983      0.46137006
1.500      0.50265482       85.386814      0.54937721
1.500      0.56548668       68.323906      0.62590739
1.500      0.62831853       61.220871      0.76932415
1.500      0.69115038       54.212490      0.90674940
1.500      0.75398224       43.638324      0.94759260
1.500      0.81681409       40.352703       1.1140702
1.500      0.87964594       35.173011       1.2128400
1.500      0.94247780       32.084989       1.3607725
1.500       1.0053096       28.984905       1.4919068
1.500       1.0681415       26.209428       1.6181328
1.500       1.1309734       23.920530       1.7530657
1.500       1.1938052       23.212055       2.0007105
1.500       1.2566371       20.857055       2.0967798
1.500       1.3194689       19.975970       2.3247466
1.500       1.3823008       18.398409       2.4618306
1.500       1.4451326       16.795038       2.5678779
1.500       1.5079645       16.299832       2.8315662
1.500       1.5707963       14.943675       2.9341838
1.500       1.6336282       14.304191       3.1593170
1.500       1.6964600       13.858299       3.4277653
1.500       1.7592919       13.128277       3.6215266
1.500       1.8221237       12.604541       3.8630551
1.500       1.8849556       12.018229       4.0776892
1.500       1.9477874       11.506824       4.3077492
1.500       2.0106193       11.129553       4.5828697
1.500       2.0734512       10.251660       4.6296256
1.500       2.1362830       9.9021435       4.8907542
1.500       2.1991149       9.5978077       5.1711370
1.500       2.2619467       9.1051806       5.3383363
1.500       2.3247786       8.9027354       5.6668080
1.500       2.3876104       8.5218019       5.8761393
1.500       2.4504423       8.4197339       6.2762763
1.500       2.5132741       7.9278836       6.3759823
1.500       2.5761060       7.7914646       6.7480849
1.500       2.6389378       7.4470075       6.9332926
1.500       2.7017697       7.2739846       7.2675430
1.500       2.7646015       7.0885694       7.5879855
1.500       2.8274334       6.7948132       7.7808121
1.500       2.8902652       6.7067611       8.2034435
1.500       2.9530971       6.4184059       8.3739549
1.500       3.0159289       6.2036049       8.6213982
1.500       3.0787608       6.0587530       8.9573873
1.500       3.1415927       5.8297919       9.1574158
1.500       3.2044245       5.6562153       9.4285808
1.500       3.2672564       5.4763920       9.6764137
1.500       3.3300882       5.3804239       10.065931
1.500       3.3929201       5.2014040       10.292283
1.500       3.4557519       5.0813156       10.623658
1.500       3.5185838       4.9879983       11.007793
1.500       3.5814156       4.9137410       11.435277
1.500       3.6442475       4.7312675       11.600357
1.500       3.7070793       4.5566029       11.759993
1.500       3.7699112       4.4476308       12.072365
1.500       3.8327430       4.3423090       12.385687
1.500       3.8955749       4.2429042       12.707150
1.500       3.9584067       4.1125068       12.922250
1.500       4.0212386       4.0333847       13.286770
1.500       4.1469023       3.7771408       13.645984
1.500       4.2725660       3.6606554       14.464234
1.500       4.3982297       3.5171516       15.159856
1.500       4.5238934       3.3180568       15.562923
1.500       4.6495571       3.1596320       16.089462
1.500       4.7752208       3.0047697       16.575317
1.500       4.9008845       2.9146404       17.381156
1.500       5.0265482       2.8484367       18.326790
1.500       5.1522120       2.7040202       18.735330
1.500       5.2778757       2.5930176       19.313154
1.500       5.4035394       2.4914497       19.913947
1.500       5.5292031       2.4583327       21.052251
1.500       5.6548668       2.2984209       21.055568
1.500       5.7805305       2.2556962       22.072624
1.500       5.9061942       2.1507890       22.448702
1.500       6.0318579       2.0378647       22.656817
1.500       6.1575216       1.9545030       23.116626
1.500       6.2831853       1.9231375       24.166859
1.500       6.4088490       1.8434378       24.583225
1.500       6.5345127       1.7973045       25.405723
1.500       6.6601764       1.7369855       25.997025
1.500       6.7858401       1.6563549       26.220111
1.500       6.9115038       1.5982133       26.731458
1.500       7.0371675       1.5535063       27.426915
1.500       7.1628313       1.5175930       28.253986
1.500       7.2884950       1.4657432       28.750257
1.500       7.4141587       1.4114543       29.142226
1.500       7.5398224       1.3659827       29.661890
1.500       7.6654861       1.3147519       30.000822
1.500       7.7911498       1.2870753       30.837480
1.500       7.9168135       1.2449702       31.295395
1.500       8.0424772       1.2085981       31.850897
1.500       8.2938046       1.1306802       32.679202
1.500       8.5451320       1.0820038       34.202304
1.500       8.7964594       1.0256277       35.365819
1.500       9.0477868      0.95421692       35.805064
1.500       9.2991143      0.92100161       37.519358
1.500       9.5504417      0.86398304       38.128160
1.500       9.8017691      0.81946235       39.094230
1.500       10.053096      0.77305377       39.790511
1.500       10.304424      0.73728689       40.867486
1.500       10.555751      0.70802487       42.187736
1.500       10.807079      0.67279118       43.020504
1.500       11.058406      0.63997715       43.844218
1.500       11.309734      0.62500335       45.804666
1.500       11.561061      0.58835163       46.057493
1.500       11.812388      0.57093747       47.672943
1.500       12.063716      0.53230091       47.344634
1.500       12.315043      0.52366287       49.548426
1.500       12.566371      0.49055424       49.315891
1.500       12.817698      0.46500231       49.608429
1.500       13.069025      0.45330041       51.260871
1.500       13.320353      0.44617396       53.422187
1.500       13.571680      0.42029549       53.226248
1.500       13.823008      0.41436005       55.444157
1.500       14.074335      0.39985793       56.475442
1.500       14.325663      0.38178889       56.864037
1.500       14.576990      0.36674707       57.549357
1.500       14.828317      0.35668550       58.915739
1.500       15.079645      0.34009647       59.080710
1.500       15.330972      0.32749065       59.783074
1.500       15.582300      0.32068928       61.468037
1.500       15.833627      0.31322757       62.989980
1.500       16.084954      0.29803026       62.833336
1.500       16.587609      0.28237718       65.290688
1.500       17.090264      0.25971498       65.677041
1.500       17.592919      0.25312204       69.825478
1.500       18.095574      0.23736973       71.254559
1.500       18.598229      0.21855669       71.227730
1.500       19.100883      0.21039883       74.280350
1.500       19.603538      0.19876000       75.858219
1.500       20.106193      0.19083933       78.582832
1.500       20.608848      0.17911381       79.425593
1.500       21.111503      0.17177155       81.880207
1.500       21.614157      0.16696386       85.409795
1.500       22.116812      0.15561848       85.290181
1.500       22.619467      0.14887795       87.286637
1.500       23.122122      0.14321654       89.690512
1.500       23.624777      0.13886550       92.761497
1.500       24.127432      0.13085742       93.111196
1.500       24.630086      0.12728120       96.345699
1.500       25.132741      0.12084675       97.190726
1.500       25.635396      0.11733391       100.14145
1.500       26.138051      0.11149937       100.87006
1.500       26.640706      0.10877555       104.19304
1.500       27.143361      0.10601818       107.40919
1.500       27.646015      0.10060089       107.68859
1.500       28.148670     0.096182496       108.67758
1.500       28.651325     0.093404497       111.29411
1.500       29.153980     0.089537997       112.40126
1.500       29.656635     0.086179188       113.87759
1.500       30.159289     0.083769204       116.41742
1.500       30.661944     0.081385758       118.85508
1.500       31.164599     0.078500607       120.37267
1.500       31.667254     0.075490174       121.44843
1.500       32.169909     0.074233541       125.20450
1.500       33.175218     0.069290941       128.17050
1.500       34.180528     0.065315344       132.13619
1.500       35.185838     0.062588149       138.12302
1.500       36.191147     0.058865570       141.36395
1.500       37.196457     0.054961879       143.29682
1.500       38.201767     0.051241734       144.72529
1.500       39.207076     0.050181887       153.21829
1.500       40.212386     0.049160842       161.94558
1.500       41.217696     0.045471812       161.31087
1.500       42.223005     0.043321514       165.20429
1.500       43.228315     0.042021825       171.96897
1.500       44.233625     0.039576025       173.52419
1.500       45.238934     0.037398498       175.41290
1.500       46.244244     0.036317135       181.95119
1.500       47.249554     0.034791684       185.92545
1.500       48.254863     0.033069766       188.24552
1.500       49.260173     0.032194143       194.95525
1.500       50.265482     0.031271130       201.19788
1.500       51.270792     0.030000043       204.83408
1.500       52.276102     0.029042303       210.18944
1.500       53.281411     0.027468211       210.48822
1.500       54.286721     0.026927107       218.24324
1.500       55.292031     0.025568687       218.96077
1.500       56.297340     0.024819318       224.34879
1.500       57.302650     0.024101621       229.74213
1.500       58.307960     0.022896842       229.94786
1.500       59.313269     0.022227524       234.97245
1.500       60.318579     0.021496302       238.99417
1.500       61.323889     0.021219783       247.91355
1.500       62.329198     0.020173783       247.47551
1.500       63.334508     0.019763755       254.36709
1.500       64.339818     0.019517415       263.34922
1.500       66.350437     0.018195457       269.25550
1.500       68.361056     0.017162035       277.75720
1.500       70.371675     0.015724936       277.62133
1.500       72.382295     0.015580190       299.32297
1.500       74.392914     0.014422384       300.81675
1.500       76.403533     0.013954811       315.30767
1.500       78.414153     0.013355068       326.21185
1.500       80.424772     0.012540084       330.47621
1.500       82.435391     0.012197031       346.15092
1.500       84.446011     0.011600453       353.90167
1.500       86.456630     0.011028793       361.07144
1.500       88.467249     0.010692695       375.06367
1.500       90.477868    0.0099964679       375.09728
1.500       92.488488    0.0095758205       383.80382
1.500       94.499107    0.0092941283       397.33977
1.500       96.509726    0.0089324516       406.77493
1.500       98.520346    0.0084048391       407.17156
1.500       100.53096    0.0082815013       426.26422
1.500       102.54158    0.0080499184       439.70541
1.500       104.55220    0.0076518554       443.03352
1.500       106.56282    0.0073106478       448.17050
1.500       108.57344    0.0071074750       460.84663
1.500       110.58406    0.0068682097       470.53444
1.500       112.59468    0.0065528179       473.86210
1.500       114.60530    0.0063024757       480.61304
1.500       116.61592    0.0061773665       496.30328
1.500       118.62654    0.0060816823       514.32728
1.500       120.63716    0.0058187775       517.54164
1.500       122.64778    0.0056918480       531.98893
1.500       124.65840    0.0054121449       531.13422
1.500       126.66902    0.0053576959       551.64478
1.500       128.67964    0.0051074095       551.31575
1.500       132.70087    0.0048695543       576.47545
1.500       136.72211    0.0043955218       569.11099
1.500       140.74335    0.0042388221       598.68601
1.500       144.76459    0.0042686804       656.07113
1.500       148.78583    0.0039296198       655.70046
1.500       152.80707    0.0036047762       651.59671
1.500       156.82831    0.0034794976       679.92364
1.500       160.84954    0.0033578011       707.92090
1.500       164.87078    0.0031273250       710.02619
1.500       168.89202    0.0029608197       722.61940
1.500       172.91326    0.0029230773       765.58859
1.500       176.93450    0.0027660328       776.18482
1.500       180.95574    0.0025045454       751.82409
1.500       184.97698    0.0025087118       804.40367
1.500       188.99821    0.0024331272       832.16255
1.500       193.01945    0.0022722844       827.82052
1.500       197.04069    0.0022644247       877.59856
1.500       201.06193    0.0021587768       888.92997
1.500       205.08317    0.0020454193       893.80476
1.500       209.10441    0.0019837103       918.83614
1.500       213.12565    0.0018134934       889.39233
1.500       217.14688    0.0016856430       874.37284
1.500       221.16812    0.0017222482       943.91651
1.500       225.18936    0.0016692957       965.71089
1.500       229.21060    0.0016640021       1015.1454
1.500       233.23184    0.0014848786       954.38747
1.500       237.25308    0.0014304163       967.76131
1.500       241.27432    0.0013579051       966.21315
1.500       245.29555    0.0013144310       982.82699
1.500       249.31679    0.0013059401       1025.2933
1.500       253.33803    0.0013306524       1096.0644
1.500       257.35927    0.0011595394       1001.3254
1.500       265.40175    0.0012356140       1170.2117
1.500       273.44422    0.0011815015       1223.8010
1.500       281.48670   0.00080203744       906.23024
1.500       289.52918   0.00095869102       1178.7615
1.500       297.57166   0.00087026334       1161.7044
1.500       305.61413   0.00090655772       1310.9497
1.500       313.65661   0.00081613906       1275.8445
1.500       321.69909   0.00069785130       1177.0167
1.500       329.74156   0.00078633980       1428.2413
1.500       337.78404   0.00063253056       1235.0062
1.500       345.82652   0.00055165733       1155.8847
1.500       353.86900   0.00053688032       1205.2449
1.500       361.91147   0.00042003519       1008.7023
1.500       369.95395   0.00054870007       1407.4996
1.500       377.99643   0.00057040429       1560.6881
1.500       386.03891   0.00048179311       1404.1842
1.500       394.08138   0.00052404608       1624.7909
1.500       402.12386   0.00038283063       1261.1202
1.500       410.16634   0.00037345475       1305.5343
1.500       418.20881   0.00037065420       1373.4686
1.500       426.25129   0.00039683490       1556.9592
1.500       434.29377   0.00037258504       1546.1316
1.500       442.33625   0.00030321045       1329.4500
1.500       450.37872   0.00030026492       1389.6597
1.500       458.42120   0.00029902810       1459.4067
1.500       466.46368   0.00034471680       1772.4999
1.500       474.50615   0.00017929032       970.40418
1.500       482.54863   0.00023991883       1365.7080
1.500       490.59111   0.00017299880       1034.8380
1.500       498.63359   0.00024762548       1555.2857
1.500       506.67606   0.00021623899       1424.9362
1.500       514.71854   0.00020665190       1427.6413
1.250     0.062831853       832.79471     0.010465207
1.250      0.12566371       1290.1999      0.12970504
1.250      0.18849556       492.04789      0.16694791
1.250      0.25132741       359.85233      0.28941042
1.250      0.31415927       240.38542      0.37759654
1.250      0.37699112       178.42048      0.48429314
1.250      0.43982297       134.88846      0.58140503
1.250      0.50265482       108.61864      0.69885035
1.250      0.56548668       87.736355      0.80374259
1.250      0.62831853       78.922308      0.99176698
1.250      0.69115038       70.609117       1.1809967
1.250      0.75398224       57.683530       1.2525799
1.250      0.81681409       53.181376       1.4682482
1.250      0.87964594       46.558329       1.6054299
1.250      0.94247780       42.691205       1.8105981
1.250       1.0053096       38.684403       1.9911580
1.250       1.0681415       35.018589       2.1619979
1.250       1.1309734       31.939365       2.3407426
1.250       1.1938052       31.192491       2.6885662
1.250       1.2566371       28.281919       2.8432086
1.250       1.3194689       27.394340       3.1880755
1.250       1.3823008       24.977781       3.3421948
1.250       1.4451326       22.890306       3.4998140
1.250       1.5079645       22.454860       3.9008024
1.250       1.5707963       20.490510       4.0233022
1.250       1.6336282       19.667612       4.3439173
1.250       1.6964600       18.922941       4.6804736
1.250       1.7592919       18.018462       4.9705182
1.250       1.8221237       17.375052       5.3251270
1.250       1.8849556       16.679990       5.6593873
1.250       1.9477874       16.068173       6.0153575
1.250       2.0106193       15.484020       6.3759299
1.250       2.0734512       14.309319       6.4620550
1.250       2.1362830       13.866186       6.8486291
1.250       2.1991149       13.303744       7.1678330
1.250       2.2619467       12.648605       7.4158341
1.250       2.3247786       12.197421       7.7639559
1.250       2.3876104       11.743613       8.0977130
1.250       2.4504423       11.513479       8.5824296
1.250       2.5132741       10.874469       8.7457669
1.250       2.5761060       10.710433       9.2761651
1.250       2.6389378       10.208104       9.5039210
1.250       2.7017697       9.9652462       9.9564212
1.250       2.7646015       9.7105446       10.394689
1.250       2.8274334       9.2845664       10.631855
1.250       2.8902652       9.1935664       11.245205
1.250       2.9530971       9.0599281       11.820292
1.250       3.0159289       8.5619378       11.898868
1.250       3.0787608       8.4004444       12.419393
1.250       3.1415927       8.0529244       12.649504
1.250       3.2044245       7.7634779       12.941264
1.250       3.2672564       7.4818917       13.219996
1.250       3.3300882       7.2903626       13.639128
1.250       3.3929201       7.0327326       13.916027
1.250       3.4557519       6.8401497       14.300906
1.250       3.5185838       6.6791209       14.739856
1.250       3.5814156       6.6173121       15.399834
1.250       3.6442475       6.3811246       15.645559
1.250       3.7070793       6.1061367       15.759137
1.250       3.7699112       5.9862211       16.248616
1.250       3.8327430       5.8636896       16.725162
1.250       3.8955749       5.6592256       16.948917
1.250       3.9584067       5.4862798       17.238897
1.250       4.0212386       5.3821751       17.729954
1.250       4.1469023       5.0751319       18.335342
1.250       4.2725660       4.8577463       19.194263
1.250       4.3982297       4.6660745       20.112018
1.250       4.5238934       4.4999456       21.106422
1.250       4.6495571       4.1827019       21.299134
1.250       4.7752208       3.9910185       22.015796
1.250       4.9008845       3.8141522       22.745301
1.250       5.0265482       3.6530439       23.503618
1.250       5.1522120       3.5096083       24.317004
1.250       5.2778757       3.3457171       24.919363
1.250       5.4035394       3.1510516       25.186089
1.250       5.5292031       3.1314242       26.816358
1.250       5.6548668       2.9346002       26.883533
1.250       5.7805305       2.8342268       27.733708
1.250       5.9061942       2.7391362       28.589532
1.250       6.0318579       2.6798819       29.794714
1.250       6.1575216       2.5384111       30.022721
1.250       6.2831853       2.4225541       30.442713
1.250       6.4088490       2.3652934       31.542448
1.250       6.5345127       2.2789910       32.214582
1.250       6.6601764       2.1843034       32.691920
1.250       6.7858401       2.1113554       33.422773
1.250       6.9115038       2.0420242       34.154568
1.250       7.0371675       1.9429515       34.302510
1.250       7.1628313       1.9107616       35.573855
1.250       7.2884950       1.8484539       36.257049
1.250       7.4141587       1.8219531       37.617772
1.250       7.5398224       1.7157333       37.256614
1.250       7.6654861       1.6588853       37.853471
1.250       7.7911498       1.6072046       38.507568
1.250       7.9168135       1.5728444       39.537323
1.250       8.0424772       1.5072165       39.720565
1.250       8.2938046       1.4235880       41.144897
1.250       8.5451320       1.3552233       42.838813
1.250       8.7964594       1.2499088       43.099507
1.250       9.0477868       1.2169461       45.663447
1.250       9.2991143       1.1199014       45.622049
1.250       9.5504417       1.0697707       47.209708
1.250       9.8017691       1.0080457       48.091007
1.250       10.053096      0.95931948       49.377952
1.250       10.304424      0.90981858       50.430841
1.250       10.555751      0.89180694       53.138410
1.250       10.807079      0.83136065       53.159963
1.250       11.058406      0.79341087       54.355815
1.250       11.309734      0.77863795       57.064097
1.250       11.561061      0.73254695       57.345428
1.250       11.812388      0.70047569       58.489307
1.250       12.063716      0.67522782       60.057033
1.250       12.315043      0.64591446       61.115742
1.250       12.566371      0.61473654       61.800058
1.250       12.817698      0.58825838       62.757912
1.250       13.069025      0.57064514       64.530643
1.250       13.320353      0.55593993       66.564905
1.250       13.571680      0.53384753       67.606484
1.250       13.823008      0.50894106       68.099731
1.250       14.074335      0.49128476       69.388455
1.250       14.325663      0.46731149       69.601863
1.250       14.576990      0.45689105       71.694603
1.250       14.828317      0.43633900       72.072552
1.250       15.079645      0.42856069       74.448495
1.250       15.330972      0.41397903       75.571438
1.250       15.582300      0.39314889       75.356715
1.250       15.833627      0.38992406       78.413623
1.250       16.084954      0.37507982       79.077596
1.250       16.587609      0.34860015       80.602630
1.250       17.090264      0.32787289       82.912896
1.250       17.592919      0.31336202       86.443098
1.250       18.095574      0.29983285       90.004980
1.250       18.598229      0.27656465       90.132553
1.250       19.100883      0.25969931       91.685659
1.250       19.603538      0.25000572       95.416524
1.250       20.106193      0.23927776       98.528559
1.250       20.608848      0.22610851       100.26475
1.250       21.111503      0.21544338       102.69773
1.250       21.614157      0.20622449       105.49343
1.250       22.116812      0.19613705       107.49728
1.250       22.619467      0.18693792       109.60106
1.250       23.122122      0.17646392       110.51195
1.250       23.624777      0.17161165       114.63577
1.250       24.127432      0.16316953       116.10278
1.250       24.630086      0.15445615       116.91582
1.250       25.132741      0.14686768       118.11800
1.250       25.635396      0.14429384       123.15106
1.250       26.138051      0.13725237       124.16800
1.250       26.640706      0.13218306       126.61444
1.250       27.143361      0.12709508       128.76264
1.250       27.646015      0.12144855       130.00505
1.250       28.148670      0.11827544       133.64062
1.250       28.651325      0.11274336       134.33691
1.250       29.153980      0.11002815       138.12351
1.250       29.656635      0.10859878       143.50294
1.250       30.159289      0.10314143       143.33978
1.250       30.661944     0.099618449       145.48195
1.250       31.164599     0.095619579       146.62287
1.250       31.667254     0.093464019       150.36471
1.250       32.169909     0.090798129       153.14282
1.250       33.175218     0.085495027       158.14391
1.250       34.180528     0.080207230       162.26322
1.250       35.185838     0.074737873       164.93570
1.250       36.191147     0.070088009       168.31431
1.250       37.196457     0.067062997       174.84690
1.250       38.201767     0.063704168       179.92373
1.250       39.207076     0.060906724       185.96400
1.250       40.212386     0.057792393       190.37962
1.250       41.217696     0.055266081       196.05596
1.250       42.223005     0.051731521       197.27540
1.250       43.228315     0.050282170       205.77338
1.250       44.233625     0.047886710       209.96303
1.250       45.238934     0.045314134       212.54018
1.250       46.244244     0.043886108       219.87223
1.250       47.249554     0.041758192       223.15421
1.250       48.254863     0.040166303       228.64167
1.250       49.260173     0.038615145       233.83834
1.250       50.265482     0.037118418       238.81922
1.250       51.270792     0.036457785       248.92620
1.250       52.276102     0.034560739       250.12832
1.250       53.281411     0.033499525       256.70603
1.250       54.286721     0.031374640       254.29033
1.250       55.292031     0.030143488       258.13767
1.250       56.297340     0.029962310       270.83774
1.250       57.302650     0.029008393       276.51459
1.250       58.307960     0.028110517       282.30763
1.250       59.313269     0.027096215       286.44054
1.250       60.318579     0.026200879       291.29929
1.250       61.323889     0.025433230       297.13980
1.250       62.329198     0.024402881       299.35463
1.250       63.334508     0.023338116       300.37048
1.250       64.339818     0.023275512       314.05737
1.250       66.350437     0.022019929       325.84985
1.250       68.361056     0.020975062       339.46874
1.250       70.371675     0.019287075       340.51033
1.250       72.382295     0.018580398       356.96227
1.250       74.392914     0.016799723       350.40241
1.250       76.403533     0.016601409       375.10731
1.250       78.414153     0.015753871       384.80517
1.250       80.424772     0.014859958       391.61322
1.250       82.435391     0.014397318       408.59492
1.250       84.446011     0.013869141       423.11384
1.250       86.456630     0.013439441       439.99360
1.250       88.467249     0.012528185       439.44647
1.250       90.477868     0.011527481       432.54546
1.250       92.488488     0.011206086       449.14570
1.250       94.499107     0.010904725       466.19550
1.250       96.509726     0.010640649       484.56453
1.250       98.520346     0.010383400       503.02273
1.250       100.53096    0.0097746879       503.12131
1.250       102.54158    0.0095532241       521.81949
1.250       104.55220    0.0088799912       514.14115
1.250       106.56282    0.0088877763       544.85448
1.250       108.57344    0.0084097207       545.28387
1.250       110.58406    0.0082292561       563.77841
1.250       112.59468    0.0078660793       568.82962
1.250       114.60530    0.0075355726       574.64632
1.250       116.61592    0.0074448152       598.13291
1.250       118.62654    0.0071230270       602.39370
1.250       120.63716    0.0068515348       609.39855
1.250       122.64778    0.0067069200       626.86270
1.250       124.65840    0.0065665525       644.42486
1.250       126.66902    0.0062466408       643.17326
1.250       128.67964    0.0061371998       662.47574
1.250       132.70087    0.0055892405       661.67451
1.250       136.72211    0.0055074514       713.07828
1.250       140.74335    0.0050330717       710.86485
1.250       144.76459    0.0046697127       717.70744
1.250       148.78583    0.0047951071       800.11657
1.250       152.80707    0.0044396833       802.51390
1.250       156.82831    0.0041187355       804.83622
1.250       160.84954    0.0040990676       864.20115
1.250       164.87078    0.0037552278       852.58491
1.250       168.89202    0.0035840536       874.72623
1.250       172.91326    0.0033405050       874.91786
1.250       176.93450    0.0031765553       891.38278
1.250       180.95574    0.0032178289       965.94027
1.250       184.97698    0.0028555849       915.62652
1.250       188.99821    0.0028127869       962.01135
1.250       193.01945    0.0027395967       998.06801
1.250       197.04069    0.0026110881       1011.9512
1.250       201.06193    0.0024580710       1012.1718
1.250       205.08317    0.0023964103       1047.1804
1.250       209.10441    0.0022377794       1036.5186
1.250       213.12565    0.0022857783       1121.0152
1.250       217.14688    0.0021965043       1139.3657
1.250       221.16812    0.0020125282       1103.0110
1.250       225.18936    0.0020564649       1189.6937
1.250       229.21060    0.0019457842       1187.0500
1.250       233.23184    0.0018298693       1176.1260
1.250       237.25308    0.0017891071       1210.4369
1.250       241.27432    0.0016763102       1192.7733
1.250       245.29555    0.0016060175       1200.8522
1.250       249.31679    0.0015267383       1198.6419
1.250       253.33803    0.0015254473       1256.5178
1.250       257.35927    0.0014776845       1276.0610
1.250       265.40175    0.0014544813       1377.4940
1.250       273.44422    0.0013032314       1349.8890
1.250       281.48670    0.0011949346       1350.1687
1.250       289.52918    0.0011470539       1410.3636
1.250       297.57166    0.0010749563       1434.9466
1.250       305.61413    0.0010262350       1484.0119
1.250       313.65661    0.0010232270       1599.5786
1.250       321.69909    0.0010069958       1698.4290
1.250       329.74156   0.00085744591       1557.3925
1.250       337.78404   0.00077167370       1506.6811
1.250       345.82652   0.00081673452       1711.2996
1.250       353.86900   0.00065321805       1466.4119
1.250       361.91147   0.00071529808       1717.7675
1.250       369.95395   0.00064296938       1649.3148
1.250       377.99643   0.00067737672       1853.3763
1.250       386.03891   0.00059542400       1735.3610
1.250       394.08138   0.00052353299       1623.2001
1.250       402.12386   0.00047810565       1574.9750
1.250       410.16634   0.00049714369       1737.9298
1.250       418.20881   0.00045285846       1678.0786
1.250       426.25129   0.00044266773       1736.7817
1.250       434.29377   0.00039633854       1644.7025
1.250       442.33625   0.00041564032       1822.4076
1.250       450.37872   0.00042704981       1976.4343
1.250       458.42120   0.00039369803       1921.4433
1.250       466.46368   0.00029269058       1504.9861
1.250       474.50615   0.00029803853       1613.1257
1.250       482.54863   0.00034210423       1947.3857
1.250       490.59111   0.00029341290       1755.1268
1.250       498.63359   0.00030730790       1930.1389
1.250       506.67606   0.00028428244       1873.3178
1.250       514.71854   0.00026631596       1839.8266
1.000     0.062831853       1012.8626     0.012728007
1.000      0.12566371       1570.4030      0.15787413
1.000      0.18849556       603.18806      0.20465689
1.000      0.25132741       448.08558      0.36037180
1.000      0.31415927       304.05922      0.47761510
1.000      0.37699112       226.54424      0.61491720
1.000      0.43982297       173.55321      0.74806033
1.000      0.50265482       141.68114      0.91157386
1.000      0.56548668       115.44767       1.0576027
1.000      0.62831853       104.04435       1.3074598
1.000      0.69115038       94.066452       1.5733404
1.000      0.75398224       78.540428       1.7054809
1.000      0.81681409       72.039339       1.9888848
1.000      0.87964594       63.754791       2.1984004
1.000      0.94247780       58.727719       2.4907307
1.000       1.0053096       53.395853       2.7483835
1.000       1.0681415       48.478340       2.9929838
1.000       1.1309734       44.119881       3.2334170
1.000       1.1938052       43.197003       3.7232679
1.000       1.2566371       39.520741       3.9730582
1.000       1.3194689       38.583687       4.4902598
1.000       1.3823008       34.966133       4.6787034
1.000       1.4451326       32.476395       4.9654794
1.000       1.5079645       31.706132       5.5079103
1.000       1.5707963       29.153049       5.7241877
1.000       1.6336282       28.025446       6.1898831
1.000       1.6964600       26.603034       6.5800975
1.000       1.7592919       25.554043       7.0492608
1.000       1.8221237       24.392063       7.4757091
1.000       1.8849556       23.569694       7.9970087
1.000       1.9477874       22.822410       8.5439059
1.000       2.0106193       21.953211       9.0397798
1.000       2.0734512       20.433066       9.2275246
1.000       2.1362830       20.105506       9.9302830
1.000       2.1991149       19.224893       10.358048
1.000       2.2619467       18.314027       10.737451
1.000       2.3247786       17.678376       11.252717
1.000       2.3876104       16.806942       11.589090
1.000       2.4504423       16.449599       12.261935
1.000       2.5132741       15.509174       12.473218
1.000       2.5761060       15.155232       13.125747
1.000       2.6389378       14.380584       13.388572
1.000       2.7017697       13.933190       13.920851
1.000       2.7646015       13.624476       14.584371
1.000       2.8274334       12.974841       14.857627
1.000       2.8902652       12.694782       15.527753
1.000       2.9530971       12.611998       16.454600
1.000       3.0159289       12.024413       16.710809
1.000       3.0787608       11.799642       17.444837
1.000       3.1415927       11.418258       17.935758
1.000       3.2044245       10.975464       18.295458
1.000       3.2672564       10.632008       18.786038
1.000       3.3300882       10.215730       19.112033
1.000       3.3929201       9.9071698       19.603822
1.000       3.4557519       9.5714193       20.011253
1.000       3.5185838       9.2841872       20.488862
1.000       3.5814156       9.1462495       21.285187
1.000       3.6442475       8.8626837       21.729968
1.000       3.7070793       8.6004768       22.196701
1.000       3.7699112       8.3275186       22.603684
1.000       3.8327430       8.0703003       23.019139
1.000       3.8955749       7.9087268       23.685988
1.000       3.9584067       7.6312457       23.978772
1.000       4.0212386       7.5141507       24.753105
1.000       4.1469023       7.0702461       25.543253
1.000       4.2725660       6.7964979       26.854792
1.000       4.3982297       6.4976123       28.006432
1.000       4.5238934       6.2222082       29.184475
1.000       4.6495571       5.8296208       29.685565
1.000       4.7752208       5.5483088       30.606331
1.000       4.9008845       5.2941900       31.571353
1.000       5.0265482       5.0267181       32.341812
1.000       5.1522120       4.8485787       33.594321
1.000       5.2778757       4.5886422       34.176841
1.000       5.4035394       4.3737119       34.958710
1.000       5.5292031       4.2884211       36.724451
1.000       5.6548668       4.0759608       37.339404
1.000       5.7805305       3.8650858       37.820955
1.000       5.9061942       3.7098514       38.721301
1.000       6.0318579       3.5799531       39.801634
1.000       6.1575216       3.4279236       40.543312
1.000       6.2831853       3.2870757       41.306612
1.000       6.4088490       3.1708473       42.284938
1.000       6.5345127       3.0655928       43.333558
1.000       6.6601764       2.8989534       43.387907
1.000       6.7858401       2.8303320       44.804177
1.000       6.9115038       2.7771044       46.449403
1.000       7.0371675       2.6419309       46.642883
1.000       7.1628313       2.5304572       47.111118
1.000       7.2884950       2.4804624       48.653769
1.000       7.4141587       2.3655431       48.841248
1.000       7.5398224       2.3280659       50.553226
1.000       7.6654861       2.2460481       51.251716
1.000       7.7911498       2.1665974       51.910252
1.000       7.9168135       2.1144833       53.152752
1.000       8.0424772       2.0330123       53.577172
1.000       8.2938046       1.9085700       55.161966
1.000       8.5451320       1.7504355       55.331534
1.000       8.7964594       1.6845628       58.087300
1.000       9.0477868       1.5741627       59.067277
1.000       9.2991143       1.4959314       60.940595
1.000       9.5504417       1.4418362       63.629214
1.000       9.8017691       1.3521782       64.508594
1.000       10.053096       1.2749443       65.623749
1.000       10.304424       1.2214586       67.704911
1.000       10.555751       1.1427175       68.088940
1.000       10.807079       1.1096149       70.952464
1.000       11.058406       1.0548941       72.269780
1.000       11.309734      0.99217818       72.713835
1.000       11.561061      0.96348789       75.424006
1.000       11.812388      0.91820274       76.669388
1.000       12.063716      0.88666290       78.862781
1.000       12.315043      0.85173459       80.590224
1.000       12.566371      0.80245682       80.671758
1.000       12.817698      0.77283900       82.449760
1.000       13.069025      0.74690134       84.462339
1.000       13.320353      0.73076095       87.496923
1.000       13.571680      0.69839512       88.444801
1.000       13.823008      0.66714208       89.268089
1.000       14.074335      0.64100537       90.534808
1.000       14.325663      0.62392511       92.928060
1.000       14.576990      0.60293211       94.611131
1.000       14.828317      0.57931214       95.688226
1.000       15.079645      0.55709881       96.777817
1.000       15.330972      0.54248005       99.029164
1.000       15.582300      0.52103798       99.869825
1.000       15.833627      0.50207703       100.96755
1.000       16.084954      0.49255689       103.84514
1.000       16.587609      0.47082978       108.86432
1.000       17.090264      0.43982865       111.22441
1.000       17.592919      0.40833070       112.64087
1.000       18.095574      0.38375360       115.19663
1.000       18.598229      0.35863594       116.87962
1.000       19.100883      0.34416633       121.50635
1.000       19.603538      0.32642160       124.58121
1.000       20.106193      0.30849506       127.03050
1.000       20.608848      0.29216757       129.55775
1.000       21.111503      0.27414012       130.67734
1.000       21.614157      0.26366772       134.87832
1.000       22.116812      0.25303041       138.67896
1.000       22.619467      0.23931476       140.30943
1.000       23.122122      0.22564516       141.31210
1.000       23.624777      0.21958693       146.68304
1.000       24.127432      0.20742516       147.59273
1.000       24.630086      0.20093956       152.10150
1.000       25.132741      0.19345077       155.58234
1.000       25.635396      0.18236564       155.64435
1.000       26.138051      0.17731595       160.41230
1.000       26.640706      0.17063441       163.44590
1.000       27.143361      0.16346935       165.61415
1.000       27.646015      0.15797995       169.11022
1.000       28.148670      0.15149681       171.17778
1.000       28.651325      0.14802958       176.38145
1.000       29.153980      0.13976756       175.45679
1.000       29.656635      0.13554103       179.10456
1.000       30.159289      0.13047328       181.32394
1.000       30.661944      0.12864186       187.86749
1.000       31.164599      0.12229943       187.53371
1.000       31.667254      0.11858004       190.77131
1.000       32.169909      0.11602823       195.69667
1.000       33.175218      0.10820349       200.14876
1.000       34.180528      0.10059392       203.50651
1.000       35.185838     0.096025888       211.91528
1.000       36.191147     0.091200009       219.01416
1.000       37.196457     0.084522184       220.36656
1.000       38.201767     0.081444507       230.02890
1.000       39.207076     0.076559910       233.75723
1.000       40.212386     0.073302247       241.47216
1.000       41.217696     0.069345262       246.00174
1.000       42.223005     0.065656740       250.37848
1.000       43.228315     0.063295437       259.02852
1.000       44.233625     0.059861705       262.46834
1.000       45.238934     0.057710921       270.68573
1.000       46.244244     0.055530030       278.20902
1.000       47.249554     0.052769664       281.99910
1.000       48.254863     0.050880600       289.63147
1.000       49.260173     0.048971614       296.55310
1.000       50.265482     0.046667253       300.25625
1.000       51.270792     0.044421966       303.30398
1.000       52.276102     0.043173562       312.46237
1.000       53.281411     0.041474566       317.81857
1.000       54.286721     0.039785817       322.46261
1.000       55.292031     0.038429625       329.09708
1.000       56.297340     0.036728729       332.00131
1.000       57.302650     0.035586332       339.21700
1.000       58.307960     0.034642455       347.90643
1.000       59.313269     0.033415145       353.23945
1.000       60.318579     0.032421010       360.45421
1.000       61.323889     0.031431831       367.22226
1.000       62.329198     0.030012145       368.16451
1.000       63.334508     0.029833606       383.96993
1.000       64.339818     0.028519733       384.81783
1.000       66.350437     0.026536195       392.68135
1.000       68.361056     0.025683007       415.66400
1.000       70.371675     0.024403633       430.84238
1.000       72.382295     0.022973156       441.35491
1.000       74.392914     0.021271887       443.68117
1.000       76.403533     0.020843722       470.96198
1.000       78.414153     0.019591482       478.54294
1.000       80.424772     0.018474124       486.85947
1.000       82.435391     0.017605240       499.63554
1.000       84.446011     0.016696625       509.37351
1.000       86.456630     0.016205543       530.55297
1.000       88.467249     0.015296076       536.53476
1.000       90.477868     0.014967422       561.62231
1.000       92.488488     0.014274697       572.13722
1.000       94.499107     0.013670403       584.43295
1.000       96.509726     0.013018673       592.85738
1.000       98.520346     0.012651399       612.89573
1.000       100.53096     0.011904298       612.73630
1.000       102.54158     0.011755757       642.12701
1.000       104.55220     0.011157328       645.99627
1.000       106.56282     0.010867195       666.20036
1.000       108.57344     0.010270373       665.92804
1.000       110.58406     0.010120190       693.32451
1.000       112.59468    0.0096323762       696.55805
1.000       114.60530    0.0092512370       705.47914
1.000       116.61592    0.0090834516       729.78459
1.000       118.62654    0.0088225776       746.12454
1.000       120.63716    0.0085586182       761.23230
1.000       122.64778    0.0082804368       773.93155
1.000       124.65840    0.0078188853       767.32564
1.000       126.66902    0.0076791393       790.66769
1.000       128.67964    0.0074709937       806.45120
1.000       132.70087    0.0072120349       853.78678
1.000       136.72211    0.0067945430       879.72471
1.000       140.74335    0.0062246424       879.16083
1.000       144.76459    0.0057596627       885.22637
1.000       148.78583    0.0055926064       933.18815
1.000       152.80707    0.0052626283       951.26885
1.000       156.82831    0.0048704222       951.72223
1.000       160.84954    0.0048360945       1019.5876
1.000       164.87078    0.0045782648       1039.4468
1.000       168.89202    0.0044244454       1079.8328
1.000       172.91326    0.0042602256       1115.8036
1.000       176.93450    0.0039044224       1095.6317
1.000       180.95574    0.0039131742       1174.6717
1.000       184.97698    0.0036850132       1181.5778
1.000       188.99821    0.0035449674       1212.4270
1.000       193.01945    0.0033335554       1214.4543
1.000       197.04069    0.0032288211       1251.3592
1.000       201.06193    0.0031603246       1301.3421
1.000       205.08317    0.0029673525       1296.6700
1.000       209.10441    0.0028512612       1320.6776
1.000       213.12565    0.0027716603       1359.3065
1.000       217.14688    0.0026616000       1380.6190
1.000       221.16812    0.0025858102       1417.2109
1.000       225.18936    0.0024457083       1414.8765
1.000       229.21060    0.0023342716       1424.0516
1.000       233.23184    0.0023740028       1525.8611
1.000       237.25308    0.0022789361       1541.8352
1.000       241.27432    0.0020934428       1489.5828
1.000       245.29555    0.0020832164       1557.6636
1.000       249.31679    0.0019304126       1515.5665
1.000       253.33803    0.0019416873       1599.3765
1.000       257.35927    0.0018763424       1620.3238
1.000       265.40175    0.0017063027       1615.9862
1.000       273.44422    0.0015704858       1626.7115
1.000       281.48670    0.0014878540       1681.1414
1.000       289.52918    0.0014987171       1842.7522
1.000       297.57166    0.0013140633       1754.1278
1.000       305.61413    0.0012443576       1799.4333
1.000       313.65661    0.0012339435       1928.9852
1.000       321.69909    0.0012150666       2049.3674
1.000       329.74156    0.0010162163       1845.7696
1.000       337.78404    0.0010066960       1965.5586
1.000       345.82652   0.00093929425       1968.0984
1.000       353.86900   0.00096703825       2170.9082
1.000       361.91147   0.00095275726       2288.0188
1.000       369.95395   0.00093954883       2410.0865
1.000       377.99643   0.00086868052       2376.8043
1.000       386.03891   0.00073047499       2128.9665
1.000       394.08138   0.00074839002       2320.3634
1.000       402.12386   0.00062390696       2055.2735
1.000       410.16634   0.00063812106       2230.7627
1.000       418.20881   0.00056300317       2086.2226
1.000       426.25129   0.00055200472       2165.7592
1.000       434.29377   0.00055756766       2313.7617
1.000       442.33625   0.00048169735       2112.0398
1.000       450.37872   0.00049015983       2268.5145
1.000       458.42120   0.00055154227       2691.8022
1.000       466.46368   0.00048504161       2494.0362
1.000       474.50615   0.00040477564       2190.8375
1.000       482.54863   0.00041709941       2374.2864
1.000       490.59111   0.00035880277       2146.2735
1.000       498.63359   0.00033833127       2124.9905
1.000       506.67606   0.00038814460       2557.7316
1.000       514.71854   0.00034296754       2369.3691
0.750     0.062831853       1246.8071     0.015667840
0.750      0.12566371       1933.0437      0.19433075
0.750      0.18849556       750.21636      0.25454241
0.750      0.25132741       566.96819      0.45598288
0.750      0.31415927       391.38516      0.61478638
0.750      0.37699112       292.63477      0.79430911
0.750      0.43982297       227.86437      0.98215585
0.750      0.50265482       189.52889       1.2194254
0.750      0.56548668       155.55928       1.4250605
0.750      0.62831853       140.33182       1.7634617
0.750      0.69115038       127.46543       2.1319663
0.750      0.75398224       109.47848       2.3772910
0.750      0.81681409       100.05519       2.7623553
0.750      0.87964594       89.943836       3.1014542
0.750      0.94247780       83.096538       3.5242489
0.750       1.0053096       75.750921       3.8990403
0.750       1.0681415       69.161585       4.2699380
0.750       1.1309734       62.753220       4.5989998
0.750       1.1938052       61.625065       5.3116329
0.750       1.2566371       56.383952       5.6683331
0.750       1.3194689       55.039986       6.4053972
0.750       1.3823008       50.290371       6.7291893
0.750       1.4451326       47.466345       7.2573684
0.750       1.5079645       45.151352       7.8435804
0.750       1.5707963       42.267573       8.2992186
0.750       1.6336282       40.733750       8.9967221
0.750       1.6964600       38.384007       9.4940489
0.750       1.7592919       37.409934       10.319791
0.750       1.8221237       35.404936       10.850948
0.750       1.8849556       34.108371       11.572698
0.750       1.9477874       33.096564       12.390187
0.750       2.0106193       31.677315       13.043921
0.750       2.0734512       29.437777       13.294031
0.750       2.1362830       28.982667       14.314789
0.750       2.1991149       28.474597       15.341633
0.750       2.2619467       26.656000       15.628322
0.750       2.3247786       26.309722       16.746779
0.750       2.3876104       24.640533       16.990680
0.750       2.4504423       24.085672       17.954051
0.750       2.5132741       23.215083       18.670677
0.750       2.5761060       22.414567       19.412962
0.750       2.6389378       21.457649       19.977441
0.750       2.7017697       20.118981       20.101164
0.750       2.7646015       19.446071       20.816119
0.750       2.8274334       19.081705       21.850661
0.750       2.8902652       18.301385       22.385526
0.750       2.9530971       17.657084       23.036814
0.750       3.0159289       16.966678       23.579272
0.750       3.0787608       16.508189       24.406052
0.750       3.1415927       15.879067       24.942780
0.750       3.2044245       15.330480       25.555016
0.750       3.2672564       15.135121       26.742734
0.750       3.3300882       14.490535       27.109524
0.750       3.3929201       14.071365       27.843728
0.750       3.4557519       13.656593       28.552247
0.750       3.5185838       13.136799       28.991019
0.750       3.5814156       12.826722       29.850397
0.750       3.6442475       12.282235       30.114195
0.750       3.7070793       11.975782       30.907921
0.750       3.7699112       11.804088       32.040262
0.750       3.8327430       11.331114       32.320046
0.750       3.8955749       11.131865       33.339024
0.750       3.9584067       10.825453       34.015559
0.750       4.0212386       10.533177       34.698377
0.750       4.1469023       9.8201810       35.478166
0.750       4.2725660       9.4534427       37.353096
0.750       4.3982297       8.7792829       37.841037
0.750       4.5238934       8.5550088       40.126180
0.750       4.6495571       8.1268472       41.383490
0.750       4.7752208       7.5726493       41.773271
0.750       4.9008845       7.1251623       42.490166
0.750       5.0265482       6.8019823       43.763830
0.750       5.1522120       6.5522251       45.398367
0.750       5.2778757       6.2387504       46.467075
0.750       5.4035394       5.9484904       47.545781
0.750       5.5292031       5.7052309       48.857485
0.750       5.6548668       5.4653330       50.067283
0.750       5.7805305       5.1705903       50.595684
0.750       5.9061942       4.9745569       51.921572
0.750       6.0318579       4.7654396       52.981779
0.750       6.1575216       4.6298832       54.759330
0.750       6.2831853       4.4724368       56.202299
0.750       6.4088490       4.2376108       56.510798
0.750       6.5345127       4.1100062       58.096819
0.750       6.6601764       3.9767521       59.519049
0.750       6.7858401       3.7811275       59.855278
0.750       6.9115038       3.6022048       60.249899
0.750       7.0371675       3.4523317       60.950384
0.750       7.1628313       3.4254916       63.774539
0.750       7.2884950       3.3154021       65.030941
0.750       7.4141587       3.1855399       65.771679
0.750       7.5398224       3.0997949       67.311079
0.750       7.6654861       2.9883289       68.189538
0.750       7.7911498       2.8883007       69.201789
0.750       7.9168135       2.7576678       69.320781
0.750       8.0424772       2.6704565       70.376113
0.750       8.2938046       2.5313179       73.160784
0.750       8.5451320       2.3941569       75.679666
0.750       8.7964594       2.2478716       77.511382
0.750       9.0477868       2.0698279       77.666116
0.750       9.2991143       1.9817575       80.731964
0.750       9.5504417       1.8326028       80.874007
0.750       9.8017691       1.7704806       84.464618
0.750       10.053096       1.7038065       87.698079
0.750       10.304424       1.5784406       87.492264
0.750       10.555751       1.5531037       92.541846
0.750       10.807079       1.4711366       94.069361
0.750       11.058406       1.3644751       93.478880
0.750       11.309734       1.3406238       98.250392
0.750       11.561061       1.2799953       100.20092
0.750       11.812388       1.2209294       101.94688
0.750       12.063716       1.1886230       105.72012
0.750       12.315043       1.1078964       104.82799
0.750       12.566371       1.0787370       108.44647
0.750       12.817698       1.0233313       109.17335
0.750       13.069025      0.99433199       112.44270
0.750       13.320353      0.95239860       114.03448
0.750       13.571680      0.90768376       114.94913
0.750       13.823008      0.87985382       117.73035
0.750       14.074335      0.84581580       119.46198
0.750       14.325663      0.82926223       123.51119
0.750       14.576990      0.78058979       122.48889
0.750       14.828317      0.74817866       123.58085
0.750       15.079645      0.72776872       126.42617
0.750       15.330972      0.71390583       130.32276
0.750       15.582300      0.68753355       131.78282
0.750       15.833627      0.66904286       134.54434
0.750       16.084954      0.63921330       134.76452
0.750       16.587609      0.59934992       138.58049
0.750       17.090264      0.56748790       143.50703
0.750       17.592919      0.52462099       144.72036
0.750       18.095574      0.49664775       149.08564
0.750       18.598229      0.46830829       152.62190
0.750       19.100883      0.44151813       155.87597
0.750       19.603538      0.42573610       162.48532
0.750       20.106193      0.39523474       162.74772
0.750       20.608848      0.37144695       164.71312
0.750       21.111503      0.36415343       173.58497
0.750       21.614157      0.34278160       175.34876
0.750       22.116812      0.32856772       180.07887
0.750       22.619467      0.31044719       182.01413
0.750       23.122122      0.29622585       185.51382
0.750       23.624777      0.28443744       190.00287
0.750       24.127432      0.27464309       195.42144
0.750       24.630086      0.26645254       201.69165
0.750       25.132741      0.25385088       204.15899
0.750       25.635396      0.24053037       205.28644
0.750       26.138051      0.23018935       208.24524
0.750       26.640706      0.22459275       215.13109
0.750       27.143361      0.20977562       212.52798
0.750       27.646015      0.20278562       217.07262
0.750       28.148670      0.19996411       225.94148
0.750       28.651325      0.19156584       228.25613
0.750       29.153980      0.18279125       229.46646
0.750       29.656635      0.17701741       233.91165
0.750       30.159289      0.17111000       237.79843
0.750       30.661944      0.16675664       243.52999
0.750       31.164599      0.15889135       243.64367
0.750       31.667254      0.15626868       251.40472
0.750       32.169909      0.15018073       253.29928
0.750       33.175218      0.14149396       261.72761
0.750       34.180528      0.13358771       270.25459
0.750       35.185838      0.12030690       265.49998
0.750       36.191147      0.11765869       282.55391
0.750       37.196457      0.10896862       284.10341
0.750       38.201767      0.10590004       299.10023
0.750       39.207076     0.098857339       301.83705
0.750       40.212386     0.093306462       307.37002
0.750       41.217696     0.089566169       317.73524
0.750       42.223005     0.084878922       323.68125
0.750       43.228315     0.080625022       329.94764
0.750       44.233625     0.077040157       337.78861
0.750       45.238934     0.073695882       345.66115
0.750       46.244244     0.070774223       354.58341
0.750       47.249554     0.066518481       355.47226
0.750       48.254863     0.063920254       363.85807
0.750       49.260173     0.061173742       370.44446
0.750       50.265482     0.059222821       381.03855
0.750       51.270792     0.057312275       391.31634
0.750       52.276102     0.054210944       392.34381
0.750       53.281411     0.052224089       400.19190
0.750       54.286721     0.051081275       414.01189
0.750       55.292031     0.049429706       423.29770
0.750       56.297340     0.046586099       421.10484
0.750       57.302650     0.045341187       432.20249
0.750       58.307960     0.043359256       435.44731
0.750       59.313269     0.042141918       445.49224
0.750       60.318579     0.040842055       454.07872
0.750       61.323889     0.039473347       461.17236
0.750       62.329198     0.037941897       465.44023
0.750       63.334508     0.036927260       475.26797
0.750       64.339818     0.035927323       484.76873
0.750       66.350437     0.033911571       501.82180
0.750       68.361056     0.032316789       523.02778
0.750       70.371675     0.029851474       527.02317
0.750       72.382295     0.028824199       553.76379
0.750       74.392914     0.026583264       554.46390
0.750       76.403533     0.026266925       593.49878
0.750       78.414153     0.024496751       598.35938
0.750       80.424772     0.023568511       621.11487
0.750       82.435391     0.022174149       629.30086
0.750       84.446011     0.021107073       643.92560
0.750       86.456630     0.020137360       659.27666
0.750       88.467249     0.018760350       658.04980
0.750       90.477868     0.018317691       687.33439
0.750       92.488488     0.017650701       707.44918
0.750       94.499107     0.016921228       723.41123
0.750       96.509726     0.016440668       748.69160
0.750       98.520346     0.015618180       756.62111
0.750       100.53096     0.015097492       777.09590
0.750       102.54158     0.014671343       801.38316
0.750       104.55220     0.014367851       831.88187
0.750       106.56282     0.013292146       814.85909
0.750       108.57344     0.012891200       835.86172
0.750       110.58406     0.012639199       865.89935
0.750       112.59468     0.012088904       874.20003
0.750       114.60530     0.011884112       906.25641
0.750       116.61592     0.011594257       931.50822
0.750       118.62654     0.010923328       923.78483
0.750       120.63716     0.010699448       951.64489
0.750       122.64778     0.010202572       953.58407
0.750       124.65840    0.0099885920       980.25517
0.750       126.66902    0.0096941428       998.13862
0.750       128.67964    0.0092818732       1001.9253
0.750       132.70087    0.0087940668       1041.0734
0.750       136.72211    0.0085027342       1100.8931
0.750       140.74335    0.0080312006       1134.3169
0.750       144.76459    0.0073607576       1131.3053
0.750       148.78583    0.0072032623       1201.9439
0.750       152.80707    0.0069019055       1247.5834
0.750       156.82831    0.0062820520       1227.5668
0.750       160.84954    0.0062740223       1322.7441
0.750       164.87078    0.0059465398       1350.0992
0.750       168.89202    0.0054083380       1319.9622
0.750       172.91326    0.0052319774       1370.3169
0.750       176.93450    0.0049698403       1394.6019
0.750       180.95574    0.0049436357       1483.9996
0.750       184.97698    0.0046942392       1505.1802
0.750       188.99821    0.0044820748       1532.9305
0.750       193.01945    0.0041926237       1527.4232
0.750       197.04069    0.0041429328       1605.6316
0.750       201.06193    0.0039729191       1635.9481
0.750       205.08317    0.0036991403       1616.4457
0.750       209.10441    0.0035229955       1631.8187
0.750       213.12565    0.0034723136       1702.9282
0.750       217.14688    0.0032728697       1697.6954
0.750       221.16812    0.0031898775       1748.2835
0.750       225.18936    0.0030446422       1761.3681
0.750       229.21060    0.0031071762       1895.5718
0.750       233.23184    0.0029361869       1887.1980
0.750       237.25308    0.0028570310       1932.9507
0.750       241.27432    0.0027399779       1949.6228
0.750       245.29555    0.0027210295       2034.5696
0.750       249.31679    0.0024327844       1909.9785
0.750       253.33803    0.0025230245       2078.2266
0.750       257.35927    0.0025467707       2199.2751
0.750       265.40175    0.0021131826       2001.3296
0.750       273.44422    0.0022162384       2295.5830
0.750       281.48670    0.0019321039       2183.1038
0.750       289.52918    0.0018774537       2308.4290
0.750       297.57166    0.0016975837       2266.0847
0.750       305.61413    0.0016569281       2396.0409
0.750       313.65661    0.0015128651       2365.0144
0.750       321.69909    0.0014629376       2467.4340
0.750       329.74156    0.0014351015       2606.5973
0.750       337.78404    0.0013790624       2692.5983
0.750       345.82652    0.0013145126       2754.2915
0.750       353.86900    0.0011712021       2629.2364
0.750       361.91147    0.0011695797       2808.7115
0.750       369.95395   0.00098807846       2534.5724
0.750       377.99643    0.0010254871       2805.8443
0.750       386.03891   0.00099457414       2898.6825
0.750       394.08138   0.00083491744       2588.6393
0.750       402.12386   0.00089035809       2933.0164
0.750       410.16634   0.00088711659       3101.2088
0.750       418.20881   0.00077632006       2876.6738
0.750       426.25129   0.00080885166       3173.4836
0.750       434.29377   0.00074747065       3101.8100
0.750       442.33625   0.00071090892       3117.0359
0.750       450.37872   0.00068776846       3183.0694
0.750       458.42120   0.00062189260       3035.1470
0.750       466.46368   0.00059368456       3052.6675
0.750       474.50615   0.00052646307       2849.4676
0.750       482.54863   0.00056853057       3236.2894
0.750       490.59111   0.00049808525       2979.4285
0.750       498.63359   0.00056584179       3553.9381
0.750       506.67606   0.00046086073       3036.9045
0.750       514.71854   0.00040953997       2829.2804
0.500     0.062831853       1550.0310     0.019478264
0.500      0.12566371       2400.0799      0.24128235
0.500      0.18849556       945.28811      0.32072870
0.500      0.25132741       728.02938      0.58551597
0.500      0.31415927       511.10440      0.80284091
0.500      0.37699112       383.21320       1.0401694
0.500      0.43982297       304.65264       1.3131336
0.500      0.50265482       259.39555       1.6689462
0.500      0.56548668       214.18881       1.9621589
0.500      0.62831853       194.27848       2.4413754
0.500      0.69115038       175.46179       2.9347457
0.500      0.75398224       155.13106       3.3686227
0.500      0.81681409       142.94340       3.9464265
0.500      0.87964594       130.83747       4.5115535
0.500      0.94247780       120.52595       5.1116863
0.500       1.0053096       110.20007       5.6722019
0.500       1.0681415       101.40632       6.2606821
0.500       1.1309734       90.807380       6.6550071
0.500       1.1938052       90.478813       7.7986164
0.500       1.2566371       81.707194       8.2141030
0.500       1.3194689       79.866953       9.2946890
0.500       1.3823008       74.964535       10.030758
0.500       1.4451326       71.137923       10.876635
0.500       1.5079645       65.478905       11.374832
0.500       1.5707963       62.236191       12.220047
0.500       1.6336282       59.026271       13.036928
0.500       1.6964600       54.720716       13.534834
0.500       1.7592919       53.709284       14.816080
0.500       1.8221237       50.618923       15.513749
0.500       1.8849556       49.106434       16.661421
0.500       1.9477874       47.456863       17.766176
0.500       2.0106193       45.547606       18.755358
0.500       2.0734512       42.200294       19.057554
0.500       2.1362830       40.251098       19.880365
0.500       2.1991149       39.749484       21.416352
0.500       2.2619467       37.345613       21.895606
0.500       2.3247786       36.244164       23.070293
0.500       2.3876104       34.330249       23.672144
0.500       2.4504423       33.141788       24.704702
0.500       2.5132741       32.679429       26.282356
0.500       2.5761060       31.111204       26.945004
0.500       2.6389378       30.706218       28.588019
0.500       2.7017697       28.942243       28.916612
0.500       2.7646015       27.851013       29.813220
0.500       2.8274334       26.594442       30.453575
0.500       2.8902652       25.718630       31.458007
0.500       2.9530971       24.992362       32.606993
0.500       3.0159289       23.767044       33.030013
0.500       3.0787608       23.075305       34.115014
0.500       3.1415927       22.486526       35.321752
0.500       3.2044245       21.447881       35.752366
0.500       3.2672564       20.647969       36.483561
0.500       3.3300882       20.269169       37.920444
0.500       3.3929201       19.515729       38.616767
0.500       3.4557519       18.931069       39.579752
0.500       3.5185838       18.204506       40.174720
0.500       3.5814156       17.680682       41.146553
0.500       3.6442475       17.001809       41.685880
0.500       3.7070793       16.417293       42.370877
0.500       3.7699112       15.967662       43.341601
0.500       3.8327430       15.534665       44.309951
0.500       3.8955749       15.163640       45.413859
0.500       3.9584067       14.802043       46.510731
0.500       4.0212386       14.314947       47.156278
0.500       4.1469023       13.390902       48.378399
0.500       4.2725660       12.499242       49.387868
0.500       4.3982297       12.128647       52.277682
0.500       4.5238934       11.583886       54.332741
0.500       4.6495571       10.929686       55.656092
0.500       4.7752208       10.393701       57.335139
0.500       4.9008845       9.9337284       59.238760
0.500       5.0265482       9.5306925       61.320301
0.500       5.1522120       8.9541357       62.040472
0.500       5.2778757       8.5797906       63.903465
0.500       5.4035394       8.3649519       66.860353
0.500       5.5292031       7.9725006       68.273543
0.500       5.6548668       7.5247687       68.933535
0.500       5.7805305       7.3310076       71.735977
0.500       5.9061942       6.8724475       71.730664
0.500       6.0318579       6.6440583       73.868111
0.500       6.1575216       6.3589787       75.209978
0.500       6.2831853       6.2802325       78.919729
0.500       6.4088490       5.8835550       78.460341
0.500       6.5345127       5.6651707       80.079783
0.500       6.6601764       5.5182404       82.590116
0.500       6.7858401       5.2895582       83.733748
0.500       6.9115038       5.1438489       86.035189
0.500       7.0371675       4.8941447       86.405371
0.500       7.1628313       4.8190151       89.718644
0.500       7.2884950       4.6293092       90.802963
0.500       7.4141587       4.4301326       91.468722
0.500       7.5398224       4.2716228       92.756957
0.500       7.6654861       4.1241121       94.106543
0.500       7.7911498       3.9536205       94.726152
0.500       7.9168135       3.8792707       97.515035
0.500       8.0424772       3.7321791       98.356315
0.500       8.2938046       3.4933839       100.96666
0.500       8.5451320       3.3492490       105.87027
0.500       8.7964594       3.1986520       110.29630
0.500       9.0477868       2.9712893       111.49163
0.500       9.2991143       2.8264430       115.14239
0.500       9.5504417       2.6024421       114.84754
0.500       9.8017691       2.4713147       117.89943
0.500       10.053096       2.3533445       121.13100
0.500       10.304424       2.2155575       122.80737
0.500       10.555751       2.1381815       127.40377
0.500       10.807079       2.0432821       130.65425
0.500       11.058406       1.9524239       133.75868
0.500       11.309734       1.8663659       136.78049
0.500       11.561061       1.7942442       140.45748
0.500       11.812388       1.7146273       143.17037
0.500       12.063716       1.6133875       143.50011
0.500       12.315043       1.5367145       145.40230
0.500       12.566371       1.5039073       151.18925
0.500       12.817698       1.4270251       152.24113
0.500       13.069025       1.3782932       155.86244
0.500       13.320353       1.3038824       156.11904
0.500       13.571680       1.2618790       159.80444
0.500       13.823008       1.2183165       163.01893
0.500       14.074335       1.1697714       165.21707
0.500       14.325663       1.1260453       167.71437
0.500       14.576990       1.0876166       170.66703
0.500       14.828317       1.0654365       175.98410
0.500       15.079645       1.0014730       173.97339
0.500       15.330972      0.97735550       178.41522
0.500       15.582300      0.94755433       181.62224
0.500       15.833627      0.92206666       185.42736
0.500       16.084954      0.88214127       185.98071
0.500       16.587609      0.81434680       188.29164
0.500       17.090264      0.77995310       197.23549
0.500       17.592919      0.72919513       201.15356
0.500       18.095574      0.69120142       207.48750
0.500       18.598229      0.65872606       214.67914
0.500       19.100883      0.60697314       214.28910
0.500       19.603538      0.58084164       221.68249
0.500       20.106193      0.55355080       227.93829
0.500       20.608848      0.52092540       230.99731
0.500       21.111503      0.50144186       239.02773
0.500       21.614157      0.47568395       243.33450
0.500       22.116812      0.44935724       246.28026
0.500       22.619467      0.42641867       250.00781
0.500       23.122122      0.41488593       259.82565
0.500       23.624777      0.39258886       262.24751
0.500       24.127432      0.37332651       265.63933
0.500       24.630086      0.35739631       270.53168
0.500       25.132741      0.34229985       275.29387
0.500       25.635396      0.32653568       278.68975
0.500       26.138051      0.31474660       284.74159
0.500       26.640706      0.30465495       291.82042
0.500       27.143361      0.29111267       294.93221
0.500       27.646015      0.28137669       301.20073
0.500       28.148670      0.27140655       306.66502
0.500       28.651325      0.26144674       311.52121
0.500       29.153980      0.24983366       313.62794
0.500       29.656635      0.24185684       319.59077
0.500       30.159289      0.23272531       323.42769
0.500       30.661944      0.22694256       331.42501
0.500       31.164599      0.21712476       332.93868
0.500       31.667254      0.20928423       336.69602
0.500       32.169909      0.20295702       342.31334
0.500       33.175218      0.19114141       353.56267
0.500       34.180528      0.17842819       360.96911
0.500       35.185838      0.16647480       367.38588
0.500       36.191147      0.15745487       378.12326
0.500       37.196457      0.15055935       392.53891
0.500       38.201767      0.14176051       400.38321
0.500       39.207076      0.13213332       403.43724
0.500       40.212386      0.12555134       413.59104
0.500       41.217696      0.11680035       414.34825
0.500       42.223005      0.11302246       431.00514
0.500       43.228315      0.10938919       447.66133
0.500       44.233625      0.10279728       450.72275
0.500       45.238934     0.099076599       464.70618
0.500       46.244244     0.092707012       464.46810
0.500       47.249554     0.089516125       478.37080
0.500       48.254863     0.086134170       490.30802
0.500       49.260173     0.083637186       506.47436
0.500       50.265482     0.078281285       503.66036
0.500       51.270792     0.076125692       519.77046
0.500       52.276102     0.072243909       522.85478
0.500       53.281411     0.070409923       539.54950
0.500       54.286721     0.067578698       547.72291
0.500       55.292031     0.064298713       550.63037
0.500       56.297340     0.061567381       556.52487
0.500       57.302650     0.060517826       576.86966
0.500       58.307960     0.058489999       587.40198
0.500       59.313269     0.056576243       598.08093
0.500       60.318579     0.054857652       609.90302
0.500       61.323889     0.052182341       609.65323
0.500       62.329198     0.050452147       618.90577
0.500       63.334508     0.049016069       630.85556
0.500       64.339818     0.047898719       646.29923
0.500       66.350437     0.043147481       638.49436
0.500       68.361056     0.042451417       687.05063
0.500       70.371675     0.039325715       694.28944
0.500       72.382295     0.037992627       729.90549
0.500       74.392914     0.035424474       738.87058
0.500       76.403533     0.032996184       745.54577
0.500       78.414153     0.032507094       794.02060
0.500       80.424772     0.029847682       786.59356
0.500       82.435391     0.029099946       825.85452
0.500       84.446011     0.027669996       844.14443
0.500       86.456630     0.026454098       866.08023
0.500       88.467249     0.025024095       877.76084
0.500       90.477868     0.023998090       900.47989
0.500       92.488488     0.022874339       916.81528
0.500       94.499107     0.021778070       931.04947
0.500       96.509726     0.021505398       979.33437
0.500       98.520346     0.020749008       1005.1836
0.500       100.53096     0.019541189       1005.8212
0.500       102.54158     0.018993147       1037.4502
0.500       104.55220     0.018191148       1053.2463
0.500       106.56282     0.018028029       1105.1867
0.500       108.57344     0.017024615       1103.8712
0.500       110.58406     0.016765792       1148.6083
0.500       112.59468     0.015856190       1146.6285
0.500       114.60530     0.015521988       1183.6729
0.500       116.61592     0.014845870       1192.7500
0.500       118.62654     0.014127361       1194.7496
0.500       120.63716     0.014079863       1252.3103
0.500       122.64778     0.013381045       1250.6602
0.500       124.65840     0.012882217       1264.2282
0.500       126.66902     0.012312676       1267.7508
0.500       128.67964     0.012300290       1327.7462
0.500       132.70087     0.011272197       1334.4435
0.500       136.72211     0.011321419       1465.8429
0.500       140.74335     0.010362980       1463.6545
0.500       144.76459    0.0097207599       1494.0238
0.500       148.78583    0.0091935015       1534.0373
0.500       152.80707    0.0086642660       1566.1464
0.500       156.82831    0.0080096002       1565.1445
0.500       160.84954    0.0079741117       1681.1717
0.500       164.87078    0.0077134246       1751.2518
0.500       168.89202    0.0072606588       1772.0407
0.500       172.91326    0.0068441034       1792.5518
0.500       176.93450    0.0066859999       1876.1786
0.500       180.95574    0.0063040481       1892.3734
0.500       184.97698    0.0061722924       1979.1093
0.500       188.99821    0.0057167447       1955.2044
0.500       193.01945    0.0055139079       2008.7829
0.500       197.04069    0.0053005626       2054.2817
0.500       201.06193    0.0051053428       2102.2517
0.500       205.08317    0.0047991722       2097.1362
0.500       209.10441    0.0047845904       2216.1777
0.500       213.12565    0.0047111512       2310.4918
0.500       217.14688    0.0046276578       2400.4480
0.500       221.16812    0.0042589893       2334.2340
0.500       225.18936    0.0042638071       2466.6721
0.500       229.21060    0.0039769735       2426.2025
0.500       233.23184    0.0037346530       2400.4022
0.500       237.25308    0.0037214305       2517.7682
0.500       241.27432    0.0036897543       2625.4333
0.500       245.29555    0.0035042720       2620.2160
0.500       249.31679    0.0033459772       2626.9260
0.500       253.33803    0.0033521220       2761.1579
0.500       257.35927    0.0030957269       2673.3287
0.500       265.40175    0.0030272219       2866.9879
0.500       273.44422    0.0026822190       2778.2464
0.500       281.48670    0.0026821319       3030.5681
0.500       289.52918    0.0024981545       3071.6135
0.500       297.57166    0.0023575339       3147.0445
0.500       305.61413    0.0021287936       3078.3934
0.500       313.65661    0.0020638862       3226.4084
0.500       321.69909    0.0020018601       3376.3967
0.500       329.74156    0.0018733404       3402.5777
0.500       337.78404    0.0016875816       3294.9774
0.500       345.82652    0.0017025671       3567.3799
0.500       353.86900    0.0016191861       3634.9176
0.500       361.91147    0.0015045071       3613.0299
0.500       369.95395    0.0015384016       3946.2353
0.500       377.99643    0.0013025978       3564.0491
0.500       386.03891    0.0013365816       3895.4619
0.500       394.08138    0.0012615945       3911.5404
0.500       402.12386    0.0013043029       4296.6330
0.500       410.16634    0.0012157232       4249.9616
0.500       418.20881    0.0011569069       4286.9480
0.500       426.25129    0.0010053635       3944.4866
0.500       434.29377    0.0010144308       4209.6257
0.500       442.33625    0.0010001383       4385.1849
0.500       450.37872   0.00089750042       4153.7324
0.500       458.42120   0.00092358847       4507.5738
0.500       466.46368   0.00087396581       4493.8461
0.500       474.50615   0.00080895885       4378.4686
0.500       482.54863   0.00079161642       4506.1777
0.500       490.59111   0.00073033161       4368.6713
0.500       498.63359   0.00076286012       4791.3705
0.500       506.67606   0.00071037090       4681.0856
0.500       514.71854   0.00062753276       4335.2695
0.375     0.062831853       1732.2174     0.021767686
0.375      0.12566371       2678.9101      0.26931342
0.375      0.18849556       1064.8708      0.36130213
0.375      0.25132741       828.65669      0.66644525
0.375      0.31415927       586.24460      0.92087086
0.375      0.37699112       440.08388       1.1945355
0.375      0.43982297       353.92232       1.5254990
0.375      0.50265482       305.44562       1.9652315
0.375      0.56548668       253.11400       2.3187480
0.375      0.62831853       231.01353       2.9030016
0.375      0.69115038       207.62976       3.4727819
0.375      0.75398224       185.59074       4.0300451
0.375      0.81681409       173.05446       4.7777421
0.375      0.87964594       159.91869       5.5143355
0.375      0.94247780       147.35271       6.2494495
0.375       1.0053096       135.16339       6.9571103
0.375       1.0681415       125.16660       7.7276081
0.375       1.1309734       111.15940       8.1465472
0.375       1.1938052       111.52877       9.6129696
0.375       1.2566371       99.918606       10.044914
0.375       1.3194689       98.106138       11.417314
0.375       1.3823008       93.769867       12.547038
0.375       1.4451326       88.960763       13.601659
0.375       1.5079645       81.402315       14.141007
0.375       1.5707963       78.215723       15.357621
0.375       1.6336282       74.203841       16.389145
0.375       1.6964600       68.472197       16.936178
0.375       1.7592919       66.919592       18.460236
0.375       1.8221237       62.790546       19.244123
0.375       1.8849556       61.411810       20.836536
0.375       1.9477874       58.998626       22.087006
0.375       2.0106193       56.406763       23.226885
0.375       2.0734512       53.465769       24.145016
0.375       2.1362830       50.481989       24.933490
0.375       2.1991149       48.815154       26.300782
0.375       2.2619467       46.585897       27.313152
0.375       2.3247786       44.589814       28.382503
0.375       2.3876104       42.402863       29.238550
0.375       2.4504423       40.666543       30.313839
0.375       2.5132741       39.511886       31.777344
0.375       2.5761060       37.352252       32.350293
0.375       2.6389378       36.598411       34.073752
0.375       2.7017697       34.978946       34.947969
0.375       2.7646015       34.239740       36.652057
0.375       2.8274334       32.467041       37.178350
0.375       2.8902652       31.007487       37.927126
0.375       2.9530971       30.390865       39.650302
0.375       3.0159289       29.240533       40.636739
0.375       3.0787608       27.777275       41.066505
0.375       3.1415927       27.221405       42.759283
0.375       3.2044245       25.873889       43.130263
0.375       3.2672564       25.056319       44.272819
0.375       3.3300882       24.496010       45.828202
0.375       3.3929201       23.575330       46.649707
0.375       3.4557519       23.273372       48.658335
0.375       3.5185838       22.381103       49.391865
0.375       3.5814156       21.595900       50.258061
0.375       3.6442475       20.710834       50.779852
0.375       3.7070793       20.127878       51.947410
0.375       3.7699112       19.440684       52.768549
0.375       3.8327430       18.785273       53.581749
0.375       3.8955749       18.499494       55.404466
0.375       3.9584067       18.068786       56.775438
0.375       4.0212386       17.533180       57.757779
0.375       4.1469023       16.410539       59.287687
0.375       4.2725660       15.332013       60.580908
0.375       4.3982297       14.674781       63.252198
0.375       4.5238934       13.886819       65.134355
0.375       4.6495571       13.122944       66.824591
0.375       4.7752208       12.458045       68.722751
0.375       4.9008845       12.004552       71.587898
0.375       5.0265482       11.356383       73.066759
0.375       5.1522120       10.839293       75.102153
0.375       5.2778757       10.256099       76.388839
0.375       5.4035394       9.8613766       78.821149
0.375       5.5292031       9.5413560       81.708640
0.375       5.6548668       9.1269977       83.611368
0.375       5.7805305       8.7765436       85.880954
0.375       5.9061942       8.3926483       87.597649
0.375       6.0318579       8.0397079       89.384833
0.375       6.1575216       7.6423885       90.389337
0.375       6.2831853       7.4272713       93.333843
0.375       6.4088490       7.1295956       95.076958
0.375       6.5345127       6.8868484       97.348756
0.375       6.6601764       6.5135930       97.487308
0.375       6.7858401       6.2534972       98.992910
0.375       6.9115038       6.0910038       101.87715
0.375       7.0371675       5.8981248       104.13048
0.375       7.1628313       5.6200343       104.63172
0.375       7.2884950       5.4649096       107.19310
0.375       7.4141587       5.3359575       110.17124
0.375       7.5398224       5.0828728       110.37300
0.375       7.6654861       4.9065768       111.96131
0.375       7.7911498       4.7165298       113.00496
0.375       7.9168135       4.6149244       116.00751
0.375       8.0424772       4.4572831       117.46541
0.375       8.2938046       4.1330833       119.45541
0.375       8.5451320       3.9791020       125.78002
0.375       8.7964594       3.6605491       126.22350
0.375       9.0477868       3.4956429       131.16695
0.375       9.2991143       3.2481455       132.32152
0.375       9.5504417       3.0773633       135.80614
0.375       9.8017691       2.9612941       141.27496
0.375       10.053096       2.8252976       145.42331
0.375       10.304424       2.6762559       148.34368
0.375       10.555751       2.4885061       148.27790
0.375       10.807079       2.4177853       154.60123
0.375       11.058406       2.2906470       156.93002
0.375       11.309734       2.2189325       162.61907
0.375       11.561061       2.1411313       167.61259
0.375       11.812388       2.0218551       168.82371
0.375       12.063716       1.9374805       172.32603
0.375       12.315043       1.8696803       176.90717
0.375       12.566371       1.7718214       178.12292
0.375       12.817698       1.7137285       182.82786
0.375       13.069025       1.6538843       187.02730
0.375       13.320353       1.5644786       187.32126
0.375       13.571680       1.5291032       193.64573
0.375       13.823008       1.4478462       193.73154
0.375       14.074335       1.4201606       200.58173
0.375       14.325663       1.3692619       203.93931
0.375       14.576990       1.2962670       203.40812
0.375       14.828317       1.2502022       206.50289
0.375       15.079645       1.2154818       211.15046
0.375       15.330972       1.1746226       214.42613
0.375       15.582300       1.1358915       217.72172
0.375       15.833627       1.1189790       225.02637
0.375       16.084954       1.0639020       224.30108
0.375       16.587609       1.0041768       232.18376
0.375       17.090264      0.93437134       236.28496
0.375       17.592919      0.86741621       239.28281
0.375       18.095574      0.81546888       244.79059
0.375       18.598229      0.77928164       253.96826
0.375       19.100883      0.72884215       257.31440
0.375       19.603538      0.69530097       265.36674
0.375       20.106193      0.66670499       274.53233
0.375       20.608848      0.63333015       280.84168
0.375       21.111503      0.58679361       279.71327
0.375       21.614157      0.55294945       282.85940
0.375       22.116812      0.53479633       293.10705
0.375       22.619467      0.52020027       304.99164
0.375       23.122122      0.49129463       307.67722
0.375       23.624777      0.47273261       315.78316
0.375       24.127432      0.44558174       317.05231
0.375       24.630086      0.42363533       320.67141
0.375       25.132741      0.40647285       326.90486
0.375       25.635396      0.39698177       338.81367
0.375       26.138051      0.37669178       340.78149
0.375       26.640706      0.35922413       344.09071
0.375       27.143361      0.34669694       351.24577
0.375       27.646015      0.33200185       355.39262
0.375       28.148670      0.31767843       358.94808
0.375       28.651325      0.30929312       368.53153
0.375       29.153980      0.29726882       373.17554
0.375       29.656635      0.28470574       376.21151
0.375       30.159289      0.27569115       383.13903
0.375       30.661944      0.26866505       392.35619
0.375       31.164599      0.25864822       396.61067
0.375       31.667254      0.24808761       399.12281
0.375       32.169909      0.23895672       403.03150
0.375       33.175218      0.22306425       412.61176
0.375       34.180528      0.20847834       421.76205
0.375       35.185838      0.19735607       435.53638
0.375       36.191147      0.18672642       448.41805
0.375       37.196457      0.17507804       456.46414
0.375       38.201767      0.16729860       472.51208
0.375       39.207076      0.15848572       483.89795
0.375       40.212386      0.14962827       492.90525
0.375       41.217696      0.14183217       503.14845
0.375       42.223005      0.13468372       513.60919
0.375       43.228315      0.12930312       529.15656
0.375       44.233625      0.12491729       547.70965
0.375       45.238934      0.11746571       550.95797
0.375       46.244244      0.11148002       558.52208
0.375       47.249554      0.10601073       566.51736
0.375       48.254863      0.10133916       576.86051
0.375       49.260173     0.097688169       591.56166
0.375       50.265482     0.093525216       601.73953
0.375       51.270792     0.090423818       617.39510
0.375       52.276102     0.086288175       624.49811
0.375       53.281411     0.083361371       638.79612
0.375       54.286721     0.080770169       654.63932
0.375       55.292031     0.076470376       654.86398
0.375       56.297340     0.073088196       660.66475
0.375       57.302650     0.071774970       684.17532
0.375       58.307960     0.068764117       690.58265
0.375       59.313269     0.066894009       707.15248
0.375       60.318579     0.063965348       711.16165
0.375       61.323889     0.062476687       729.92344
0.375       62.329198     0.059714902       732.53369
0.375       63.334508     0.058092296       747.67008
0.375       64.339818     0.056685697       764.86225
0.375       66.350437     0.053225895       787.63424
0.375       68.361056     0.050710873       820.72494
0.375       70.371675     0.047797564       843.85863
0.375       72.382295     0.044317346       851.41450
0.375       74.392914     0.040954680       854.21758
0.375       76.403533     0.039449296       891.35325
0.375       78.414153     0.037990135       927.94976
0.375       80.424772     0.036067055       950.49636
0.375       82.435391     0.033655989       955.15472
0.375       84.446011     0.032466993       990.48919
0.375       86.456630     0.031070811       1017.2267
0.375       88.467249     0.030493455       1069.6076
0.375       90.477868     0.029112273       1092.3793
0.375       92.488488     0.027540630       1103.8426
0.375       94.499107     0.026008225       1111.8958
0.375       96.509726     0.025070146       1141.6695
0.375       98.520346     0.023702348       1148.2578
0.375       100.53096     0.022962350       1181.9147
0.375       102.54158     0.021959413       1199.4746
0.375       104.55220     0.021309833       1233.8145
0.375       106.56282     0.020593330       1262.4494
0.375       108.57344     0.019891643       1289.7684
0.375       110.58406     0.019526805       1337.7626
0.375       112.59468     0.018658225       1349.2555
0.375       114.60530     0.018089945       1379.4997
0.375       116.61592     0.017170780       1379.5384
0.375       118.62654     0.016917964       1430.7506
0.375       120.63716     0.016147575       1436.2197
0.375       122.64778     0.015488682       1447.6506
0.375       124.65840     0.015165155       1488.2700
0.375       126.66902     0.014889805       1533.0999
0.375       128.67964     0.014281293       1541.5842
0.375       132.70087     0.013839049       1638.3167
0.375       136.72211     0.012538737       1623.4553
0.375       140.74335     0.011821853       1669.7040
0.375       144.76459     0.011285439       1734.5057
0.375       148.78583     0.010727055       1789.9276
0.375       152.80707     0.010310199       1863.6640
0.375       156.82831    0.0096113405       1878.1383
0.375       160.84954    0.0091508457       1929.2610
0.375       164.87078    0.0089574888       2033.7035
0.375       168.89202    0.0083706526       2042.9464
0.375       172.91326    0.0078780549       2063.3560
0.375       176.93450    0.0077411643       2172.2715
0.375       180.95574    0.0073444851       2204.6958
0.375       184.97698    0.0072079990       2311.2025
0.375       188.99821    0.0066513284       2274.8447
0.375       193.01945    0.0064733109       2358.3049
0.375       197.04069    0.0063674360       2467.7583
0.375       201.06193    0.0061270929       2522.9827
0.375       205.08317    0.0057641789       2518.8237
0.375       209.10441    0.0055827130       2585.8606
0.375       213.12565    0.0054962403       2695.5234
0.375       217.14688    0.0052809227       2739.3080
0.375       221.16812    0.0050348094       2759.4396
0.375       225.18936    0.0048610009       2812.1570
0.375       229.21060    0.0046937713       2863.4940
0.375       233.23184    0.0045454680       2921.5436
0.375       237.25308    0.0042522636       2876.9082
0.375       241.27432    0.0042477444       3022.4694
0.375       245.29555    0.0040474002       3026.3241
0.375       249.31679    0.0039438346       3096.3036
0.375       253.33803    0.0039092737       3220.0863
0.375       257.35927    0.0036862324       3183.2622
0.375       265.40175    0.0035050446       3319.5189
0.375       273.44422    0.0032784726       3395.8467
0.375       281.48670    0.0030370960       3431.6455
0.375       289.52918    0.0029317398       3604.7296
0.375       297.57166    0.0028927408       3861.4860
0.375       305.61413    0.0026176478       3785.3129
0.375       313.65661    0.0024823259       3880.5420
0.375       321.69909    0.0024991091       4215.0716
0.375       329.74156    0.0022391680       4067.0360
0.375       337.78404    0.0020957493       4091.9184
0.375       345.82652    0.0019637279       4114.5889
0.375       353.86900    0.0019417462       4359.0340
0.375       361.91147    0.0018241552       4380.6555
0.375       369.95395    0.0017563793       4505.3816
0.375       377.99643    0.0017203581       4707.0869
0.375       386.03891    0.0015429706       4496.9818
0.375       394.08138    0.0015508784       4808.4574
0.375       402.12386    0.0014688604       4838.7181
0.375       410.16634    0.0013778672       4816.7896
0.375       418.20881    0.0013487094       4997.6770
0.375       426.25129    0.0012755684       5004.6204
0.375       434.29377    0.0012661694       5254.2760
0.375       442.33625    0.0011724047       5140.5005
0.375       450.37872    0.0011528004       5335.2894
0.375       458.42120    0.0011308467       5519.0974
0.375       466.46368    0.0010921104       5615.5241
0.375       474.50615    0.0010713955       5798.9003
0.375       482.54863    0.0010250694       5835.0797
0.375       490.59111   0.00088866278       5315.7711
0.375       498.63359   0.00087909647       5521.4275
0.375       506.67606   0.00091468214       6027.4223
0.375       514.71854   0.00082272091       5683.7142
0.250     0.062831853       1936.2905     0.024332144
0.250      0.12566371       2989.5720      0.30054456
0.250      0.18849556       1200.8180      0.40742794
0.250      0.25132741       944.85740      0.75989941
0.250      0.31415927       673.10628       1.0573129
0.250      0.37699112       505.75892       1.3727997
0.250      0.43982297       411.51761       1.7737500
0.250      0.50265482       360.04258       2.3165074
0.250      0.56548668       299.63586       2.7449294
0.250      0.62831853       275.77686       3.4655142
0.250      0.69115038       246.63012       4.1250958
0.250      0.75398224       221.66698       4.8134295
0.250      0.81681409       209.94420       5.7962058
0.250      0.87964594       195.56947       6.7436502
0.250      0.94247780       180.90934       7.6726367
0.250       1.0053096       166.76391       8.5836476
0.250       1.0681415       155.48196       9.5992353
0.250       1.1309734       137.35960       10.066683
0.250       1.1938052       137.96662       11.891720
0.250       1.2566371       122.76213       12.341396
0.250       1.3194689       121.43289       14.132015
0.250       1.3823008       117.79450       15.761695
0.250       1.4451326       111.41238       17.034400
0.250       1.5079645       102.43024       17.793925
0.250       1.5707963       98.782220       19.395843
0.250       1.6336282       94.145347       20.793556
0.250       1.6964600       87.093995       21.542166
0.250       1.7592919       84.295202       23.253419
0.250       1.8221237       79.457530       24.352240
0.250       1.8849556       77.817453       26.402840
0.250       1.9477874       74.561774       27.913300
0.250       2.0106193       70.915913       29.201388
0.250       2.0734512       68.563929       30.963310
0.250       2.1362830       64.955336       32.082001
0.250       2.1991149       62.178377       33.500661
0.250       2.2619467       60.452874       35.443314
0.250       2.3247786       57.436978       36.560036
0.250       2.3876104       55.390690       38.194201
0.250       2.4504423       52.671872       39.262906
0.250       2.5132741       50.920173       40.952433
0.250       2.5761060       47.757649       41.362271
0.250       2.6389378       46.359519       43.161512
0.250       2.7017697       43.951477       43.912555
0.250       2.7646015       43.612371       46.685025
0.250       2.8274334       41.801841       47.867727
0.250       2.8902652       39.794558       48.675121
0.250       2.9530971       39.266804       51.230546
0.250       3.0159289       37.672746       52.355324
0.250       3.0787608       35.731573       52.826306
0.250       3.1415927       34.862218       54.761444
0.250       3.2044245       33.284019       55.482517
0.250       3.2672564       32.008370       56.556621
0.250       3.3300882       31.236866       58.439290
0.250       3.3929201       29.883218       59.131446
0.250       3.4557519       29.456550       61.585690
0.250       3.5185838       28.214590       62.265529
0.250       3.5814156       27.296197       63.523816
0.250       3.6442475       26.302390       64.489508
0.250       3.7070793       25.906702       66.861795
0.250       3.7699112       24.846150       67.440800
0.250       3.8327430       23.990846       68.429747
0.250       3.8955749       23.478255       70.315447
0.250       3.9584067       22.815118       71.689283
0.250       4.0212386       22.215420       73.182008
0.250       4.1469023       20.574932       74.332730
0.250       4.2725660       19.812441       78.284285
0.250       4.3982297       18.837841       81.196091
0.250       4.5238934       17.565050       82.386629
0.250       4.6495571       16.618050       84.622350
0.250       4.7752208       15.988835       88.199770
0.250       4.9008845       15.251859       90.952878
0.250       5.0265482       14.536635       93.528445
0.250       5.1522120       13.518191       93.663421
0.250       5.2778757       13.001659       96.838151
0.250       5.4035394       12.391247       99.042187
0.250       5.5292031       11.944864       102.29139
0.250       5.6548668       11.252478       103.08264
0.250       5.7805305       10.740748       105.10124
0.250       5.9061942       10.403714       108.58800
0.250       6.0318579       10.005416       111.23942
0.250       6.1575216       9.4272667       111.49975
0.250       6.2831853       9.0964775       114.30971
0.250       6.4088490       8.6498905       115.35090
0.250       6.5345127       8.3674743       118.27808
0.250       6.6601764       8.0929668       121.12540
0.250       6.7858401       7.8284282       123.92408
0.250       6.9115038       7.5133049       125.66633
0.250       7.0371675       7.3184019       129.20526
0.250       7.1628313       6.9414487       129.23333
0.250       7.2884950       6.7112488       131.63979
0.250       7.4141587       6.5446325       135.12669
0.250       7.5398224       6.2733038       136.22284
0.250       7.6654861       6.1068985       139.35099
0.250       7.7911498       5.8785660       140.84658
0.250       7.9168135       5.6461677       141.93035
0.250       8.0424772       5.5334131       145.82530
0.250       8.2938046       5.1111523       147.72380
0.250       8.5451320       4.9076590       155.13185
0.250       8.7964594       4.6395472       159.98143
0.250       9.0477868       4.3584098       163.54053
0.250       9.2991143       4.0573361       165.28597
0.250       9.5504417       3.8854206       171.46626
0.250       9.8017691       3.7012772       176.57746
0.250       10.053096       3.4632069       178.25768
0.250       10.304424       3.2760396       181.58943
0.250       10.555751       3.1831123       189.66608
0.250       10.807079       2.9645249       189.56157
0.250       11.058406       2.8455335       194.94476
0.250       11.309734       2.7196720       199.31680
0.250       11.561061       2.6157646       204.76796
0.250       11.812388       2.4756586       206.71604
0.250       12.063716       2.3959724       213.10584
0.250       12.315043       2.2549412       213.36015
0.250       12.566371       2.1834781       219.50716
0.250       12.817698       2.0978087       223.80318
0.250       13.069025       1.9991349       226.06950
0.250       13.320353       1.9212576       230.03983
0.250       13.571680       1.8205765       230.55792
0.250       13.823008       1.7886868       239.33830
0.250       14.074335       1.7061129       240.96928
0.250       14.325663       1.6386168       244.05730
0.250       14.576990       1.6171858       253.76618
0.250       14.828317       1.5437043       254.98227
0.250       15.079645       1.4784716       256.83640
0.250       15.330972       1.4265182       260.40941
0.250       15.582300       1.3771300       263.96105
0.250       15.833627       1.3367823       268.82656
0.250       16.084954       1.2862501       271.17846
0.250       16.587609       1.1939926       276.07258
0.250       17.090264       1.1061738       279.73059
0.250       17.592919       1.0382146       286.39874
0.250       18.095574      0.99049200       297.32970
0.250       18.598229      0.94560735       308.17389
0.250       19.100883      0.87070276       307.39764
0.250       19.603538      0.82381169       314.41380
0.250       20.106193      0.78101071       321.60055
0.250       20.608848      0.73978706       328.04855
0.250       21.111503      0.70767400       337.33464
0.250       21.614157      0.67922815       347.45684
0.250       22.116812      0.64852224       355.43707
0.250       22.619467      0.61984284       363.41174
0.250       23.122122      0.58867486       368.66237
0.250       23.624777      0.56282326       375.96328
0.250       24.127432      0.53439588       380.24774
0.250       24.630086      0.50627345       383.22445
0.250       25.132741      0.49733557       399.98100
0.250       25.635396      0.47654259       406.71677
0.250       26.138051      0.45758713       413.96503
0.250       26.640706      0.43001167       411.89610
0.250       27.143361      0.42457800       430.14867
0.250       27.646015      0.39842729       426.49797
0.250       28.148670      0.38608802       436.24477
0.250       28.651325      0.37088024       441.91433
0.250       29.153980      0.35616565       447.11150
0.250       29.656635      0.34535556       456.35447
0.250       30.159289      0.33194360       461.31532
0.250       30.661944      0.32152261       469.54892
0.250       31.164599      0.31076897       476.53251
0.250       31.667254      0.29734565       478.36904
0.250       32.169909      0.28759875       485.07260
0.250       33.175218      0.26964990       498.78329
0.250       34.180528      0.25271833       511.26176
0.250       35.185838      0.23721002       523.48829
0.250       36.191147      0.21988364       528.04415
0.250       37.196457      0.20828711       543.04696
0.250       38.201767      0.19854158       560.75361
0.250       39.207076      0.18916555       577.57139
0.250       40.212386      0.18050822       594.62992
0.250       41.217696      0.17272894       612.75449
0.250       42.223005      0.15973210       609.12986
0.250       43.228315      0.15173782       620.96770
0.250       44.233625      0.14611154       640.63749
0.250       45.238934      0.13785571       646.59464
0.250       46.244244      0.13445783       673.64237
0.250       47.249554      0.12838440       686.08138
0.250       48.254863      0.12240816       696.79319
0.250       49.260173      0.11785018       713.65500
0.250       50.265482      0.11204282       720.88145
0.250       51.270792      0.10724419       732.24110
0.250       52.276102      0.10482218       758.63529
0.250       53.281411     0.099233022       760.42019
0.250       54.286721     0.094867830       768.90035
0.250       55.292031     0.090593126       775.80599
0.250       56.297340     0.086631766       783.08888
0.250       57.302650     0.084317542       803.73396
0.250       58.307960     0.082204860       825.56503
0.250       59.313269     0.079830721       843.90955
0.250       60.318579     0.076003062       844.99600
0.250       61.323889     0.073204075       855.25294
0.250       62.329198     0.071564315       877.89262
0.250       63.334508     0.069971117       900.55506
0.250       64.339818     0.066387034       895.76276
0.250       66.350437     0.063401730       938.21577
0.250       68.361056     0.059608905       964.73424
0.250       70.371675     0.055150056       973.66574
0.250       72.382295     0.051923321       997.53873
0.250       74.392914     0.049641273       1035.3993
0.250       76.403533     0.047075077       1063.6571
0.250       78.414153     0.045560978       1112.8757
0.250       80.424772     0.042915704       1130.9828
0.250       82.435391     0.041165894       1168.2853
0.250       84.446011     0.038885240       1186.2943
0.250       86.456630     0.037004885       1211.5023
0.250       88.467249     0.035274368       1237.3058
0.250       90.477868     0.033655630       1262.8596
0.250       92.488488     0.032181819       1289.8639
0.250       94.499107     0.030649391       1310.3135
0.250       96.509726     0.029243956       1331.7406
0.250       98.520346     0.028457761       1378.6333
0.250       100.53096     0.027293925       1404.8689
0.250       102.54158     0.026602982       1453.1172
0.250       104.55220     0.025247345       1461.7919
0.250       106.56282     0.024529241       1503.7358
0.250       108.57344     0.023287691       1509.9672
0.250       110.58406     0.023080385       1581.2149
0.250       112.59468     0.021551979       1558.5152
0.250       114.60530     0.020921325       1595.4146
0.250       116.61592     0.020469192       1644.5401
0.250       118.62654     0.019865488       1680.0224
0.250       120.63716     0.019189498       1706.7785
0.250       122.64778     0.018548517       1733.6383
0.250       124.65840     0.017820595       1748.8682
0.250       126.66902     0.017170703       1767.9482
0.250       128.67964     0.016989289       1833.8969
0.250       132.70087     0.015565296       1842.6760
0.250       136.72211     0.015128374       1958.7490
0.250       140.74335     0.014141408       1997.3151
0.250       144.76459     0.013320759       2047.3226
0.250       148.78583     0.012724809       2123.2749
0.250       152.80707     0.012145196       2195.3568
0.250       156.82831     0.011534860       2254.0105
0.250       160.84954     0.010724269       2260.9838
0.250       164.87078     0.010253271       2327.8971
0.250       168.89202    0.0096350275       2351.5305
0.250       172.91326    0.0095150516       2492.1048
0.250       176.93450    0.0090471950       2538.7607
0.250       180.95574    0.0087006704       2611.8008
0.250       184.97698    0.0085927435       2755.2127
0.250       188.99821    0.0080597725       2756.5517
0.250       193.01945    0.0075603534       2754.3276
0.250       197.04069    0.0074276345       2878.6479
0.250       201.06193    0.0072590105       2989.0778
0.250       205.08317    0.0068927520       3011.9861
0.250       209.10441    0.0065120137       3016.3041
0.250       213.12565    0.0063327518       3105.7741
0.250       217.14688    0.0061006905       3164.5361
0.250       221.16812    0.0058378432       3199.5601
0.250       225.18936    0.0058046996       3358.0999
0.250       229.21060    0.0055150108       3364.5015
0.250       233.23184    0.0055134819       3543.7226
0.250       237.25308    0.0051969024       3516.0123
0.250       241.27432    0.0049840399       3546.3782
0.250       245.29555    0.0049015015       3664.9532
0.250       249.31679    0.0046958125       3686.6813
0.250       253.33803    0.0044620882       3675.4421
0.250       257.35927    0.0044111661       3809.2820
0.250       265.40175    0.0042691149       4043.1461
0.250       273.44422    0.0039235957       4064.0663
0.250       281.48670    0.0037385701       4224.2482
0.250       289.52918    0.0036010471       4427.6785
0.250       297.57166    0.0033580917       4482.6775
0.250       305.61413    0.0031524793       4558.7189
0.250       313.65661    0.0027933696       4366.7868
0.250       321.69909    0.0029620410       4995.8664
0.250       329.74156    0.0027111102       4924.2321
0.250       337.78404    0.0026169745       5109.6028
0.250       345.82652    0.0023958068       5019.9216
0.250       353.86900    0.0023722541       5325.4830
0.250       361.91147    0.0022111350       5309.9762
0.250       369.95395    0.0021365731       5480.6368
0.250       377.99643    0.0021483485       5878.1150
0.250       386.03891    0.0020224835       5894.5203
0.250       394.08138    0.0018347054       5688.4554
0.250       402.12386    0.0017675995       5822.8239
0.250       410.16634    0.0017547422       6134.2805
0.250       418.20881    0.0016613119       6156.0334
0.250       426.25129    0.0015877428       6229.4190
0.250       434.29377    0.0014857163       6165.3389
0.250       442.33625    0.0014177989       6216.4503
0.250       450.37872    0.0013918661       6441.7122
0.250       458.42120    0.0014690653       7169.7738
0.250       466.46368    0.0012578921       6467.9575
0.250       474.50615    0.0012019888       6505.7329
0.250       482.54863    0.0013185856       7505.8842
0.250       490.59111    0.0011952852       7149.9140
0.250       498.63359    0.0011128078       6989.3210
0.250       506.67606    0.0011644261       7673.1441
0.250       514.71854    0.0010211826       7054.7740
0.125     0.062831853       2162.1211     0.027170016
0.125      0.12566371       3331.2328      0.33489205
0.125      0.18849556       1353.6399      0.45927920
0.125      0.25132741       1077.7845      0.86680570
0.125      0.31415927       772.28094       1.2130961
0.125      0.37699112       580.59895       1.5759406
0.125      0.43982297       477.56252       2.0584211
0.125      0.50265482       423.07773       2.7220744
0.125      0.56548668       353.66409       3.2398758
0.125      0.62831853       328.82495       4.1321362
0.125      0.69115038       292.92430       4.8994048
0.125      0.75398224       262.98939       5.7107326
0.125      0.81681409       252.83119       6.9802435
0.125      0.87964594       236.50157       8.1550758
0.125      0.94247780       219.71027       9.3182423
0.125       1.0053096       204.27442       10.514383
0.125       1.0681415       191.44315       11.819428
0.125       1.1309734       169.17307       12.398200
0.125       1.1938052       168.20419       14.497979
0.125       1.2566371       149.40179       15.019506
0.125       1.3194689       148.15913       17.242339
0.125       1.3823008       144.56938       19.344354
0.125       1.4451326       135.66882       20.743089
0.125       1.5079645       126.12904       21.910823
0.125       1.5707963       121.76020       23.907559
0.125       1.6336282       115.95727       25.611080
0.125       1.6964600       107.90884       26.690590
0.125       1.7592919       103.26541       28.486483
0.125       1.8221237       98.374630       30.149976
0.125       1.8849556       95.678069       32.462804
0.125       1.9477874       91.066195       34.091973
0.125       2.0106193       87.156830       35.888989
0.125       2.0734512       83.366439       37.648089
0.125       2.1362830       79.398767       39.215736
0.125       2.1991149       75.302418       40.571673
0.125       2.2619467       74.426450       43.635974
0.125       2.3247786       70.643353       44.966216
0.125       2.3876104       69.349702       47.819524
0.125       2.4504423       65.032309       48.476679
0.125       2.5132741       63.219960       50.844509
0.125       2.5761060       58.765468       50.895998
0.125       2.6389378       57.164650       53.221276
0.125       2.7017697       53.745118       53.697523
0.125       2.7646015       52.954063       56.684873
0.125       2.8274334       51.189923       58.618119
0.125       2.8902652       48.565749       59.403694
0.125       2.9530971       48.558017       63.352591
0.125       3.0159289       45.961318       63.874284
0.125       3.0787608       44.149069       65.270908
0.125       3.1415927       43.037230       67.602723
0.125       3.2044245       41.184556       68.652250
0.125       3.2672564       39.415029       69.643686
0.125       3.3300882       38.316355       71.683905
0.125       3.3929201       36.430662       72.087208
0.125       3.4557519       35.849642       74.951919
0.125       3.5185838       34.213081       75.503334
0.125       3.5814156       33.376046       77.672865
0.125       3.6442475       32.055960       78.596395
0.125       3.7070793       31.536682       81.392034
0.125       3.7699112       30.323559       82.308330
0.125       3.8327430       29.383780       83.812161
0.125       3.8955749       28.399119       85.053033
0.125       3.9584067       27.537685       86.528454
0.125       4.0212386       26.599424       87.623786
0.125       4.1469023       24.735567       89.364195
0.125       4.2725660       24.492666       96.777114
0.125       4.3982297       23.170616       99.871500
0.125       4.5238934       21.736051       101.95018
0.125       4.6495571       20.695259       105.38429
0.125       4.7752208       19.912182       109.84227
0.125       4.9008845       18.727864       111.68167
0.125       5.0265482       17.934779       115.39204
0.125       5.1522120       16.978264       117.63721
0.125       5.2778757       16.109962       119.98922
0.125       5.4035394       15.165619       121.21751
0.125       5.5292031       14.810502       126.83165
0.125       5.6548668       14.186563       129.96146
0.125       5.7805305       13.501006       132.11115
0.125       5.9061942       12.979977       135.47755
0.125       6.0318579       12.388350       137.73269
0.125       6.1575216       11.699028       138.36871
0.125       6.2831853       11.394461       143.18702
0.125       6.4088490       10.901296       145.37459
0.125       6.5345127       10.480344       148.14446
0.125       6.6601764       10.177031       152.31706
0.125       6.7858401       9.8012749       155.15426
0.125       6.9115038       9.3280631       156.01968
0.125       7.0371675       9.0157208       159.17116
0.125       7.1628313       8.6566651       161.16660
0.125       7.2884950       8.3334499       163.45893
0.125       7.4141587       8.1348611       167.96006
0.125       7.5398224       7.8794423       171.09964
0.125       7.6654861       7.6459329       174.46963
0.125       7.7911498       7.4051363       177.42221
0.125       7.9168135       7.1282744       179.18676
0.125       8.0424772       6.9205671       182.38178
0.125       8.2938046       6.2482289       180.58787
0.125       8.5451320       6.0839690       192.31519
0.125       8.7964594       5.6226535       193.88102
0.125       9.0477868       5.4749596       205.43681
0.125       9.2991143       5.1476003       209.70068
0.125       9.5504417       4.7511226       209.67027
0.125       9.8017691       4.5519681       217.16152
0.125       10.053096       4.3365146       223.20844
0.125       10.304424       4.1236780       228.57365
0.125       10.555751       3.9409138       234.81976
0.125       10.807079       3.7375774       238.99312
0.125       11.058406       3.5914194       246.04469
0.125       11.309734       3.4429267       252.32202
0.125       11.561061       3.2707220       256.03949
0.125       11.812388       3.1140860       260.02434
0.125       12.063716       2.9765302       264.74261
0.125       12.315043       2.8456452       269.25193
0.125       12.566371       2.7372091       275.17428
0.125       12.817698       2.6268706       280.24575
0.125       13.069025       2.5202540       284.99955
0.125       13.320353       2.4686461       295.58084
0.125       13.571680       2.3590116       298.74538
0.125       13.823008       2.2575478       302.07505
0.125       14.074335       2.1834403       308.38642
0.125       14.325663       2.0795879       309.73600
0.125       14.576990       2.0007642       313.95668
0.125       14.828317       1.9115469       315.74089
0.125       15.079645       1.8454945       320.59470
0.125       15.330972       1.8040473       329.32694
0.125       15.582300       1.7453025       334.53042
0.125       15.833627       1.6793865       337.72417
0.125       16.084954       1.6172548       340.96376
0.125       16.587609       1.5222455       351.97055
0.125       17.090264       1.4332977       362.45407
0.125       17.592919       1.3441347       370.78891
0.125       18.095574       1.2494042       375.05098
0.125       18.598229       1.1971796       390.16139
0.125       19.100883       1.0990686       388.02116
0.125       19.603538       1.0431900       398.14114
0.125       20.106193       1.0026402       412.86200
0.125       20.608848      0.93847891       416.15576
0.125       21.111503      0.90067349       429.33380
0.125       21.614157      0.84499711       432.25539
0.125       22.116812      0.80717409       442.38976
0.125       22.619467      0.76584371       449.01155
0.125       23.122122      0.74381961       465.82302
0.125       23.624777      0.71026683       474.45489
0.125       24.127432      0.66948112       476.36723
0.125       24.630086      0.65445680       495.39207
0.125       25.132741      0.61478499       494.43943
0.125       25.635396      0.58534993       499.58101
0.125       26.138051      0.56353139       509.80955
0.125       26.640706      0.54240410       519.55365
0.125       27.143361      0.51914537       525.95682
0.125       27.646015      0.49831442       533.42253
0.125       28.148670      0.48360428       546.42938
0.125       28.651325      0.46738445       556.90184
0.125       29.153980      0.44662312       560.66702
0.125       29.656635      0.43188823       570.69916
0.125       30.159289      0.41582903       577.89426
0.125       30.661944      0.39796357       581.18266
0.125       31.164599      0.38313967       587.50560
0.125       31.667254      0.37734244       607.06770
0.125       32.169909      0.36640536       617.99016
0.125       33.175218      0.33480441       619.30245
0.125       34.180528      0.31027366       627.69905
0.125       35.185838      0.29580074       652.78955
0.125       36.191147      0.28573594       686.18652
0.125       37.196457      0.26306319       685.85937
0.125       38.201767      0.24571344       693.98408
0.125       39.207076      0.23377054       713.76198
0.125       40.212386      0.22189067       730.95195
0.125       41.217696      0.21180824       751.38796
0.125       42.223005      0.20078809       765.69470
0.125       43.228315      0.19195864       785.56630
0.125       44.233625      0.17942601       786.70741
0.125       45.238934      0.17564206       823.82672
0.125       46.244244      0.16119957       807.62024
0.125       47.249554      0.15659469       836.83611
0.125       48.254863      0.15028368       855.47110
0.125       49.260173      0.14349651       868.95920
0.125       50.265482      0.13819671       889.15512
0.125       51.270792      0.13087091       893.55945
0.125       52.276102      0.12644344       915.11599
0.125       53.281411      0.12010218       920.34005
0.125       54.286721      0.11574686       938.12413
0.125       55.292031      0.11318991       969.31651
0.125       56.297340      0.10849384       980.70634
0.125       57.302650      0.10426899       993.91572
0.125       58.307960      0.10102434       1014.5648
0.125       59.313269     0.097941168       1035.3594
0.125       60.318579     0.094801979       1054.0009
0.125       61.323889     0.090356499       1055.6470
0.125       62.329198     0.086891846       1065.9183
0.125       63.334508     0.085412110       1099.2865
0.125       64.339818     0.083630486       1128.4293
0.125       66.350437     0.077757321       1150.6491
0.125       68.361056     0.072600563       1174.9964
0.125       70.371675     0.066869485       1180.5705
0.125       72.382295     0.063809466       1225.8926
0.125       74.392914     0.060883417       1269.8838
0.125       76.403533     0.058054562       1311.7375
0.125       78.414153     0.055475012       1355.0366
0.125       80.424772     0.051923196       1368.3626
0.125       82.435391     0.050128350       1422.6392
0.125       84.446011     0.046983346       1433.3479
0.125       86.456630     0.045531264       1490.6472
0.125       88.467249     0.043209223       1515.6338
0.125       90.477868     0.040882772       1534.0435
0.125       92.488488     0.038795062       1554.9261
0.125       94.499107     0.037536877       1604.7652
0.125       96.509726     0.035397736       1611.9776
0.125       98.520346     0.033920013       1643.2515
0.125       100.53096     0.032689493       1682.5888
0.125       102.54158     0.031817950       1737.9710
0.125       104.55220     0.030226452       1750.0764
0.125       106.56282     0.029403179       1802.5266
0.125       108.57344     0.028682044       1859.7355
0.125       110.58406     0.027274653       1868.5602
0.125       112.59468     0.026033802       1882.6148
0.125       114.60530     0.025273839       1927.3278
0.125       116.61592     0.024417705       1961.7724
0.125       118.62654     0.023789636       2011.8872
0.125       120.63716     0.023308723       2073.1563
0.125       122.64778     0.022116790       2067.1472
0.125       124.65840     0.021561640       2116.0049
0.125       126.66902     0.020950226       2157.0994
0.125       128.67964     0.020238611       2184.6427
0.125       132.70087     0.019269863       2281.2361
0.125       136.72211     0.018222365       2359.3440
0.125       140.74335     0.017438377       2462.9749
0.125       144.76459     0.016120112       2477.5666
0.125       148.78583     0.015024926       2507.0749
0.125       152.80707     0.014481307       2617.6304
0.125       156.82831     0.014048849       2745.2655
0.125       160.84954     0.013331218       2810.6035
0.125       164.87078     0.012751691       2895.1370
0.125       168.89202     0.011820546       2884.9295
0.125       172.91326     0.011601253       3038.5057
0.125       176.93450     0.010875990       3051.9443
0.125       180.95574     0.010251136       3077.2254
0.125       184.97698     0.010124701       3246.4259
0.125       188.99821    0.0097876114       3347.4961
0.125       193.01945    0.0092977004       3387.2640
0.125       197.04069    0.0090253689       3497.8645
0.125       201.06193    0.0085303061       3512.5654
0.125       205.08317    0.0083428044       3645.6282
0.125       209.10441    0.0080299754       3719.4098
0.125       213.12565    0.0076713418       3762.2593
0.125       217.14688    0.0073782585       3827.2333
0.125       221.16812    0.0071093932       3896.4615
0.125       225.18936    0.0068697542       3974.2489
0.125       229.21060    0.0067075754       4092.0405
0.125       233.23184    0.0065743442       4225.5788
0.125       237.25308    0.0062502249       4228.6473
0.125       241.27432    0.0059687095       4247.0168
0.125       245.29555    0.0057136641       4272.2238
0.125       249.31679    0.0057789564       4537.0574
0.125       253.33803    0.0054832246       4516.5567
0.125       257.35927    0.0053544539       4623.8623
0.125       265.40175    0.0049815462       4717.8677
0.125       273.44422    0.0046740043       4841.3405
0.125       281.48670    0.0045683971       5161.8782
0.125       289.52918    0.0043084272       5297.4399
0.125       297.57166    0.0041185512       5497.8061
0.125       305.61413    0.0038965388       5634.6841
0.125       313.65661    0.0036229576       5663.6558
0.125       321.69909    0.0034046665       5742.4116
0.125       329.74156    0.0032588316       5919.0672
0.125       337.78404    0.0031605945       6171.0124
0.125       345.82652    0.0029697195       6222.4378
0.125       353.86900    0.0026907634       6040.5059
0.125       361.91147    0.0026966261       6475.8690
0.125       369.95395    0.0025300073       6489.8558
0.125       377.99643    0.0024455244       6691.2206
0.125       386.03891    0.0022915773       6678.7932
0.125       394.08138    0.0022786809       7064.9896
0.125       402.12386    0.0021983965       7241.9547
0.125       410.16634    0.0020716311       7242.0701
0.125       418.20881    0.0020016427       7417.1379
0.125       426.25129    0.0018460786       7242.9847
0.125       434.29377    0.0017610783       7308.0199
0.125       442.33625    0.0018352267       8046.6952
0.125       450.37872    0.0018400107       8515.7754
0.125       458.42120    0.0016094456       7854.8999
0.125       466.46368    0.0016100966       8278.9583
0.125       474.50615    0.0015593716       8440.0580
0.125       482.54863    0.0015057917       8571.5312
0.125       490.59111    0.0014753128       8824.9731
0.125       498.63359    0.0012964637       8142.8270
0.125       506.67606    0.0013538320       8921.2599
0.125       514.71854    0.0012204779       8431.5925
0.000     0.062831853       2407.9888     0.030259680
0.000      0.12566371       3700.7850      0.37204349
0.000      0.18849556       1523.1741      0.51680081
0.000      0.25132741       1228.4292      0.98796137
0.000      0.31415927       884.22855       1.3889430
0.000      0.37699112       665.87838       1.8074177
0.000      0.43982297       553.22172       2.3845323
0.000      0.50265482       495.34876       3.1870649
0.000      0.56548668       416.16241       3.8124157
0.000      0.62831853       391.49587       4.9196822
0.000      0.69115038       348.87500       5.8352271
0.000      0.75398224       311.71898       6.7688806
0.000      0.81681409       303.24983       8.3722172
0.000      0.87964594       284.15951       9.7984226
0.000      0.94247780       264.67303       11.225180
0.000       1.0053096       249.31793       12.832856
0.000       1.0681415       235.24719       14.523827
0.000       1.1309734       208.84548       15.305674
0.000       1.1938052       205.48282       17.711126
0.000       1.2566371       183.69366       18.466901
0.000       1.3194689       181.71660       21.147661
0.000       1.3823008       176.76044       23.651733
0.000       1.4451326       165.07105       25.238544
0.000       1.5079645       155.01355       26.928567
0.000       1.5707963       149.60186       29.374257
0.000       1.6336282       142.47501       31.467960
0.000       1.6964600       133.54569       33.031707
0.000       1.7592919       126.34825       34.854046
0.000       1.8221237       121.91759       37.365451
0.000       1.8849556       118.11600       40.075813
0.000       1.9477874       111.96020       41.913951
0.000       2.0106193       109.07549       44.914541
0.000       2.0734512       102.97370       46.502684
0.000       2.1362830       98.381832       48.591636
0.000       2.1991149       91.975929       49.555080
0.000       2.2619467       90.030314       52.784466
0.000       2.3247786       86.308080       54.937196
0.000       2.3876104       85.385532       58.876901
0.000       2.4504423       80.217627       59.796187
0.000       2.5132741       78.193538       62.886975
0.000       2.5761060       73.184799       63.384391
0.000       2.6389378       71.283131       66.365826
0.000       2.7017697       68.187755       68.127370
0.000       2.7646015       66.017861       70.669064
0.000       2.8274334       63.979526       73.263629
0.000       2.8902652       61.218909       74.880537
0.000       2.9530971       60.193416       78.533044
0.000       3.0159289       57.476973       79.878051
0.000       3.0787608       55.700113       82.348213
0.000       3.1415927       53.532833       84.089177
0.000       3.2044245       52.309541       87.196952
0.000       3.2672564       49.652807       87.733146
0.000       3.3300882       48.165837       90.110746
0.000       3.3929201       46.649054       92.306861
0.000       3.4557519       45.310079       94.731137
0.000       3.5185838       43.284441       95.522518
0.000       3.5814156       42.546398       99.014142
0.000       3.6442475       40.683801       99.750567
0.000       3.7070793       39.997834       103.22916
0.000       3.7699112       39.007313       105.87896
0.000       3.8327430       38.137085       108.77945
0.000       3.8955749       36.842118       110.33912
0.000       3.9584067       35.736625       112.29103
0.000       4.0212386       34.513071       113.69291
0.000       4.1469023       32.283174       116.63205
0.000       4.2725660       31.376378       123.97651
0.000       4.3982297       29.357905       126.54036
0.000       4.5238934       27.328401       128.18039
0.000       4.6495571       26.108169       132.94789
0.000       4.7752208       24.839807       137.02470
0.000       4.9008845       23.810156       141.98939
0.000       5.0265482       22.963319       147.74558
0.000       5.1522120       21.762824       150.78797
0.000       5.2778757       20.123577       149.88318
0.000       5.4035394       19.387922       154.96602
0.000       5.5292031       18.793307       160.93892
0.000       5.6548668       18.103477       165.84386
0.000       5.7805305       17.252992       168.82539
0.000       5.9061942       16.364474       170.80299
0.000       6.0318579       15.657186       174.07535
0.000       6.1575216       15.065037       178.17973
0.000       6.2831853       14.412819       181.11683
0.000       6.4088490       13.825975       184.37675
0.000       6.5345127       13.181114       186.32108
0.000       6.6601764       12.860597       192.48132
0.000       6.7858401       12.362318       195.69559
0.000       6.9115038       11.771465       196.88763
0.000       7.0371675       11.289062       199.30665
0.000       7.1628313       10.986975       204.55145
0.000       7.2884950       10.584024       207.60350
0.000       7.4141587       10.300407       212.67198
0.000       7.5398224       9.8638085       214.18953
0.000       7.6654861       9.4948722       216.65987
0.000       7.7911498       9.2370256       221.31307
0.000       7.9168135       8.9528861       225.05287
0.000       8.0424772       8.7176648       229.74176
0.000       8.2938046       8.0609095       232.97842
0.000       8.5451320       7.5721046       239.35538
0.000       8.7964594       7.2926042       251.46446
0.000       9.0477868       6.8878480       258.45259
0.000       9.2991143       6.4639786       263.32671
0.000       9.5504417       6.1118614       269.72061
0.000       9.8017691       5.7831787       275.89909
0.000       10.053096       5.4126184       278.59751
0.000       10.304424       5.2035570       288.43086
0.000       10.555751       4.9235410       293.36971
0.000       10.807079       4.6607903       298.02642
0.000       11.058406       4.3951941       301.11052
0.000       11.309734       4.3242800       316.91383
0.000       11.561061       4.0987164       320.85676
0.000       11.812388       3.8983150       325.50700
0.000       12.063716       3.7348645       332.19141
0.000       12.315043       3.6383012       344.25220
0.000       12.566371       3.4373960       345.56474
0.000       12.817698       3.3233933       354.55376
0.000       13.069025       3.1733787       358.85729
0.000       13.320353       3.0225201       361.89839
0.000       13.571680       2.9594318       374.78263
0.000       13.823008       2.8058566       375.44245
0.000       14.074335       2.7431172       387.43449
0.000       14.325663       2.5995966       387.18664
0.000       14.576990       2.5256868       396.32668
0.000       14.828317       2.4386055       402.79811
0.000       15.079645       2.3450418       407.37482
0.000       15.330972       2.2727939       414.89615
0.000       15.582300       2.1873232       419.25463
0.000       15.833627       2.1078454       423.88715
0.000       16.084954       2.0367927       429.41439
0.000       16.587609       1.9259799       445.32122
0.000       17.090264       1.8146492       458.89070
0.000       17.592919       1.6827070       464.18646
0.000       18.095574       1.5806959       474.49940
0.000       18.598229       1.5029077       489.79834
0.000       19.100883       1.3860998       489.35623
0.000       19.603538       1.3275034       506.65146
0.000       20.106193       1.2540550       516.38830
0.000       20.608848       1.2170577       539.68776
0.000       21.111503       1.1166361       532.27903
0.000       21.614157       1.0962528       560.78440
0.000       22.116812       1.0198492       558.95112
0.000       22.619467      0.97547531       571.91785
0.000       23.122122      0.94625514       592.59990
0.000       23.624777      0.88824608       593.34420
0.000       24.127432      0.84813294       603.48637
0.000       24.630086      0.82027905       620.91148
0.000       25.132741      0.76355091       614.08408
0.000       25.635396      0.74635767       636.99695
0.000       26.138051      0.72242994       653.56019
0.000       26.640706      0.68282180       654.05582
0.000       27.143361      0.65729267       665.91668
0.000       27.646015      0.62701461       671.19012
0.000       28.148670      0.60557334       684.24345
0.000       28.651325      0.58457482       696.53749
0.000       29.153980      0.55997680       702.96522
0.000       29.656635      0.54333393       717.96402
0.000       30.159289      0.51935160       721.76372
0.000       30.661944      0.50296193       734.52139
0.000       31.164599      0.48710041       746.91879
0.000       31.667254      0.47435954       763.14860
0.000       32.169909      0.45075271       760.25292
0.000       33.175218      0.42764818       791.03966
0.000       34.180528      0.39699931       803.14936
0.000       35.185838      0.36956609       815.57904
0.000       36.191147      0.34468645       827.75444
0.000       37.196457      0.33303858       868.29946
0.000       38.201767      0.31740374       896.46355
0.000       39.207076      0.29343927       895.94608
0.000       40.212386      0.28174992       928.14021
0.000       41.217696      0.26035797       923.61774
0.000       42.223005      0.24922140       950.39254
0.000       43.228315      0.23793649       973.72479
0.000       44.233625      0.22573490       989.75238
0.000       45.238934      0.21446990       1005.9438
0.000       46.244244      0.20854416       1044.8196
0.000       47.249554      0.19644741       1049.8076
0.000       48.254863      0.18863075       1073.7570
0.000       49.260173      0.17838274       1080.2167
0.000       50.265482      0.17100809       1100.2629
0.000       51.270792      0.16387651       1118.9149
0.000       52.276102      0.15679374       1134.7719
0.000       53.281411      0.15099735       1157.0889
0.000       54.286721      0.14482576       1173.8076
0.000       55.292031      0.13833144       1184.6193
0.000       56.297340      0.13368814       1208.4447
0.000       57.302650      0.12966637       1236.0093
0.000       58.307960      0.12472965       1252.6320
0.000       59.313269      0.11968639       1265.2333
0.000       60.318579      0.11712484       1302.1847
0.000       61.323889      0.11176620       1305.7794
0.000       62.329198      0.10866139       1332.9693
0.000       63.334508      0.10494797       1350.7205
0.000       64.339818      0.10309932       1391.1230
0.000       66.350437     0.095100706       1407.2957
0.000       68.361056     0.088910833       1438.9683
0.000       70.371675     0.084499313       1491.8224
0.000       72.382295     0.078968314       1517.1208
0.000       74.392914     0.074758764       1559.2907
0.000       76.403533     0.071348747       1612.1184
0.000       78.414153     0.067214109       1641.7766
0.000       80.424772     0.064940549       1711.4166
0.000       82.435391     0.061726783       1751.8020
0.000       84.446011     0.058505195       1784.8516
0.000       86.456630     0.055044598       1802.1041
0.000       88.467249     0.052695433       1848.3781
0.000       90.477868     0.049884260       1871.8062
0.000       92.488488     0.047335411       1897.2277
0.000       94.499107     0.045898339       1962.2319
0.000       96.509726     0.045088860       2053.3017
0.000       98.520346     0.041875607       2028.6595
0.000       100.53096     0.040274092       2072.9822
0.000       102.54158     0.038789267       2118.7607
0.000       104.55220     0.037925442       2195.8389
0.000       106.56282     0.036112844       2213.8546
0.000       108.57344     0.034826514       2258.1412
0.000       110.58406     0.033702581       2308.9314
0.000       112.59468     0.032642149       2360.4925
0.000       114.60530     0.031529682       2404.3847
0.000       116.61592     0.030628170       2460.7349
0.000       118.62654     0.029014310       2453.7374
0.000       120.63716     0.028379005       2524.1241
0.000       122.64778     0.027356627       2556.8889
0.000       124.65840     0.026830405       2633.0681
0.000       126.66902     0.025412613       2616.5605
0.000       128.67964     0.024713483       2667.6797
0.000       132.70087     0.024126001       2856.1233
0.000       136.72211     0.022174218       2871.0110
0.000       140.74335     0.020324205       2870.5656
0.000       144.76459     0.019581175       3009.5118
0.000       148.78583     0.018289528       3051.8098
0.000       152.80707     0.017657516       3191.7597
0.000       156.82831     0.017025840       3326.9951
0.000       160.84954     0.016138008       3402.3555
0.000       164.87078     0.015519378       3523.5112
0.000       168.89202     0.014840507       3621.9828
0.000       172.91326     0.014034339       3675.7598
0.000       176.93450     0.013248509       3717.7042
0.000       180.95574     0.012847022       3856.4684
0.000       184.97698     0.012216514       3917.1533
0.000       188.99821     0.011714355       4006.4685
0.000       193.01945     0.011341253       4131.7547
0.000       197.04069     0.011194484       4338.5252
0.000       201.06193     0.010716241       4412.6782
0.000       205.08317     0.010313576       4506.8134
0.000       209.10441    0.0097739259       4527.1915
0.000       213.12565    0.0093953854       4607.7827
0.000       217.14688    0.0088113920       4570.6250
0.000       221.16812    0.0088097768       4828.3947
0.000       225.18936    0.0084636733       4896.3534
0.000       229.21060    0.0082154933       5011.9647
0.000       233.23184    0.0079643930       5119.0155
0.000       237.25308    0.0078176463       5289.1007
0.000       241.27432    0.0074815094       5323.4449
0.000       245.29555    0.0072800744       5443.4609
0.000       249.31679    0.0069695607       5471.8006
0.000       253.33803    0.0066911903       5511.5635
0.000       257.35927    0.0065593077       5664.3191
0.000       265.40175    0.0059987489       5681.2288
0.000       273.44422    0.0057176934       5922.3953
0.000       281.48670    0.0057437381       6489.9079
0.000       289.52918    0.0053592080       6589.4306
0.000       297.57166    0.0050639409       6759.7958
0.000       305.61413    0.0046729629       6757.4509
0.000       313.65661    0.0044129130       6898.5682
0.000       321.69909    0.0043999323       7421.0566
0.000       329.74156    0.0040725889       7397.1073
0.000       337.78404    0.0039614649       7734.6997
0.000       345.82652    0.0038324466       8030.1056
0.000       353.86900    0.0035318109       7928.5770
0.000       361.91147    0.0034285622       8233.5921
0.000       369.95395    0.0032233945       8268.4999
0.000       377.99643    0.0031410934       8594.3729
0.000       386.03891    0.0029437493       8579.5461
0.000       394.08138    0.0029738384       9220.3068
0.000       402.12386    0.0027231578       8970.6228
0.000       410.16634    0.0025481888       8908.0349
0.000       418.20881    0.0025338843       9389.3729
0.000       426.25129    0.0023872431       9366.2130
0.000       434.29377    0.0023323860       9678.7990
0.000       442.33625    0.0021748779       9535.9226
0.000       450.37872    0.0021546310       9971.8733
0.000       458.42120    0.0020019583       9770.5582
0.000       466.46368    0.0020068825       10319.192
0.000       474.50615    0.0019417728       10509.794
0.000       482.54863    0.0018778998       10689.710
0.000       490.59111    0.0018582932       11115.871
0.000       498.63359    0.0016845009       10580.010
0.000       506.67606    0.0017800130       11729.638
0.000       514.71854    0.0016151032       11157.836